player_name_std,player_id_Full,year,player_age,ab,pa_Full,hit,home_run,k_percent_Full,bb_percent_Full,batting_avg,slg_percent,b_rbi,b_total_bases,r_run,xba_Full,xslg_Full,woba_Full,xwoba_Full,xbadiff_Full,xslgdiff_Full,wobadiff_Full,fast_swing_rate,ideal_angle_rate,exit_velocity_avg,sweet_spot_percent,barrel_batted_rate,hard_hit_percent,avg_best_speed,avg_hyper_speed,z_swing_percent,oz_swing_percent,iz_contact_percent,in_zone_percent,whiff_percent,swing_percent,pull_percent,groundballs_percent,flyballs_percent,linedrives_percent,Team_Full,pitches,player_id_L30,total_pitches,pitch_percent,ba,iso,babip,slg,woba_L30,xwoba_L30,xba_L30,hits,abs,launch_speed,launch_angle,spin_rate,velocity,effective_speed,whiffs,swings,takes,eff_min_vel,release_extension,pos3_int_start_distance,pos4_int_start_distance,pos5_int_start_distance,pos6_int_start_distance,pos7_int_start_distance,pos8_int_start_distance,pos9_int_start_distance,pitcher_run_exp,run_exp,bat_speed,swing_length,miss_distance,pa_L30,bip,singles,doubles,triples,hrs,so,k_percent_L30,bb,bb_percent_L30,api_break_z_with_gravity,api_break_z_induced,api_break_x_arm,api_break_x_batter_in,hyper_speed,bbdist,hardhit_percent,barrels_per_bbe_percent,barrels_per_pa_percent,release_pos_z,release_pos_x,plate_x,plate_z,obp,barrels_total,batter_run_value_per_100,xobp,xslg_L30,pitcher_run_value_per_100,xbadiff_L30,xobpdiff,xslgdiff_L30,wobadiff_L30,swing_miss_percent,arm_angle,attack_angle,attack_direction,swing_path_tilt,rate_ideal_attack_angle,intercept_ball_minus_batter_pos_x_inches,intercept_ball_minus_batter_pos_y_inches,Team_L30
Pedro Ramírez,699393,2026,22,241,266,63,6,18.4,7.5,0.261,0.402,32,97,36,0.242,0.342,0.315,0.284,0.019,0.06,0.031,22.3,44.0,89.0,29.7,4.1,39.0,99.586362371,93.950119948,68.7,33.0,88.8,48.2,20.2,50.2,41.0,45.1,23.1,23.1,CHC,227,699393,1002,22.7,0.173,0.077,0.205,0.25,0.221,0.224,0.182,9,52,88.6,19.8,2236,89.3,89.45,24,110,117,0.1000000000000085,6.39,119,146,112,151,287,322,304,5.371,-5.371,70.3,7.6,4.329321049,56,40,7,1,0,1,12,21.4,3,5.4,2.43,0.47,0.31,-0.31,91.4,154.0,32.5,2.5,1.7857142857142856,5.78,-1.65,-0.26,2.28,0.232,1.0,-2.366079295,0.24,0.251,2.366079295,-0.009,-0.0079999999999999,-0.001,-0.003,21.8,38.3,4.596469782953229,-7.813286493361402,24.24352720872145,0.4018691588785046,33.74254701167759,33.996716639125225,CHC
Jared Serna,691858,2026,24,28,32,6,0,25.0,9.4,0.214,0.321,4,9,3,0.17,0.224,0.267,0.23,0.044,0.097,0.037,12.3,78.9,87.8,28.6,4.8,38.1,97.341674545,92.893258095,74.1,31.1,83.7,48.7,25.8,52.1,33.3,42.9,19.0,23.8,MIA,40,691858,119,33.6,0.333,0.111,0.429,0.444,0.403,0.284,0.202,3,9,83.3,32.3,2340,92.5,92.36,5,19,21,-0.0999999999999943,6.38,111,152,112,149,308,316,296,-1.132,1.132,67.8,7.1,1.434292519,11,7,2,1,0,0,2,18.2,2,18.2,2.01,0.69,0.77,0.77,89.9,168.0,14.285714285714285,0.0,0.0,5.56,-2.15,-0.05,2.32,0.455,0.0,2.83,0.347,0.232,-2.83,0.131,0.108,0.212,0.119,26.3,31.4,8.280534754408519,7.799204861049676,20.465202729002,0.7368421052631579,34.92875774282925,27.233264742767584,MIA
Ryan Waldschmidt,814439,2026,23,250,284,64,3,29.9,7.7,0.256,0.368,22,92,30,0.236,0.356,0.309,0.297,0.02,0.012,0.012,21.8,42.4,86.6,45.6,6.5,29.8,97.453410241,92.72670512,62.2,25.0,80.7,50.0,31.7,43.6,38.0,35.7,27.5,32.7,ARI,65,814439,1115,5.8,0.167,0.167,0.286,0.333,0.307,0.281,0.166,2,12,81.8,13.7,2210,88.4,88.84,11,33,32,0.3999999999999915,6.56,101,149,109,143,298,323,286,0.034,-0.034,67.4,6.8,5.286522685,15,7,1,0,1,0,5,33.3,2,13.3,2.54,0.41,0.22,0.22,89.6,128.0,33.33333333333333,0.0,0.0,5.76,-2.42,0.32,2.13,0.333,0.0,-0.052307692,0.345,0.213,0.052307692,0.001,-0.0119999999999999,0.12,0.026,33.3,37.7,10.612291598629149,-12.129633811008802,38.31562914556313,0.3939393939393939,34.29436838467559,27.74328224351477,ARI
Ben Rice,700250,2026,27,573,667,151,41,24.3,12.7,0.264,0.534,97,306,105,0.267,0.511,0.384,0.378,-0.003,0.023,0.006,24.3,54.9,91.9,38.4,14.3,48.6,101.739325556,95.439571618,63.8,24.5,83.6,47.6,25.4,43.2,44.9,40.3,32.1,23.4,NYY,283,700250,2695,10.5,0.353,0.314,0.4,0.667,0.484,0.413,0.287,18,51,91.6,17.3,2248,88.7,88.88,21,102,181,0.2000000000000028,6.47,120,147,131,153,294,330,297,-7.074,7.074,69.9,7.6,3.530474401,66,39,11,2,1,4,13,19.7,13,19.7,2.42,0.53,0.33,-0.33,92.5,178.0,48.71794871794872,12.82051282051282,7.575757575757576,5.7,-2.02,-0.09,2.13,0.485,5.0,2.499646643,0.435,0.52,-2.499646643,0.066,0.0499999999999999,0.147,0.071,20.6,38.0,12.519356250009729,-2.8480753702928614,34.49142932376764,0.48,38.10903468392529,26.01427670636933,NYY
Victor Robles,645302,2026,29,133,149,34,0,14.8,6.0,0.256,0.308,9,41,15,0.238,0.321,0.283,0.28,0.018,-0.013,0.003,2.5,55.4,83.5,32.2,1.7,20.0,94.611457222,91.363833704,76.2,36.1,89.0,46.1,21.6,54.5,44.3,45.2,27.0,22.6,SEA,4,645302,520,0.8,0.0,0.0,0.0,0.0,0.0,0.129,0.143,0,1,51.0,-34.0,1250,89.2,90.55,2,3,1,1.2999999999999972,7.05,113,152,119,148,309,326,293,-0.484,0.484,56.0,6.6,0.997943022,1,1,0,0,0,0,0,0.0,0,0.0,2.34,0.53,0.27,0.27,88.0,2.0,0.0,0.0,0.0,5.98,-0.35,0.56,1.53,0.0,0.0,12.1,0.143,0.149,-12.1,-0.143,-0.143,-0.149,-0.129,66.7,52.9,6.862140893502287,9.673517709607353,34.286876158391,1.0,48.05949113807986,18.257824656828,SEA
Luke Maile,571912,2026,35,44,48,7,1,29.2,8.3,0.159,0.273,5,12,2,0.137,0.209,0.228,0.195,0.022,0.064,0.033,3.0,53.7,83.4,23.3,3.3,26.7,96.241328667,92.187807333,56.5,30.4,85.4,48.0,26.3,42.9,43.3,36.7,33.3,16.7,KC,39,571912,177,22.0,0.0,0.0,0.0,0.0,0.087,0.229,0.116,0,7,79.9,4.0,2375,87.1,87.82,5,13,26,0.7000000000000028,6.66,108,152,120,149,302,324,292,1.451,-1.451,63.7,6.5,6.31376913,8,4,0,0,0,0,3,37.5,1,12.5,2.65,0.4,-0.23,-0.23,90.4,156.0,25.0,0.0,0.0,5.37,-1.72,0.52,2.21,0.125,0.0,-3.720512821,0.226,0.272,3.720512821,-0.116,-0.101,-0.272,-0.142,38.5,30.2,6.066545120502331,7.023480043637939,28.334698921483422,0.5384615384615384,39.11733095266487,30.47808221436957,KC
Dillon Dingler,693307,2026,27,551,607,134,27,22.9,5.6,0.243,0.446,91,246,72,0.266,0.468,0.325,0.344,-0.023,-0.022,-0.019,16.7,55.8,88.8,39.1,10.1,43.4,100.44813399,94.484766322,65.0,33.4,88.0,46.9,22.4,48.2,42.2,37.2,29.0,24.7,DET,169,693307,2346,7.2,0.233,0.116,0.273,0.349,0.24,0.312,0.286,10,43,91.4,14.4,2306,89.3,89.47,23,88,81,0.2000000000000028,6.4,108,151,121,144,300,331,293,2.088,-2.088,70.9,7.4,3.190096964,45,34,7,2,0,1,11,24.4,0,0.0,2.64,0.27,0.26,0.26,92.8,151.0,47.05882352941176,8.823529411764707,6.666666666666667,5.55,-1.95,0.2,2.04,0.222,3.0,-1.235502959,0.277,0.47,1.235502959,-0.053,-0.055,-0.121,-0.072,26.1,34.9,13.63332966745127,-4.682368464994394,37.78052635455703,0.5681818181818182,37.19217245551423,33.506294976093265,DET
Joey Ortiz,687401,2026,27,371,415,100,9,19.8,8.4,0.27,0.402,47,149,49,0.243,0.346,0.321,0.297,0.027,0.056,0.024,33.3,36.3,89.2,29.2,4.0,37.6,99.747955517,94.078216747,57.5,32.8,90.7,48.8,19.9,44.8,32.9,50.3,20.1,23.2,MIL,138,687401,1607,8.6,0.412,0.118,0.65,0.529,0.427,0.306,0.273,14,34,91.7,6.8,2398,89.4,89.64,22,63,75,0.1999999999999886,6.51,103,149,112,146,306,321,283,-2.759,2.759,72.2,7.5,4.749487806,36,21,12,1,0,1,13,36.1,2,5.6,2.38,0.53,0.15,0.15,92.4,138.0,42.85714285714285,4.761904761904762,2.7777777777777777,5.75,-1.94,0.14,2.1,0.444,1.0,1.999275362,0.313,0.381,-1.999275362,0.139,0.131,0.148,0.121,34.9,38.3,5.329549575820775,-6.243419466326215,27.786077861187543,0.4677419354838709,34.36019845827871,31.18159886147941,MIL
Nathan Church,701675,2026,25,434,470,107,10,17.2,5.3,0.247,0.364,50,158,53,0.242,0.354,0.288,0.283,0.005,0.01,0.005,8.6,39.8,85.6,34.2,5.3,30.0,96.943636954,92.484705562,72.7,42.3,85.4,46.4,20.5,56.2,33.1,45.3,23.1,21.7,STL,213,701675,1794,11.9,0.277,0.085,0.333,0.362,0.311,0.311,0.271,13,47,86.1,14.8,2255,91.2,91.74,25,118,95,0.5,6.59,115,146,107,151,289,324,298,-0.081,0.081,66.8,6.9,1.382494982,51,39,9,4,0,0,8,15.7,3,5.9,2.21,0.56,0.53,-0.53,90.6,175.0,41.02564102564102,2.564102564102564,1.96078431372549,5.68,-1.88,-0.1,2.32,0.333,1.0,0.038028169,0.329,0.372,-0.038028169,0.006,0.004,-0.01,0.0,21.2,37.1,2.619694502858324,2.0085552136745672,34.60990510820764,0.3474576271186441,35.23712194645955,27.469240382621347,STL
Isaac Collins,686555,2026,28,442,519,94,6,23.1,12.3,0.213,0.321,40,142,47,0.22,0.308,0.293,0.295,-0.007,0.013,-0.002,33.0,35.0,88.1,29.6,5.2,39.3,99.734642671,93.971010248,59.0,22.0,88.1,49.5,21.8,40.4,38.7,41.2,25.6,22.9,KC,171,686555,2077,8.2,0.059,0.029,0.105,0.088,0.172,0.266,0.164,2,34,84.6,3.7,2316,90.0,90.06,18,65,106,0.0999999999999943,6.38,119,147,102,152,289,323,302,5.588,-5.588,69.2,6.5,1.488000892,41,19,1,1,0,0,15,36.6,6,14.6,2.27,0.59,0.29,-0.29,90.8,122.0,36.84210526315789,5.263157894736842,2.4390243902439024,5.81,-1.82,-0.02,2.29,0.22,1.0,-3.267836257,0.307,0.246,3.267836257,-0.105,-0.087,-0.158,-0.094,27.7,40.7,2.2974142075498256,-0.5152846845245126,28.62962422183441,0.3125,38.86187244181079,28.343849199940745,KC
Bobby Witt Jr.,677951,2026,26,558,632,157,18,17.2,10.6,0.281,0.441,54,246,94,0.302,0.504,0.345,0.378,-0.021,-0.063,-0.033,41.9,45.3,92.2,37.3,11.4,50.3,103.195144375,96.21586125,67.2,33.8,86.4,44.4,24.8,48.6,31.3,36.0,26.7,28.3,KC,233,677951,2374,9.8,0.217,0.117,0.255,0.333,0.273,0.334,0.274,13,60,91.7,18.0,2392,89.4,89.84,33,126,107,0.3999999999999915,6.59,107,151,122,147,303,328,291,3.186,-3.186,73.8,7.1,3.266611428,65,48,8,4,0,1,12,18.5,4,6.2,2.38,0.52,0.09,0.09,92.8,184.0,41.66666666666667,10.416666666666668,7.6923076923076925,5.64,-2.02,0.26,2.15,0.277,5.0,-1.367381974,0.33,0.435,1.367381974,-0.057,-0.0529999999999999,-0.102,-0.061,26.2,36.9,5.460274704868405,-4.002635319501618,27.885665955221874,0.4796747967479675,34.33577897619211,30.665218723956134,KC
Mike Trout,545361,2026,34,513,634,124,22,26.0,16.9,0.242,0.421,54,216,86,0.255,0.487,0.354,0.381,-0.013,-0.066,-0.027,48.5,42.2,90.1,38.0,16.0,46.3,102.780727771,95.785464011,62.0,20.7,84.2,46.4,25.6,39.8,36.0,36.3,31.4,25.1,LAA,285,545361,2765,10.3,0.261,0.13,0.407,0.391,0.4,0.426,0.281,12,46,90.7,14.7,2288,91.9,92.0,36,101,184,0.0999999999999943,6.37,107,151,122,146,305,325,298,-4.654,4.654,70.7,7.3,4.201142089,64,28,8,3,0,1,18,28.1,15,23.4,2.06,0.68,0.32,0.32,91.7,182.0,46.42857142857143,14.285714285714285,6.25,5.69,-1.72,0.24,2.47,0.469,4.0,1.632982456,0.483,0.462,-1.632982456,-0.02,-0.014,-0.071,-0.026,35.6,35.8,4.862854948149693,1.9835978083775792,35.729851310805245,0.35,35.41251426179799,24.214800193764034,LAA
Michael Massey,686681,2026,28,423,452,116,13,16.6,4.6,0.274,0.43,50,182,49,0.257,0.414,0.318,0.307,0.017,0.016,0.011,13.0,59.4,89.3,36.5,6.2,39.0,98.938369885,93.697569454,68.9,38.8,88.0,48.7,19.5,53.5,50.0,39.6,29.8,26.1,KC,216,686681,1643,13.1,0.267,0.133,0.304,0.4,0.288,0.324,0.299,16,60,87.7,12.1,2296,90.7,90.88,23,129,87,0.2000000000000028,6.4,117,145,102,150,294,323,301,2.686,-2.686,70.0,7.0,2.398040852,60,48,12,2,0,2,12,20.0,0,0.0,2.13,0.68,0.37,-0.37,90.9,159.0,29.166666666666668,8.333333333333332,6.666666666666667,5.67,-2.11,-0.05,2.27,0.267,4.0,-1.243518519,0.299,0.459,1.243518519,-0.032,-0.0319999999999999,-0.059,-0.036,17.8,35.4,15.315496890550293,1.201700789717037,34.335163035497274,0.6201550387596899,36.983823637750845,29.383503944758875,KC
Michael Stefanic,683021,2026,30,26,29,9,0,20.7,10.3,0.346,0.385,4,10,3,0.297,0.366,0.361,0.329,0.049,0.019,0.032,1.9,30.8,90.1,35.0,0.0,30.0,96.414063,92.475541,62.9,23.0,90.9,53.4,10.3,44.3,25.0,55.0,10.0,35.0,OAK,19,683021,131,14.5,0.0,0.0,0.0,0.0,0.233,0.387,0.242,0,2,76.4,15.5,2409,88.9,89.17,0,9,10,0.2999999999999971,6.37,110,151,124,150,308,320,277,0.003,-0.003,61.0,5.8,,3,2,0,0,0,0,0,0.0,1,33.3,2.41,0.5,-0.08,-0.08,88.0,182.0,0.0,0.0,0.0,5.26,-2.2,0.4,2.57,0.333,0.0,-0.015789474,0.495,0.288,0.015789474,-0.242,-0.1619999999999999,-0.288,-0.154,0.0,28.1,0.7135710370088211,6.606229235600835,27.94056237983665,0.1111111111111111,34.83581915749633,26.98036422844928,OAK
Jake Cronenworth,630105,2026,32,377,425,85,7,22.8,8.9,0.225,0.321,41,121,46,0.213,0.308,0.287,0.275,0.012,0.013,0.012,18.3,41.1,87.2,30.7,3.9,29.7,97.164133824,92.599836434,63.7,29.0,89.6,48.4,21.3,45.8,30.4,48.4,22.3,21.2,SD,254,630105,1744,14.6,0.259,0.224,0.308,0.483,0.352,0.288,0.208,15,58,87.3,15.8,2275,90.2,90.6,22,115,139,0.3999999999999915,6.48,118,147,110,152,289,327,303,-2.825,2.825,69.9,7.1,3.111013624,64,42,9,2,1,3,16,25.0,5,7.8,2.35,0.49,0.34,-0.34,91.3,146.0,33.33333333333333,9.523809523809524,6.25,5.69,-1.85,0.05,2.21,0.328,4.0,1.112204724,0.283,0.37,-1.112204724,0.051,0.045,0.113,0.064,19.1,36.2,8.105387164099612,-2.3455741862166457,29.50209182699841,0.4036697247706422,37.17314731878937,31.80015815949363,SD
Gabriel Moreno,672515,2026,26,473,549,147,16,14.6,11.1,0.311,0.486,83,230,72,0.289,0.451,0.38,0.363,0.022,0.035,0.017,22.7,41.5,89.3,36.2,7.7,42.2,99.899212438,94.093065075,55.2,28.7,90.4,46.7,15.5,41.1,35.2,41.9,25.3,26.6,ARI,284,672515,2391,11.9,0.393,0.246,0.408,0.639,0.468,0.363,0.291,24,61,91.4,15.7,2301,90.6,90.88,20,116,168,0.3000000000000113,6.51,111,150,123,147,304,332,291,-8.883,8.883,70.2,7.0,2.963243122,70,53,17,3,0,4,9,12.9,7,10.0,2.21,0.6,0.24,0.24,92.4,168.0,43.39622641509434,7.547169811320755,5.714285714285714,5.77,-2.04,0.19,2.32,0.457,4.0,3.127816901,0.368,0.463,-3.127816901,0.102,0.089,0.176,0.105,17.2,38.9,7.330905613100433,2.50741197480091,34.00579211183431,0.3859649122807017,35.192126967739235,34.492979101567244,ARI
Esteury Ruiz,665923,2026,27,213,255,46,6,32.2,10.2,0.216,0.366,17,78,38,0.175,0.288,0.317,0.275,0.041,0.078,0.042,18.7,38.7,82.7,39.6,7.5,23.9,95.310644921,91.745599762,68.2,31.5,74.8,45.8,32.4,48.3,51.5,31.3,26.1,26.9,MIA,101,665923,1029,9.8,0.19,0.048,0.308,0.238,0.232,0.19,0.123,4,21,72.0,21.2,2342,90.9,90.83,13,50,51,-0.1000000000000085,6.38,108,152,104,147,300,314,289,0.529,-0.529,64.9,7.0,1.664824378,23,13,3,1,0,0,8,34.8,2,8.7,2.2,0.61,0.4,0.4,88.9,104.0,7.6923076923076925,7.6923076923076925,4.3478260869565215,5.62,-1.9,0.21,2.37,0.261,1.0,-0.523762376,0.2,0.21,0.523762376,0.067,0.061,0.028,0.042,26.0,36.3,9.747928520211673,-6.940220062143515,34.1519951806612,0.4285714285714285,37.97227726564356,28.80758080700797,MIA
Joe Mack,691788,2026,23,303,330,71,14,24.8,5.8,0.234,0.403,52,122,40,0.225,0.396,0.299,0.292,0.009,0.007,0.007,43.4,57.4,88.8,26.9,8.4,38.3,99.584000631,94.018511081,68.7,28.1,83.1,49.1,25.5,48.0,47.6,50.2,24.7,19.4,MIA,165,691788,1284,12.9,0.25,0.175,0.258,0.425,0.302,0.335,0.261,10,40,92.2,9.2,2208,89.5,89.44,17,83,82,-0.0999999999999943,6.4,118,148,113,152,295,321,297,0.35,-0.35,71.9,7.4,2.496545609,43,33,7,1,0,2,8,18.6,2,4.7,2.43,0.48,0.43,-0.43,92.7,144.0,42.42424242424242,9.090909090909092,6.976744186046512,5.77,-1.77,-0.17,2.2,0.279,3.0,-0.212121212,0.293,0.495,0.212121212,-0.011,-0.0139999999999999,-0.07,-0.033,20.5,38.6,12.73515848767074,-1.613831695101346,31.055176432624343,0.5679012345679012,36.77758005754531,30.371776457914905,MIA
Christopher Morel,666624,2026,27,98,105,17,1,33.3,5.7,0.173,0.245,6,24,6,0.173,0.234,0.216,0.211,0.0,0.011,0.005,62.4,74.0,87.2,25.4,3.2,38.1,99.574998438,93.995871746,64.9,34.7,71.3,48.6,35.1,49.4,57.1,46.0,22.2,19.0,NYM,34,666624,387,8.8,0.375,0.5,0.4,0.875,0.525,0.249,0.174,3,8,92.2,6.2,2448,90.3,89.98,5,15,19,-0.2999999999999971,6.16,109,144,118,141,304,323,295,-1.085,1.085,76.7,8.0,2.617023372,8,6,1,1,0,1,2,25.0,0,0.0,2.4,0.42,-0.02,-0.02,91.2,113.0,33.33333333333333,16.666666666666664,12.5,5.34,-1.66,0.15,1.9,0.375,1.0,3.191176471,0.174,0.426,-3.191176471,0.201,0.201,0.449,0.276,33.3,39.1,11.504009503018594,-7.732446031590539,26.381054769084365,0.9285714285714286,32.32611400649547,34.64730683373411,NYM
Jackson Merrill,701538,2026,23,613,664,156,26,24.1,6.2,0.254,0.44,87,270,86,0.27,0.491,0.32,0.347,-0.016,-0.051,-0.027,31.7,46.7,91.5,39.8,12.4,48.7,101.402458194,95.327540397,77.9,37.6,81.6,45.8,27.6,56.1,38.0,37.0,29.8,27.8,SD,228,701538,2556,8.9,0.383,0.2,0.477,0.583,0.423,0.425,0.35,23,60,96.3,10.5,2266,89.9,90.28,41,117,111,0.3999999999999915,6.48,120,147,109,153,292,330,306,-4.962,4.962,72.1,7.4,2.913572477,65,46,16,4,1,2,15,23.1,4,6.2,2.43,0.42,0.43,-0.43,95.0,177.0,58.69565217391305,15.217391304347828,10.76923076923077,5.76,-1.92,-0.15,2.01,0.415,7.0,2.176315789,0.383,0.594,-2.176315789,0.033,0.0319999999999999,-0.011,-0.002,35.0,37.4,10.572176544432754,2.922375209320505,38.50457157028489,0.4174757281553398,36.62599276480348,31.06424063880265,SD
Moisés Ballesteros,694208,2026,22,317,352,68,9,23.3,8.5,0.215,0.331,35,105,26,0.224,0.361,0.274,0.29,-0.009,-0.03,-0.016,29.0,50.0,90.1,31.0,8.4,45.2,100.76211605,94.800704599,69.4,37.1,83.0,43.2,28.5,51.1,36.4,46.9,26.4,21.8,LAA,172,694208,1356,12.7,0.205,0.136,0.233,0.341,0.282,0.306,0.216,9,44,91.5,21.1,2139,90.9,91.09,31,96,76,0.1999999999999886,6.43,118,147,127,152,296,325,305,1.234,-1.234,69.5,7.0,3.446308906,49,32,7,0,0,2,12,24.5,5,10.2,2.18,0.62,0.52,-0.52,92.0,186.0,50.0,9.375,6.122448979591836,5.71,-1.78,-0.1,2.33,0.286,3.0,-0.71744186,0.296,0.4,0.71744186,-0.011,-0.01,-0.059,-0.024,32.3,34.6,7.106238632241719,1.0696921750703805,30.50880453774697,0.4301075268817204,38.48251060554945,33.72814110743752,LAA
Edgar Quero,700337,2026,23,187,217,38,3,19.8,8.3,0.203,0.257,19,48,14,0.222,0.315,0.251,0.282,-0.019,-0.058,-0.031,3.9,50.0,90.7,26.5,2.7,39.1,99.170153425,94.034440205,75.3,25.7,85.0,47.8,21.3,49.4,33.1,51.7,26.5,17.9,TBD,3,700337,838,0.4,,,,,0.729,0.729,,0,0,,,2134,94.1,93.93,1,1,2,-0.1999999999999886,6.3,125,149,128,152,286,317,296,-0.125,0.125,75.7,7.8,0.839197212,1,0,0,0,0,0,0,0.0,0,0.0,1.7,0.89,0.29,-0.29,,,,,,6.07,-1.19,0.49,2.06,1.0,,4.166666667,1.0,,-4.166666667,,0.0,,0.0,100.0,52.8,16.600320727754006,-15.12393831927201,34.011717072667444,1.0,30.889151485723943,38.11266089471311,TBD
Ramón Urías,602104,2026,32,86,100,13,4,18.0,9.0,0.151,0.326,9,28,14,0.191,0.381,0.265,0.302,-0.04,-0.055,-0.037,5.8,76.7,88.5,27.5,10.1,34.8,98.388988857,93.362815362,71.1,25.8,81.3,49.7,23.4,48.3,31.9,39.1,36.2,13.0,TBD,6,602104,362,1.7,0.0,0.0,0.0,0.0,0.0,0.245,0.264,0,2,75.2,-16.0,2245,93.3,93.77,1,4,2,0.5,6.62,85,152,115,142,304,315,291,0.593,-0.593,70.1,7.3,0.1,2,2,0,0,0,0,0,0.0,0,0.0,2.28,0.38,0.65,0.65,88.9,119.0,0.0,0.0,0.0,5.85,-2.26,-0.17,2.45,0.0,0.0,-9.883333333,0.264,0.292,9.883333333,-0.264,-0.264,-0.292,-0.245,25.0,36.9,8.021731583833866,10.140101547177988,25.43010566725026,0.5,40.39306533520959,24.69686077641169,TBD
Justin Foscue,679822,2026,27,225,247,61,11,25.1,6.9,0.271,0.484,34,109,26,0.245,0.435,0.354,0.325,0.026,0.049,0.029,10.8,56.2,89.3,34.1,10.4,42.1,99.414065,93.903911646,62.7,27.8,86.6,52.6,20.3,46.1,44.5,36.6,31.1,20.7,TEX,33,679822,995,3.3,0.125,0.0,0.2,0.125,0.111,0.158,0.172,1,8,80.9,-7.4,2218,87.7,87.43,7,18,15,-0.2999999999999971,6.26,106,150,119,147,292,323,286,1.554,-1.554,67.2,7.1,4.108559335,8,5,1,0,0,0,3,37.5,0,0.0,2.66,0.37,0.4,0.4,90.3,102.0,40.0,0.0,0.0,4.81,-2.11,0.35,2.28,0.125,0.0,-4.709090909,0.172,0.196,4.709090909,-0.047,-0.0469999999999999,-0.071,-0.047,38.9,15.6,14.57632752149203,-4.622908261126398,27.925891659668345,0.3888888888888889,37.826955144730334,34.27043845514268,TEX
Sal Frelick,686217,2026,26,339,384,78,4,9.9,8.1,0.23,0.319,40,108,36,0.241,0.324,0.275,0.281,-0.011,-0.005,-0.006,3.1,46.5,85.7,27.4,2.3,26.8,96.291650133,92.170939431,59.8,24.6,94.1,51.2,10.1,42.8,38.8,50.8,21.2,19.2,MIL,112,686217,1458,7.7,0.111,0.037,0.115,0.148,0.166,0.208,0.171,3,27,82.1,11.2,2316,90.1,90.44,1,49,63,0.3000000000000113,6.5,110,145,98,147,283,319,296,4.401,-4.401,68.7,6.9,0.746439888,31,26,2,1,0,0,2,6.5,3,9.7,2.22,0.62,0.38,-0.38,90.3,115.0,11.538461538461538,0.0,0.0,5.6,-1.83,-0.03,2.16,0.194,0.0,-3.929464286,0.246,0.202,3.929464286,-0.06,-0.0519999999999999,-0.054,-0.042,2.0,35.1,5.214644366487986,0.5593324034395781,30.053176928174224,0.3469387755102041,35.663252170205624,24.66991518318128,MIL
Hunter Feduccia,676439,2026,29,217,251,48,3,23.9,11.2,0.221,0.313,19,68,21,0.237,0.367,0.286,0.312,-0.016,-0.054,-0.026,13.3,52.8,89.4,36.4,7.4,37.9,99.025957821,93.73099871,62.2,24.4,85.7,46.6,22.2,42.0,32.1,38.3,32.1,26.5,LAD,121,676439,1018,11.9,0.136,0.0,0.167,0.136,0.275,0.299,0.144,3,22,85.5,9.0,2448,89.1,89.14,5,38,83,0.0,6.22,109,146,115,152,292,323,301,0.293,-0.293,67.2,6.7,3.292832758,30,18,3,0,0,0,4,13.3,8,26.7,2.67,0.38,0.17,-0.17,91.2,152.0,38.88888888888889,0.0,0.0,5.82,-1.82,-0.31,2.32,0.367,0.0,-0.24214876,0.372,0.217,0.24214876,-0.008,-0.005,-0.081,-0.024,13.2,35.8,7.249196669718374,4.863156519503056,32.6579422393438,0.5277777777777778,35.78313478002429,28.020386306227238,LAD
Ildemaro Vargas,545121,2026,34,453,486,115,9,10.1,5.6,0.254,0.377,67,171,62,0.268,0.363,0.295,0.297,-0.014,0.014,-0.002,17.0,52.5,87.4,30.7,3.2,35.0,98.067283881,93.061632394,63.1,39.2,91.8,47.6,15.2,50.6,40.3,43.7,20.9,26.3,ARI,82,545121,1716,4.8,0.1,0.0,0.111,0.1,0.144,0.253,0.211,2,20,84.5,20.2,2272,90.7,90.93,6,38,44,0.2000000000000028,6.42,114,146,103,152,290,324,297,3.031,-3.031,63.4,6.8,5.370153939,22,18,2,0,0,0,2,9.1,2,9.1,2.29,0.52,0.19,-0.19,91.4,136.0,33.33333333333333,0.0,0.0,5.69,-2.48,-0.06,2.22,0.182,0.0,-3.696341463,0.283,0.269,3.696341463,-0.111,-0.1009999999999999,-0.169,-0.109,15.8,35.5,4.631036876236399,-15.328750629421478,24.16755323422468,0.5277777777777778,35.00156172729295,27.471769813798343,ARI
Trea Turner,607208,2026,33,645,700,156,19,21.0,6.9,0.242,0.378,58,244,101,0.242,0.363,0.298,0.293,0.0,0.015,0.005,19.0,63.0,88.5,31.7,6.0,39.3,98.94390884,93.571458357,68.9,34.6,84.6,46.4,27.7,50.5,33.7,45.3,25.3,21.4,PHI,235,607208,2653,8.9,0.302,0.208,0.341,0.509,0.383,0.295,0.237,16,53,91.2,8.8,2327,89.3,89.63,37,125,110,0.2999999999999971,6.52,107,151,123,148,300,325,290,-5.204,5.204,69.6,7.4,4.003505479,59,43,9,5,0,2,10,16.9,6,10.2,2.25,0.64,0.27,0.27,92.5,165.0,41.86046511627907,2.3255813953488373,1.694915254237288,5.59,-2.08,0.35,2.23,0.373,1.0,2.214468085,0.314,0.342,-2.214468085,0.065,0.059,0.167,0.088,29.6,40.0,6.56771632793805,-2.27173380269482,24.257589945380087,0.5725806451612904,39.11401731572335,28.557583228936146,PHI
Carlos Cortes,666126,2026,29,343,381,86,10,16.5,8.1,0.251,0.397,43,136,30,0.242,0.368,0.315,0.301,0.009,0.029,0.014,12.6,43.0,88.4,36.0,6.0,35.8,98.824277305,93.581776121,66.2,27.9,84.2,48.9,22.1,46.6,30.0,45.2,21.6,25.4,OAK,177,666126,1534,11.5,0.209,0.209,0.194,0.419,0.293,0.279,0.229,9,43,86.2,17.5,2249,90.7,90.72,15,92,85,0.0,6.34,115,146,114,151,285,324,304,-0.029,0.029,68.4,6.9,2.462825459,46,38,5,1,1,2,5,10.9,3,6.5,2.26,0.54,0.42,-0.42,90.4,161.0,28.947368421052637,5.263157894736842,4.3478260869565215,5.8,-1.78,-0.06,2.25,0.261,2.0,0.016384181,0.279,0.354,-0.016384181,-0.02,-0.018,0.065,0.014,16.3,41.0,5.176814228669937,0.4527424381712511,24.84173350295436,0.4111111111111111,39.16296097314101,28.35060093929996,OAK
Kyle Karros,691720,2026,23,411,475,104,13,21.1,11.4,0.253,0.414,49,170,63,0.25,0.402,0.336,0.334,0.003,0.012,0.002,7.3,42.4,89.7,40.8,8.3,41.1,100.509474679,94.534265256,67.2,24.8,87.9,45.7,24.6,44.2,40.8,43.0,24.5,26.8,COL,188,691720,1907,9.9,0.17,0.064,0.235,0.234,0.225,0.27,0.214,8,47,91.6,9.3,2436,90.4,90.97,24,80,108,0.5999999999999943,6.4,106,151,125,148,307,334,297,4.667,-4.667,66.5,6.9,8.328836931,52,34,6,1,1,0,13,25.0,4,7.7,2.35,0.45,0.03,0.03,92.8,153.0,41.17647058823529,5.88235294117647,3.8461538461538463,5.68,-1.95,0.45,2.15,0.25,2.0,-2.482446809,0.29,0.308,2.482446809,-0.044,-0.0399999999999999,-0.074,-0.045,30.0,36.5,9.033130848349172,-8.996137508665065,38.95648602783684,0.3974358974358974,37.866234554677646,27.269059063227708,COL
Jace Jung,690291,2026,25,9,11,2,0,27.3,18.2,0.222,0.222,0,2,2,0.301,0.376,0.289,0.367,-0.079,-0.154,-0.078,26.3,52.6,84.2,83.3,0.0,16.7,94.817026667,91.864998333,75.0,26.1,93.3,46.5,23.8,48.8,33.3,16.7,16.7,66.7,DET,10,690291,43,23.3,0.333,0.0,1.0,0.333,0.297,0.301,0.33,1,3,77.3,19.0,2395,87.5,86.65,4,6,4,-0.7999999999999972,5.59,126,147,134,153,296,331,299,-0.53,0.53,72.3,8.2,9.216348921,3,1,1,0,0,0,2,66.7,0,0.0,2.97,0.02,0.12,-0.12,88.0,207.0,0.0,0.0,0.0,5.47,-1.41,0.16,1.68,0.333,0.0,5.3,0.33,0.355,-5.3,0.003,0.003,-0.022,-0.004,66.7,37.7,23.373944798479396,-35.268135721087454,39.94786835769219,0.5,28.64036330096416,45.73288768494496,DET
Mike Yastrzemski,573262,2026,35,361,408,81,12,24.0,10.0,0.224,0.38,41,137,51,0.235,0.368,0.306,0.309,-0.011,0.012,-0.003,8.2,63.9,90.4,31.3,6.8,43.0,99.641426412,94.32237855,59.5,26.4,84.4,49.1,23.2,42.6,44.5,39.2,29.8,23.8,ATL,239,573262,1738,13.8,0.217,0.152,0.242,0.37,0.303,0.32,0.248,10,46,88.1,16.2,2347,90.6,90.91,23,111,128,0.3000000000000113,6.54,118,146,112,151,300,327,299,-1.063,1.063,68.7,7.4,2.484455161,52,35,7,1,0,2,11,21.2,6,11.5,2.18,0.64,0.41,-0.41,91.2,175.0,40.0,8.571428571428571,5.769230769230769,5.58,-1.96,-0.02,2.21,0.308,3.0,0.444769874,0.335,0.383,-0.444769874,-0.031,-0.027,-0.013,-0.017,20.7,33.3,11.528406957508151,-0.0453333888619837,32.642858860517336,0.6036036036036037,32.81041123742276,31.171134209087185,ATL
Luis Campusano,669134,2026,27,215,248,57,8,21.4,12.1,0.265,0.433,30,93,24,0.239,0.391,0.353,0.327,0.026,0.042,0.026,29.7,63.3,87.3,37.7,8.1,37.7,98.81458963,93.52656118,66.5,29.2,84.8,46.6,26.0,46.6,41.4,37.7,24.1,24.7,SD,189,669134,1002,18.9,0.159,0.091,0.182,0.25,0.24,0.305,0.221,7,44,85.2,19.3,2336,90.5,90.78,27,97,92,0.2999999999999971,6.41,106,151,122,147,298,328,297,3.75,-3.75,71.2,7.9,2.53805108,50,34,5,1,0,1,10,20.0,5,10.0,2.25,0.56,0.24,0.24,91.4,157.0,23.52941176470588,5.88235294117647,4.0,5.73,-1.91,0.22,2.23,0.26,2.0,-1.984126984,0.315,0.369,1.984126984,-0.062,-0.0549999999999999,-0.119,-0.065,27.8,38.0,11.28277683078824,-3.598679767509222,27.21979287086342,0.5842696629213483,36.58621370611844,28.25373223792719,SD
Dalton Rushing,687221,2026,25,224,253,55,12,29.2,9.1,0.246,0.46,36,103,37,0.249,0.426,0.344,0.336,-0.003,0.034,0.008,15.1,54.7,89.5,35.8,11.9,43.7,101.8105508,95.071908725,69.7,30.4,76.7,47.6,31.8,49.1,45.7,32.5,27.8,31.1,TBD,17,687221,957,1.8,0.0,0.0,0.0,0.0,0.0,0.077,0.064,0,3,84.2,14.0,2411,94.4,94.9,1,6,11,0.5,6.41,115,148,121,153,285,325,314,0.724,-0.724,71.3,7.3,0.727868508,3,2,0,0,0,0,1,33.3,0,0.0,1.94,0.62,0.42,-0.42,89.7,203.0,0.0,0.0,0.0,5.58,-1.74,-0.29,2.69,0.0,0.0,-4.258823529,0.064,0.115,4.258823529,-0.064,-0.064,-0.115,-0.077,16.7,24.1,15.121673283795024,-2.809479763909772,34.44439096445436,1.0,35.227968164566754,30.42041960307676,TBD
Jordan Lawlar,691783,2026,23,124,136,32,6,28.7,3.7,0.258,0.46,16,57,18,0.249,0.401,0.34,0.314,0.009,0.059,0.026,3.8,58.7,88.4,38.4,7.0,31.4,98.574308293,93.588601585,67.2,26.7,83.5,47.4,26.9,45.9,44.2,36.0,34.9,26.7,ARI,135,691783,534,25.3,0.267,0.3,0.316,0.567,0.374,0.301,0.24,8,30,89.3,20.3,2425,91.4,91.62,20,63,72,0.1999999999999886,6.42,107,151,112,146,299,332,292,-1.395,1.395,64.7,6.8,2.210086971,32,21,4,1,1,2,9,28.1,0,0.0,2.21,0.55,0.24,0.24,92.0,141.0,47.61904761904761,4.761904761904762,3.125,5.68,-2.19,0.06,2.48,0.313,1.0,1.033333333,0.288,0.4,-1.033333333,0.027,0.025,0.167,0.073,31.7,37.2,14.273634217151184,-4.056209582810607,34.600344425063376,0.5409836065573771,34.765939358258784,31.288713395335783,ARI
Dane Myers,667472,2026,30,292,334,75,8,24.6,11.1,0.257,0.377,27,110,39,0.236,0.356,0.324,0.309,0.021,0.021,0.015,18.4,50.1,89.2,33.5,4.9,36.3,98.774903,93.702558844,62.5,25.2,82.5,48.2,21.6,43.2,25.9,45.3,24.5,23.6,CIN,72,667472,1385,5.2,0.214,0.429,0.125,0.643,0.399,0.352,0.234,3,14,89.0,25.6,2430,90.7,90.79,8,27,45,0.0999999999999943,6.38,109,152,118,148,312,319,296,-3.413,3.413,64.8,6.5,0.887410418,16,10,1,0,0,2,4,25.0,2,12.5,2.33,0.49,0.29,0.29,91.8,156.0,40.0,20.0,12.5,5.65,-2.05,0.22,2.25,0.313,2.0,4.740277778,0.33,0.48,-4.740277778,-0.02,-0.017,0.163,0.047,29.6,34.3,9.166373556748615,14.539738849045744,26.785748571798685,0.4782608695652174,37.828997729511926,24.38693262702435,CIN
Colson Montgomery,695657,2026,24,568,638,112,31,35.6,8.5,0.197,0.403,87,229,71,0.199,0.388,0.3,0.294,-0.002,0.015,0.006,70.5,53.7,88.6,32.9,12.0,40.9,101.158593626,94.756398123,73.0,32.4,77.9,47.0,37.4,51.5,49.6,31.2,34.4,20.1,CWS,226,695657,2458,9.2,0.071,0.095,0.118,0.167,0.186,0.228,0.116,3,42,88.0,33.8,2325,91.0,91.21,43,111,115,0.2000000000000028,6.44,120,145,127,151,294,328,296,3.707,-3.707,75.7,8.0,3.028805852,49,18,1,1,0,1,24,49.0,6,12.2,2.22,0.57,0.34,-0.34,92.2,168.0,33.33333333333333,11.11111111111111,4.081632653061225,5.81,-1.78,0.05,2.39,0.204,2.0,-1.640265487,0.242,0.238,1.640265487,-0.045,-0.038,-0.071,-0.042,38.7,38.3,13.303425471646756,-8.386820109217728,32.19532580414297,0.509090909090909,36.19899505154602,32.24783868481851,CWS
Max Clark,703601,2026,21,180,206,49,3,20.4,8.7,0.272,0.417,23,75,27,0.264,0.345,0.337,0.314,0.008,0.072,0.023,31.5,42.3,87.6,35.2,2.1,38.0,98.281387353,93.26224,63.4,28.6,90.4,50.0,16.7,46.0,35.2,40.8,25.4,26.8,DET,228,703601,755,30.2,0.188,0.125,0.222,0.313,0.294,0.296,0.185,9,48,90.6,19.2,2295,90.0,90.2,16,92,136,0.2000000000000028,6.41,115,145,106,149,291,331,300,0.976,-0.976,73.1,7.7,2.866205545,59,37,5,3,0,1,12,20.3,8,13.6,2.31,0.54,0.35,-0.35,91.3,172.0,40.54054054054054,5.405405405405405,3.389830508474576,5.66,-1.98,-0.12,2.35,0.322,2.0,-0.428070175,0.33,0.267,0.428070175,0.003,-0.008,0.046,-0.002,17.4,35.6,6.014328649001546,-0.7294435838230804,31.658388425060785,0.4021739130434782,33.58182168166618,31.833889920351663,DET
Petey Halpin,690984,2026,24,178,195,40,4,17.9,4.6,0.225,0.326,14,58,27,0.252,0.377,0.264,0.295,-0.027,-0.051,-0.031,4.5,50.0,85.5,38.3,5.4,25.5,96.649568841,92.330029928,81.3,38.6,80.5,47.7,25.1,59.0,36.2,34.9,33.6,20.8,CLE,62,690984,663,9.4,0.235,0.0,0.286,0.235,0.283,0.284,0.214,4,17,88.3,21.9,2212,91.5,91.7,8,35,27,0.2000000000000028,6.44,113,146,109,151,284,320,303,1.001,-1.001,68.4,7.0,0.720465593,20,14,4,0,0,0,3,15.0,3,15.0,2.33,0.44,0.42,-0.42,91.3,149.0,28.57142857142857,0.0,0.0,5.71,-1.93,-0.28,2.4,0.35,0.0,-1.614516129,0.332,0.273,1.614516129,0.021,0.0179999999999999,-0.038,-0.001,22.9,40.1,10.486798237858116,1.7859527794615917,35.555372872908535,0.5714285714285714,32.43450045911284,30.00026324112257,CLE
Eli White,642201,2026,32,191,204,47,6,22.1,5.4,0.246,0.398,29,76,27,0.229,0.333,0.3,0.269,0.017,0.065,0.031,29.5,53.4,85.6,31.3,6.2,29.3,97.362570986,92.709488239,73.0,32.7,82.2,48.9,26.4,52.4,36.7,51.7,24.5,19.7,TBD,42,642201,802,5.2,0.4,0.3,0.375,0.7,0.472,0.387,0.356,4,10,84.0,12.0,2385,90.7,91.24,5,21,21,0.5,6.63,105,150,112,147,297,322,293,-1.612,1.612,70.2,7.3,5.414527944,10,9,3,0,0,1,1,10.0,0,0.0,2.29,0.56,0.25,0.25,91.3,129.0,44.44444444444444,11.11111111111111,10.0,5.59,-1.76,0.34,2.14,0.4,1.0,3.838095238,0.356,0.542,-3.838095238,0.044,0.044,0.158,0.085,23.8,37.4,9.79147628834248,-3.6128078008449336,33.38792284657918,0.4761904761904761,37.993444624445104,35.06405480905097,TBD
Jared Triolo,669707,2026,28,324,362,77,3,19.9,7.7,0.238,0.302,29,98,34,0.241,0.316,0.278,0.284,-0.003,-0.014,-0.006,4.7,47.3,86.3,32.9,2.4,32.9,97.382690726,92.701064274,64.5,25.7,86.9,50.0,22.1,45.1,38.4,51.0,18.4,27.1,PIT,55,669707,1345,4.1,0.167,0.0,0.25,0.167,0.191,0.177,0.128,2,12,82.1,12.9,2245,89.1,89.69,9,25,30,0.6000000000000085,6.53,105,152,119,146,304,320,284,1.774,-1.774,64.0,7.2,4.716178941,13,8,2,0,0,0,4,30.8,1,7.7,2.32,0.58,0.14,0.14,90.0,135.0,25.0,0.0,0.0,5.78,-1.51,0.28,2.12,0.231,0.0,-3.225454545,0.195,0.185,3.225454545,0.039,0.036,-0.018,0.014,36.0,41.4,7.863221963541262,3.4167200498543187,39.87043815319857,0.28,35.84229506784849,26.275401085986985,PIT
Bryan Reynolds,668804,2026,31,595,699,155,17,23.2,12.7,0.261,0.424,72,252,102,0.254,0.443,0.349,0.355,0.007,-0.019,-0.006,29.9,46.6,90.8,38.5,11.2,47.9,101.857125046,95.370003739,70.2,24.7,83.7,48.3,28.2,46.7,38.8,45.9,26.8,24.3,PIT,186,668804,2736,6.8,0.244,0.244,0.31,0.488,0.343,0.346,0.255,10,41,91.7,10.3,2242,89.9,90.05,21,89,97,0.1999999999999886,6.3,114,147,129,153,294,323,303,-2.587,2.587,69.4,6.7,4.438279637,48,30,3,5,1,1,12,25.0,5,10.4,2.37,0.49,0.47,-0.47,92.6,178.0,50.0,13.333333333333334,8.333333333333332,5.78,-1.69,-0.25,2.2,0.319,4.0,1.390860215,0.338,0.427,-1.390860215,-0.011,-0.019,0.061,-0.003,23.6,38.7,12.866561592021997,0.8020954149065784,38.140795133269705,0.3932584269662921,35.3816593750534,26.089920493619807,PIT
Gavin Sheets,657757,2026,30,363,419,77,17,20.3,11.7,0.212,0.397,48,144,47,0.229,0.381,0.315,0.316,-0.017,0.016,-0.001,47.0,51.4,87.4,31.1,7.1,38.2,98.872982,93.475375964,58.0,31.0,88.3,45.4,20.9,43.3,37.9,44.6,23.9,20.4,SD,35,657757,1811,1.9,0.286,0.571,0.2,0.857,0.473,0.252,0.136,2,7,87.0,57.5,2248,91.5,91.51,3,16,19,0.0,6.35,122,145,127,152,292,324,295,-0.796,0.796,76.0,7.6,14.21892432,7,6,0,1,0,1,1,14.3,0,0.0,2.16,0.6,0.77,-0.77,90.0,205.0,16.666666666666664,16.666666666666664,14.285714285714285,5.76,-2.11,-0.23,2.61,0.286,1.0,2.274285714,0.136,0.478,-2.274285714,0.15,0.1499999999999999,0.379,0.221,18.8,31.9,9.207780330404043,-9.325062316372724,24.33786682420899,0.6875,36.85861625757268,35.226796547240774,SD
Chase Meidroth,805367,2026,24,566,643,156,16,21.9,9.5,0.276,0.415,63,235,90,0.239,0.348,0.339,0.301,0.037,0.067,0.038,1.0,60.1,87.2,34.1,4.6,34.6,97.389329665,92.822576483,55.5,28.9,86.1,49.2,19.7,42.0,41.0,49.5,21.7,24.4,CWS,214,805367,2649,8.1,0.163,0.093,0.222,0.256,0.249,0.273,0.188,7,43,84.0,15.3,2304,91.8,92.18,28,96,118,0.4000000000000057,6.5,105,150,108,145,302,322,284,3.877,-3.877,63.2,6.6,1.578364796,51,28,5,1,0,1,16,31.4,6,11.8,2.05,0.68,0.43,0.43,90.6,146.0,32.142857142857146,3.571428571428571,1.96078431372549,5.81,-1.71,0.09,2.31,0.275,1.0,-1.811682243,0.298,0.292,1.811682243,-0.025,-0.0229999999999999,-0.036,-0.024,29.2,37.6,13.733825318189124,1.3462967766789171,29.281638069666677,0.6808510638297872,36.95649734202385,32.72615610839666,CWS
Matt Shaw,807713,2026,24,173,202,41,5,17.3,10.4,0.237,0.41,24,71,25,0.231,0.353,0.325,0.303,0.006,0.057,0.022,7.4,61.8,86.8,30.8,4.2,34.3,97.547695362,92.811021022,60.8,32.5,87.2,46.7,20.1,45.7,31.5,39.9,28.7,21.7,CHC,59,807713,797,7.4,0.071,0.0,0.125,0.071,0.143,0.198,0.107,1,14,86.7,13.9,2483,91.7,92.18,9,25,34,0.5,6.57,107,147,113,144,295,315,285,2.481,-2.481,65.8,7.0,4.112517054,16,8,1,0,0,0,6,37.5,2,12.5,2.22,0.54,0.08,0.08,90.3,170.0,37.5,0.0,0.0,5.61,-1.48,-0.01,2.43,0.188,0.0,-4.205084746,0.219,0.197,4.205084746,-0.036,-0.031,-0.126,-0.055,36.0,36.3,6.926263364478425,-1.875315958091587,28.811115215260944,0.5416666666666666,36.33323548065524,29.48275796950212,CHC
Paul Goldschmidt,502671,2026,38,345,380,87,18,22.6,7.6,0.252,0.452,52,156,44,0.238,0.414,0.33,0.311,0.014,0.038,0.019,14.3,49.5,86.8,35.1,9.9,35.9,98.632345115,93.426887557,65.5,32.2,77.0,48.5,26.4,48.3,32.4,43.1,29.4,20.6,NYY,42,502671,1504,2.8,0.4,0.1,0.4,0.5,0.357,0.29,0.275,4,10,89.1,11.6,2235,90.2,90.55,6,22,20,0.3999999999999915,6.58,106,152,125,148,305,324,286,-0.326,0.326,68.4,7.8,7.250031682,11,10,3,1,0,0,1,9.1,0,0.0,2.2,0.64,0.4,0.4,92.7,138.0,30.0,0.0,0.0,5.66,-1.76,0.07,1.92,0.364,0.0,0.776190476,0.284,0.356,-0.776190476,0.125,0.08,0.144,0.067,27.3,41.3,18.825775481881696,-6.633399614261302,31.10858176437198,0.4545454545454545,42.03825935125746,26.13775098030437,NYY
Leo Bernal,699024,2026,22,95,102,27,5,24.5,6.9,0.284,0.474,21,45,12,0.27,0.487,0.351,0.347,0.014,-0.013,0.004,31.5,50.9,92.6,41.4,10.0,55.7,102.009491143,95.893565143,66.9,29.2,84.3,46.1,26.2,46.6,40.0,31.4,35.7,30.0,STL,246,699024,393,62.6,0.3,0.217,0.333,0.517,0.367,0.365,0.279,18,60,91.4,17.8,2337,90.4,90.77,30,120,126,0.3999999999999915,6.47,117,147,123,152,297,322,300,-4.299,4.299,70.8,7.4,3.710735369,63,46,13,1,0,4,14,22.2,3,4.8,2.38,0.44,0.32,-0.32,92.4,172.0,50.0,13.043478260869565,9.523809523809524,5.65,-1.95,-0.2,2.21,0.333,6.0,1.747560976,0.313,0.545,-1.747560976,0.021,0.02,-0.028,0.002,25.0,36.0,9.7330901388916,-7.395497930174544,32.99527457615965,0.4873949579831932,33.70466741530392,32.57049056155447,STL
Weston Wilson,642215,2026,31,164,183,33,4,31.7,9.8,0.201,0.305,14,50,24,0.187,0.273,0.269,0.251,0.014,0.032,0.018,19.6,47.8,84.8,34.0,3.8,32.1,96.982246792,92.551328286,67.1,25.6,77.8,49.0,33.1,46.0,47.2,46.2,26.4,20.8,SEA,49,642215,781,6.3,0.273,0.091,0.429,0.364,0.312,0.357,0.342,3,11,86.6,6.6,2166,89.2,89.4,6,23,26,0.2000000000000028,6.42,103,150,119,146,298,327,295,-0.625,0.625,68.2,7.5,1.594658104,12,7,2,1,0,0,4,33.3,1,8.3,2.27,0.64,0.31,0.31,90.1,166.0,42.85714285714285,0.0,0.0,5.78,-1.71,0.12,2.12,0.333,0.0,1.275510204,0.397,0.4,-1.275510204,-0.069,-0.064,-0.036,-0.045,26.1,39.6,10.373594266281389,1.412863584255854,33.848036678014886,0.3181818181818182,38.564283053940215,27.29259340525575,SEA
Max Kepler,596146,2026,33,132,145,27,2,22.1,7.6,0.205,0.303,15,40,11,0.211,0.336,0.25,0.27,-0.006,-0.033,-0.02,16.5,47.8,88.7,32.4,7.8,39.2,99.348171373,93.812456634,71.0,37.3,84.7,46.6,25.9,53.0,43.1,32.4,30.4,25.5,TBD,16,596146,536,3.0,0.0,0.0,0.0,0.0,0.0,0.007,0.007,0,4,86.7,67.0,2421,87.3,86.97,5,9,7,-0.2999999999999971,6.23,123,147,108,153,286,327,297,1.001,-1.001,72.7,7.7,1.516948806,4,2,0,0,0,0,2,50.0,0,0.0,2.72,0.33,0.17,-0.17,88.0,84.0,0.0,0.0,0.0,5.73,-2.77,-0.26,2.44,0.0,0.0,-6.25625,0.007,0.009,6.25625,-0.007,-0.007,-0.009,-0.007,55.6,34.1,14.692405724433431,-12.3664593646357,34.32824969536218,0.6666666666666666,38.05720769459738,38.5398011779474,TBD
Marcus Semien,543760,2026,35,494,547,106,15,19.0,8.2,0.215,0.34,49,168,55,0.24,0.375,0.276,0.3,-0.025,-0.035,-0.024,2.6,58.1,86.8,33.6,5.8,33.3,97.000149286,92.545980638,71.4,27.3,85.8,49.9,23.0,49.3,47.0,36.9,32.8,22.2,NYM,183,543760,2070,8.8,0.205,0.068,0.205,0.273,0.252,0.275,0.21,9,44,86.8,18.3,2336,89.3,89.22,6,82,101,-0.0999999999999943,6.38,107,149,118,144,298,324,295,1.105,-1.105,63.9,7.3,4.928653339,50,44,6,3,0,0,1,2.0,5,10.0,2.43,0.48,0.11,0.11,91.3,164.0,29.545454545454547,4.545454545454546,4.0,5.73,-1.93,0.38,2.17,0.28,2.0,-0.603825137,0.286,0.328,0.603825137,-0.005,-0.0059999999999999,-0.055,-0.023,7.3,35.5,10.260853711413583,-1.2964601762572627,34.07227157879735,0.573170731707317,32.83258153698606,27.873259848285542,NYM
Nicky Lopez,670032,2026,31,237,270,64,1,16.3,4.4,0.27,0.312,24,74,25,0.248,0.299,0.286,0.27,0.022,0.013,0.016,0.9,59.3,84.7,28.5,0.0,22.2,94.353526632,91.180435053,70.5,34.1,86.7,50.9,18.3,52.6,28.5,59.4,15.0,22.2,TEX,115,670032,990,11.6,0.357,0.071,0.435,0.429,0.402,0.41,0.363,10,28,87.8,3.3,2248,88.2,88.42,12,64,51,0.2000000000000028,6.49,115,146,106,150,283,319,295,-1.524,1.524,66.0,6.9,1.460372118,34,23,8,2,0,0,5,14.7,2,5.9,2.58,0.39,0.37,-0.37,90.6,132.0,43.47826086956522,0.0,0.0,5.58,-1.91,0.1,1.83,0.471,0.0,1.325217391,0.46,0.448,-1.325217391,-0.006,0.0109999999999999,-0.019,-0.008,18.8,36.9,8.815034946520464,6.988921707219427,26.82878391352323,0.625,39.58195986888956,24.89645058948113,TEX
Vaughn Grissom,687093,2026,25,422,474,102,13,18.4,6.5,0.242,0.386,72,163,47,0.244,0.38,0.306,0.309,-0.002,0.006,-0.003,15.9,45.5,87.5,33.5,6.7,35.6,98.529330819,93.416728622,66.3,31.3,87.2,50.1,22.1,48.8,39.1,44.9,25.1,24.5,LAA,224,687093,1812,12.4,0.163,0.082,0.184,0.245,0.239,0.233,0.166,8,49,81.5,11.5,2277,90.4,90.6,26,111,113,0.1999999999999886,6.44,106,149,120,145,304,322,292,3.615,-3.615,67.2,7.2,4.09437589,57,39,6,1,0,1,11,19.3,5,8.8,2.34,0.48,0.29,0.29,89.4,133.0,15.384615384615383,0.0,0.0,5.67,-1.88,0.2,2.18,0.263,0.0,-1.613839286,0.269,0.216,1.613839286,-0.003,-0.006,0.029,0.006,23.4,34.3,10.13174676777173,-1.9863581776736057,36.85071615101695,0.3796296296296296,37.37238366894194,31.079373189711838,LAA
Héctor Rodríguez,699302,2026,22,144,152,33,6,25.7,4.6,0.229,0.41,17,59,16,0.198,0.329,0.295,0.251,0.031,0.081,0.044,51.8,56.9,88.2,26.7,6.7,34.3,99.171249615,93.590612788,72.1,42.8,82.0,44.1,27.2,55.7,41.0,52.4,29.5,12.4,CIN,166,699302,560,29.6,0.227,0.182,0.265,0.409,0.269,0.251,0.228,10,44,87.1,15.6,2250,87.8,87.72,23,99,67,-0.0999999999999943,6.37,115,147,112,153,290,320,299,2.627,-2.627,74.6,7.7,2.784299654,44,35,6,1,2,1,9,20.5,0,0.0,2.83,0.2,0.32,-0.32,91.8,129.0,31.428571428571427,5.714285714285714,4.545454545454546,5.44,-1.9,-0.24,2.21,0.227,2.0,-1.58253012,0.228,0.353,1.58253012,-0.001,-0.001,0.056,0.018,23.2,33.9,9.194407068713373,-1.7135392570909111,33.7216209685137,0.5918367346938775,36.17565747491448,32.420223739126335,CIN
Daylen Lile,695734,2026,23,602,655,148,22,19.4,6.1,0.246,0.429,89,258,81,0.255,0.442,0.312,0.324,-0.009,-0.013,-0.012,12.8,54.9,88.6,37.8,9.6,38.0,99.074034958,93.689429833,76.2,38.5,85.5,45.9,23.6,55.8,40.7,32.4,38.2,23.0,WSH,147,695734,2407,6.1,0.163,0.233,0.156,0.395,0.242,0.288,0.197,7,43,87.7,24.6,2169,89.3,89.98,21,85,62,0.7000000000000028,6.65,118,146,115,152,293,322,303,3.257,-3.257,71.0,7.5,3.791735749,45,34,3,0,2,2,9,20.0,2,4.4,2.5,0.4,0.47,-0.47,91.9,183.0,35.294117647058826,17.647058823529413,13.333333333333334,5.85,-1.78,-0.11,2.32,0.2,6.0,-2.215646259,0.215,0.472,2.215646259,-0.034,-0.0149999999999999,-0.077,-0.046,24.7,41.8,14.218644551682326,-2.436205393285621,37.75049746049847,0.5063291139240507,35.45477309767566,31.17377576309326,WSH
Ben Williamson,810938,2026,25,261,286,62,3,18.9,7.7,0.238,0.318,26,83,32,0.246,0.325,0.28,0.286,-0.008,-0.007,-0.006,11.7,34.8,87.3,30.8,1.9,33.2,97.971571667,93.035610542,55.2,31.8,90.1,47.9,17.6,42.9,27.4,56.3,13.0,26.4,TB,10,810938,1109,0.9,0.0,0.0,0.0,0.0,0.233,0.334,0.141,0,2,96.2,0.5,2374,93.1,93.98,0,3,7,0.9000000000000057,6.89,101,152,123,149,296,313,279,0.282,-0.282,67.5,7.2,,3,2,0,0,0,0,0,0.0,1,33.3,1.31,1.34,0.57,0.57,93.4,162.0,50.0,0.0,0.0,5.43,-2.32,0.37,3.04,0.333,0.0,-2.82,0.427,0.215,2.82,-0.141,-0.0939999999999999,-0.215,-0.101,0.0,31.4,6.841975699816599,0.9417481592429172,25.456094549180683,0.5,41.17705555624115,30.8639278851032,TB
Thomas Saggese,695336,2026,24,162,180,38,4,27.2,7.2,0.235,0.352,14,57,25,0.238,0.399,0.286,0.309,-0.003,-0.047,-0.023,22.6,41.3,90.7,37.1,9.6,43.1,100.738247931,94.993078261,68.1,35.4,79.0,48.0,28.0,51.1,29.3,42.2,28.4,26.7,STL,235,695336,712,33.0,0.25,0.038,0.295,0.288,0.262,0.331,0.289,13,52,93.3,8.2,2327,91.8,92.38,21,120,115,0.6000000000000085,6.54,107,152,115,148,304,321,289,2.624,-2.624,70.0,6.8,2.361218689,58,44,11,2,0,0,10,17.2,2,3.4,2.04,0.68,0.42,0.42,92.4,196.0,53.48837209302325,4.651162790697675,3.4482758620689653,5.66,-1.86,0.19,2.34,0.293,2.0,-1.116595745,0.34,0.391,1.116595745,-0.039,-0.047,-0.103,-0.069,17.5,35.7,4.6550383660824775,7.545524741758139,36.71760398991862,0.35,36.234814082747455,25.675597888208944,STL
Roman Anthony,701350,2026,22,212,242,52,5,27.3,12.0,0.245,0.396,15,84,24,0.259,0.424,0.326,0.341,-0.014,-0.028,-0.015,54.6,46.7,92.0,38.4,11.7,46.6,102.442735205,95.858888345,55.6,23.7,82.3,50.1,29.0,39.7,41.8,48.6,23.3,26.7,BOS,154,701350,956,16.1,0.256,0.205,0.429,0.462,0.333,0.284,0.206,10,39,95.3,13.7,2270,89.6,89.52,23,65,89,-0.0999999999999943,6.31,124,148,124,153,286,329,309,-0.778,0.778,75.2,7.4,2.4521908,42,22,5,3,1,1,17,40.5,3,7.1,2.46,0.42,0.48,-0.48,94.2,176.0,54.54545454545454,13.636363636363637,7.142857142857142,5.71,-1.77,-0.09,2.23,0.31,3.0,0.505194805,0.263,0.39,-0.505194805,0.05,0.0469999999999999,0.072,0.049,35.4,35.2,12.324164009926982,-0.0311906991319217,34.36089561901424,0.53125,33.82649770097073,36.90705927829177,BOS
Austin Martin,668885,2026,27,302,358,69,3,19.0,12.6,0.228,0.315,24,95,42,0.23,0.314,0.303,0.303,-0.002,0.001,0.0,4.1,51.6,86.8,34.2,3.0,28.3,96.379876724,92.254509397,62.5,18.0,88.0,49.5,20.0,40.0,40.1,47.7,22.8,23.6,MIN,15,668885,1396,1.1,0.0,0.0,0.0,0.0,0.0,0.0,0.0,0,3,84.8,74.0,2672,89.5,90.29,2,7,8,0.7999999999999972,6.69,98,147,110,144,290,318,283,0.898,-0.898,62.5,6.7,1.4388807,3,1,0,0,0,0,2,66.7,0,0.0,2.31,0.56,0.26,0.26,88.0,121.0,0.0,0.0,0.0,5.55,-1.69,0.73,2.24,0.0,0.0,-5.986666667,0.0,0.0,5.986666667,0.0,0.0,0.0,0.0,28.6,27.3,3.728756501043799,5.186898671325628,40.58034555283686,0.4285714285714285,40.08463916849232,25.060228073809878,MIN
Adam Frazier,624428,2026,34,129,147,31,1,26.5,7.5,0.24,0.349,13,45,19,0.223,0.294,0.293,0.265,0.017,0.055,0.028,1.6,46.2,85.6,35.1,2.1,19.1,94.340358667,91.213758989,70.1,36.5,84.4,50.9,26.4,53.6,43.6,51.1,21.3,26.6,LAA,57,624428,566,10.1,0.25,0.125,0.286,0.375,0.269,0.336,0.354,4,16,86.6,8.8,2128,90.4,90.82,7,34,23,0.3999999999999915,6.55,118,147,109,152,291,317,302,0.892,-0.892,62.3,6.5,5.016284529,17,14,2,2,0,0,2,11.8,1,5.9,2.37,0.44,0.32,-0.32,89.7,128.0,21.428571428571427,0.0,0.0,5.58,-1.96,-0.15,2.15,0.294,0.0,-1.564912281,0.354,0.416,1.564912281,-0.104,-0.06,-0.041,-0.067,20.6,30.5,5.9363322472581,6.786167388186984,37.13857906479516,0.4705882352941176,33.014423473820976,23.364555541262018,LAA
Carson Benge,701807,2026,23,595,654,168,20,21.7,7.6,0.282,0.43,65,256,86,0.279,0.438,0.342,0.341,0.003,-0.008,0.001,17.0,41.4,88.8,38.1,7.3,38.8,99.519345378,93.954813653,63.8,28.0,86.3,49.6,21.4,45.8,32.6,42.7,27.5,26.7,NYM,223,701807,2674,8.3,0.306,0.224,0.353,0.531,0.396,0.343,0.247,15,49,88.3,13.3,2263,89.8,89.79,23,99,124,0.0,6.41,117,147,110,150,292,327,303,-2.223,2.223,69.5,6.8,3.804262446,55,37,10,2,0,3,12,21.8,5,9.1,2.36,0.52,0.47,-0.47,90.9,171.0,32.432432432432435,10.81081081081081,7.272727272727272,5.78,-1.9,-0.06,2.32,0.382,4.0,0.996860987,0.329,0.456,-0.996860987,0.059,0.0529999999999999,0.075,0.053,23.2,36.8,8.942912228024465,0.5438131516307965,35.14340038023709,0.4343434343434343,36.45985339720383,35.24665919901796,NYM
Oswald Peraza,672724,2026,26,341,370,77,7,30.0,4.6,0.226,0.334,25,114,33,0.224,0.33,0.276,0.272,0.002,0.004,0.004,27.4,46.1,87.5,32.3,6.1,36.2,99.402264159,93.746132667,74.1,38.6,82.4,47.2,30.4,55.4,34.5,51.3,20.3,23.7,LAA,38,672724,1416,2.7,0.333,0.0,0.5,0.333,0.297,0.238,0.258,3,9,89.8,0.7,2157,91.7,92.21,8,23,15,0.5,6.59,113,151,120,145,301,323,293,0.271,-0.271,71.0,7.1,0.665112862,9,6,3,0,0,0,3,33.3,0,0.0,2.19,0.54,0.44,0.44,91.6,81.0,33.33333333333333,0.0,0.0,5.86,-1.65,0.1,2.28,0.333,0.0,-0.713157895,0.258,0.284,0.713157895,0.075,0.075,0.049,0.059,34.8,41.3,2.2823336509328027,2.932663897271309,27.80240605239746,0.3478260869565217,37.01909073994543,25.85032801416623,LAA
Riley Greene,682985,2026,25,511,592,143,21,26.5,12.0,0.28,0.474,75,242,79,0.262,0.497,0.366,0.369,0.018,-0.023,-0.003,59.0,42.5,89.9,39.8,14.8,46.0,102.260968,95.510780139,68.9,26.0,81.2,46.9,29.9,46.1,38.7,35.7,34.0,25.9,DET,261,682985,2489,10.5,0.345,0.164,0.474,0.509,0.401,0.35,0.264,19,55,87.3,21.5,2178,89.7,89.85,34,117,144,0.2000000000000028,6.35,114,146,127,151,295,333,302,-4.01,4.01,74.0,7.1,2.666124399,61,39,12,6,0,1,16,26.2,6,9.8,2.36,0.5,0.43,-0.43,91.7,170.0,35.8974358974359,12.82051282051282,8.19672131147541,5.65,-1.92,-0.13,2.32,0.41,5.0,1.536398467,0.336,0.471,-1.536398467,0.081,0.0739999999999999,0.038,0.051,29.1,36.6,13.47299398137184,2.5838235114039643,46.717652756322224,0.3508771929824561,32.6919663395644,31.35660736775992,DET
Osleivis Basabe,678545,2026,25,129,143,26,5,20.3,6.3,0.202,0.341,13,44,13,0.229,0.343,0.271,0.283,-0.027,-0.002,-0.012,36.7,60.4,87.6,34.3,6.9,34.3,97.9189726,93.015601919,59.0,34.5,81.0,48.3,23.3,46.3,40.2,45.1,29.4,20.6,SF,64,678545,555,11.5,0.188,0.063,0.3,0.25,0.22,0.258,0.244,3,16,88.1,-2.8,2339,90.4,90.9,6,30,34,0.5,6.54,109,152,112,146,300,321,289,1.418,-1.418,72.7,7.2,2.662748099,17,10,2,1,0,0,6,35.3,1,5.9,2.32,0.5,0.24,0.24,91.7,149.0,30.0,0.0,0.0,5.7,-2.29,0.06,2.25,0.235,0.0,-2.215625,0.288,0.284,2.215625,-0.056,-0.0529999999999999,-0.034,-0.038,20.0,36.3,6.014805682345912,-2.64610308723278,23.002688474628204,0.5925925925925926,36.89309553738249,27.22019612020125,SF
CJ Abrams,682928,2026,25,579,654,151,33,24.2,8.7,0.261,0.497,106,288,93,0.247,0.438,0.358,0.333,0.014,0.059,0.025,27.5,57.5,89.6,34.2,10.6,40.5,99.979603803,94.2347827,68.7,36.9,81.0,45.4,29.6,51.3,45.0,36.5,28.6,23.2,WSH,197,682928,2542,7.7,0.209,0.209,0.241,0.419,0.303,0.352,0.251,9,43,91.5,13.3,2267,90.1,90.78,30,92,105,0.7000000000000028,6.66,123,148,128,153,295,325,304,0.854,-0.854,71.3,7.5,2.935189813,48,31,4,3,0,2,12,25.0,5,10.4,2.37,0.48,0.41,-0.41,92.4,164.0,41.935483870967744,12.903225806451612,8.333333333333332,5.82,-1.94,-0.02,2.27,0.292,4.0,-0.433502538,0.315,0.507,0.433502538,-0.042,-0.023,-0.088,-0.049,32.6,40.6,14.372135160956388,-4.40333967948507,28.3311479929438,0.5888888888888889,37.78565147407197,32.445199644387486,WSH
JJ Wetherholt,802139,2026,23,537,619,130,17,16.8,10.3,0.242,0.365,51,196,89,0.255,0.435,0.318,0.347,-0.013,-0.07,-0.029,19.2,63.6,89.7,34.9,7.4,44.9,99.375158009,94.023919118,63.0,21.2,85.4,49.7,20.2,42.0,36.3,45.3,29.2,22.1,STL,89,802139,2460,3.6,0.261,0.043,0.375,0.304,0.267,0.289,0.225,6,23,90.9,17.8,2334,91.5,91.89,9,43,46,0.4000000000000057,6.54,119,146,113,149,300,325,303,1.245,-1.245,68.2,7.3,2.734806611,24,16,5,1,0,0,7,29.2,1,4.2,2.13,0.63,0.54,-0.54,91.8,161.0,56.25,6.25,4.166666666666666,5.68,-1.73,0.02,2.28,0.292,1.0,-1.398876404,0.258,0.416,1.398876404,0.036,0.0339999999999999,-0.112,-0.022,20.9,36.7,12.884162972772264,8.52629853062827,33.339672154169,0.6190476190476191,35.088138275831355,29.03474264906636,STL
Carlos Narváez,665966,2026,27,248,285,40,3,31.6,6.7,0.161,0.226,10,56,22,0.191,0.303,0.219,0.26,-0.03,-0.077,-0.041,20.1,50.7,90.6,35.1,6.6,36.9,99.444669241,94.185727389,70.5,32.3,76.4,49.9,33.2,51.4,31.5,39.3,30.4,21.4,BAL,48,665966,1144,4.2,0.154,0.0,0.222,0.154,0.177,0.214,0.16,2,13,84.5,30.0,2328,91.7,91.68,11,22,26,0.0,6.61,108,152,122,148,305,322,284,1.788,-1.788,68.1,7.3,2.160468471,14,9,2,0,0,0,4,28.6,1,7.1,1.77,1.0,0.38,0.38,93.0,176.0,22.22222222222222,11.11111111111111,7.142857142857142,5.72,-2.23,0.61,2.56,0.214,1.0,-3.725,0.22,0.253,3.725,-0.006,-0.006,-0.099,-0.037,50.0,39.6,11.936578829004498,5.990850244020923,30.776147263942956,0.3809523809523809,38.32188256945265,29.97848707581023,BAL
Josue De Paula,800543,2026,21,31,42,10,1,11.9,26.2,0.323,0.581,7,18,7,0.311,0.496,0.466,0.437,0.012,0.085,0.029,25.0,49.1,89.2,46.2,11.5,46.2,99.056430769,93.653655385,61.6,18.6,88.9,42.9,19.0,37.1,46.2,34.6,23.1,42.3,LAD,116,800543,170,68.2,0.286,0.238,0.333,0.524,0.442,0.446,0.295,6,21,88.8,13.1,2306,89.5,89.41,11,43,73,-0.0999999999999943,6.27,117,144,119,151,297,325,298,-2.377,2.377,71.4,7.4,2.119197397,29,16,3,2,0,1,5,17.2,8,27.6,2.48,0.4,0.27,-0.27,91.2,205.0,43.75,18.75,10.344827586206897,5.84,-1.51,-0.18,2.17,0.483,3.0,2.049137931,0.49,0.53,-2.049137931,-0.009,-0.007,-0.006,-0.004,25.6,38.8,11.013550665987054,-4.903804831029669,38.8951911968901,0.4878048780487805,35.93731545312873,32.56066278974743,LAD
Anthony Volpe,683011,2026,25,220,246,54,2,22.8,10.2,0.245,0.336,28,74,24,0.232,0.334,0.297,0.291,0.013,0.002,0.006,14.0,56.4,87.9,33.3,4.9,37.0,98.213619268,93.220690982,66.5,25.7,83.2,49.4,25.2,45.9,32.7,43.0,23.0,27.3,NYY,164,683011,979,16.8,0.243,0.135,0.296,0.378,0.29,0.299,0.234,9,37,87.7,12.5,2354,90.2,90.39,20,82,82,0.2000000000000028,6.53,106,151,116,146,301,323,285,1.31,-1.31,64.1,6.7,2.089214617,39,28,6,2,0,1,9,23.1,2,5.1,2.22,0.63,0.32,0.32,90.9,166.0,39.285714285714285,10.714285714285714,7.6923076923076925,5.68,-2.05,0.18,2.15,0.282,3.0,-0.798780488,0.273,0.418,0.798780488,0.009,0.0089999999999999,-0.04,-0.009,24.4,39.1,12.996493520024371,7.386984323731866,34.214763279418115,0.4444444444444444,37.66290687708725,23.391910030440187,NYY
Kyren Paris,677347,2026,24,15,18,0,0,44.4,16.7,0.0,0.0,0,0,0,0.092,0.151,0.116,0.203,-0.092,-0.151,-0.087,18.8,36.4,85.1,0.0,0.0,57.1,99.0435325,94.31059,72.7,12.8,68.8,53.0,37.8,44.6,42.9,57.1,42.9,0.0,LAA,22,677347,83,26.5,0.0,0.0,,0.0,0.175,0.175,,0,3,,,2134,90.7,91.01,5,8,14,0.2999999999999971,6.36,99,146,121,142,280,319,286,0.474,-0.474,70.9,7.9,7.306079299,4,0,0,0,0,0,3,75.0,1,25.0,2.55,0.23,0.24,0.24,88.0,95.0,,,,5.6,-1.89,0.09,1.96,0.25,,-2.154545455,0.25,,2.154545455,,0.0,,0.0,62.5,38.1,20.363792660301797,-13.160340882878868,39.58647641148644,0.25,38.46813387638302,30.034240848094445,LAA
Grant McCray,687529,2026,25,77,91,11,2,30.8,12.1,0.143,0.273,4,21,14,0.21,0.35,0.236,0.291,-0.067,-0.077,-0.055,16.5,40.6,87.4,25.0,11.5,30.8,99.367162083,93.804508298,62.5,27.3,77.3,44.9,36.1,43.1,34.6,46.2,23.1,21.2,SF,82,687529,394,20.8,0.125,0.188,0.125,0.313,0.241,0.218,0.108,2,16,85.1,1.3,2193,89.3,89.82,16,35,47,0.5,6.59,116,148,106,152,290,323,303,0.814,-0.814,65.3,7.0,4.570914168,18,9,1,0,0,1,7,38.9,2,11.1,2.51,0.4,0.26,-0.26,89.8,151.0,22.22222222222222,11.11111111111111,5.555555555555555,5.54,-1.85,-0.15,2.31,0.222,1.0,-0.992682927,0.207,0.271,0.992682927,0.017,0.015,0.042,0.023,45.7,37.0,8.529143881246984,-9.42197463078714,32.377761751497495,0.2941176470588235,35.20853741161865,31.86263410535706,SF
Taylor Walls,670764,2026,29,369,433,82,2,24.2,10.4,0.222,0.298,36,110,60,0.19,0.261,0.278,0.251,0.032,0.037,0.027,2.0,61.6,85.6,32.1,2.2,21.9,95.29496336,91.704933333,62.0,25.6,84.8,48.2,22.0,43.2,41.1,42.5,27.9,19.6,TB,64,670764,1699,3.8,0.182,0.182,0.286,0.364,0.33,0.287,0.125,2,11,81.0,16.9,2295,91.4,91.94,3,25,39,0.5,6.63,113,142,97,145,285,320,295,-0.378,0.378,67.2,7.0,1.145265072,14,7,0,2,0,0,4,28.6,3,21.4,2.02,0.75,0.38,-0.38,90.6,147.0,14.285714285714285,14.285714285714285,7.142857142857142,5.7,-1.6,0.05,2.38,0.357,1.0,0.590625,0.313,0.295,-0.590625,0.057,0.0439999999999999,0.069,0.043,12.0,37.4,14.605783094267272,-7.374088335223503,31.850796349582232,0.68,33.5064952548215,31.119173903668813,TB
Jackson Holliday,702616,2026,22,315,354,72,7,23.7,9.6,0.229,0.34,30,107,45,0.236,0.352,0.284,0.293,-0.007,-0.012,-0.009,6.2,53.6,87.0,36.4,6.4,33.1,97.252535641,92.656907564,64.3,26.8,81.8,48.5,26.9,45.0,33.9,44.1,24.2,25.4,BAL,92,702616,1348,6.8,0.185,0.037,0.263,0.222,0.179,0.158,0.163,5,27,87.4,22.3,2340,88.5,88.46,10,43,49,0.0,6.47,116,147,112,152,289,322,301,3.251,-3.251,66.3,6.7,1.823921849,27,19,4,1,0,0,8,29.6,0,0.0,2.44,0.54,0.35,-0.35,90.5,169.0,21.052631578947366,0.0,0.0,5.54,-1.86,-0.24,2.4,0.185,0.0,-3.533695652,0.163,0.201,3.533695652,0.022,0.0219999999999999,0.021,0.021,23.3,36.9,6.41122317630078,1.5702643502238662,30.147029247061383,0.425,33.65352139180338,28.403051676617377,BAL
Chase DeLauter,800050,2026,24,495,559,142,16,14.7,10.7,0.287,0.457,67,226,62,0.277,0.427,0.359,0.346,0.01,0.03,0.013,18.5,44.6,91.4,35.1,6.3,46.3,101.342521401,95.083377367,65.4,21.1,91.2,47.8,15.0,42.3,37.7,43.8,19.5,27.4,CLE,125,800050,2153,5.8,0.192,0.231,0.136,0.423,0.363,0.442,0.312,5,26,90.0,11.8,2301,90.4,90.72,4,45,80,0.2999999999999971,6.45,109,145,125,150,289,325,301,0.081,-0.081,71.2,7.3,3.213350634,35,24,3,0,0,2,2,5.7,9,25.7,2.3,0.51,0.32,-0.32,93.4,167.0,50.0,8.333333333333332,5.714285714285714,5.64,-1.81,-0.06,2.23,0.4,2.0,-0.0648,0.474,0.544,0.0648,-0.12,-0.0739999999999999,-0.121,-0.079,8.9,37.3,6.253345597609714,-3.276895194377658,30.856914182109264,0.4888888888888889,35.596098165530655,31.209623767994508,CLE
Tyler Tolbert,686475,2026,28,130,148,37,3,20.9,8.1,0.285,0.392,8,51,32,0.24,0.307,0.329,0.287,0.045,0.085,0.042,2.9,43.4,84.7,35.6,2.9,24.0,95.341905417,91.71171,71.9,27.3,81.3,50.0,29.8,49.6,34.6,49.0,21.2,22.1,KC,18,686475,521,3.5,0.2,0.0,0.25,0.2,0.178,0.16,0.171,1,5,81.0,9.5,2302,91.2,92.08,2,9,9,0.8999999999999915,6.76,116,153,111,150,310,323,284,0.639,-0.639,69.8,6.8,2.84005164,5,4,1,0,0,0,1,20.0,0,0.0,2.22,0.55,0.11,0.11,88.1,78.0,0.0,0.0,0.0,5.45,-2.09,0.31,2.11,0.2,0.0,-3.55,0.171,0.19,3.55,0.029,0.0289999999999999,0.01,0.018,22.2,32.4,5.067439282466218,-1.7917670189597388,28.27909061927131,0.5555555555555556,35.371848968458806,31.52961068673984,KC
Yohel Pozo,650968,2026,29,60,62,15,1,14.5,1.6,0.25,0.317,7,19,4,0.253,0.313,0.251,0.252,-0.003,0.004,-0.001,7.7,47.5,86.6,34.6,1.9,25.0,95.627254615,91.8645575,71.7,51.3,90.1,45.4,18.9,60.6,32.7,44.2,15.4,30.8,BAL,28,650968,218,12.8,0.0,0.0,0.0,0.0,0.0,0.183,0.189,0,7,82.1,19.0,2432,87.9,87.47,7,14,14,-0.4000000000000057,6.43,109,150,127,147,295,322,283,1.146,-1.146,64.5,7.9,7.796973513,7,4,0,0,0,0,3,42.9,0,0.0,2.62,0.42,-0.15,-0.15,90.1,173.0,0.0,0.0,0.0,5.16,-2.5,0.57,2.05,0.0,0.0,-4.092857143,0.189,0.238,4.092857143,-0.189,-0.189,-0.238,-0.183,50.0,26.5,12.15448625041046,-9.395133122952874,28.111773321188718,0.5714285714285714,44.58106899143958,35.852486458476065,BAL
Randal Grichuk,545341,2026,34,265,280,76,15,21.8,3.9,0.287,0.566,46,150,41,0.278,0.478,0.37,0.335,0.009,0.088,0.035,46.5,61.3,91.3,37.7,11.2,49.8,102.787849029,95.926782379,70.2,36.4,86.7,49.0,24.0,53.0,44.4,35.7,29.5,26.1,CWS,84,545341,1013,8.3,0.269,0.269,0.263,0.538,0.33,0.188,0.182,7,26,84.8,25.3,2299,90.5,90.7,17,50,34,0.2000000000000028,6.47,109,152,120,146,300,324,292,0.13,-0.13,71.5,7.6,4.056226905,27,21,4,1,0,2,6,22.2,0,0.0,2.13,0.69,0.4,0.4,91.8,166.0,28.57142857142857,0.0,0.0,5.93,-1.76,0.11,2.16,0.259,0.0,-0.154761905,0.177,0.266,0.154761905,0.087,0.082,0.272,0.142,34.0,41.2,7.119485323670996,-6.243410777192707,27.69057901290841,0.66,38.217053335504325,30.946572314158654,CWS
Heliot Ramos,671218,2026,26,404,442,99,13,27.4,7.0,0.245,0.411,46,166,48,0.256,0.446,0.312,0.329,-0.011,-0.035,-0.017,29.0,50.8,92.2,34.4,13.8,48.4,103.254738156,96.13377,69.2,33.1,82.6,47.9,29.3,50.4,34.0,50.5,23.9,23.2,NYY,148,671218,1746,8.5,0.212,0.212,0.238,0.424,0.298,0.291,0.229,7,33,87.3,5.6,2347,90.7,90.73,21,68,80,0.0,6.46,105,150,120,145,303,328,289,-0.694,0.694,71.2,6.7,2.787357876,37,23,4,1,0,2,11,29.7,3,8.1,1.97,0.85,0.5,0.5,91.5,178.0,26.08695652173913,13.043478260869565,8.108108108108109,5.83,-1.79,0.14,2.23,0.27,3.0,0.468918919,0.288,0.376,-0.468918919,-0.017,-0.0179999999999999,0.048,0.007,30.9,40.6,6.235738050006233,7.658884853092799,31.999563209003156,0.5074626865671642,36.73821989252272,27.18174623215626,NYY
Christian Koss,683766,2026,28,203,221,44,4,26.7,4.1,0.217,0.305,12,62,27,0.206,0.278,0.251,0.235,0.011,0.027,0.016,6.3,57.9,84.1,29.1,4.0,26.5,96.216977143,92.149313381,71.1,39.5,79.9,46.7,30.1,54.2,40.4,53.0,18.5,19.9,SF,149,683766,765,19.5,0.262,0.024,0.355,0.286,0.253,0.233,0.234,11,42,83.3,18.0,2373,90.1,90.57,28,79,70,0.5,6.57,108,152,107,147,304,319,285,1.665,-1.665,64.1,7.0,4.209445845,43,31,10,1,0,0,11,25.6,1,2.3,2.25,0.59,0.02,0.02,90.0,161.0,16.129032258064516,0.0,0.0,5.8,-1.69,0.24,2.16,0.279,0.0,-1.117449664,0.252,0.274,1.117449664,0.028,0.027,0.012,0.02,35.4,41.4,9.832435171294632,-1.1187792860192591,27.56181588012605,0.5822784810126582,38.08311214690383,26.57852566733365,SF
Miguel Vargas,678246,2026,26,588,704,147,33,17.9,14.3,0.25,0.474,93,279,106,0.263,0.496,0.363,0.378,-0.013,-0.022,-0.015,42.5,64.9,90.1,39.4,13.0,43.8,100.367790769,94.615853953,68.9,20.9,82.4,47.9,21.0,43.9,46.7,30.1,35.4,23.9,CWS,249,678246,2803,8.9,0.25,0.192,0.27,0.442,0.361,0.344,0.229,13,52,85.7,22.5,2351,91.6,91.96,29,111,138,0.4000000000000057,6.49,107,151,123,146,298,326,296,-3.317,3.317,70.2,7.8,2.361909057,64,40,9,1,0,3,13,20.3,11,17.2,2.06,0.68,0.31,0.31,91.5,163.0,30.0,10.0,6.25,5.85,-1.72,0.37,2.33,0.375,4.0,1.332128514,0.358,0.418,-1.332128514,0.021,0.017,0.024,0.017,26.1,39.6,13.06110697066188,-6.694609247425348,32.811276711535434,0.5765765765765766,34.24595529729864,36.72198847530471,CWS
Ethan Salas,806956,2026,20,39,40,10,2,22.5,2.5,0.256,0.462,5,18,6,0.188,0.316,0.316,0.227,0.068,0.146,0.089,17.5,58.5,90.1,23.3,3.3,33.3,98.854162,94.235776,64.5,31.5,89.8,51.0,19.4,48.3,20.0,36.7,43.3,13.3,SD,119,806956,149,79.9,0.29,0.258,0.304,0.548,0.367,0.215,0.175,9,31,90.1,26.9,2173,89.7,89.92,10,59,60,0.2000000000000028,6.36,111,141,107,146,288,321,299,-0.971,0.971,69.1,6.9,2.542456859,32,25,6,0,1,2,6,18.8,1,3.1,2.39,0.47,0.38,-0.38,92.3,179.0,36.0,4.0,3.125,5.6,-1.86,-0.1,2.17,0.313,1.0,0.815966387,0.201,0.294,-0.815966387,0.115,0.1119999999999999,0.254,0.152,16.9,35.8,8.203604862016642,3.3153242127921643,30.91624856121845,0.5892857142857143,38.93789948849709,31.765007954306157,SD
Corey Seager,608369,2026,32,384,436,87,20,23.6,10.3,0.227,0.424,51,163,57,0.251,0.484,0.32,0.35,-0.024,-0.06,-0.03,12.4,56.8,91.7,35.6,14.8,48.9,102.113554366,95.685271092,82.9,28.8,78.2,44.1,32.9,52.6,44.0,44.4,30.6,21.5,TEX,205,608369,1619,12.7,0.2,0.22,0.189,0.42,0.287,0.361,0.28,10,50,91.6,9.9,2218,88.7,89.2,33,112,93,0.5,6.59,119,146,131,152,295,329,302,1.78,-1.78,71.3,6.7,1.936078523,53,40,5,2,0,3,10,18.9,3,5.7,2.51,0.43,0.43,-0.43,92.5,161.0,52.5,15.0,11.320754716981131,5.63,-1.9,0.1,2.12,0.245,6.0,-0.868292683,0.32,0.528,0.868292683,-0.08,-0.075,-0.108,-0.074,29.5,36.1,15.223792934554826,2.1977053196038976,34.05185786196234,0.5727272727272728,38.94204898395581,33.012536043611846,TEX
Charles McAdoo,807727,2026,24,97,106,25,3,23.6,6.6,0.258,0.392,14,38,12,0.245,0.367,0.303,0.289,0.013,0.025,0.014,36.5,40.7,85.5,29.7,5.4,25.7,96.549836216,92.274918108,67.0,32.5,82.8,48.1,21.5,49.1,24.3,39.2,25.7,25.7,TOR,29,807727,397,7.3,0.286,0.571,0.2,0.857,0.501,0.556,0.402,2,7,90.9,10.3,2246,89.8,89.61,0,12,17,-0.2000000000000028,6.36,113,153,119,147,300,321,293,-2.382,2.382,72.5,7.0,,8,6,0,1,0,1,1,12.5,1,12.5,2.59,0.28,0.29,0.29,91.8,181.0,16.666666666666664,16.666666666666664,12.5,5.52,-1.9,0.13,2.03,0.375,1.0,8.213793103,0.477,0.874,-8.213793103,-0.116,-0.1019999999999999,-0.017,-0.055,0.0,29.6,3.5904787021486926,5.909459963423536,29.28494416612025,0.5,36.70709187505718,26.63069619011765,TOR
Junior Caminero,691406,2026,22,616,702,170,42,18.4,11.3,0.276,0.524,101,323,100,0.273,0.499,0.375,0.364,0.003,0.025,0.011,84.9,62.1,92.7,27.1,13.1,49.7,105.207732408,97.122382367,62.9,30.5,84.5,43.1,24.1,44.4,45.1,48.8,22.2,20.2,TB,214,691406,2761,7.8,0.264,0.321,0.237,0.585,0.365,0.367,0.276,14,53,91.8,20.0,2255,90.0,90.26,24,111,103,0.2999999999999971,6.56,108,152,124,147,304,330,298,-3.045,3.045,76.5,8.7,2.63629721,56,43,7,2,0,5,11,19.6,1,1.8,2.26,0.61,0.29,0.29,93.7,154.0,46.51162790697674,13.953488372093023,10.714285714285714,5.59,-1.98,0.38,2.16,0.286,6.0,1.422897196,0.297,0.583,-1.422897196,-0.012,-0.011,0.002,-0.002,21.6,36.0,8.255788129380306,-6.445531467926633,26.646490082277563,0.5727272727272728,39.46037782830863,36.3057009639352,TB
Juan Soto,665742,2026,27,400,482,110,27,13.5,16.2,0.275,0.515,68,206,63,0.295,0.574,0.385,0.411,-0.02,-0.059,-0.026,29.0,67.3,92.6,32.0,14.0,48.1,102.453819701,96.079954685,62.7,20.9,85.4,47.3,20.9,40.7,39.8,39.2,32.9,19.3,NYM,211,665742,1929,10.9,0.25,0.188,0.263,0.438,0.345,0.374,0.287,12,48,92.4,12.9,2288,89.7,89.68,17,88,123,0.0,6.41,122,147,124,152,298,330,304,-0.914,0.914,71.6,7.1,2.660211733,58,40,7,3,0,2,8,13.8,10,17.2,2.47,0.43,0.33,-0.33,93.2,155.0,40.0,10.0,6.896551724137931,5.81,-1.81,-0.1,2.26,0.379,4.0,0.433175355,0.378,0.48,-0.433175355,-0.037,0.001,-0.042,-0.029,19.3,37.4,12.203702734328855,1.2936624615207006,27.57614012002688,0.7840909090909091,38.774166191535606,26.02457458059949,NYM
Myles Straw,664702,2026,31,295,330,71,3,13.3,8.2,0.241,0.342,26,101,44,0.251,0.342,0.288,0.292,-0.01,0.0,-0.004,6.0,51.9,86.3,34.5,2.7,25.6,95.694355242,91.848387984,57.9,23.1,91.0,51.0,12.7,40.8,35.3,40.7,27.5,22.9,TOR,106,664702,1273,8.3,0.28,0.04,0.35,0.32,0.281,0.234,0.221,7,25,85.0,24.7,2320,89.9,89.7,7,50,56,-0.2000000000000028,6.21,107,150,106,147,303,316,280,1.06,-1.06,63.1,6.7,2.696701197,26,20,6,1,0,0,5,19.2,1,3.8,2.28,0.57,0.28,0.28,89.9,173.0,15.0,0.0,0.0,5.73,-1.76,0.24,2.29,0.308,0.0,-1.0,0.251,0.279,1.0,0.059,0.0569999999999999,0.041,0.047,14.0,36.1,5.927390952755219,-7.544548763973248,32.05501379718387,0.5,34.68197894759162,30.27104006062321,TOR
Jordan Beck,687597,2026,25,165,180,33,1,31.7,7.8,0.2,0.291,11,48,17,0.212,0.293,0.248,0.253,-0.012,-0.002,-0.005,38.0,53.5,87.1,30.3,3.7,32.1,98.401569808,93.278827596,68.8,38.0,79.3,46.5,31.5,52.3,41.3,39.4,28.4,23.9,COL,53,687597,710,7.5,0.091,0.0,0.2,0.091,0.132,0.172,0.129,1,11,80.3,13.6,2444,90.9,91.34,12,29,24,0.3999999999999915,6.32,113,152,122,148,305,329,294,1.942,-1.942,71.4,8.0,6.310051816,12,5,1,0,0,0,6,50.0,1,8.3,2.14,0.63,0.31,0.31,90.4,146.0,20.0,0.0,0.0,5.9,-1.88,-0.04,2.33,0.167,0.0,-3.664150943,0.202,0.155,3.664150943,-0.038,-0.035,-0.064,-0.04,41.4,43.7,15.068971206324363,-13.970579341129287,32.87841195790405,0.3928571428571428,37.98442924504077,33.95830678133086,COL
Josh Jung,673962,2026,28,398,444,119,12,18.0,7.9,0.299,0.462,42,184,54,0.285,0.44,0.362,0.348,0.014,0.022,0.014,8.4,56.4,90.7,41.1,7.2,49.2,100.183736149,94.6575581,67.1,29.3,90.6,47.9,18.5,47.4,39.3,42.4,23.1,31.2,TEX,84,673962,1626,5.2,0.227,0.273,0.214,0.5,0.357,0.336,0.238,5,22,91.0,17.0,2457,87.9,88.29,14,47,37,0.3999999999999915,6.62,105,152,124,148,302,327,288,-2.85,2.85,69.0,7.1,2.755776319,25,16,3,0,0,2,6,24.0,1,4.0,2.65,0.35,0.0,0.0,92.0,153.0,43.75,12.5,8.0,5.46,-2.04,0.34,2.16,0.32,2.0,3.392857143,0.329,0.434,-3.392857143,-0.011,-0.009,0.066,0.021,29.8,34.0,12.89426311244496,0.126460399803345,37.00108414788681,0.5319148936170213,34.026067943535615,32.054519643542754,TEX
Brett Harris,695391,2026,28,44,51,6,0,31.4,5.9,0.136,0.182,2,8,3,0.171,0.244,0.207,0.243,-0.035,-0.062,-0.036,5.6,47.2,87.3,37.9,3.4,31.0,96.85209,92.539986071,65.2,22.8,81.7,47.7,27.7,43.0,31.0,51.7,20.7,20.7,SF,70,695391,194,36.1,0.125,0.0,0.25,0.125,0.178,0.22,0.159,2,16,85.3,23.4,2373,90.6,91.37,7,26,44,0.8000000000000114,6.7,110,154,117,148,304,319,290,1.863,-1.863,67.2,7.2,4.144938454,18,8,2,0,0,0,8,44.4,1,5.6,2.15,0.65,0.14,0.14,89.2,132.0,25.0,0.0,0.0,5.63,-1.99,0.36,2.28,0.222,0.0,-2.661428571,0.252,0.208,2.661428571,-0.034,-0.03,-0.083,-0.042,26.9,36.8,6.434599066848578,2.427728406177031,30.325855249175152,0.5,36.17584212889347,25.88546881157057,SF
Turner Hill,806367,2026,27,105,124,23,1,16.9,10.5,0.219,0.314,16,33,13,0.248,0.369,0.28,0.316,-0.029,-0.055,-0.036,0.6,59.0,87.6,33.0,4.5,30.7,96.211755,92.153071494,59.1,20.3,91.3,51.1,13.6,40.2,44.3,40.9,28.4,26.1,SF,138,806367,493,28.0,0.154,0.154,0.158,0.308,0.263,0.329,0.22,4,26,89.8,18.4,2292,91.5,91.99,11,56,82,0.5,6.55,112,145,100,149,286,316,298,1.222,-1.222,64.1,6.3,2.448149219,30,20,2,1,0,1,6,20.0,4,13.3,2.15,0.61,0.36,-0.36,90.6,179.0,40.0,10.0,6.666666666666667,5.91,-1.54,-0.15,2.18,0.267,2.0,-0.885507246,0.324,0.42,0.885507246,-0.066,-0.0569999999999999,-0.112,-0.066,19.6,44.4,7.7437988079380915,1.3442581940402611,36.69864896770161,0.4423076923076923,36.19988887516598,31.222197034503893,SF
Nate Furman,801501,2026,24,32,39,4,0,25.6,12.8,0.125,0.125,3,4,2,0.16,0.191,0.191,0.227,-0.035,-0.066,-0.036,0.0,44.8,80.9,16.7,0.0,16.7,92.300870909,90.399414545,61.9,33.3,97.4,42.9,19.4,45.6,45.8,75.0,12.5,8.3,SF,22,801501,147,15.0,0.0,0.0,,0.0,0.349,0.349,,0,2,,,2408,93.6,94.62,4,9,13,1.0,6.8,122,149,106,152,284,315,307,-0.142,0.142,62.6,6.6,2.985191046,4,0,0,0,0,0,2,50.0,2,50.0,2.08,0.58,-0.05,0.05,88.1,166.0,,,,5.74,-1.13,-0.12,2.6,0.5,,0.645454545,0.5,,-0.645454545,,0.0,,0.0,44.4,40.6,12.667849638740032,-1.2770530019587305,41.49361902414489,0.3333333333333333,29.38070606500348,30.85708208951678,SF
Owen Caissie,683357,2026,23,291,330,64,14,37.3,8.2,0.22,0.412,58,120,45,0.211,0.405,0.304,0.302,0.009,0.007,0.002,55.7,39.7,91.1,42.6,14.2,44.9,101.808296322,95.280737126,64.6,30.0,77.6,46.7,35.6,46.2,33.5,36.9,32.4,25.0,MIA,83,683357,1364,6.1,0.188,0.188,0.25,0.375,0.296,0.349,0.222,3,16,93.0,18.1,2071,88.8,88.57,16,36,47,-0.2000000000000028,6.33,119,147,118,152,295,318,303,0.572,-0.572,76.0,7.4,5.444177166,20,9,2,0,0,1,8,40.0,3,15.0,2.51,0.44,0.46,-0.46,92.4,146.0,44.44444444444444,22.22222222222222,10.0,5.61,-1.95,-0.22,1.98,0.3,2.0,-0.689156627,0.328,0.499,0.689156627,-0.034,-0.028,-0.124,-0.053,44.4,39.8,16.87686969797504,-9.75916811000905,35.361084455030365,0.4571428571428571,38.18132067378566,38.07600503666424,MIA
Andruw Monasterio,655316,2026,29,313,347,73,6,19.6,7.5,0.233,0.371,43,116,35,0.23,0.352,0.293,0.287,0.003,0.019,0.006,3.7,56.4,87.4,36.8,6.4,31.2,97.261394919,92.699092996,66.4,26.6,88.8,51.4,18.9,47.1,36.4,33.6,31.2,23.6,BOS,51,655316,1495,3.4,0.083,0.0,0.143,0.083,0.074,0.07,0.072,1,12,78.7,27.1,2449,88.1,88.09,9,28,23,0.0,6.43,109,152,116,148,281,317,287,1.823,-1.823,67.6,7.1,2.519397498,12,7,1,0,0,0,5,41.7,0,0.0,2.66,0.34,0.06,0.06,88.6,124.0,0.0,0.0,0.0,5.98,-1.69,0.24,2.39,0.083,0.0,-3.574509804,0.072,0.087,3.574509804,0.011,0.011,-0.004,0.004,32.1,42.1,16.2418610500841,-8.894435932783741,32.651110241534305,0.5357142857142857,34.44253750791227,36.85700375343031,BOS
Taylor Trammell,666211,2026,28,255,289,49,8,32.2,10.0,0.192,0.341,22,87,29,0.186,0.36,0.28,0.283,0.006,-0.019,-0.003,67.4,52.3,88.5,28.2,12.3,38.0,101.38532275,94.747912063,69.6,29.3,72.9,48.4,38.5,48.8,49.7,42.9,30.1,18.4,HOU,170,666211,1120,15.2,0.147,0.147,0.235,0.294,0.264,0.288,0.176,5,34,93.6,24.6,2257,90.8,91.05,39,92,78,0.2999999999999971,6.46,111,145,110,151,288,327,301,1.863,-1.863,72.7,7.8,3.546193611,40,18,2,2,0,1,16,40.0,6,15.0,2.26,0.54,0.39,-0.39,91.6,146.0,50.0,16.666666666666664,7.5,5.65,-1.96,-0.04,2.37,0.275,3.0,-1.095882353,0.3,0.333,1.095882353,-0.029,-0.0249999999999999,-0.039,-0.024,42.4,34.6,8.508312563156206,-7.073307757137655,28.2516432603181,0.5543478260869565,34.593081147988,30.99666643749332,HOU
Max Muncy,571970,2026,35,488,561,123,29,25.0,11.6,0.252,0.49,76,239,81,0.242,0.47,0.361,0.349,0.01,0.02,0.012,14.1,49.7,89.9,35.8,12.9,45.8,101.023217371,94.921257221,65.7,25.8,81.0,47.8,29.2,44.9,51.3,37.5,32.7,22.6,LAD,210,571970,2295,9.2,0.261,0.217,0.303,0.478,0.354,0.356,0.257,12,46,86.9,14.5,2326,89.3,89.4,26,90,120,0.1000000000000085,6.33,115,145,127,153,297,326,297,-2.745,2.745,68.9,6.9,2.009174845,52,35,6,4,0,2,11,21.2,4,7.7,2.54,0.35,0.15,-0.15,92.2,160.0,45.71428571428572,11.428571428571429,7.6923076923076925,5.86,-1.6,-0.02,2.05,0.346,4.0,1.307142857,0.33,0.493,-1.307142857,0.004,0.0159999999999999,-0.015,-0.002,28.9,39.7,17.10436460903935,-4.46904708063201,36.13241743056809,0.4352941176470588,37.582782634862994,38.94065917792405,LAD
Max Muncy,571970,2026,35,488,561,123,29,25.0,11.6,0.252,0.49,76,239,81,0.242,0.47,0.361,0.349,0.01,0.02,0.012,14.1,49.7,89.9,35.8,12.9,45.8,101.023217371,94.921257221,65.7,25.8,81.0,47.8,29.2,44.9,51.3,37.5,32.7,22.6,LAD,78,691777,1110,7.0,0.3,0.15,0.385,0.45,0.343,0.323,0.255,6,20,87.9,7.9,2387,89.9,89.85,11,43,35,0.0,6.3,107,152,120,146,292,322,288,-1.841,1.841,71.3,7.3,3.843714819,21,14,5,0,0,1,6,28.6,1,4.8,2.52,0.36,0.11,0.11,91.6,156.0,50.0,7.142857142857142,4.761904761904762,5.32,-1.93,0.22,2.2,0.333,1.0,2.36025641,0.29,0.461,-2.36025641,0.045,0.043,-0.011,0.02,25.6,29.3,8.90377915567623,-1.787523038554739,31.445411130672248,0.5116279069767442,37.12840945924015,30.821353342451847,LAD
Wyatt Langford,694671,2026,24,411,471,98,17,22.7,11.7,0.238,0.421,44,173,64,0.231,0.387,0.333,0.319,0.007,0.034,0.014,27.2,53.0,88.6,32.5,7.9,36.4,99.42584634,93.857821902,68.3,26.2,82.7,48.2,25.3,46.5,43.0,33.1,30.5,23.3,TEX,252,694671,1888,13.3,0.222,0.178,0.296,0.4,0.357,0.376,0.234,10,45,87.9,26.0,2324,90.2,90.56,31,89,163,0.3999999999999915,6.56,108,152,122,146,299,327,292,-2.088,2.088,71.6,6.9,3.996573639,58,29,6,2,0,2,16,27.6,13,22.4,2.22,0.62,0.32,0.32,92.1,177.0,34.48275862068966,17.24137931034483,8.620689655172415,5.72,-1.78,0.43,2.12,0.397,5.0,0.828571429,0.395,0.458,-0.828571429,-0.012,0.002,-0.058,-0.019,34.8,37.6,14.240162582050637,-8.6788540314171,30.325850230592906,0.5280898876404494,34.851786522383165,34.39297415679572,TEX
Masyn Winn,691026,2026,24,470,532,109,5,21.8,9.0,0.232,0.317,56,149,54,0.245,0.329,0.283,0.297,-0.013,-0.012,-0.014,15.3,42.9,88.3,33.0,3.3,34.9,98.548306592,93.333175698,58.4,24.0,85.0,50.0,23.7,41.2,29.9,44.0,21.1,26.6,STL,138,691026,2139,6.5,0.222,0.074,0.3,0.296,0.258,0.252,0.222,6,27,89.4,8.2,2340,90.4,90.73,11,51,87,0.2999999999999971,6.52,106,151,115,148,304,316,282,1.91,-1.91,69.4,7.4,3.278289958,29,20,4,2,0,0,7,24.1,2,6.9,2.22,0.61,0.23,0.23,90.9,148.0,35.0,0.0,0.0,5.77,-1.73,0.24,2.43,0.276,0.0,-1.384057971,0.276,0.281,1.384057971,0.0,0.0,0.015,0.006,21.6,38.4,9.01022552376741,0.8533045214110775,29.0476490044596,0.6,34.31137179098384,32.58219684557252,STL
Jorge Mateo,622761,2026,31,207,221,42,5,31.2,5.0,0.203,0.314,18,65,41,0.221,0.358,0.248,0.272,-0.018,-0.044,-0.024,37.4,45.7,87.3,40.7,7.9,35.0,98.713200145,93.40706562,69.0,44.2,80.4,44.8,32.0,55.3,35.7,37.1,29.3,25.7,TB,102,622761,842,12.1,0.125,0.042,0.273,0.167,0.151,0.185,0.152,3,24,82.2,3.7,2276,89.6,89.83,23,60,42,0.2000000000000028,6.51,109,149,111,145,307,325,288,3.527,-3.527,69.5,7.5,4.337813989,25,11,2,1,0,0,13,52.0,0,0.0,2.22,0.67,0.31,0.31,89.6,164.0,27.27272727272727,9.090909090909092,4.0,5.54,-2.08,0.23,2.29,0.16,1.0,-3.457843137,0.186,0.228,3.457843137,-0.027,-0.0259999999999999,-0.061,-0.034,38.3,36.4,3.585472963250243,-8.906246249512721,26.241981853821187,0.4166666666666667,36.07659318481058,32.01523413639995,TB
BJ Murray Jr.,681230,2026,26,11,11,1,0,36.4,0.0,0.091,0.091,0,1,0,0.069,0.136,0.081,0.086,0.022,-0.045,-0.005,13.6,54.5,86.5,14.3,0.0,42.9,96.1207125,92.640407143,69.2,30.0,77.8,56.5,16.7,52.2,28.6,28.6,57.1,0.0,CHC,16,681230,46,34.8,0.0,0.0,0.0,0.0,0.0,0.064,0.033,0,3,97.9,40.0,2302,92.2,92.36,2,8,8,0.2000000000000028,6.35,126,149,134,154,291,318,305,0.802,-0.802,70.5,7.6,0.214095672,3,1,0,0,0,0,2,66.7,0,0.0,2.01,0.68,0.05,-0.05,90.0,194.0,100.0,0.0,0.0,5.92,-1.35,0.22,2.07,0.0,0.0,-5.0125,0.033,0.12,5.0125,-0.033,-0.033,-0.12,-0.064,25.0,39.5,19.756611612804967,-7.7203650710468334,39.723086480174665,0.625,31.593809413528355,32.617436398172174,CHC
Francisco Alvarez,682626,2026,24,373,420,87,16,30.7,9.3,0.233,0.399,43,149,38,0.23,0.431,0.313,0.322,0.003,-0.032,-0.009,42.9,59.5,90.8,32.9,15.4,48.0,102.913628049,95.848454472,62.0,31.8,77.3,45.2,34.8,45.4,39.0,47.6,25.6,19.9,NYM,166,682626,1749,9.5,0.222,0.111,0.35,0.333,0.269,0.256,0.19,8,36,91.8,1.7,2355,90.6,90.62,29,77,89,0.0,6.47,111,150,121,145,301,328,292,2.857,-2.857,73.1,7.3,2.327842387,40,21,6,1,0,1,16,40.0,3,7.5,2.19,0.64,0.28,0.28,92.7,139.0,57.14285714285714,9.523809523809524,5.0,5.76,-1.88,0.28,2.1,0.275,2.0,-1.721084337,0.251,0.315,1.721084337,0.032,0.024,0.018,0.013,37.7,37.0,9.664230628375815,1.843376964256714,28.44745133625631,0.6710526315789473,37.70554192754998,26.232826985644497,NYM
William Contreras,661388,2026,28,566,640,153,18,14.7,9.5,0.27,0.417,94,236,82,0.261,0.441,0.33,0.334,0.009,-0.024,-0.004,37.2,59.2,90.3,33.3,8.5,44.1,101.24009195,94.956986071,68.0,28.3,87.1,47.5,20.7,47.2,36.4,40.5,25.6,25.2,MIL,157,661388,2296,6.8,0.295,0.295,0.29,0.591,0.389,0.36,0.281,13,44,91.1,12.9,2350,90.2,90.56,21,79,78,0.3999999999999915,6.58,111,150,119,146,307,325,287,-4.73,4.73,71.1,7.4,3.223966424,49,35,8,1,0,4,10,20.4,4,8.2,2.39,0.56,0.18,0.18,93.6,177.0,48.57142857142857,14.285714285714285,10.20408163265306,5.65,-1.76,0.17,2.08,0.347,5.0,3.012738854,0.326,0.522,-3.012738854,0.014,0.0209999999999999,0.069,0.029,26.6,35.9,9.9717826318618,-2.538416339616585,28.153977403514283,0.6329113924050633,38.63244967047381,30.794873304825163,MIL
Ali Sánchez,645305,2026,29,86,92,21,1,27.2,1.1,0.244,0.302,8,26,7,0.239,0.306,0.258,0.256,0.005,-0.004,0.002,7.4,60.4,83.7,36.5,3.2,28.6,95.22307129,91.77613623,65.6,34.6,84.5,50.6,21.8,50.3,38.1,42.9,17.5,23.8,NYY,36,645305,310,11.6,0.333,0.0,0.385,0.333,0.324,0.35,0.306,5,15,88.5,11.6,2344,88.4,88.48,3,23,13,0.0999999999999943,6.45,105,152,121,143,297,319,283,-0.421,0.421,69.8,7.3,3.39735831,16,13,5,0,0,0,2,12.5,0,0.0,2.19,0.82,0.39,0.39,91.7,146.0,46.15384615384615,7.6923076923076925,6.25,5.91,-1.66,0.05,2.37,0.375,1.0,1.169444444,0.35,0.446,-1.169444444,0.027,0.025,-0.113,-0.026,13.0,43.8,11.950464101879442,-1.8175285574325664,31.454941293949336,0.6086956521739131,38.961270460341,34.76257431588334,NYY
Jac Caglianone,695506,2026,23,512,553,148,23,26.0,6.0,0.289,0.494,75,253,72,0.283,0.5,0.36,0.357,0.006,-0.006,0.003,72.8,43.8,93.3,33.9,13.0,54.7,105.528979243,97.619020786,73.0,39.6,82.9,44.7,29.4,54.6,46.1,45.8,22.8,28.7,KC,109,695506,1976,5.5,0.462,0.154,0.667,0.615,0.493,0.382,0.319,12,26,96.6,7.3,2201,89.8,90.09,19,62,47,0.2999999999999971,6.52,115,145,128,151,300,328,299,-3.421,3.421,73.9,7.6,2.934641453,29,18,8,4,0,0,8,27.6,2,6.9,2.27,0.6,0.62,-0.62,93.3,157.0,61.11111111111112,5.555555555555555,3.4482758620689653,5.72,-1.97,-0.11,2.33,0.517,1.0,3.13853211,0.39,0.484,-3.13853211,0.143,0.127,0.131,0.111,30.6,38.5,6.084719004076911,2.66024026859737,28.96562508556999,0.3709677419354839,39.583384158781705,28.55747468440996,KC
J.T. Realmuto,592663,2026,35,414,467,85,11,21.4,7.9,0.205,0.331,51,137,52,0.249,0.387,0.275,0.317,-0.044,-0.056,-0.042,32.5,55.4,89.5,35.6,5.7,40.0,99.623141132,94.21920959,64.9,29.9,84.1,48.2,24.1,46.8,42.5,42.5,26.9,25.9,PHI,163,592663,1854,8.8,0.171,0.122,0.214,0.293,0.232,0.278,0.202,7,41,87.1,9.7,2268,90.4,90.82,20,75,88,0.3999999999999915,6.52,107,152,122,147,303,325,293,2.324,-2.324,70.2,7.3,2.926763652,44,29,4,2,0,1,12,27.3,3,6.8,2.13,0.69,0.37,0.37,92.1,184.0,37.93103448275862,13.79310344827586,9.090909090909092,5.7,-2.14,0.18,2.21,0.227,4.0,-1.425766871,0.256,0.385,1.425766871,-0.031,-0.0289999999999999,-0.092,-0.046,26.7,39.6,10.783141831462292,1.5833411933167787,33.478055087052056,0.4189189189189189,37.31927687332284,27.922002466638887,PHI
Austin Riley,663586,2026,29,566,630,124,19,31.9,7.6,0.219,0.364,72,206,64,0.213,0.396,0.29,0.299,0.006,-0.032,-0.009,59.1,47.5,91.3,34.3,12.4,44.3,102.087666649,95.389412865,68.6,32.3,78.8,45.4,31.9,48.8,39.5,36.8,30.0,24.1,ATL,245,663586,2544,9.6,0.189,0.208,0.233,0.396,0.288,0.328,0.232,10,53,92.2,12.2,2398,90.6,90.89,39,124,121,0.3000000000000113,6.53,111,153,123,147,309,328,296,-0.187,0.187,74.1,7.5,2.886375394,60,33,6,0,1,3,21,35.0,6,10.0,2.14,0.68,0.23,0.23,91.5,162.0,42.42424242424242,18.181818181818183,10.0,5.73,-1.94,0.36,2.22,0.267,6.0,0.076326531,0.305,0.461,-0.076326531,-0.043,-0.0379999999999999,-0.065,-0.04,31.5,37.7,10.334899796462096,-3.5716252269455566,29.668224887315468,0.5121951219512195,39.00406041631256,34.34519772847395,ATL
Brady House,691781,2026,23,320,355,79,10,25.6,8.2,0.247,0.397,46,127,44,0.265,0.434,0.313,0.333,-0.018,-0.037,-0.02,33.4,47.8,90.1,31.0,9.5,47.8,102.255890517,95.508442857,70.8,34.2,78.5,44.8,29.8,50.6,30.6,46.6,26.7,22.8,WSH,105,691781,1293,8.1,0.176,0.088,0.222,0.265,0.19,0.259,0.247,6,34,90.6,16.1,2380,90.7,91.19,15,52,53,0.5,6.56,110,150,124,148,310,324,290,3.872,-3.872,71.2,7.6,4.784816211,34,27,3,3,0,0,7,20.6,0,0.0,2.2,0.59,0.22,0.22,94.1,137.0,48.14814814814815,7.4074074074074066,5.88235294117647,5.84,-2.0,0.3,2.41,0.176,2.0,-3.687619048,0.247,0.357,3.687619048,-0.071,-0.071,-0.092,-0.069,28.8,41.3,9.499693291945524,-0.2746546504993776,33.95934904709523,0.6730769230769231,38.7350180581197,30.468820936348813,WSH
Jeff McNeil,643446,2026,34,478,520,126,9,11.3,6.0,0.264,0.368,59,176,52,0.271,0.358,0.301,0.299,-0.007,0.01,0.002,3.8,39.2,86.3,38.0,1.7,29.5,96.173945545,92.112438365,84.0,36.1,91.2,48.5,15.8,59.2,41.3,41.7,21.9,29.2,OAK,198,643446,1800,11.0,0.22,0.102,0.235,0.322,0.257,0.248,0.227,13,59,86.6,13.1,2215,91.5,91.75,18,125,73,0.2999999999999971,6.42,114,147,105,152,281,322,300,2.603,-2.603,67.3,7.2,1.665943338,62,52,9,3,0,1,7,11.3,3,4.8,2.09,0.66,0.42,-0.42,90.7,164.0,28.846153846153843,0.0,0.0,5.81,-1.81,-0.05,2.3,0.258,0.0,-1.314646465,0.264,0.292,1.314646465,-0.007,-0.006,0.03,0.009,14.4,41.7,4.032065192523031,-0.672940176181563,35.28625301498809,0.3225806451612903,34.91478914285966,26.50903381385342,OAK
Nick Loftin,679845,2026,27,371,426,89,8,17.1,9.6,0.24,0.388,45,144,42,0.228,0.335,0.315,0.293,0.012,0.053,0.022,5.7,52.6,86.8,35.9,4.2,29.7,96.863698054,92.517021275,57.3,25.4,90.8,48.6,17.6,40.9,43.5,41.2,29.1,23.9,KC,165,679845,1613,10.2,0.306,0.083,0.393,0.389,0.324,0.279,0.254,11,36,82.7,19.8,2375,88.9,89.11,11,68,97,0.1999999999999886,6.38,107,150,113,146,298,320,292,0.178,-0.178,65.8,7.0,4.776632451,38,28,8,3,0,0,8,21.1,2,5.3,2.45,0.48,0.11,0.11,90.9,132.0,32.142857142857146,3.571428571428571,2.631578947368421,5.5,-2.04,0.19,2.22,0.342,1.0,-0.107878788,0.293,0.334,0.107878788,0.052,0.049,0.055,0.045,16.2,33.1,8.155105841309037,-6.789128325715605,32.01647626970455,0.5076923076923077,36.04578022618907,31.03765005017499,KC
Ceddanne Rafaela,678882,2026,25,541,576,154,16,20.3,3.8,0.285,0.444,70,240,67,0.249,0.362,0.332,0.285,0.036,0.082,0.047,6.9,50.7,86.3,34.5,5.4,31.9,96.938008578,92.469893389,71.6,45.3,84.9,47.2,24.8,57.7,34.3,43.8,25.9,25.2,BOS,10,678882,2106,0.5,0.0,0.0,0.0,0.0,0.0,0.185,0.205,0,2,100.7,-2.0,2132,93.5,94.84,1,7,3,1.2999999999999972,7.13,97,153,121,146,284,314,292,0.607,-0.607,67.0,6.5,1.039643016,2,1,0,0,0,0,1,50.0,0,0.0,1.75,0.88,0.26,0.26,90.5,209.0,100.0,0.0,0.0,6.12,-2.09,0.28,2.5,0.0,0.0,-6.07,0.205,0.23,6.07,-0.205,-0.205,-0.23,-0.185,14.3,40.7,2.9114787020546387,9.461598543580196,28.586393909852696,0.4285714285714285,33.04777189513015,24.00756288574741,BOS
Max Muncy,691777,2026,23,256,284,59,9,32.0,7.4,0.23,0.387,30,99,31,0.218,0.366,0.3,0.288,0.012,0.021,0.012,45.5,53.5,89.1,33.3,10.7,43.5,101.562068929,95.003906131,68.8,33.2,81.1,47.1,32.4,50.0,44.0,41.1,22.6,22.0,LAD,210,571970,2295,9.2,0.261,0.217,0.303,0.478,0.354,0.356,0.257,12,46,86.9,14.5,2326,89.3,89.4,26,90,120,0.1000000000000085,6.33,115,145,127,153,297,326,297,-2.745,2.745,68.9,6.9,2.009174845,52,35,6,4,0,2,11,21.2,4,7.7,2.54,0.35,0.15,-0.15,92.2,160.0,45.71428571428572,11.428571428571429,7.6923076923076925,5.86,-1.6,-0.02,2.05,0.346,4.0,1.307142857,0.33,0.493,-1.307142857,0.004,0.0159999999999999,-0.015,-0.002,28.9,39.7,17.10436460903935,-4.46904708063201,36.13241743056809,0.4352941176470588,37.582782634862994,38.94065917792405,LAD
Max Muncy,691777,2026,23,256,284,59,9,32.0,7.4,0.23,0.387,30,99,31,0.218,0.366,0.3,0.288,0.012,0.021,0.012,45.5,53.5,89.1,33.3,10.7,43.5,101.562068929,95.003906131,68.8,33.2,81.1,47.1,32.4,50.0,44.0,41.1,22.6,22.0,LAD,78,691777,1110,7.0,0.3,0.15,0.385,0.45,0.343,0.323,0.255,6,20,87.9,7.9,2387,89.9,89.85,11,43,35,0.0,6.3,107,152,120,146,292,322,288,-1.841,1.841,71.3,7.3,3.843714819,21,14,5,0,0,1,6,28.6,1,4.8,2.52,0.36,0.11,0.11,91.6,156.0,50.0,7.142857142857142,4.761904761904762,5.32,-1.93,0.22,2.2,0.333,1.0,2.36025641,0.29,0.461,-2.36025641,0.045,0.043,-0.011,0.02,25.6,29.3,8.90377915567623,-1.787523038554739,31.445411130672248,0.5116279069767442,37.12840945924015,30.821353342451847,LAD
David Fry,681807,2026,30,184,214,37,8,27.6,13.1,0.201,0.364,20,67,23,0.181,0.294,0.304,0.271,0.02,0.07,0.033,14.2,60.7,86.3,25.6,6.5,34.4,97.873392459,92.951842459,63.1,27.5,77.9,45.9,28.9,43.8,53.6,36.8,29.6,16.8,CLE,10,681807,912,1.1,0.4,0.6,0.333,1.0,0.588,0.738,0.501,2,5,90.1,-2.7,2416,90.6,91.17,1,6,4,0.6000000000000085,6.52,92,151,119,148,297,324,293,-1.166,1.166,57.1,7.2,6.724932948,5,4,1,0,0,1,1,20.0,0,0.0,2.27,0.52,0.19,0.19,94.9,209.0,66.66666666666666,33.33333333333333,20.0,5.49,-2.23,0.12,2.09,0.4,1.0,11.66,0.501,1.252,-11.66,-0.101,-0.1009999999999999,-0.252,-0.15,16.7,31.4,1.829391263407976,-14.595764108712258,34.445529662400574,0.6666666666666666,46.60833742662988,26.19434208684784,CLE
Jazz Chisholm Jr.,665862,2026,28,471,532,109,19,29.5,10.5,0.231,0.399,55,188,69,0.216,0.366,0.312,0.294,0.015,0.033,0.018,28.2,59.4,90.4,29.9,8.2,42.8,100.204570455,94.436904935,64.3,29.4,76.7,46.9,30.9,45.8,50.9,42.1,28.9,20.1,NYY,68,665862,2180,3.1,0.333,0.0,0.417,0.333,0.322,0.26,0.231,5,15,82.6,26.2,2171,89.3,89.13,9,36,32,-0.2000000000000028,6.28,107,143,111,152,291,330,296,0.577,-0.577,67.5,7.2,4.881513063,16,12,5,0,0,0,3,18.8,1,6.3,2.41,0.53,0.55,-0.55,92.3,159.0,41.66666666666667,0.0,0.0,5.53,-2.1,0.04,2.32,0.375,0.0,-0.848529412,0.279,0.305,0.848529412,0.102,0.0959999999999999,0.028,0.062,25.0,37.2,13.805823013105732,-4.115599412079556,32.06873869174778,0.5555555555555556,33.60696014518672,29.963207530718268,NYY
Zack Gelof,680869,2026,26,394,435,101,22,24.6,7.1,0.256,0.475,55,187,76,0.236,0.437,0.346,0.323,0.02,0.038,0.023,32.1,62.4,89.7,29.3,10.8,42.8,100.062189716,94.348921388,67.3,25.3,75.8,51.2,29.2,46.7,39.3,43.4,30.7,18.6,OAK,248,680869,1696,14.6,0.222,0.159,0.256,0.381,0.286,0.345,0.257,14,63,91.6,11.5,2287,91.2,91.39,40,122,126,0.2000000000000028,6.43,105,151,116,145,298,326,294,-0.633,0.633,71.5,6.9,2.160252345,67,46,10,1,0,3,17,25.4,3,4.5,2.25,0.52,0.32,0.32,92.4,155.0,44.44444444444444,15.555555555555555,10.44776119402985,5.63,-1.8,0.08,2.24,0.269,7.0,0.255241935,0.302,0.505,-0.255241935,-0.035,-0.0329999999999999,-0.124,-0.059,32.8,37.8,12.581925771408327,2.2465003669826022,31.8102462792424,0.6721311475409836,39.51275277670281,25.58402244292481,OAK
Bryce Harper,547180,2026,33,577,693,155,29,21.4,15.4,0.269,0.485,87,280,93,0.271,0.481,0.375,0.379,-0.002,0.004,-0.004,45.4,43.3,90.0,37.5,10.3,42.8,101.134831567,94.786960576,73.1,32.4,80.7,42.9,30.7,49.9,39.4,43.5,26.1,25.9,PHI,205,547180,2747,7.5,0.255,0.149,0.303,0.404,0.325,0.327,0.244,12,47,89.1,19.3,2177,89.4,89.83,42,111,94,0.3999999999999915,6.56,116,147,129,153,295,328,303,-0.416,0.416,73.2,7.2,2.563768278,54,35,9,1,0,2,13,24.1,6,11.1,2.29,0.59,0.6,-0.6,91.5,153.0,37.142857142857146,5.714285714285714,3.7037037037037033,5.6,-2.1,-0.18,2.33,0.333,2.0,0.202926829,0.335,0.391,-0.202926829,0.011,-0.002,0.013,-0.002,37.8,39.9,9.782902641437236,3.580634308056903,37.856460693826335,0.2972972972972973,38.964706126641794,29.778424315730057,PHI
Ben Ross,805346,2026,25,21,21,4,0,52.4,0.0,0.19,0.381,1,8,5,0.16,0.275,0.239,0.186,0.03,0.106,0.053,5.1,45.0,78.9,50.0,20.0,30.0,93.431104,91.902485556,67.4,34.0,72.4,47.8,42.2,50.0,40.0,40.0,20.0,20.0,MIN,50,805346,90,55.6,0.091,0.091,0.333,0.182,0.115,0.076,0.072,1,11,78.8,19.0,2336,91.3,91.53,12,25,25,0.2000000000000028,6.5,101,152,118,147,309,323,293,1.934,-1.934,67.0,7.2,3.462753808,11,3,0,1,0,0,8,72.7,0,0.0,2.16,0.62,0.24,0.24,90.1,98.0,33.33333333333333,0.0,0.0,5.81,-2.01,0.18,2.13,0.091,0.0,-3.868,0.072,0.105,3.868,0.019,0.019,0.077,0.039,48.0,35.3,13.356385474113669,-7.140926748083545,36.18344859512744,0.3333333333333333,36.00240001080744,30.855243446899625,MIN
Leo Rivas,660844,2026,28,124,148,19,0,28.4,10.8,0.153,0.194,11,24,11,0.171,0.229,0.225,0.243,-0.018,-0.035,-0.018,0.5,53.4,86.3,31.4,1.2,16.3,93.744880714,90.874897857,56.2,17.1,82.9,51.4,23.2,37.2,46.5,39.5,30.2,19.8,SEA,25,660844,648,3.9,0.2,0.0,0.25,0.2,0.148,0.189,0.24,1,5,84.0,6.3,2211,89.8,90.5,3,12,13,0.7000000000000028,6.62,93,134,94,140,279,332,297,0.72,-0.72,63.0,7.0,4.407444004,6,4,1,0,0,0,2,33.3,0,0.0,2.05,0.8,0.46,-0.46,88.9,133.0,0.0,0.0,0.0,5.71,-2.61,-0.21,2.12,0.167,0.0,-2.88,0.201,0.272,2.88,-0.04,-0.034,-0.072,-0.041,25.0,29.4,14.114537174392693,6.577765274268165,36.62947190448073,0.25,35.29803818814332,27.67864644850274,SEA
Brock Rodden,801126,2026,26,61,72,12,0,33.3,13.9,0.197,0.279,4,17,8,0.135,0.227,0.271,0.233,0.062,0.052,0.038,1.7,36.4,88.0,36.8,5.3,36.8,97.780007895,93.176905,65.1,31.9,72.0,44.1,39.8,46.5,52.6,28.9,47.4,21.1,SEA,60,801126,286,21.0,0.083,0.083,0.2,0.167,0.151,0.207,0.108,1,12,97.6,37.6,2182,88.8,89.02,16,32,28,0.2000000000000028,6.29,118,146,107,152,290,328,302,1.843,-1.843,66.7,6.9,3.543339878,13,5,0,1,0,0,7,53.8,1,7.7,2.38,0.54,0.33,-0.33,91.1,176.0,60.0,20.0,7.6923076923076925,5.86,-2.24,-0.08,2.12,0.154,1.0,-3.071666667,0.177,0.292,3.071666667,-0.025,-0.0229999999999999,-0.125,-0.056,50.0,35.3,14.620131721647764,0.7072509938292029,32.91019657719349,0.28125,35.501353433787145,30.059859547516588,SEA
Zach McKinstry,656716,2026,31,371,423,74,4,16.3,9.9,0.199,0.294,26,109,42,0.23,0.31,0.265,0.284,-0.031,-0.016,-0.019,4.3,40.4,85.8,37.1,2.0,22.5,95.167032583,91.585102086,67.0,28.0,90.6,51.8,17.0,48.2,39.1,40.1,28.0,26.4,DET,134,656716,1622,8.3,0.087,0.087,0.111,0.174,0.248,0.33,0.214,2,23,89.9,22.4,2246,89.9,90.08,11,52,82,0.1999999999999886,6.37,117,146,110,150,288,331,300,2.102,-2.102,63.6,6.4,2.951641195,30,18,1,0,1,0,5,16.7,5,16.7,2.34,0.51,0.48,-0.48,90.5,169.0,38.88888888888889,0.0,0.0,5.5,-2.15,-0.12,2.35,0.3,0.0,-1.568656716,0.397,0.289,1.568656716,-0.127,-0.097,-0.115,-0.082,21.2,34.2,9.20631670514332,-3.1774235997914357,37.50557941009536,0.3958333333333333,31.69089661714924,28.355073200388585,DET
Brandon Lowe,664040,2026,31,583,655,152,35,28.7,9.5,0.261,0.494,96,288,94,0.24,0.445,0.355,0.331,0.021,0.049,0.024,38.7,46.6,91.0,35.1,12.4,45.8,101.348135373,95.153058955,70.8,33.6,79.5,45.7,35.4,50.6,46.3,36.1,33.6,23.4,PIT,190,664040,2626,7.2,0.317,0.317,0.346,0.634,0.447,0.409,0.28,13,41,90.8,23.2,2290,90.4,90.45,37,102,88,0.0,6.34,117,146,122,152,295,325,294,-3.98,3.98,70.4,6.9,1.503965377,48,30,8,1,0,4,11,22.9,7,14.6,2.21,0.62,0.57,-0.57,92.5,123.0,40.0,13.333333333333334,8.333333333333332,5.85,-1.91,-0.27,2.22,0.417,4.0,2.094736842,0.385,0.574,-2.094736842,0.037,0.0319999999999999,0.06,0.038,36.3,38.8,13.441581818375411,0.1310688798003535,35.07643259269631,0.3861386138613861,32.87672405622331,31.97480065076189,PIT
Nick Allen,669397,2026,27,145,162,41,3,19.8,6.2,0.283,0.393,14,57,26,0.219,0.273,0.316,0.246,0.064,0.12,0.07,1.7,60.6,85.6,24.4,1.7,26.9,96.232175893,92.122615625,66.0,26.8,81.8,52.1,23.9,47.2,40.3,49.6,20.2,18.5,HOU,29,669397,576,5.0,0.556,0.556,0.5,1.111,0.705,0.255,0.211,5,9,84.9,-3.0,2365,94.4,94.47,1,14,15,0.0999999999999943,6.43,107,151,108,146,295,319,287,-3.025,3.025,65.6,6.5,0.761382636,10,9,2,2,0,1,0,0.0,1,10.0,1.73,0.86,0.54,0.54,90.5,131.0,22.22222222222222,0.0,0.0,5.61,-1.91,0.33,2.55,0.6,0.0,10.431034483,0.29,0.26,-10.431034483,0.345,0.31,0.851,0.45,7.1,36.4,3.248606379473848,-1.048901068211248,24.848631344592988,0.5714285714285714,34.80806542866222,30.816290603305838,HOU
Ty France,664034,2026,31,440,500,130,21,21.6,7.4,0.295,0.502,72,221,59,0.248,0.421,0.373,0.327,0.047,0.081,0.046,21.6,47.8,91.5,38.5,9.1,47.4,100.873362,95.076991032,76.9,34.5,83.0,46.6,28.1,54.3,38.8,41.8,25.3,25.9,SD,254,664034,1987,12.8,0.295,0.131,0.37,0.426,0.337,0.287,0.22,18,61,88.1,19.7,2342,90.8,91.27,51,161,93,0.5,6.51,107,151,125,148,303,329,295,0.061,-0.061,68.6,7.6,3.583144053,67,47,12,5,0,1,15,22.4,4,6.0,2.17,0.63,0.3,0.3,91.2,162.0,40.42553191489361,8.51063829787234,5.970149253731343,5.66,-1.96,0.39,2.19,0.343,4.0,-0.024015748,0.276,0.39,0.024015748,0.075,0.067,0.036,0.05,31.7,35.1,12.383549878020617,2.8455164995149014,34.672117098887725,0.4802631578947368,36.34034647007256,28.773082665586067,SD
Tyler Stephenson,663886,2026,29,411,468,99,15,27.4,10.5,0.241,0.404,54,166,41,0.235,0.426,0.32,0.326,0.006,-0.022,-0.006,7.8,54.3,90.8,39.9,12.4,44.1,100.162882887,94.627044841,67.2,22.3,85.3,50.6,26.5,45.0,36.1,33.7,32.6,28.5,CIN,139,663886,1904,7.3,0.2,0.029,0.292,0.229,0.236,0.245,0.172,7,35,86.0,13.7,2347,90.1,90.33,18,69,70,0.2000000000000028,6.48,106,150,122,145,308,320,293,2.468,-2.468,68.1,7.3,3.768486236,40,24,6,1,0,0,12,30.0,3,7.5,2.42,0.43,0.32,0.32,90.6,126.0,29.166666666666668,8.333333333333332,5.0,5.63,-1.62,0.23,2.18,0.275,2.0,-1.775539568,0.254,0.275,1.775539568,0.028,0.021,-0.046,-0.009,26.1,34.7,13.089314975540656,-0.3413940065973549,37.686371342713166,0.582089552238806,37.48506822054942,31.4623351368641,CIN
Deyvison De Los Santos,691277,2026,23,42,43,6,0,25.6,0.0,0.143,0.19,0,8,1,0.198,0.256,0.158,0.21,-0.055,-0.066,-0.052,69.9,50.7,86.7,25.8,3.2,29.0,97.87948875,93.099090968,59.5,40.0,87.2,46.7,31.3,49.1,38.7,51.6,16.1,19.4,MIA,70,691277,169,41.4,0.056,0.0,0.077,0.056,0.085,0.214,0.19,1,18,92.0,14.1,2396,90.4,90.35,6,30,40,0.0,6.32,109,150,125,149,310,324,297,3.83,-3.83,76.5,7.9,7.89392401,19,13,1,0,0,0,5,26.3,0,0.0,2.27,0.56,0.24,0.24,92.2,150.0,38.46153846153847,0.0,0.0,5.55,-1.94,0.17,2.13,0.105,0.0,-5.471428571,0.232,0.237,5.471428571,-0.134,-0.127,-0.181,-0.129,20.0,36.8,7.381485939921185,-7.847519940767291,26.749925821211352,0.5,41.61725389427114,32.78704087872565,MIA
Alan Roden,702176,2026,26,79,94,23,1,12.8,12.8,0.291,0.392,14,31,7,0.297,0.419,0.343,0.361,-0.006,-0.027,-0.018,10.6,48.1,87.4,32.9,4.3,42.9,99.092939412,93.564461029,65.9,24.9,92.7,49.1,15.7,45.0,34.3,48.6,22.9,24.3,MIN,38,702176,340,11.2,0.571,0.143,0.571,0.714,0.592,0.572,0.538,4,7,90.6,7.9,2180,89.1,89.46,1,15,23,0.4000000000000057,6.53,123,149,114,154,295,317,293,-2.042,2.042,65.4,6.5,2.228089224,9,7,3,1,0,0,0,0.0,2,22.2,2.42,0.49,0.51,-0.51,93.4,189.0,71.42857142857143,0.0,0.0,5.84,-2.39,-0.29,2.32,0.667,0.0,5.373684211,0.641,0.704,-5.373684211,0.033,0.026,0.01,0.02,6.7,33.2,1.4210455727790214,10.490747056661595,30.00254463882767,0.3571428571428571,40.53645984915485,25.13790112365769,MIN
Ernie Clement,676391,2026,30,590,621,153,9,9.3,3.5,0.259,0.364,48,215,60,0.24,0.319,0.284,0.258,0.019,0.045,0.026,2.8,61.6,84.2,31.5,2.0,20.8,93.995982322,91.030114794,72.0,44.4,90.6,46.9,15.1,57.4,40.3,38.2,28.2,23.2,TOR,124,676391,1916,6.5,0.119,0.048,0.128,0.167,0.134,0.153,0.143,5,42,83.2,20.4,2364,88.7,88.73,6,63,61,0.0,6.34,106,150,108,146,298,318,289,7.45,-7.45,65.5,7.2,2.74989395,44,39,3,2,0,0,4,9.1,1,2.3,2.58,0.36,0.16,0.16,90.5,146.0,25.64102564102564,0.0,0.0,5.61,-1.84,0.27,2.2,0.136,0.0,-6.008064516,0.16,0.188,6.008064516,-0.024,-0.0239999999999999,-0.021,-0.019,9.5,35.2,13.739716071136378,-6.613432593593036,29.760854507004005,0.5737704918032787,36.67354265931702,34.14500882824312,TOR
Connor Norby,681393,2026,26,329,383,80,7,28.2,10.4,0.243,0.377,34,124,36,0.22,0.367,0.323,0.31,0.023,0.01,0.013,9.7,42.1,87.4,35.3,7.6,36.2,97.877602857,93.052188969,75.4,28.1,80.9,47.7,29.0,50.6,41.1,36.6,37.1,20.5,COL,124,681393,1474,8.4,0.276,0.172,0.35,0.448,0.348,0.369,0.273,8,29,90.2,27.5,2369,91.4,91.86,17,68,56,0.5,6.32,108,150,118,145,304,333,297,-0.63,0.63,68.9,7.0,4.305195189,34,21,5,2,0,1,9,26.5,3,8.8,2.15,0.58,0.25,0.25,90.5,210.0,25.0,15.0,8.823529411764707,5.59,-2.06,0.24,2.26,0.353,3.0,0.508064516,0.358,0.501,-0.508064516,0.003,-0.005,-0.053,-0.021,25.0,36.1,11.009674860739551,4.993884214932823,35.10111250623916,0.5074626865671642,35.87435853532355,28.983268139800995,COL
Garrett Mitchell,669003,2026,27,461,531,121,11,31.5,11.3,0.262,0.416,65,192,74,0.268,0.447,0.34,0.353,-0.006,-0.031,-0.013,80.6,57.2,93.2,31.5,11.7,52.7,104.76725527,97.131320712,66.2,22.7,74.6,48.6,35.8,43.9,32.6,56.0,15.4,26.2,MIL,200,669003,2145,9.3,0.326,0.239,0.464,0.565,0.406,0.415,0.344,15,46,94.8,6.9,2277,90.5,90.85,32,90,110,0.2999999999999971,6.53,117,148,112,150,289,321,297,-3.875,3.875,75.1,7.1,2.321727815,51,30,9,3,1,2,16,31.4,5,9.8,2.24,0.66,0.39,-0.39,93.9,176.0,56.66666666666666,13.333333333333334,7.84313725490196,5.72,-1.72,-0.03,2.28,0.392,4.0,1.9375,0.397,0.572,-1.9375,-0.018,-0.005,-0.007,-0.009,35.6,37.6,4.64775509642466,9.955568928960972,29.89656248474517,0.3888888888888889,38.777627347953,26.721766699219017,MIL
Trevor Story,596115,2026,33,251,266,59,5,32.3,4.1,0.235,0.351,29,88,24,0.211,0.317,0.272,0.248,0.024,0.034,0.024,13.3,48.0,87.1,29.3,5.4,36.5,98.525292771,93.305662831,69.6,43.6,77.0,46.5,31.8,55.7,43.7,46.1,24.6,20.4,BOS,178,596115,984,18.1,0.256,0.14,0.345,0.395,0.29,0.228,0.193,11,43,83.5,17.0,2379,90.6,90.78,30,99,79,0.2000000000000028,6.49,105,150,120,146,297,326,295,1.878,-1.878,68.3,7.2,3.155508873,44,30,7,3,0,1,13,29.5,1,2.3,2.1,0.72,0.27,0.27,90.7,170.0,30.0,6.666666666666667,4.545454545454546,5.56,-1.99,0.28,2.39,0.273,2.0,-1.05505618,0.211,0.315,1.05505618,0.063,0.062,0.08,0.062,30.3,33.4,9.564303426184315,1.3779102117704467,29.82593710803819,0.4081632653061224,40.456458375022734,32.67184367039434,BOS
Bo Davidson,815589,2026,23,20,22,7,0,31.8,4.5,0.35,0.35,1,7,2,0.266,0.324,0.315,0.266,0.084,0.026,0.049,21.1,50.0,85.2,28.6,0.0,42.9,99.722735714,93.861367857,64.3,41.7,77.8,53.8,31.0,53.8,14.3,57.1,21.4,21.4,SF,42,815589,78,53.8,0.125,0.0,0.167,0.125,0.159,0.232,0.196,1,8,90.5,20.8,2287,90.4,90.71,6,20,22,0.2999999999999971,6.39,113,145,119,151,293,320,299,1.136,-1.136,72.4,7.6,1.023267898,10,6,1,0,0,0,3,30.0,1,10.0,2.22,0.6,0.26,-0.26,90.8,159.0,33.33333333333333,0.0,0.0,5.89,-1.37,-0.09,2.26,0.2,0.0,-2.704761905,0.258,0.27,2.704761905,-0.071,-0.0579999999999999,-0.145,-0.073,30.0,41.0,14.460443505616496,1.3788459130276651,32.01351290787666,0.55,41.70981740246264,31.6412234661355,SF
Caleb Durbin,702332,2026,26,508,586,126,13,13.5,8.7,0.248,0.378,64,192,74,0.234,0.316,0.317,0.291,0.014,0.062,0.026,6.1,62.0,83.1,29.5,2.7,25.0,95.122217783,91.603408774,64.6,28.2,89.2,49.7,16.4,46.3,40.9,48.6,19.3,21.4,BOS,166,702332,2159,7.7,0.273,0.061,0.333,0.333,0.342,0.303,0.23,9,33,78.9,13.0,2369,91.0,91.27,12,72,94,0.2999999999999971,6.55,107,151,109,147,287,318,285,-0.561,0.561,66.7,7.0,2.257014796,41,27,7,2,0,0,6,14.6,6,14.6,2.22,0.58,0.41,0.41,88.9,166.0,11.11111111111111,0.0,0.0,5.57,-1.89,0.05,2.29,0.4,0.0,0.337951807,0.364,0.271,-0.337951807,0.043,0.036,0.062,0.039,16.7,34.4,9.227588734808553,-1.2061317475156428,29.77563922171635,0.625,34.93813900113691,28.762663873901435,BOS
Brooks Lee,686797,2026,25,586,631,148,24,16.2,5.9,0.253,0.428,83,251,72,0.233,0.358,0.316,0.281,0.02,0.07,0.035,8.2,56.7,88.1,32.2,4.5,34.2,97.530784362,92.893899278,73.4,35.1,89.6,47.7,20.8,53.4,42.2,39.1,30.3,23.2,MIN,205,686797,2386,8.6,0.347,0.163,0.366,0.51,0.384,0.362,0.327,17,49,88.0,20.0,2252,89.8,90.26,23,120,85,0.5,6.62,111,146,113,151,290,324,304,-2.153,2.153,68.8,6.8,3.435373228,52,43,13,2,0,2,6,11.5,3,5.8,2.31,0.56,0.46,-0.46,91.2,184.0,34.88372093023256,6.976744186046512,5.769230769230769,5.76,-2.12,-0.18,2.26,0.385,3.0,1.050243902,0.353,0.485,-1.050243902,0.02,0.032,0.025,0.022,19.2,37.5,10.245307714698352,-2.673906518143012,30.338685296607345,0.5470085470085471,37.68187509906375,29.678510188716768,MIN
José Fermín,665877,2026,27,327,370,81,6,13.5,8.1,0.248,0.355,41,116,33,0.248,0.336,0.294,0.291,0.0,0.019,0.003,2.2,63.1,86.1,34.6,2.1,31.5,96.327228662,92.213290528,56.6,22.1,90.1,51.0,13.9,39.7,48.3,39.5,23.4,25.9,STL,103,665877,1541,6.7,0.421,0.158,0.444,0.579,0.425,0.347,0.293,8,19,88.6,18.7,2349,92.6,93.31,7,43,60,0.7000000000000028,6.69,107,151,116,146,300,317,285,-2.082,2.082,63.5,6.8,0.730699034,26,18,5,3,0,0,4,15.4,3,11.5,1.98,0.71,0.41,0.41,90.3,171.0,38.88888888888889,0.0,0.0,5.69,-1.72,0.15,2.44,0.462,0.0,2.021359223,0.393,0.372,-2.021359223,0.128,0.069,0.207,0.078,16.3,38.3,2.764063006113574,7.463850858935849,29.24627506058158,0.4651162790697674,39.45791026756012,18.783710459221016,STL
Anthony Seigler,678011,2026,27,150,173,37,3,16.2,10.4,0.247,0.4,13,60,21,0.241,0.37,0.321,0.312,0.006,0.03,0.009,0.4,58.3,86.9,37.3,5.6,34.9,96.698935968,92.468069113,66.4,26.4,82.9,49.1,22.5,46.0,34.9,42.1,30.2,23.0,BOS,9,678011,649,1.4,0.0,0.0,0.0,0.0,0.0,0.033,0.032,0,2,82.2,14.5,1873,86.0,85.11,1,6,3,-0.9000000000000057,5.71,120,150,111,153,267,319,303,0.797,-0.797,66.4,6.8,0.433175376,2,2,0,0,0,0,0,0.0,0,0.0,3.15,-0.05,0.5,-0.5,89.9,162.0,50.0,0.0,0.0,5.38,-1.95,-0.17,2.01,0.0,0.0,-8.855555556,0.032,0.041,8.855555556,-0.032,-0.032,-0.041,-0.033,16.7,18.9,11.632529250297267,7.308676905575007,35.6753156134225,0.5,37.35377790584303,30.47963108506198,BOS
Braden Montgomery,695731,2026,23,323,365,73,6,19.7,10.4,0.226,0.35,38,113,47,0.255,0.392,0.298,0.325,-0.029,-0.042,-0.027,8.7,49.3,88.9,28.2,4.4,40.9,100.06983808,94.25030544,76.4,27.4,81.0,46.8,30.1,50.4,35.7,59.9,17.9,18.7,CWS,180,695731,1411,12.8,0.325,0.1,0.361,0.425,0.375,0.331,0.269,13,40,88.4,-5.7,2228,90.7,91.02,27,89,91,0.2999999999999971,6.45,118,147,124,152,290,325,304,-1.9,1.9,67.6,6.1,2.630486357,46,36,9,4,0,0,4,8.7,6,13.0,2.26,0.54,0.46,-0.46,92.7,125.0,50.0,2.7777777777777777,2.1739130434782608,5.74,-1.8,-0.21,2.21,0.413,1.0,1.055555556,0.364,0.37,-1.055555556,0.056,0.0489999999999999,0.055,0.044,30.3,35.8,4.589161835777341,10.516063595420658,32.51318236699284,0.4719101123595505,38.44968002710039,26.728490523137925,CWS
Heriberto Hernández,681715,2026,26,448,505,102,25,26.5,10.3,0.228,0.442,67,198,51,0.242,0.475,0.329,0.348,-0.014,-0.033,-0.019,46.6,63.4,91.5,32.1,12.7,48.6,101.890099177,95.562362984,69.6,23.9,78.0,46.6,32.5,45.2,46.0,40.0,31.7,20.6,MIA,304,681715,2012,15.1,0.25,0.141,0.326,0.391,0.338,0.33,0.239,16,64,90.0,10.7,2325,92.2,92.18,38,127,177,0.0,6.46,112,152,124,148,304,323,293,-1.3,1.3,71.4,7.5,3.809964954,75,45,12,1,1,2,19,25.3,10,13.3,2.01,0.72,0.5,0.5,92.5,141.0,44.44444444444444,4.444444444444445,2.666666666666667,5.71,-1.79,0.23,2.15,0.36,2.0,0.427631579,0.35,0.383,-0.427631579,0.011,0.01,0.008,0.008,29.9,38.6,11.850969750699836,0.0067279141065801,25.60641077063136,0.752,38.18391990936168,32.24590182985019,MIA
Alika Williams,675961,2026,27,215,231,58,4,21.6,4.3,0.27,0.428,16,92,29,0.217,0.299,0.319,0.248,0.053,0.129,0.071,3.1,44.5,84.7,30.8,1.2,32.7,97.052140482,92.554231818,68.5,37.1,88.6,50.7,22.4,52.9,43.8,46.2,23.1,21.9,OAK,152,675961,835,18.2,0.275,0.125,0.333,0.4,0.311,0.238,0.204,11,40,83.4,5.5,2385,90.8,90.97,18,75,77,0.2000000000000028,6.39,103,151,111,145,295,319,285,1.341,-1.341,66.1,6.9,4.56276739,42,33,6,5,0,0,7,16.7,2,4.8,2.32,0.48,0.23,0.23,90.8,110.0,27.27272727272727,3.0303030303030303,2.380952380952381,5.46,-1.91,0.35,2.14,0.31,1.0,-0.882236842,0.242,0.294,0.882236842,0.071,0.068,0.106,0.073,24.0,32.8,6.56752864726402,-3.550798891569628,35.30738617497156,0.4666666666666667,36.588105565374974,29.61935516329141,OAK
George Springer,543807,2026,36,462,517,115,15,18.4,9.1,0.249,0.405,54,187,59,0.238,0.381,0.32,0.306,0.011,0.024,0.014,35.7,57.0,88.6,30.4,6.5,38.5,99.548886216,93.977721355,72.9,25.5,85.4,48.2,23.5,48.3,42.5,45.0,26.0,22.2,TOR,177,543807,2034,8.7,0.275,0.025,0.324,0.3,0.303,0.304,0.244,11,40,88.5,6.4,2259,90.2,90.21,17,82,95,0.0,6.34,108,152,122,147,307,326,287,-0.626,0.626,71.0,7.3,3.125901266,45,34,10,1,0,0,6,13.3,5,11.1,2.3,0.55,0.38,0.38,92.3,140.0,41.17647058823529,2.941176470588235,2.2222222222222223,5.64,-1.82,0.29,2.27,0.356,1.0,0.353672316,0.328,0.348,-0.353672316,0.031,0.0279999999999999,-0.048,-0.001,20.7,37.5,9.16324912635849,4.490560730844956,33.11694179526553,0.5555555555555556,36.86997100594676,21.10259625800872,TOR
Richie Palacios,680700,2026,29,345,399,81,10,17.0,11.5,0.235,0.374,57,129,51,0.243,0.334,0.316,0.306,-0.008,0.04,0.01,4.3,52.7,86.2,33.1,4.0,28.8,96.521348897,92.287697638,64.2,32.5,85.4,44.0,20.7,46.6,39.1,41.6,19.9,27.0,TB,131,680700,1536,8.5,0.355,0.323,0.364,0.677,0.476,0.365,0.297,11,31,87.8,17.1,2231,88.7,89.03,10,59,72,0.2999999999999971,6.55,118,145,104,148,289,321,296,-7.442,7.442,68.7,7.3,4.32478513,36,25,7,1,0,3,6,16.7,5,13.9,2.45,0.49,0.17,-0.17,93.7,171.0,48.0,8.0,5.555555555555555,5.67,-2.01,-0.18,2.38,0.444,2.0,5.680916031,0.395,0.424,-5.680916031,0.058,0.0489999999999999,0.253,0.111,16.9,38.7,8.621912976947902,-8.84139277893286,27.30216152295894,0.5423728813559322,30.685934911608776,32.682521440040546,TB
John Rave,670231,2026,28,142,161,33,6,23.6,10.6,0.232,0.43,13,61,26,0.237,0.391,0.326,0.315,-0.005,0.039,0.011,36.6,65.7,87.9,31.1,10.5,34.9,99.59267898,93.981784227,57.6,27.4,83.1,48.4,24.3,42.0,44.3,45.3,25.5,18.9,KC,200,670231,639,31.3,0.268,0.293,0.286,0.561,0.401,0.359,0.265,11,41,88.5,8.7,2278,90.0,90.32,18,81,119,0.2999999999999971,6.48,112,145,101,150,291,324,303,-2.673,2.673,71.7,7.1,1.202799925,48,31,5,3,0,3,10,20.8,7,14.6,2.29,0.57,0.31,-0.31,92.5,164.0,40.0,10.0,6.25,5.73,-2.09,-0.19,2.21,0.375,3.0,1.3365,0.374,0.437,-1.3365,0.003,0.001,0.124,0.042,22.2,37.3,9.15548525053162,-4.350998972588683,27.00109105735039,0.65,36.77459519104162,33.98683488597344,KC
Javier Sanoja,691594,2026,23,461,490,136,11,8.0,5.5,0.295,0.458,69,211,50,0.273,0.359,0.342,0.295,0.022,0.099,0.047,8.1,52.0,87.1,33.5,2.8,32.3,97.327541304,92.69141843,66.2,39.6,92.4,47.9,11.8,52.3,40.1,43.2,19.3,27.6,MIA,218,691594,1667,13.1,0.323,0.258,0.321,0.581,0.393,0.345,0.319,20,62,90.3,12.5,2306,91.0,90.91,18,122,96,-0.0999999999999943,6.39,111,151,111,148,302,314,287,-5.226,5.226,68.6,7.3,1.570465837,65,56,13,1,3,3,6,9.2,3,4.6,2.13,0.67,0.4,0.4,92.0,160.0,48.21428571428572,7.142857142857142,6.153846153846154,5.58,-1.99,0.28,2.17,0.354,4.0,2.397247706,0.34,0.459,-2.397247706,0.004,0.0139999999999999,0.122,0.048,14.8,36.8,4.95859703172236,-4.459963636899094,24.146761514810905,0.5333333333333333,36.35149616561273,29.61299140520537,MIA
Rafael Marchán,665561,2026,27,91,95,9,2,15.8,2.1,0.099,0.165,6,15,5,0.176,0.241,0.139,0.202,-0.077,-0.076,-0.063,0.0,51.5,82.9,31.6,2.6,18.4,92.974626842,90.646107467,66.3,33.3,91.3,51.4,16.1,50.3,43.4,32.9,26.3,19.7,PHI,6,665561,370,1.6,0.0,0.0,0.0,0.0,0.0,0.075,0.083,0,1,55.1,-24.0,2203,91.0,91.15,0,4,2,0.0999999999999943,6.45,110,142,86,146,273,309,285,0.354,-0.354,50.2,6.0,,1,1,0,0,0,0,0,0.0,0,0.0,1.46,1.31,0.77,-0.77,88.0,72.0,0.0,0.0,0.0,5.51,-1.76,0.0,2.42,0.0,0.0,-5.9,0.083,0.088,5.9,-0.083,-0.083,-0.088,-0.075,0.0,36.1,-1.834388993956124,-17.567215532845065,36.71821792105804,0.25,34.63174835880257,32.14810883184316,PHI
Brett Callahan,814430,2026,24,71,80,15,1,33.8,8.8,0.211,0.324,8,23,4,0.211,0.375,0.274,0.296,0.0,-0.051,-0.022,51.7,29.9,89.9,28.9,11.1,44.4,100.59326913,94.695257778,77.8,40.1,85.7,48.7,29.0,58.5,35.6,31.1,31.1,24.4,DET,156,814430,278,56.1,0.167,0.056,0.286,0.222,0.234,0.252,0.163,6,36,87.7,23.7,2225,90.8,91.1,29,88,68,0.2999999999999971,6.4,117,146,115,150,290,329,301,3.315,-3.315,72.3,7.0,4.127945609,41,21,4,2,0,0,15,36.6,5,12.2,2.21,0.58,0.45,-0.45,91.3,154.0,38.095238095238095,14.285714285714285,7.317073170731707,5.8,-1.95,-0.03,2.32,0.268,3.0,-2.125,0.265,0.287,2.125,0.004,0.003,-0.065,-0.018,33.0,37.8,6.943084049868991,-3.403850869475746,37.02719758464984,0.2705882352941176,34.58346051905424,29.91432242702333,DET
Colton Cowser,681297,2026,26,341,392,77,13,30.9,11.7,0.226,0.37,40,126,41,0.221,0.4,0.307,0.315,0.005,-0.03,-0.008,47.9,40.3,87.9,33.0,9.4,41.1,100.438488468,94.32395819,60.3,29.6,79.5,47.7,32.6,44.2,38.4,42.0,30.4,23.2,BAL,159,681297,1678,9.5,0.367,0.133,0.611,0.5,0.437,0.34,0.267,11,30,91.0,11.1,2187,88.7,88.79,24,70,89,0.0999999999999943,6.52,116,146,115,153,295,326,299,-3.46,3.46,72.7,7.4,2.893054215,37,18,7,4,0,0,12,32.4,7,18.9,2.38,0.6,0.48,-0.48,92.4,147.0,55.55555555555556,0.0,0.0,5.69,-2.14,-0.25,2.31,0.486,0.0,2.176100629,0.405,0.319,-2.176100629,0.1,0.0809999999999999,0.181,0.097,34.3,39.1,13.008926757290077,-2.1740164386859653,37.44266557004942,0.4714285714285714,38.76798297210021,35.522789185699544,BAL
Tommy Troy,694371,2026,24,129,143,28,4,23.8,9.1,0.217,0.349,9,45,23,0.229,0.393,0.285,0.304,-0.012,-0.044,-0.019,23.3,52.3,84.9,31.3,9.4,30.2,98.007827021,93.060625699,63.2,27.7,81.9,48.6,25.9,45.0,32.3,47.9,22.9,22.9,ARI,20,694371,577,3.5,0.2,0.0,0.333,0.2,0.178,0.085,0.087,1,5,83.7,44.3,2098,88.0,88.46,4,8,12,0.5,6.57,96,151,100,148,297,322,285,0.672,-0.672,66.3,7.1,3.628064361,5,3,1,0,0,0,2,40.0,0,0.0,2.16,0.82,0.44,0.44,88.1,186.0,0.0,0.0,0.0,6.44,-2.2,-0.18,2.34,0.2,0.0,-3.36,0.087,0.1,3.36,0.113,0.113,0.1,0.093,50.0,52.3,16.74431101137491,-10.800368406868303,31.914043111627635,0.5,37.29271290141699,36.27662150635956,ARI
Andrew Knizner,668800,2026,31,73,80,16,2,17.5,5.0,0.219,0.356,4,26,8,0.212,0.33,0.288,0.274,0.007,0.026,0.014,7.2,60.8,87.0,23.7,5.1,32.2,98.388085333,93.282077288,61.8,39.4,80.2,45.0,25.7,49.5,33.9,35.6,32.2,16.9,SF,67,668800,291,23.0,0.2,0.2,0.167,0.4,0.311,0.376,0.279,3,15,91.6,17.7,2326,90.4,91.29,9,29,38,0.8999999999999915,6.79,101,152,120,146,303,320,289,-0.907,0.907,64.7,6.6,2.595983707,17,13,2,0,0,1,2,11.8,0,0.0,2.13,0.69,0.31,0.31,92.1,146.0,30.76923076923077,7.6923076923076925,5.88235294117647,5.76,-1.56,0.43,2.29,0.294,1.0,1.353731343,0.364,0.497,-1.353731343,-0.079,-0.07,-0.097,-0.065,31.0,36.8,5.77408326458347,2.850452984148042,24.633131676965142,0.5555555555555556,35.33855287471095,29.641739856222436,SF
Randy Arozarena,668227,2026,31,572,670,161,26,21.6,10.1,0.281,0.484,79,277,113,0.258,0.419,0.379,0.348,0.023,0.065,0.031,22.2,58.6,90.8,36.0,8.1,43.5,100.588190372,94.755039419,63.3,30.6,76.7,46.7,26.3,45.9,36.2,48.5,23.7,23.4,SEA,201,668227,2759,7.3,0.325,0.125,0.419,0.45,0.39,0.333,0.266,13,40,92.2,12.3,2335,89.1,89.51,23,96,105,0.4000000000000057,6.45,107,152,122,147,306,331,295,-2.626,2.626,66.9,7.0,3.058186019,47,31,9,3,1,0,9,19.1,5,10.6,2.31,0.59,0.09,0.09,91.9,152.0,58.06451612903226,3.225806451612903,2.127659574468085,5.8,-2.16,0.35,2.17,0.426,1.0,1.306467662,0.375,0.355,-1.306467662,0.059,0.0509999999999999,0.095,0.057,24.0,38.4,6.079183039503724,5.0289854269290775,27.784407362582343,0.4382022471910112,35.86897834283302,27.96739455283628,SEA
Jacob Young,696285,2026,26,421,471,106,10,16.6,7.0,0.252,0.39,50,164,57,0.257,0.383,0.313,0.313,-0.005,0.007,0.0,2.6,61.6,87.7,36.3,5.7,31.4,97.660091228,92.883830587,60.4,27.5,87.7,49.6,20.8,43.8,37.4,39.4,28.0,27.1,WSH,81,696285,1741,4.7,0.389,0.111,0.438,0.5,0.404,0.388,0.343,7,18,87.0,-1.8,2281,90.5,91.0,7,39,42,0.5,6.58,103,148,106,144,308,318,290,-1.642,1.642,64.7,6.8,2.542846155,20,16,5,2,0,0,2,10.0,1,5.0,2.21,0.61,0.36,0.36,90.9,145.0,37.5,6.25,5.0,5.87,-1.76,0.02,2.2,0.421,1.0,2.027160494,0.378,0.521,-2.027160494,0.046,0.0429999999999999,-0.021,0.016,17.9,42.0,9.415639146728587,-2.3464015656923025,31.612360233158967,0.5,38.07707144839738,26.67444812805812,WSH
Victor Scott II,687363,2026,25,166,195,32,2,23.6,8.2,0.193,0.253,9,42,19,0.222,0.296,0.243,0.271,-0.029,-0.043,-0.028,3.4,43.2,86.6,31.3,1.6,23.7,96.063542857,92.068093694,69.4,22.6,85.8,52.5,24.6,47.2,35.9,55.0,16.8,22.9,STL,13,687363,716,1.8,0.2,0.0,0.2,0.2,0.178,0.3,0.328,1,5,85.1,2.8,2257,91.6,91.9,0,9,4,0.3000000000000113,6.26,94,123,92,131,282,319,302,0.496,-0.496,55.7,5.1,,5,5,1,0,0,0,0,0.0,0,0.0,1.98,0.75,0.85,-0.85,89.3,137.0,20.0,0.0,0.0,5.56,-2.16,0.1,2.35,0.2,0.0,-3.815384615,0.328,0.363,3.815384615,-0.128,-0.128,-0.163,-0.122,0.0,39.3,-1.2152369928994613,-11.40235340225835,41.29001727309222,0.3333333333333333,32.2793778007693,23.760399520191378,STL
Munetaka Murakami,808959,2026,26,454,553,94,35,35.4,16.6,0.207,0.478,77,217,82,0.204,0.469,0.356,0.351,0.003,0.009,0.005,49.9,44.4,93.9,30.5,20.5,56.8,104.390023411,97.318357821,61.8,22.2,66.6,46.6,42.3,40.7,46.3,41.3,38.6,15.4,CWS,255,808959,2454,10.4,0.2,0.327,0.316,0.527,0.337,0.262,0.146,11,55,93.8,13.0,2209,90.6,91.03,49,108,147,0.4000000000000057,6.5,115,144,126,151,296,330,302,-0.964,0.964,71.2,7.8,3.441407484,61,24,4,1,1,5,31,50.8,4,6.6,2.31,0.49,0.44,-0.44,93.7,176.0,54.16666666666666,29.166666666666668,11.475409836065571,5.79,-1.82,-0.1,2.26,0.279,7.0,0.378039216,0.217,0.384,-0.378039216,0.054,0.062,0.143,0.075,45.4,37.2,18.87627170799333,6.1100939796686085,37.56296371049126,0.411214953271028,36.79575389807602,30.79517648073756,CWS
Josh Rojas,668942,2026,32,106,115,24,2,14.8,4.3,0.226,0.321,14,34,11,0.189,0.261,0.26,0.22,0.037,0.06,0.04,3.3,53.8,86.1,31.5,1.1,28.3,95.932095333,92.04715618,70.4,30.4,90.3,49.9,19.2,50.4,32.6,39.1,34.8,17.4,KC,62,668942,413,15.0,0.071,0.0,0.077,0.071,0.099,0.192,0.173,1,14,81.8,14.5,2232,86.9,87.27,6,33,29,0.3999999999999915,6.54,117,146,108,151,288,326,304,2.858,-2.858,67.3,7.5,3.554645964,16,13,1,0,0,0,2,12.5,1,6.3,2.47,0.61,0.37,-0.37,89.9,164.0,15.384615384615383,0.0,0.0,5.42,-2.17,-0.12,2.25,0.125,0.0,-4.609677419,0.215,0.213,4.609677419,-0.102,-0.09,-0.142,-0.093,18.2,31.0,13.741444979894858,-10.094344646842012,31.946841997637637,0.65625,37.39657602519474,32.133094193908505,KC
Agustín Ramírez,682663,2026,24,226,255,53,5,23.9,10.2,0.235,0.354,24,80,31,0.227,0.32,0.3,0.285,0.008,0.034,0.015,58.3,54.4,89.9,26.5,4.2,41.6,102.266998795,95.305171928,70.2,29.8,79.5,47.7,29.8,49.1,44.6,52.4,15.7,22.9,MIA,134,682663,1009,13.3,0.281,0.25,0.318,0.531,0.346,0.307,0.272,9,32,92.2,12.3,2296,89.8,89.89,22,72,62,0.1000000000000085,6.46,107,151,124,148,305,322,294,-0.068,0.068,75.1,7.7,4.981099484,32,24,5,2,0,2,8,25.0,0,0.0,2.4,0.47,0.33,0.33,92.9,125.0,54.16666666666666,8.333333333333332,6.25,5.67,-2.11,0.24,2.13,0.281,2.0,0.050746269,0.272,0.44,-0.050746269,0.009,0.009,0.091,0.039,30.6,34.8,8.947754583842007,-7.809928876050819,21.801277251812284,0.6527777777777778,41.85472444721179,36.2961815594567,MIA
Rafael Flores Jr.,804668,2026,25,148,163,39,11,27.6,9.2,0.264,0.527,25,78,17,0.247,0.506,0.367,0.35,0.017,0.021,0.017,39.3,60.8,90.7,35.0,14.6,45.6,101.474261731,95.313841262,61.2,27.7,77.8,52.2,30.7,45.2,46.6,44.7,36.9,17.5,PIT,136,804668,653,20.8,0.324,0.206,0.391,0.529,0.385,0.403,0.31,11,34,93.9,15.6,2357,90.7,91.01,18,63,73,0.2999999999999971,6.45,107,152,125,148,308,323,287,-0.691,0.691,71.0,7.3,2.998337515,36,25,8,1,0,2,9,25.0,2,5.6,2.19,0.62,0.42,0.42,93.5,183.0,56.00000000000001,16.0,11.11111111111111,5.76,-1.77,0.19,2.25,0.361,4.0,0.508088235,0.349,0.602,-0.508088235,0.014,0.012,-0.073,-0.018,28.6,41.3,13.911508028890864,3.520420169571465,36.49567746978536,0.5483870967741935,37.92317857769946,31.808594351293287,PIT
Jase Bowen,687749,2026,25,96,103,14,2,39.8,2.9,0.146,0.25,7,24,14,0.194,0.321,0.196,0.244,-0.048,-0.071,-0.048,28.9,36.1,87.7,28.1,8.9,33.3,99.5591316,93.8467474,62.1,43.7,75.2,46.2,36.6,52.2,45.6,45.6,29.8,22.8,SD,36,687749,366,9.8,0.0,0.0,0.0,0.0,0.087,0.118,0.031,0,7,80.4,18.0,2359,90.4,90.63,6,17,19,0.1999999999999886,6.5,96,145,108,143,301,322,286,1.552,-1.552,57.8,6.4,4.676415973,8,2,0,0,0,0,5,62.5,1,12.5,2.39,0.44,0.54,0.54,89.2,143.0,0.0,0.0,0.0,5.69,-2.19,0.16,2.3,0.125,0.0,-4.311111111,0.152,0.05,4.311111111,-0.031,-0.0269999999999999,-0.05,-0.031,35.3,33.0,-1.0982388348863346,-21.35761288926036,42.83158061561314,0.2352941176470588,32.849377820456745,34.851819788752664,SD
Konnor Griffin,804606,2026,20,312,339,85,6,24.2,5.9,0.272,0.404,33,126,43,0.262,0.404,0.32,0.316,0.01,0.0,0.004,55.8,46.6,88.1,33.6,7.0,37.5,100.514009123,94.37599163,68.1,37.6,80.5,46.7,28.9,51.8,38.8,50.9,18.1,27.2,PIT,225,804606,1322,17.0,0.224,0.155,0.267,0.379,0.272,0.316,0.28,13,58,90.6,12.1,2350,90.7,90.91,25,115,110,0.2000000000000028,6.36,106,151,120,147,306,323,290,2.58,-2.58,72.3,7.4,2.979710526,60,46,7,4,1,1,12,20.0,2,3.3,2.16,0.65,0.37,0.37,93.2,148.0,52.27272727272727,6.8181818181818175,5.0,5.85,-1.68,0.01,2.31,0.25,3.0,-1.146666667,0.305,0.423,1.146666667,-0.056,-0.0549999999999999,-0.044,-0.044,21.7,40.7,6.189818367425437,1.525992033030628,34.70012960100004,0.4587155963302752,37.71058034438788,29.772121586543445,PIT
Carson Kelly,608348,2026,31,380,425,98,10,16.5,9.4,0.258,0.376,58,143,57,0.244,0.372,0.32,0.311,0.014,0.004,0.009,8.6,48.8,86.7,31.6,5.2,36.1,98.238746516,93.170265419,67.2,25.2,89.7,48.1,19.8,45.4,39.4,46.1,24.2,21.9,CHC,155,608348,1646,9.4,0.282,0.051,0.344,0.333,0.311,0.316,0.275,11,39,83.7,15.2,2339,90.5,90.72,18,83,72,0.2000000000000028,6.41,109,151,122,147,298,320,294,0.672,-0.672,67.6,6.8,3.873595079,43,32,9,2,0,0,7,16.3,2,4.7,2.21,0.62,0.29,0.29,91.5,135.0,34.375,3.125,2.3255813953488373,5.77,-1.79,0.3,2.23,0.349,1.0,-0.433548387,0.343,0.357,0.433548387,0.007,0.0059999999999999,-0.024,-0.005,21.7,37.6,8.647984470366856,-4.196762207622236,32.12074907953925,0.4285714285714285,38.120722803666425,30.18531631109511,CHC
Elly De La Cruz,682829,2026,24,559,636,158,30,27.5,11.3,0.283,0.515,79,288,99,0.281,0.506,0.38,0.376,0.002,0.009,0.004,61.1,50.8,94.7,36.2,16.3,53.7,105.414008947,97.793114908,57.6,25.1,79.7,46.5,28.1,40.2,34.6,47.3,26.4,24.3,CIN,239,682829,2638,9.1,0.378,0.578,0.435,0.956,0.583,0.551,0.367,17,45,100.9,15.0,2286,89.5,89.61,21,73,166,0.0999999999999943,6.42,117,147,131,152,297,323,305,-13.445,13.445,77.1,7.2,2.152133609,55,30,5,5,0,7,15,27.3,10,18.2,2.61,0.29,0.31,-0.31,97.2,183.0,75.86206896551724,41.37931034482759,21.818181818181817,5.67,-1.86,-0.2,2.33,0.491,12.0,5.625523013,0.484,0.873,-5.625523013,0.011,0.007,0.083,0.032,28.8,37.2,7.208736485257968,-0.3483364047418965,33.4169188439996,0.5,36.72252154441926,38.141582439746365,CIN
Vimael Machín,605353,2026,32,6,6,3,0,33.3,0.0,0.5,0.5,0,3,0,0.444,0.511,0.445,0.417,0.056,-0.011,0.028,22.2,77.8,90.2,50.0,0.0,50.0,102.300745,95.1503725,46.2,27.3,83.3,54.2,44.4,37.5,75.0,50.0,0.0,50.0,TBD,18,605353,24,75.0,0.5,0.0,0.667,0.5,0.445,0.402,0.418,2,4,96.6,5.3,2438,91.3,92.06,3,7,11,0.7999999999999972,6.46,124,146,106,154,286,326,301,-0.284,0.284,73.9,7.9,1.635627412,4,3,2,0,0,0,1,25.0,0,0.0,2.33,0.39,0.14,-0.14,95.2,131.0,66.66666666666666,0.0,0.0,5.61,-2.05,0.01,1.74,0.5,0.0,1.577777778,0.418,0.506,-1.577777778,0.082,0.082,-0.006,0.043,42.9,37.9,13.606653365987109,-12.737051615743018,29.88687594113811,0.7142857142857143,37.8629132874301,32.32515493251702,TBD
Javier Báez,595879,2026,33,187,196,45,3,20.9,3.1,0.241,0.364,20,68,25,0.242,0.325,0.277,0.266,-0.001,0.039,0.011,32.0,52.9,85.6,34.0,2.7,34.7,97.80478,92.902593904,65.3,47.4,80.2,42.5,30.0,55.0,43.5,51.0,19.7,21.1,DET,56,595879,691,8.1,0.077,0.0,0.125,0.077,0.113,0.168,0.135,1,13,82.2,10.9,2353,88.4,88.49,12,29,27,0.0999999999999943,6.42,106,152,122,148,301,328,291,0.998,-0.998,72.6,8.7,2.710218953,14,8,1,0,0,0,5,35.7,1,7.1,2.56,0.4,-0.11,-0.11,90.7,141.0,25.0,0.0,0.0,5.62,-1.8,0.43,2.19,0.143,0.0,-1.782142857,0.197,0.157,1.782142857,-0.058,-0.054,-0.08,-0.055,41.4,36.6,13.769755656974372,-7.391123443774045,28.861381416126253,0.6428571428571429,39.57917799283189,36.39706818502366,DET
Nick Morabito,703492,2026,23,41,46,8,0,34.8,6.5,0.195,0.244,4,10,4,0.255,0.308,0.248,0.296,-0.06,-0.064,-0.048,23.3,32.8,90.5,36.0,0.0,48.0,99.823979231,94.489362,50.6,33.7,82.9,46.8,29.2,41.6,36.0,48.0,12.0,28.0,NYM,64,703492,173,37.0,0.333,0.067,0.417,0.4,0.345,0.302,0.289,5,15,87.6,9.9,2449,92.5,92.72,5,25,39,0.2000000000000028,6.55,104,149,107,147,299,323,282,0.255,-0.255,66.4,6.4,3.422354498,16,12,4,1,0,0,3,18.8,1,6.3,2.0,0.7,0.36,0.36,91.2,143.0,41.66666666666667,0.0,0.0,5.67,-2.08,0.47,2.24,0.375,0.0,-0.3984375,0.333,0.346,0.3984375,0.044,0.0419999999999999,0.054,0.043,20.0,34.0,0.1551408279179815,15.271657134134848,34.12475244262515,0.28,40.65871831071867,20.754916855537257,NYM
Sam Antonacci,803011,2026,23,480,557,133,8,14.7,7.7,0.277,0.396,48,190,81,0.284,0.399,0.345,0.348,-0.007,-0.003,-0.003,7.1,47.2,87.5,38.0,5.0,33.6,97.500539045,92.834841231,63.0,21.8,90.1,50.1,14.7,42.5,31.8,49.6,21.6,25.6,CWS,190,803011,2177,8.7,0.412,0.118,0.42,0.529,0.423,0.416,0.401,21,51,89.7,9.7,2294,91.0,91.37,8,91,99,0.4000000000000057,6.47,114,145,106,151,287,323,301,-3.921,3.921,67.3,6.4,1.270818834,56,50,16,4,1,0,2,3.6,3,5.4,2.16,0.61,0.41,-0.41,91.6,175.0,40.0,4.0,3.571428571428571,5.73,-1.74,-0.19,2.23,0.446,2.0,2.063684211,0.439,0.517,-2.063684211,0.011,0.007,0.012,0.007,8.8,36.1,3.762318291643714,10.817375352950636,38.52743092846946,0.4,33.709588332825376,30.024685475579865,CWS
Otto Lopez,672640,2026,27,627,687,191,11,13.0,5.8,0.305,0.437,71,274,94,0.281,0.417,0.342,0.327,0.024,0.02,0.015,23.5,45.3,89.1,30.4,6.0,40.8,100.262247259,94.353564593,62.2,31.2,90.1,48.8,19.5,46.3,34.1,51.4,22.6,21.9,MIA,259,672640,2522,10.3,0.291,0.091,0.333,0.382,0.363,0.36,0.27,16,55,91.4,6.2,2336,91.0,90.97,23,111,148,0.0,6.41,108,151,110,149,307,319,288,-1.865,1.865,70.2,6.6,2.797895608,67,46,13,2,0,1,9,13.4,7,10.4,2.17,0.63,0.39,0.39,92.4,140.0,50.0,6.521739130434782,4.477611940298507,5.59,-1.91,0.2,2.09,0.418,3.0,0.72007722,0.392,0.404,-0.72007722,0.021,0.0259999999999999,-0.022,0.003,20.7,37.7,3.802262257613255,-3.819519692822538,29.00456558938452,0.4,37.27515900495991,31.393362487035755,MIA
Matt Olson,621566,2026,32,625,698,157,41,24.5,9.2,0.251,0.502,93,314,99,0.247,0.503,0.351,0.351,0.004,-0.001,0.0,50.0,48.9,92.5,32.0,14.2,52.0,103.596081565,96.543594466,66.8,27.9,80.8,48.7,25.4,46.9,37.8,37.0,35.4,20.0,ATL,210,621566,2928,7.2,0.22,0.12,0.205,0.34,0.261,0.305,0.22,11,50,93.5,20.1,2251,89.6,89.95,22,109,101,0.3000000000000113,6.51,116,147,128,151,305,332,305,1.248,-1.248,73.7,7.4,1.516409685,57,46,9,0,0,2,7,12.3,4,7.0,2.27,0.75,0.48,-0.48,93.0,180.0,63.04347826086957,8.695652173913043,7.017543859649122,5.7,-1.95,-0.11,2.29,0.263,4.0,-0.594285714,0.279,0.416,0.594285714,0.0,-0.016,-0.076,-0.044,20.2,38.1,6.218946976944042,1.9849418814005115,33.33470234163059,0.4433962264150943,39.61081455947728,32.44040594208322,ATL
Mookie Betts,605141,2026,33,478,528,123,23,11.0,8.9,0.257,0.454,69,217,71,0.278,0.435,0.338,0.339,-0.021,0.019,-0.001,8.8,57.0,90.2,40.4,7.8,38.0,98.722352796,93.725941924,61.5,20.3,94.8,50.9,12.5,41.3,40.1,32.8,32.8,27.8,LAD,235,605141,1961,12.0,0.32,0.24,0.341,0.56,0.42,0.374,0.292,16,50,91.7,15.4,2386,91.7,91.79,16,86,149,0.0999999999999943,6.41,111,153,122,147,301,321,294,-5.295,5.295,65.7,6.9,7.923257877,58,43,8,6,0,2,7,12.1,8,13.8,2.16,0.59,0.31,0.31,93.4,190.0,39.53488372093023,9.30232558139535,6.896551724137931,5.84,-1.76,0.23,2.23,0.414,4.0,2.253191489,0.389,0.459,-2.253191489,0.028,0.0249999999999999,0.101,0.046,18.6,38.1,7.702987594886068,-5.3604266036916295,34.074502166049896,0.5365853658536586,38.652185448898365,32.85937909191494,LAD
Cole Carrigg,694249,2026,24,333,372,93,12,23.9,7.5,0.279,0.477,53,159,50,0.25,0.407,0.352,0.316,0.029,0.07,0.036,34.7,50.5,88.1,37.2,6.4,37.6,99.173843115,93.743895615,74.0,36.3,85.3,45.3,25.2,53.4,48.4,37.6,28.8,26.8,COL,213,694249,1452,14.7,0.34,0.302,0.433,0.642,0.429,0.307,0.231,18,53,91.2,15.9,2328,90.0,90.55,34,117,96,0.5999999999999943,6.33,118,146,107,152,295,334,305,-6.294,6.294,71.2,7.5,4.000831791,55,35,12,1,0,5,18,32.7,1,1.8,2.41,0.41,0.24,-0.24,92.7,163.0,54.285714285714285,8.571428571428571,5.454545454545454,5.62,-2.01,-0.1,2.14,0.364,3.0,2.954929577,0.259,0.463,-2.954929577,0.109,0.1049999999999999,0.179,0.122,29.1,34.7,15.893048342575758,-6.238274943780697,40.8218385510671,0.4464285714285714,33.84521953564792,35.00767687538388,COL
Miguel Amaya,665804,2026,27,215,254,51,6,26.4,9.1,0.237,0.377,28,81,36,0.204,0.335,0.324,0.295,0.033,0.042,0.029,9.4,57.0,87.8,37.5,7.9,34.2,97.6572044,93.021388523,66.8,32.0,82.9,43.0,27.3,46.9,38.2,33.6,32.9,21.7,CHC,64,665804,1018,6.3,0.267,0.267,0.375,0.533,0.385,0.284,0.185,4,15,90.2,20.0,2376,90.9,91.27,10,37,27,0.3999999999999915,6.54,105,152,123,148,300,322,289,-1.53,1.53,67.0,7.0,4.137358442,17,9,2,1,0,1,6,35.3,0,0.0,2.39,0.41,0.33,0.33,90.8,159.0,44.44444444444444,11.11111111111111,5.88235294117647,5.45,-1.7,0.08,2.35,0.353,1.0,2.390625,0.281,0.341,-2.390625,0.082,0.0719999999999999,0.192,0.101,27.0,33.6,11.517444304568365,-3.8905576000503217,32.44181201158699,0.4594594594594595,36.9463906894541,26.47415507720697,CHC
Tyler Heineman,623168,2026,35,177,200,31,1,15.0,2.5,0.175,0.22,10,39,15,0.214,0.259,0.204,0.236,-0.039,-0.039,-0.032,0.3,45.1,82.0,27.0,0.6,11.9,91.606485493,90.139217234,70.1,42.9,90.0,49.2,19.5,56.3,46.5,53.5,19.5,20.1,LAA,72,623168,693,10.4,0.158,0.0,0.2,0.158,0.141,0.159,0.163,3,19,86.8,5.9,2143,91.4,91.86,13,45,27,0.5,6.52,122,148,109,152,285,320,299,2.444,-2.444,63.3,6.6,1.208224015,19,15,3,0,0,0,4,21.1,0,0.0,2.17,0.59,0.55,-0.55,89.9,154.0,6.666666666666667,0.0,0.0,5.68,-1.85,-0.27,2.3,0.158,0.0,-3.394444444,0.163,0.206,3.394444444,-0.005,-0.005,-0.048,-0.018,28.9,37.2,3.292977759715888,-0.3289783913385067,30.21417260228114,0.3181818181818182,37.96368910910103,29.770738589861544,LAA
Jose Altuve,514888,2026,36,524,573,131,16,19.9,7.2,0.25,0.395,50,207,70,0.224,0.325,0.308,0.271,0.026,0.07,0.037,9.1,54.7,85.6,32.0,4.1,31.3,96.847195792,92.445465658,64.0,37.2,86.8,44.7,22.1,49.2,42.4,46.7,21.7,23.6,HOU,206,514888,2036,10.1,0.228,0.053,0.271,0.281,0.227,0.242,0.24,13,57,85.3,10.6,2292,90.9,91.14,22,108,98,0.1999999999999886,6.5,105,152,108,146,293,324,291,5.105,-5.105,64.6,7.4,2.419046462,59,48,10,3,0,0,10,16.9,1,1.7,2.17,0.64,0.37,0.37,90.7,141.0,25.0,0.0,0.0,5.67,-2.02,0.16,2.11,0.237,0.0,-2.47815534,0.254,0.294,2.47815534,-0.012,-0.017,-0.013,-0.015,20.4,35.3,9.64811336370262,2.0566570784175675,27.665867587092603,0.5943396226415094,40.9682094699076,24.90965856919188,HOU
Walker Jenkins,805805,2026,21,84,93,19,4,20.4,7.5,0.226,0.393,10,33,14,0.242,0.394,0.303,0.31,-0.016,-0.001,-0.007,20.0,54.5,86.1,30.3,7.6,27.3,96.544744242,92.338979385,70.8,25.6,82.4,49.4,23.9,47.9,37.9,43.9,27.3,22.7,MIN,172,805805,340,50.6,0.295,0.227,0.313,0.523,0.366,0.363,0.294,13,44,88.5,15.0,2277,89.5,90.13,15,83,89,0.5999999999999943,6.66,115,144,110,151,293,326,306,-2.086,2.086,70.7,6.9,1.886381257,46,35,9,1,0,3,9,19.6,2,4.3,2.45,0.43,0.19,-0.19,91.4,167.0,34.285714285714285,11.428571428571429,8.695652173913043,5.7,-2.13,-0.12,2.26,0.326,4.0,1.212790698,0.325,0.523,-1.212790698,0.001,0.001,0.0,0.003,18.1,36.3,9.942398369530697,-2.86825377705648,33.914556017512275,0.5421686746987951,36.23144646764776,27.91795535904002,MIN
James McCann,543510,2026,36,156,166,44,7,25.3,3.6,0.282,0.455,28,71,17,0.24,0.431,0.332,0.303,0.042,0.024,0.029,23.4,45.6,89.9,37.6,11.1,43.6,100.840190351,94.985217544,64.4,39.9,86.0,47.2,30.2,51.5,31.6,46.2,26.5,23.9,ARI,67,543510,612,10.9,0.278,0.333,0.214,0.611,0.356,0.44,0.338,5,18,92.1,17.9,2304,90.8,90.65,5,32,35,-0.2000000000000028,6.19,109,149,121,143,305,331,290,-0.962,0.962,69.7,6.7,0.613844398,19,16,3,0,0,2,3,15.8,0,0.0,2.05,0.74,0.5,0.5,93.3,209.0,50.0,18.75,15.789473684210526,5.72,-1.91,0.13,2.68,0.263,3.0,1.435820896,0.331,0.721,-1.435820896,-0.06,-0.068,-0.11,-0.084,15.6,38.1,5.396605802583823,-6.269581002307197,34.80498492978811,0.5483870967741935,35.05435951571875,35.16848632957549,ARI
Aaron Judge,592450,2026,34,237,285,57,18,29.8,15.1,0.241,0.511,41,121,45,0.258,0.569,0.372,0.396,-0.017,-0.058,-0.024,63.9,50.6,94.0,34.0,20.9,57.5,105.082238571,97.706457908,64.0,26.4,78.0,44.9,32.8,43.3,43.1,37.9,32.7,22.9,TBD,84,592450,1234,6.8,0.167,0.0,0.429,0.167,0.177,0.18,0.15,3,18,89.3,16.9,2346,90.7,91.0,18,42,42,0.2999999999999971,6.57,109,153,126,145,308,334,295,2.388,-2.388,74.8,8.2,2.251403493,19,7,3,0,0,0,11,57.9,1,5.3,2.14,0.66,0.3,0.3,90.2,177.0,42.85714285714285,0.0,0.0,5.57,-2.79,0.16,2.14,0.211,0.0,-2.842857143,0.195,0.201,2.842857143,0.017,0.0159999999999999,-0.034,-0.003,42.9,37.3,11.809350246575898,-6.332623546317571,38.79195012159576,0.4523809523809524,41.385229629792775,29.21552179096837,TBD
Lazaro Montes,703155,2026,21,52,59,11,4,40.7,11.9,0.212,0.481,11,25,7,0.195,0.446,0.334,0.313,0.017,0.035,0.021,57.5,51.4,90.0,35.7,17.9,42.9,103.180821429,96.121418929,69.6,26.8,64.4,49.6,44.6,48.0,39.3,35.7,42.9,17.9,SEA,169,703155,256,66.0,0.241,0.379,0.4,0.621,0.41,0.377,0.219,7,29,96.0,18.4,2235,89.6,90.02,37,77,92,0.4000000000000057,6.44,118,146,127,152,299,332,303,-2.008,2.008,74.4,7.8,2.192549411,35,13,2,2,0,3,16,45.7,6,17.1,2.25,0.62,0.2,-0.2,93.3,214.0,61.53846153846154,30.76923076923077,11.428571428571429,5.82,-2.12,-0.12,2.39,0.371,4.0,1.18816568,0.334,0.553,-1.18816568,0.022,0.0369999999999999,0.068,0.033,48.1,37.0,13.485989671381144,0.1089047186805749,38.133453747771405,0.5,33.51125283608514,32.53499227948087,SEA
Luke Keaschall,807712,2026,23,528,620,149,10,14.0,9.5,0.282,0.407,52,215,86,0.25,0.368,0.348,0.321,0.032,0.039,0.027,9.4,49.9,85.4,35.0,3.8,29.1,96.573873378,92.291221351,63.6,22.6,90.0,48.8,16.9,42.6,39.0,37.0,29.7,24.4,MIN,207,807712,2318,8.9,0.3,0.175,0.353,0.475,0.417,0.39,0.273,12,40,84.5,22.2,2348,90.4,90.82,16,88,119,0.3999999999999915,6.61,107,152,116,147,299,322,291,-4.389,4.389,66.9,6.4,1.9054449,52,34,7,3,2,0,6,11.5,8,15.4,2.28,0.56,0.23,0.23,90.8,157.0,26.47058823529412,5.88235294117647,3.8461538461538463,5.74,-1.97,0.43,2.17,0.462,2.0,2.120289855,0.441,0.414,-2.120289855,0.027,0.021,0.061,0.027,18.2,37.5,8.912478386952714,-5.960138367868128,37.60443823903358,0.5131578947368421,35.4437657232713,34.546298738184404,MIN
Christian Vázquez,543877,2026,35,242,266,50,7,19.9,6.8,0.207,0.322,25,78,22,0.195,0.267,0.258,0.233,0.012,0.055,0.025,0.5,59.6,85.9,31.3,2.1,22.6,95.312310968,91.672859355,61.4,36.5,89.2,46.9,20.0,48.2,33.8,43.1,24.6,23.6,HOU,27,543877,1030,2.6,0.2,0.0,0.25,0.2,0.178,0.15,0.163,2,10,85.2,22.5,2360,92.5,92.31,6,16,11,-0.2000000000000028,6.21,111,153,122,149,303,325,292,1.378,-1.378,66.7,7.0,3.00599941,10,8,2,0,0,0,2,20.0,0,0.0,1.78,0.91,0.34,0.34,90.9,136.0,25.0,0.0,0.0,5.9,-1.83,0.18,2.17,0.2,0.0,-5.103703704,0.163,0.18,5.103703704,0.037,0.037,0.02,0.028,37.5,38.3,12.686274659041729,-5.538936924322783,27.49137936580968,0.6875,37.86250634775673,38.1376012518784,HOU
Gabriel Arias,672356,2026,26,140,149,34,5,40.3,5.4,0.243,0.371,14,52,14,0.22,0.371,0.284,0.272,0.023,0.0,0.012,45.1,46.8,89.3,35.8,9.9,42.0,102.05587575,95.327717375,69.4,38.6,68.2,45.6,45.3,52.7,33.3,55.6,18.5,21.0,CHC,4,672356,570,0.7,1.0,0.0,1.0,1.0,0.89,0.428,0.449,1,1,99.1,0.0,1573,86.3,85.28,0,2,2,-1.0,5.8,86,151,124,143,317,324,299,-0.408,0.408,75.7,7.2,,1,1,1,0,0,0,0,0.0,0,0.0,2.63,0.47,0.56,0.56,94.9,166.0,100.0,0.0,0.0,6.96,-0.13,-0.03,1.9,1.0,0.0,10.2,0.449,0.525,-10.2,0.551,0.5509999999999999,0.475,0.462,0.0,64.4,5.222639203640768,7.439435453594461,35.08014885348041,0.5,37.42889576013596,26.94162706482801,CHC
Bo Bichette,666182,2026,28,638,696,166,18,18.2,7.0,0.26,0.39,78,249,76,0.28,0.423,0.309,0.33,-0.02,-0.033,-0.021,14.5,29.0,89.5,37.3,6.4,41.7,100.748372471,94.697541238,67.6,40.9,89.9,45.9,19.5,53.1,26.3,46.7,23.7,27.0,NYM,223,666182,2606,8.6,0.246,0.053,0.31,0.298,0.276,0.352,0.308,14,57,87.5,5.3,2313,90.5,90.41,25,111,112,-0.0999999999999943,6.4,112,150,123,147,305,325,290,2.06,-2.06,68.1,7.1,5.137895648,62,43,13,0,0,1,14,22.6,5,8.1,2.26,0.58,0.32,0.32,92.0,155.0,44.18604651162791,2.3255813953488373,1.6129032258064515,5.81,-1.8,0.2,2.25,0.306,1.0,-0.923766816,0.364,0.437,0.923766816,-0.062,-0.0579999999999999,-0.139,-0.076,22.5,37.4,3.774227305154672,0.8643152896076335,38.98458569285602,0.2264150943396226,34.65732128202025,26.367645799949013,NYM
Ryan Kreidler,668952,2026,28,243,267,53,8,22.8,7.9,0.218,0.379,29,92,33,0.221,0.382,0.293,0.295,-0.003,-0.003,-0.002,39.1,64.6,88.3,26.2,8.2,37.2,99.404474111,93.790732067,75.4,28.3,79.0,50.0,30.4,51.8,41.5,50.3,26.8,14.8,MIN,104,668952,1001,10.4,0.095,0.0,0.167,0.095,0.161,0.233,0.174,2,21,87.8,8.8,2410,90.6,91.2,15,48,56,0.6000000000000085,6.68,108,152,117,146,298,326,293,2.945,-2.945,70.7,7.7,3.006097197,24,12,2,0,0,0,9,37.5,3,12.5,2.22,0.59,0.17,0.17,89.4,113.0,33.33333333333333,0.0,0.0,5.78,-1.96,0.3,2.3,0.208,0.0,-2.831730769,0.277,0.205,2.831730769,-0.079,-0.069,-0.11,-0.072,31.3,37.6,10.46474573497096,3.0775017828421047,32.83765158479495,0.4791666666666667,40.004942776552326,31.863255507659414,MIN
Sean Keys,815873,2026,23,61,67,12,2,34.3,4.5,0.197,0.328,9,20,9,0.212,0.35,0.247,0.262,-0.015,-0.022,-0.015,51.5,50.0,88.6,40.0,10.0,52.5,100.8986555,94.88494075,68.1,36.8,84.0,47.6,29.3,51.7,42.5,37.5,20.0,30.0,TOR,89,815873,290,30.7,0.158,0.053,0.231,0.211,0.194,0.289,0.239,3,19,85.4,11.0,2243,89.8,89.63,13,52,37,-0.2000000000000028,6.25,118,147,122,153,286,322,301,1.871,-1.871,73.1,7.1,5.150967359,23,13,2,1,0,0,8,34.8,1,4.3,2.41,0.45,0.33,-0.33,90.8,152.0,38.46153846153847,15.384615384615383,8.695652173913043,5.75,-1.59,-0.05,2.2,0.227,2.0,-2.102247191,0.301,0.397,2.102247191,-0.081,-0.0739999999999999,-0.186,-0.095,25.0,36.6,11.455276342415708,-3.733737322768429,30.550035917837228,0.4230769230769231,38.66358354663531,36.11147552413996,TOR
Rafael Devers,646240,2026,29,558,633,144,37,25.4,10.9,0.258,0.525,98,293,88,0.238,0.473,0.367,0.342,0.02,0.052,0.025,21.2,58.4,93.0,30.7,12.5,51.6,103.03671575,96.43028802,66.4,30.0,74.9,47.5,29.0,47.3,34.2,40.6,35.2,18.2,TBD,55,646240,2614,2.1,0.444,0.556,0.6,1.0,0.624,0.622,0.418,4,9,95.5,4.2,2158,90.8,91.2,7,22,33,0.4000000000000057,6.57,116,141,126,145,298,334,314,-1.882,1.882,71.2,7.7,5.093521893,12,6,1,2,0,1,3,25.0,3,25.0,2.15,0.65,0.58,-0.58,95.7,195.0,66.66666666666666,33.33333333333333,16.666666666666664,5.76,-2.02,-0.1,2.37,0.583,2.0,3.421818182,0.524,1.028,-3.421818182,0.026,0.0589999999999999,-0.028,0.002,31.8,40.0,13.29444474016571,-5.729651103017717,31.78779284588313,0.5454545454545454,32.433800941130244,35.77036800496268,TBD
Alex Call,669743,2026,31,163,195,38,1,17.9,11.8,0.233,0.307,20,50,25,0.202,0.261,0.305,0.277,0.031,0.046,0.028,3.2,43.6,83.6,27.7,2.3,16.2,92.892612923,90.615784574,61.2,24.3,89.5,49.5,17.2,42.6,36.2,43.8,24.6,19.2,TBD,74,669743,848,8.7,0.067,0.067,0.077,0.133,0.158,0.217,0.134,1,15,78.7,22.8,2332,86.9,87.48,3,28,46,0.5999999999999943,6.1,106,153,115,147,302,322,290,2.046,-2.046,62.9,6.5,1.48248776,17,13,0,1,0,0,2,11.8,1,5.9,3.07,0.43,-0.09,-0.09,88.9,161.0,7.6923076923076925,7.6923076923076925,5.88235294117647,5.98,-1.61,0.32,2.31,0.176,1.0,-2.764864865,0.236,0.216,2.764864865,-0.067,-0.06,-0.083,-0.059,10.7,41.5,6.828836430022081,2.7431821788997777,31.31731131796073,0.4642857142857143,37.521807508928255,29.30825592481559,TBD
Will Banfield,677943,2026,26,20,21,3,0,33.3,0.0,0.15,0.2,1,4,1,0.149,0.191,0.145,0.151,0.001,0.009,-0.006,31.7,41.5,83.5,21.4,0.0,14.3,91.833835714,90.122459286,78.1,51.2,68.0,43.8,39.1,63.0,35.7,21.4,28.6,21.4,CIN,43,677943,73,58.9,0.25,0.083,0.333,0.333,0.234,0.22,0.224,3,12,83.8,26.9,2314,90.2,90.23,10,25,18,0.0,6.43,111,149,120,144,300,317,286,0.806,-0.806,72.7,7.2,5.160315066,13,9,2,1,0,0,4,30.8,0,0.0,2.15,0.72,0.49,0.49,90.1,178.0,11.11111111111111,0.0,0.0,5.56,-2.32,0.18,2.2,0.231,0.0,-1.874418605,0.223,0.285,1.874418605,0.026,0.008,0.048,0.014,40.0,35.8,5.903647627924931,-15.655766677587971,23.683651651434023,0.44,37.657996939412776,34.367180632611266,CIN
Emmanuel Rodriguez,691181,2026,23,45,48,8,2,33.3,6.3,0.178,0.4,5,18,3,0.251,0.534,0.27,0.354,-0.073,-0.134,-0.084,68.6,53.8,90.6,44.8,20.7,48.3,101.789318667,95.307387931,64.8,33.3,80.7,49.4,33.3,48.9,44.8,31.0,31.0,27.6,MIN,122,691181,178,68.5,0.161,0.258,0.2,0.419,0.269,0.376,0.254,5,31,88.9,12.7,2216,89.4,90.05,25,63,59,0.5999999999999943,6.72,117,146,112,152,295,325,300,1.055,-1.055,70.8,6.9,2.667851799,33,17,2,0,1,2,14,42.4,2,6.1,2.38,0.52,0.46,-0.46,92.8,164.0,52.94117647058824,29.411764705882355,15.151515151515152,5.7,-2.28,-0.1,2.18,0.212,5.0,-0.864754098,0.299,0.596,0.864754098,-0.093,-0.087,-0.177,-0.107,39.7,35.5,7.645914433732562,0.3145188513368074,30.6988191211405,0.4912280701754385,35.388068881238745,32.499251936172804,MIN
Christian Yelich,592885,2026,34,442,500,104,12,27.0,9.8,0.235,0.378,59,167,69,0.23,0.385,0.305,0.308,0.005,-0.007,-0.003,30.9,45.6,88.9,29.5,9.6,42.9,100.380625455,94.534931238,68.0,24.4,79.8,48.2,29.6,45.4,34.6,55.4,19.9,22.1,MIL,204,592885,2103,9.7,0.195,0.146,0.273,0.341,0.275,0.275,0.173,8,41,86.5,15.1,2330,90.1,90.47,36,93,111,0.4000000000000057,6.53,116,147,117,151,293,321,298,0.325,-0.325,72.7,7.5,2.795120356,47,24,6,0,0,2,18,38.3,5,10.6,2.39,0.63,0.34,-0.34,90.5,167.0,41.66666666666667,12.5,6.382978723404255,5.65,-1.72,0.11,2.36,0.277,3.0,-0.159313725,0.261,0.356,0.159313725,0.022,0.016,-0.015,0.0,38.7,37.0,10.831523355841082,9.293661061165825,37.625658758103405,0.4347826086956521,36.23355288106585,26.005107692241936,MIL
Brett Bateman,703520,2026,24,158,181,52,2,19.3,9.9,0.329,0.424,11,67,28,0.268,0.338,0.368,0.312,0.061,0.086,0.056,2.7,43.0,84.7,34.9,1.6,19.8,94.543693051,91.311951453,56.9,28.3,92.2,50.0,14.7,42.6,32.5,58.7,12.7,27.8,TOR,237,703520,721,32.9,0.4,0.2,0.483,0.6,0.482,0.4,0.33,16,40,86.1,9.0,2217,90.2,90.05,11,98,139,-0.2000000000000028,6.28,118,147,103,150,279,316,302,-5.751,5.751,66.6,6.8,0.924255256,49,31,12,2,0,2,9,18.4,8,16.3,2.33,0.53,0.44,-0.44,89.3,163.0,19.35483870967742,6.451612903225806,4.081632653061225,5.76,-1.5,-0.04,2.44,0.51,2.0,2.426582278,0.442,0.459,-2.426582278,0.07,0.068,0.141,0.082,11.2,38.7,5.009006533172797,9.907829559191455,35.78699381312315,0.3829787234042553,35.95034678798095,24.730090223268068,TOR
Adrian Del Castillo,680728,2026,26,181,197,35,5,28.4,6.6,0.193,0.309,24,56,18,0.199,0.329,0.247,0.256,-0.006,-0.02,-0.009,23.5,48.2,88.3,34.4,6.3,36.7,98.499894677,93.465270968,68.6,29.8,82.2,47.7,28.6,48.3,35.2,38.3,28.9,23.4,ARI,21,680728,789,2.7,0.0,0.0,0.0,0.0,0.0,0.117,0.124,0,5,85.8,10.3,2163,91.4,91.62,2,11,10,0.1999999999999886,6.42,94,145,128,152,291,327,302,1.433,-1.433,70.9,6.7,1.607101308,5,3,0,0,0,0,2,40.0,0,0.0,2.31,0.43,0.69,-0.69,89.9,131.0,33.33333333333333,0.0,0.0,5.47,-2.02,0.03,2.71,0.0,0.0,-6.823809524,0.124,0.141,6.823809524,-0.124,-0.124,-0.141,-0.117,18.2,33.1,9.453498985644188,-0.4936374918909127,34.148812782728314,0.5454545454545454,35.22941091245792,32.53887850803406,ARI
LaMonte Wade Jr.,664774,2026,32,127,146,26,4,24.7,13.0,0.205,0.346,19,44,18,0.188,0.286,0.296,0.268,0.017,0.06,0.028,10.3,57.1,86.4,28.6,3.3,31.9,97.382950222,92.810518427,59.1,20.9,83.1,47.8,24.4,39.2,41.8,38.5,29.7,24.2,HOU,83,664774,669,12.4,0.176,0.176,0.167,0.353,0.252,0.189,0.158,3,17,82.4,23.2,2218,91.8,91.81,12,34,49,0.0,6.35,120,147,113,151,289,329,299,0.751,-0.751,71.3,7.1,1.842650223,18,13,2,0,0,1,4,22.2,1,5.6,1.88,0.86,0.64,-0.64,90.3,156.0,15.384615384615383,0.0,0.0,5.71,-2.18,-0.15,2.57,0.222,0.0,-0.904819277,0.205,0.204,0.904819277,0.018,0.017,0.149,0.063,35.3,35.1,9.253742931982622,-3.6922007510631447,30.690897143961077,0.5294117647058824,32.88018849214533,34.389099418882175,HOU
Ryan Vilade,668723,2026,27,245,278,60,11,23.4,9.4,0.245,0.429,43,105,28,0.252,0.421,0.327,0.327,-0.007,0.008,0.0,65.5,38.8,89.2,29.9,7.1,39.9,101.456915444,94.922178667,70.9,27.4,83.2,48.9,23.6,48.7,35.3,40.8,28.8,20.1,TB,73,668723,1102,6.6,0.056,0.0,0.1,0.056,0.142,0.228,0.138,1,18,86.9,6.8,2314,92.4,92.82,9,26,47,0.3999999999999915,6.66,111,152,124,149,302,323,290,1.809,-1.809,74.5,7.3,2.280364308,21,10,1,0,0,0,8,38.1,3,14.3,1.76,0.95,0.5,0.5,91.8,96.0,40.0,10.0,4.761904761904762,5.74,-2.02,0.22,2.52,0.19,1.0,-2.478082192,0.261,0.214,2.478082192,-0.082,-0.071,-0.158,-0.086,34.6,38.0,2.984590720518528,-0.6700596997316068,27.441794831187984,0.375,33.54086812322383,30.95995603692934,TB
Nolan Gorman,669357,2026,26,266,302,49,9,32.5,10.9,0.184,0.308,33,82,26,0.193,0.351,0.26,0.278,-0.009,-0.043,-0.018,32.7,46.6,89.3,35.1,9.9,42.1,100.669585581,94.503463216,68.7,31.4,73.5,47.2,37.8,49.0,45.6,32.7,37.4,22.2,STL,172,669357,1253,13.7,0.156,0.125,0.19,0.281,0.279,0.307,0.175,5,32,89.8,16.6,2265,91.2,91.83,21,72,100,0.5999999999999943,6.53,116,146,123,152,295,330,305,0.805,-0.805,72.7,7.8,2.517343756,39,22,3,1,0,1,10,25.6,7,17.9,2.14,0.62,0.47,-0.47,91.0,152.0,36.36363636363637,13.636363636363637,7.6923076923076925,5.68,-1.86,-0.24,2.3,0.308,3.0,-0.468023256,0.323,0.351,0.468023256,-0.019,-0.015,-0.07,-0.028,29.2,36.4,18.296573605616217,-9.735946136126804,34.12010487118579,0.4444444444444444,35.94798680779182,34.68697465468983,STL
Alex Freeland,690976,2026,24,231,269,54,4,27.5,11.9,0.234,0.325,21,75,32,0.22,0.34,0.297,0.297,0.014,-0.015,0.0,9.0,51.7,89.6,34.6,6.2,39.5,99.359352564,93.907805449,59.6,21.7,79.7,48.5,27.7,40.1,34.6,46.9,24.7,23.5,TBD,158,690976,1108,14.3,0.36,0.2,0.444,0.56,0.476,0.404,0.279,9,25,93.8,13.2,2362,89.5,89.33,10,56,102,-0.2000000000000028,6.17,115,146,110,151,292,322,301,-3.782,3.782,69.2,6.6,1.504568352,34,19,6,2,0,1,6,17.6,9,26.5,2.56,0.52,0.25,-0.25,91.7,154.0,57.89473684210527,5.263157894736842,2.941176470588235,5.75,-1.75,0.06,2.28,0.529,1.0,2.393670886,0.47,0.419,-2.393670886,0.081,0.059,0.141,0.072,17.9,37.3,7.556226350979278,7.203975264751428,29.93656856286065,0.4642857142857143,36.09169877495306,29.20505639795569,TBD
Chandler Simpson,802415,2026,25,571,612,175,0,7.8,4.2,0.306,0.356,38,203,66,0.261,0.297,0.305,0.263,0.045,0.059,0.042,0.5,35.6,83.6,25.7,0.0,13.4,92.6114076,90.38555626,65.1,31.2,93.2,51.3,10.8,48.5,29.2,61.5,14.1,21.6,TB,93,802415,1951,4.8,0.313,0.031,0.333,0.344,0.314,0.307,0.301,10,32,84.2,1.8,2113,90.2,90.47,6,52,41,0.2999999999999971,6.53,103,140,85,144,276,308,292,-1.049,1.049,62.7,6.4,0.9492124,34,30,9,1,0,0,2,5.9,2,5.9,2.03,0.82,0.59,-0.59,90.4,139.0,26.666666666666668,0.0,0.0,5.55,-1.96,-0.13,2.32,0.353,0.0,1.127956989,0.343,0.345,-1.127956989,0.012,0.0099999999999999,-0.001,0.007,11.5,35.2,-1.6866542828490525,-1.4522642694539778,30.025368801918876,0.3,39.70638229675512,23.620770223968776,TB
Joey Loperfido,694388,2026,27,103,121,22,1,26.4,11.6,0.214,0.33,12,34,13,0.229,0.334,0.287,0.294,-0.015,-0.004,-0.007,18.7,40.4,89.0,32.9,6.8,35.6,98.647922778,93.55777,68.6,29.8,76.5,49.4,31.6,49.0,27.4,52.1,26.0,19.2,HOU,3,694388,482,0.6,0.0,0.0,,0.0,0.0,0.0,,0,1,,,2289,99.1,98.37,2,2,1,-0.6999999999999886,6.37,130,148,118,154,290,330,298,0.261,-0.261,53.2,6.5,5.757945672,1,0,0,0,0,0,1,100.0,0,0.0,1.04,1.32,1.14,-1.14,,,,,,5.5,-2.99,-0.57,3.22,0.0,,-8.7,,,8.7,,,,0.0,100.0,22.8,0.1157528238683149,44.77064632609176,36.24553311519924,0.0,48.38201655470143,6.3273988798752985,HOU
Jake Mangum,663968,2026,30,435,479,120,5,19.4,5.2,0.276,0.363,33,158,56,0.247,0.331,0.31,0.285,0.029,0.032,0.025,4.4,36.1,86.0,27.2,2.3,27.8,96.465453598,92.286667774,73.2,45.1,83.2,46.7,21.4,58.3,29.8,58.2,16.9,20.6,PIT,139,663968,1739,8.0,0.194,0.028,0.241,0.222,0.21,0.253,0.228,7,36,89.4,11.3,2281,90.4,90.64,19,86,53,0.1999999999999886,6.41,109,145,103,149,282,313,299,3.71,-3.71,67.0,6.4,0.97797372,38,29,6,1,0,0,7,18.4,2,5.3,2.13,0.7,0.39,-0.39,90.2,146.0,32.142857142857146,0.0,0.0,5.86,-1.61,-0.08,2.44,0.237,0.0,-2.669064748,0.27,0.3,2.669064748,-0.034,-0.033,-0.078,-0.043,22.1,41.0,3.7780423483302976,16.27325433744441,31.66022415327149,0.3255813953488372,38.12300380668747,17.595021408694663,PIT
Hunter Goodman,696100,2026,26,518,574,127,41,30.5,8.0,0.245,0.529,88,274,84,0.228,0.456,0.355,0.321,0.017,0.073,0.034,48.9,66.6,89.8,32.2,14.5,44.3,102.186271792,95.364146098,73.7,40.4,77.9,42.6,34.0,54.6,48.0,34.5,34.8,21.8,COL,178,696100,2177,8.2,0.256,0.233,0.237,0.488,0.334,0.32,0.257,11,43,85.8,22.2,2403,91.0,91.61,22,104,74,0.5999999999999943,6.44,108,151,125,147,302,336,303,-0.229,0.229,72.0,7.1,3.449431335,47,40,6,2,1,2,4,8.5,2,4.3,2.16,0.6,0.2,0.2,91.6,179.0,37.5,7.5,6.382978723404255,5.72,-1.94,0.25,2.39,0.298,3.0,0.128651685,0.299,0.448,-0.128651685,-0.001,-0.001,0.04,0.014,21.2,36.5,13.232081592021952,-5.504311664425665,23.08217708969369,0.8173076923076923,39.26120522590224,39.13736557279992,COL
Jorbit Vivas,678391,2026,25,311,364,74,3,14.6,11.3,0.238,0.322,31,100,32,0.236,0.309,0.298,0.292,0.002,0.013,0.006,4.0,42.6,82.9,34.3,3.0,21.5,94.277617252,91.318865649,74.1,29.1,91.0,45.4,18.1,49.5,38.1,44.2,21.9,26.8,WSH,132,678391,1318,10.0,0.219,0.063,0.292,0.281,0.259,0.252,0.216,7,32,89.4,16.8,2238,90.9,91.57,12,60,72,0.6999999999999886,6.64,115,143,113,149,284,318,299,2.602,-2.602,68.1,7.3,1.985690424,35,24,5,2,0,0,8,22.9,3,8.6,2.2,0.58,0.56,-0.56,90.6,164.0,29.166666666666668,0.0,0.0,5.79,-1.92,-0.26,2.34,0.286,0.0,-1.971212121,0.284,0.272,1.971212121,0.003,0.002,0.009,0.007,20.0,38.5,1.686557680811588,0.1395223709953584,30.58258778842604,0.35,36.723650012646615,27.97667961268613,WSH
Gleyber Torres,650402,2026,29,358,420,93,8,19.3,13.6,0.26,0.363,38,130,57,0.252,0.368,0.328,0.325,0.008,-0.005,0.003,3.4,53.8,86.2,38.4,6.1,32.3,96.706167857,92.398034014,66.7,18.9,84.2,48.7,22.5,42.2,27.2,45.2,24.7,26.9,DET,157,650402,1785,8.8,0.182,0.03,0.24,0.212,0.23,0.259,0.194,6,33,85.1,7.8,2358,90.7,90.84,20,71,86,0.0999999999999943,6.38,111,152,124,147,303,326,290,2.892,-2.892,66.8,7.2,2.123779801,37,25,5,1,0,0,8,21.6,4,10.8,2.21,0.59,0.26,0.26,89.8,174.0,20.0,4.0,2.702702702702702,5.74,-1.81,0.28,2.45,0.27,1.0,-1.842038217,0.281,0.287,1.842038217,-0.012,-0.011,-0.075,-0.029,28.2,38.6,11.059624863948544,4.50070303853699,33.09403654390099,0.5942028985507246,37.22929574166927,30.753875544049997,DET
Yordan Alvarez,670541,2026,29,566,691,179,42,17.2,15.8,0.316,0.602,106,341,105,0.318,0.636,0.429,0.442,-0.002,-0.034,-0.013,61.8,43.5,94.4,40.0,16.0,53.8,104.94496,97.265576156,62.4,29.0,89.2,43.7,19.9,43.6,41.4,30.3,37.6,26.8,HOU,218,670541,2752,7.9,0.333,0.356,0.367,0.689,0.473,0.407,0.277,15,45,94.7,20.2,2182,90.6,90.73,27,102,116,0.1000000000000085,6.41,117,146,135,152,296,330,302,-8.489,8.489,75.1,7.5,1.704406118,55,34,7,4,0,4,11,20.0,10,18.2,2.2,0.62,0.45,-0.45,93.0,181.0,58.82352941176471,17.647058823529413,10.909090909090908,5.78,-2.08,-0.28,2.46,0.455,6.0,3.894036697,0.386,0.568,-3.894036697,0.056,0.069,0.121,0.066,26.5,36.2,5.984007115355044,-2.887340452683842,37.43795632950263,0.4059405940594059,36.58883072989119,34.47908161599256,HOU
Jake Fraley,641584,2026,31,88,97,19,2,29.9,9.3,0.216,0.364,5,32,6,0.196,0.331,0.29,0.27,0.02,0.033,0.02,22.6,43.1,84.0,44.1,8.5,20.7,94.753513,91.477349492,67.2,22.6,86.1,50.6,23.0,45.5,47.5,32.2,25.4,27.1,TBD,32,641584,411,7.8,0.0,0.0,0.0,0.0,0.1,0.15,0.065,0,6,85.1,-2.0,1987,92.6,92.8,6,17,15,0.2000000000000028,6.5,122,149,120,150,286,325,304,1.384,-1.384,70.3,7.1,1.278488072,7,2,0,0,0,0,4,57.1,1,14.3,2.0,0.68,0.57,-0.57,89.3,157.0,0.0,0.0,0.0,5.68,-1.48,-0.24,2.49,0.143,0.0,-4.325,0.199,0.075,4.325,-0.065,-0.056,-0.075,-0.05,35.3,40.9,8.983956193085477,-7.175878212357236,33.33694146748956,0.3125,39.59873180652109,27.87238954388879,TBD
Luis Arraez,650333,2026,29,596,655,185,6,4.3,5.2,0.31,0.419,64,250,67,0.289,0.377,0.331,0.307,0.021,0.042,0.024,0.1,52.6,86.4,39.3,1.2,19.4,94.068574724,91.077369275,63.2,33.1,94.2,51.5,7.1,48.6,31.0,37.6,30.8,26.9,PHI,163,650333,2464,6.6,0.194,0.0,0.194,0.194,0.227,0.313,0.249,6,31,87.7,22.7,2215,90.9,91.25,2,66,97,0.2999999999999971,6.49,112,146,108,150,274,309,296,2.664,-2.664,61.8,5.6,,39,31,6,0,0,0,3,7.7,4,10.3,1.98,0.8,0.62,-0.62,89.9,195.0,29.03225806451613,3.225806451612903,2.564102564102564,5.63,-2.17,-0.23,2.5,0.282,1.0,-1.634355828,0.345,0.339,1.634355828,-0.055,-0.063,-0.145,-0.086,3.0,39.8,4.241152721852922,5.154738303032926,35.44789875527072,0.4153846153846154,36.00138419293012,31.59894792513165,PHI
Jarren Duran,680776,2026,29,551,608,114,20,27.1,6.7,0.207,0.361,69,199,66,0.237,0.388,0.274,0.301,-0.03,-0.027,-0.027,50.9,42.9,89.6,31.6,9.1,39.9,101.406714352,94.830670364,69.0,34.4,80.6,47.7,33.5,51.0,38.9,45.7,22.7,21.2,BOS,155,680776,2251,6.9,0.257,0.143,0.32,0.4,0.352,0.357,0.26,9,35,86.0,5.4,2189,90.1,90.31,26,75,80,0.2000000000000028,6.47,117,146,109,152,284,327,308,-0.295,0.295,69.9,7.2,3.127228556,42,26,7,0,1,1,9,21.4,6,14.3,2.32,0.54,0.54,-0.54,91.5,178.0,38.46153846153847,3.8461538461538463,2.380952380952381,5.53,-1.85,-0.13,2.21,0.381,1.0,0.190322581,0.383,0.415,-0.190322581,-0.003,-0.002,-0.015,-0.005,34.7,32.8,3.214358903781336,-3.2174882881441307,28.89258834520471,0.3466666666666667,39.29702643494373,30.79453508163192,BOS
Ryan O'Hearn,656811,2026,32,407,451,108,18,22.0,7.8,0.265,0.44,76,179,58,0.247,0.396,0.336,0.314,0.018,0.044,0.022,8.7,45.6,89.1,33.8,6.8,42.1,99.097516731,93.913570965,63.7,31.5,86.6,47.8,22.5,46.9,40.2,42.4,28.3,23.8,PIT,123,656811,1738,7.1,0.258,0.097,0.318,0.355,0.306,0.275,0.221,8,31,86.6,14.8,2331,89.9,90.13,16,64,59,0.1999999999999886,6.37,119,146,127,152,289,321,297,0.089,-0.089,68.3,7.0,1.805800757,34,23,7,0,0,1,8,23.5,2,5.9,2.4,0.45,0.25,-0.25,91.6,152.0,30.434782608695656,4.3478260869565215,2.941176470588235,5.79,-1.83,-0.04,2.34,0.324,1.0,-0.072357724,0.29,0.324,0.072357724,0.037,0.034,0.031,0.031,25.0,40.1,10.955693486143725,1.8875213834348432,31.829346522206063,0.3870967741935484,39.38846751425001,26.23906718462285,PIT
Yandy Díaz,650490,2026,34,614,686,180,22,14.3,8.2,0.293,0.446,85,274,93,0.281,0.439,0.35,0.346,0.012,0.007,0.004,38.3,27.9,90.9,29.7,7.1,48.1,102.454762731,95.709031327,67.1,29.0,88.7,48.8,14.8,47.5,22.8,50.8,19.5,24.1,TB,176,650490,2576,6.8,0.261,0.109,0.297,0.37,0.277,0.252,0.242,12,46,89.7,2.9,2196,92.3,92.71,19,93,83,0.4000000000000057,6.58,114,149,123,147,312,326,291,0.52,-0.52,71.6,7.4,0.979410415,48,38,9,2,0,1,9,18.8,1,2.1,1.8,0.9,0.64,0.64,91.7,167.0,44.73684210526316,5.263157894736842,4.166666666666666,5.61,-2.09,0.03,2.5,0.271,2.0,-0.295454545,0.256,0.318,0.295454545,0.019,0.015,0.052,0.025,20.4,36.1,-0.2851936676518271,10.69131419240889,22.511928535900548,0.1428571428571428,38.73706007748324,26.63374494301343,TB
Victor Bericoto,682674,2026,24,112,116,27,5,27.6,3.4,0.241,0.42,15,47,9,0.23,0.446,0.297,0.299,0.011,-0.026,-0.002,48.2,49.1,91.1,31.3,13.8,51.2,101.1710595,95.338224,73.1,41.9,86.4,44.8,31.1,55.9,32.5,48.8,25.0,22.5,SF,52,682674,449,11.6,0.0,0.0,0.0,0.0,0.14,0.19,0.056,0,8,93.4,19.3,2331,89.6,89.8,13,31,21,0.2000000000000028,6.46,107,152,122,145,303,319,290,0.701,-0.701,68.5,7.2,6.80490879,10,3,0,0,0,0,5,50.0,2,20.0,2.48,0.41,-0.01,-0.01,90.4,152.0,33.33333333333333,0.0,0.0,5.82,-1.53,0.57,2.29,0.2,0.0,-1.348076923,0.245,0.094,1.348076923,-0.056,-0.0449999999999999,-0.094,-0.05,41.9,41.8,9.90308536595554,-2.806752573859271,32.93754339242134,0.3548387096774194,38.12584504223745,29.594141070076763,SF
Braxton Fulford,690924,2026,27,74,85,13,1,40.0,9.4,0.176,0.27,7,20,12,0.138,0.226,0.242,0.209,0.038,0.044,0.033,24.6,52.7,87.6,23.8,7.1,35.7,98.356051429,93.304319024,66.7,28.6,78.4,43.5,35.2,45.2,28.6,33.3,40.5,14.3,COL,9,690924,352,2.6,0.333,0.0,1.0,0.333,0.297,0.16,0.177,1,3,107.5,3.0,2330,93.4,93.87,5,6,3,0.5,6.29,98,149,121,145,307,335,299,0.174,-0.174,67.0,7.2,4.162037664,3,1,1,0,0,0,2,66.7,0,0.0,2.28,0.33,0.37,0.37,107.5,90.0,100.0,0.0,0.0,5.69,-1.89,0.64,1.77,0.333,0.0,-1.933333333,0.177,0.192,1.933333333,0.156,0.156,0.141,0.137,83.3,36.6,17.114576472410114,-8.813625885741924,31.082688731652425,0.6666666666666666,42.53650507528717,35.23913064195777,COL
Yohandy Morales,691002,2026,24,47,47,12,4,31.9,0.0,0.255,0.596,10,28,10,0.258,0.491,0.358,0.317,-0.003,0.105,0.041,35.8,59.3,91.7,31.3,15.6,62.5,103.672409375,96.87047375,72.9,33.0,74.2,44.5,38.1,50.8,43.8,46.9,31.3,12.5,WSH,89,691002,191,46.6,0.25,0.35,0.231,0.6,0.357,0.376,0.301,5,20,92.1,12.3,2303,88.9,89.46,16,49,40,0.5999999999999943,6.62,109,152,125,148,312,325,291,-2.024,2.024,72.6,7.3,1.883097807,20,15,2,1,0,2,5,25.0,0,0.0,2.43,0.49,0.02,0.02,93.0,147.0,73.33333333333333,13.333333333333334,10.0,5.8,-1.97,0.22,2.58,0.25,2.0,2.274157303,0.301,0.59,-2.274157303,-0.051,-0.0509999999999999,0.01,-0.019,32.7,43.0,14.245072510013966,6.688797988196559,32.97851070695083,0.5227272727272727,37.16711186194249,30.824360197076476,WSH
José Barrero,676480,2026,28,6,6,1,0,50.0,0.0,0.167,0.167,0,1,0,0.08,0.1,0.148,0.077,0.087,0.067,0.071,25.0,41.7,90.6,0.0,0.0,0.0,92.598975,91.065983333,66.7,63.6,83.3,45.0,46.2,65.0,100.0,33.3,33.3,0.0,BAL,11,676480,20,55.0,0.25,0.0,0.333,0.25,0.223,0.116,0.119,1,4,90.6,37.3,2655,86.6,86.49,3,7,4,-0.0999999999999943,6.51,104,150,128,150,290,326,284,0.415,-0.415,72.0,8.0,6.889664216,4,3,1,0,0,0,1,25.0,0,0.0,2.77,0.33,-0.64,-0.64,91.1,150.0,0.0,0.0,0.0,5.24,-2.57,0.4,2.24,0.25,0.0,-3.772727273,0.119,0.15,3.772727273,0.131,0.131,0.1,0.107,42.9,29.9,16.391472338991676,-20.8931132834944,32.99205960941244,0.4285714285714285,39.84061103596285,37.87824760966809,BAL
Scott Bandura,814154,2026,24,29,30,6,0,56.7,3.3,0.207,0.241,1,7,2,0.12,0.147,0.214,0.136,0.087,0.094,0.078,6.8,50.8,81.0,50.0,0.0,25.0,90.658333333,90.59615,64.5,40.9,65.0,48.4,38.8,52.3,41.7,33.3,16.7,33.3,SF,82,814154,128,64.1,0.118,0.0,0.333,0.118,0.138,0.134,0.105,2,17,79.5,16.5,2247,91.0,91.71,14,39,43,0.7000000000000028,6.7,116,146,108,152,292,319,301,2.61,-2.61,69.5,6.4,2.120116964,18,6,2,0,0,0,11,61.1,1,5.6,2.14,0.65,0.28,-0.28,89.7,174.0,16.666666666666664,0.0,0.0,5.98,-1.43,-0.06,2.46,0.167,0.0,-3.182926829,0.155,0.123,3.182926829,0.013,0.012,-0.005,0.004,35.9,44.5,4.826454096432598,0.8716599871143911,32.92657896529274,0.4871794871794871,34.96823241662342,30.71686026616006,SF
Rudy Martin Jr.,657675,2026,30,2,3,0,0,33.3,33.3,0.0,0.0,0,0,0,0.049,0.053,0.233,0.263,-0.049,-0.053,-0.03,0.0,0.0,85.5,0.0,0.0,0.0,85.53802,88.0,33.3,25.0,50.0,60.0,66.7,30.0,0.0,100.0,0.0,0.0,TOR,7,657675,10,70.0,0.0,0.0,0.0,0.0,0.349,0.395,0.097,0,1,85.5,-13.0,2671,90.4,91.2,0,1,6,0.7999999999999972,6.66,105,142,94,142,275,312,305,0.087,-0.087,72.6,6.7,,2,1,0,0,0,0,0,0.0,1,50.0,2.49,0.33,-0.43,0.43,88.0,8.0,0.0,0.0,0.0,5.71,-1.26,0.05,1.58,0.5,0.0,-1.242857143,0.548,0.106,1.242857143,-0.097,-0.048,-0.106,-0.046,0.0,42.3,-0.3488407640895823,7.613010511466526,28.58898921920365,0.0,43.16522927582805,23.90231710772872,TOR
Henry Bolte,703607,2026,22,415,473,115,11,28.1,8.2,0.277,0.405,38,168,57,0.246,0.375,0.341,0.317,0.031,0.03,0.024,70.2,42.7,91.0,27.7,8.1,48.6,104.45817,96.694969321,73.6,28.4,79.6,48.0,32.8,50.0,31.9,62.1,14.7,19.6,OAK,300,703607,1770,16.9,0.309,0.206,0.439,0.515,0.402,0.357,0.26,21,68,91.2,2.0,2309,92.5,92.63,43,151,149,0.0999999999999943,6.4,107,150,115,146,301,324,287,-6.882,6.882,74.9,7.2,1.799011724,79,44,14,3,1,3,24,30.4,9,11.4,2.05,0.64,0.48,0.48,93.2,123.0,51.16279069767442,13.953488372093023,7.59493670886076,5.72,-1.8,0.09,2.19,0.405,6.0,2.294,0.365,0.441,-2.294,0.049,0.04,0.074,0.045,28.5,39.6,4.086994755691403,7.934001600024788,32.33492464946933,0.3741496598639456,35.69104555647028,26.00287147529667,OAK
Griffin Conine,665052,2026,28,284,323,75,19,29.4,10.5,0.264,0.493,43,140,45,0.259,0.505,0.369,0.369,0.005,-0.012,0.0,42.5,51.6,91.1,39.7,16.4,49.2,103.402180421,96.406974974,68.3,33.3,75.5,44.6,37.2,48.9,41.8,41.8,27.0,23.3,MIA,233,665052,1232,18.9,0.286,0.232,0.333,0.518,0.379,0.355,0.25,16,56,90.0,17.5,2199,89.8,89.85,42,119,114,0.1000000000000085,6.42,117,147,128,153,299,323,301,-3.481,3.481,71.9,7.4,2.669746118,62,40,11,1,0,4,16,25.8,5,8.1,2.33,0.53,0.52,-0.52,92.9,167.0,42.5,17.5,11.29032258064516,5.61,-2.01,-0.17,2.16,0.355,7.0,1.493991416,0.323,0.505,-1.493991416,0.036,0.0319999999999999,0.013,0.024,35.3,35.9,11.406826986122574,1.5309610088578305,27.405647159774,0.5299145299145299,38.99515408912884,30.646231885743653,MIA
Juan Brito,682877,2026,24,106,115,26,3,22.6,6.1,0.245,0.387,14,41,13,0.237,0.365,0.3,0.288,0.008,0.022,0.012,4.6,61.1,85.3,33.3,6.2,30.9,96.383502439,92.27398642,71.9,32.1,82.5,49.0,27.2,51.6,55.6,43.2,21.0,22.2,CIN,118,682877,471,25.1,0.192,0.0,0.227,0.192,0.209,0.2,0.168,5,26,84.5,19.6,2288,89.3,89.26,14,63,55,0.0,6.35,114,146,110,153,283,317,294,2.769,-2.769,66.8,7.3,2.42930692,28,22,5,0,0,0,4,14.3,2,7.1,2.41,0.51,0.29,-0.29,90.5,131.0,27.27272727272727,0.0,0.0,5.54,-1.82,-0.13,2.21,0.25,0.0,-2.346610169,0.227,0.206,2.346610169,0.024,0.0229999999999999,-0.014,0.009,22.2,35.9,12.545048475724556,-7.966202881089807,30.604541189675924,0.6290322580645161,35.946975972585776,33.57385248547104,CIN
Brayan Rocchio,677587,2026,25,534,592,135,15,14.4,6.4,0.253,0.391,73,209,66,0.246,0.35,0.311,0.294,0.007,0.041,0.017,6.4,50.2,87.0,34.9,2.9,30.0,96.81810991,92.455591951,68.9,33.2,86.7,47.0,22.1,50.0,43.2,41.5,25.5,25.5,CLE,156,677587,2255,6.9,0.4,0.333,0.417,0.733,0.514,0.376,0.309,12,30,90.0,15.6,2290,91.0,91.19,11,65,91,0.2000000000000028,6.41,114,145,104,150,284,319,299,-5.261,5.261,68.1,7.3,7.167459061,35,26,6,4,0,2,4,11.4,4,11.4,2.14,0.64,0.46,-0.46,91.3,155.0,26.923076923076923,0.0,0.0,5.79,-1.79,-0.22,2.25,0.486,0.0,3.372435897,0.408,0.442,-3.372435897,0.091,0.078,0.291,0.138,16.9,41.6,8.768615073510132,-6.658831000529584,29.42439070099291,0.365079365079365,32.30784971538989,32.37250648450025,CLE
Jake McCarthy,664983,2026,28,547,596,159,15,15.9,5.0,0.291,0.475,83,260,80,0.274,0.41,0.349,0.321,0.017,0.065,0.028,15.8,50.3,85.3,37.2,5.4,28.1,97.079708165,92.561288575,79.3,37.8,87.2,47.0,21.3,57.3,38.5,45.9,21.0,27.3,COL,162,664983,1959,8.3,0.239,0.13,0.27,0.37,0.28,0.344,0.295,11,46,86.1,8.9,2375,89.5,90.12,16,87,75,0.5999999999999943,6.44,117,146,97,152,291,331,304,1.006,-1.006,67.3,6.9,5.171828653,48,38,8,1,1,1,8,16.7,1,2.1,2.43,0.43,0.15,-0.15,90.8,150.0,32.432432432432435,5.405405405405405,4.166666666666666,5.68,-2.1,-0.1,2.2,0.271,2.0,-0.620987654,0.325,0.469,0.620987654,-0.056,-0.0539999999999999,-0.099,-0.064,18.4,37.2,8.434720249332301,-5.715154200311368,33.63375745155334,0.5348837209302325,39.90356402551128,28.10577155992704,COL
Rece Hinds,677956,2026,25,63,71,9,0,45.1,7.0,0.143,0.222,6,14,2,0.134,0.174,0.198,0.184,0.009,0.048,0.014,36.6,35.3,88.2,27.3,0.0,36.4,100.54652625,94.586568065,74.2,39.5,65.2,41.8,45.2,54.0,27.3,39.4,24.2,27.3,BAL,37,677956,287,12.9,0.25,0.0,0.375,0.25,0.223,0.11,0.116,3,12,83.2,22.0,2332,89.3,89.15,10,23,14,-0.2000000000000028,6.35,108,153,126,147,298,328,289,1.316,-1.316,73.6,7.7,1.217421248,12,8,3,0,0,0,4,33.3,0,0.0,2.16,0.74,0.04,0.04,90.3,127.0,12.5,0.0,0.0,5.92,-1.95,0.35,2.21,0.25,0.0,-3.556756757,0.116,0.14,3.556756757,0.134,0.134,0.11,0.113,43.5,43.2,9.161290687898145,-7.334025884235596,36.90266127945829,0.391304347826087,38.97409133685086,32.53616219101777,BAL
Alex Jackson,656577,2026,30,69,73,21,1,32.9,2.7,0.304,0.406,5,28,12,0.187,0.258,0.331,0.222,0.117,0.148,0.109,29.7,55.0,86.1,24.4,2.2,33.3,98.4834205,93.24664175,72.7,41.0,81.3,48.7,30.1,56.3,44.4,53.3,24.4,20.0,TBD,6,656577,272,2.2,0.0,0.0,,0.0,0.0,0.0,,0,1,,,2417,92.0,92.87,1,2,4,0.9000000000000057,6.75,111,154,124,145,301,329,293,0.276,-0.276,72.5,8.1,2.906875248,1,0,0,0,0,0,1,100.0,0,0.0,1.87,0.83,0.23,0.23,109.6,6.0,,,,5.87,-1.34,0.39,2.24,0.0,,-4.6,,,4.6,,,,0.0,50.0,45.8,14.566803968467951,-16.64954804588524,33.28482611385578,1.0,38.23840820713001,40.49131674511163,TBD
Bryce Teodosio,669326,2026,27,70,76,15,0,35.5,6.6,0.214,0.243,6,17,8,0.171,0.232,0.234,0.21,0.043,0.011,0.024,2.5,42.1,82.3,20.5,4.5,20.5,94.943635714,91.591553659,71.7,39.7,71.4,49.2,40.6,55.4,25.0,50.0,18.2,13.6,LAA,49,669326,258,19.0,0.2,0.0,0.333,0.2,0.211,0.184,0.162,3,15,80.0,3.1,2308,90.5,90.53,11,29,20,0.0,6.38,106,151,109,147,296,318,287,1.323,-1.323,65.9,6.6,6.233735945,16,9,3,0,0,0,6,37.5,1,6.3,2.23,0.61,0.33,0.33,89.6,117.0,22.22222222222222,0.0,0.0,5.58,-1.81,0.26,2.47,0.25,0.0,-2.7,0.214,0.185,2.7,0.038,0.036,0.015,0.027,37.9,34.6,6.894615062570208,-2.7069934426090274,31.19355885634792,0.2758620689655172,39.2203551388957,31.769876346643496,LAA
Christian Encarnacion-Strand,687952,2026,26,195,213,54,11,25.8,5.2,0.277,0.513,39,100,25,0.248,0.483,0.358,0.332,0.029,0.03,0.026,33.8,53.7,89.5,35.7,14.0,37.8,100.754412535,94.581771761,75.9,46.4,81.2,46.1,28.6,60.0,45.5,35.0,31.5,24.5,BAL,175,687952,796,22.0,0.341,0.25,0.406,0.591,0.41,0.273,0.218,15,44,84.7,23.6,2322,89.2,89.13,33,103,72,-0.1000000000000085,6.43,108,151,122,145,303,323,287,-4.521,4.521,71.0,7.3,3.371979594,48,34,8,5,0,2,11,22.9,1,2.1,2.37,0.56,0.25,0.25,90.8,157.0,29.411764705882355,5.88235294117647,4.166666666666666,5.56,-2.15,0.29,2.24,0.375,2.0,2.583428571,0.263,0.363,-2.583428571,0.123,0.1119999999999999,0.228,0.137,32.0,36.0,13.464328481503578,1.465995898101892,33.50809068512369,0.4583333333333333,39.72232644806333,28.505625145300723,BAL
Freddy Fermin,666023,2026,31,232,265,47,4,21.1,7.9,0.203,0.315,24,73,22,0.211,0.315,0.265,0.27,-0.008,0.0,-0.005,6.2,53.9,87.5,35.0,3.8,29.0,96.85415191,92.569154068,71.7,34.0,85.2,47.3,26.6,51.8,39.3,39.3,27.3,25.1,SD,79,666023,1018,7.8,0.294,0.118,0.417,0.412,0.329,0.211,0.15,5,17,86.7,11.5,2363,90.5,90.72,11,44,35,0.2000000000000028,6.4,103,147,114,144,295,324,294,-0.373,0.373,64.8,7.5,5.548808456,20,12,3,2,0,0,6,30.0,2,10.0,2.26,0.55,0.21,0.21,90.0,144.0,25.0,0.0,0.0,5.95,-2.03,0.08,2.22,0.35,0.0,0.472151899,0.229,0.229,-0.472151899,0.144,0.1209999999999999,0.183,0.118,25.0,40.6,14.772911689629344,-4.204392741810879,36.05362396519679,0.5454545454545454,33.78463894618124,32.24326190583853,SD
Jordan Walker,691023,2026,24,609,667,164,29,26.1,7.5,0.269,0.466,102,284,97,0.263,0.462,0.344,0.34,0.006,0.004,0.004,85.5,48.3,92.6,32.3,13.2,49.9,104.782178227,96.841838884,71.1,35.9,78.7,46.1,32.3,52.1,38.7,42.8,24.4,24.6,STL,227,691023,2398,9.5,0.123,0.07,0.167,0.193,0.19,0.26,0.19,7,57,92.8,5.1,2331,91.6,92.01,45,115,112,0.4000000000000057,6.52,108,152,123,147,308,330,293,6.677,-6.677,76.5,8.4,4.642952817,63,37,5,1,0,1,20,31.7,6,9.5,2.25,0.49,0.34,0.34,93.9,111.0,59.45945945945946,10.81081081081081,6.349206349206349,5.67,-1.96,0.35,2.27,0.206,4.0,-2.941409692,0.267,0.309,2.941409692,-0.067,-0.061,-0.116,-0.07,39.1,36.7,4.445241527211276,-8.771961227654021,26.421782836187536,0.4732142857142857,41.37531260351201,33.097022699288715,STL
Josh Smith,669701,2026,28,212,243,43,6,23.0,10.3,0.203,0.321,15,68,23,0.204,0.32,0.275,0.276,-0.001,0.001,-0.001,2.7,43.8,85.9,32.5,6.3,30.0,96.888717922,92.448959545,61.3,34.1,88.2,48.0,24.3,47.2,35.0,40.6,31.9,21.3,TOR,207,669701,982,21.1,0.154,0.205,0.154,0.359,0.245,0.236,0.189,6,39,86.9,25.3,2239,90.1,89.99,21,97,110,-0.0999999999999943,6.31,117,147,107,152,284,320,299,3.358,-3.358,66.9,6.9,4.206467133,43,28,2,2,0,2,12,27.9,2,4.7,2.41,0.44,0.42,-0.42,90.3,162.0,37.03703703703704,0.0,0.0,5.71,-1.71,-0.08,2.33,0.209,0.0,-1.622222222,0.243,0.288,1.622222222,-0.035,-0.034,0.071,0.009,21.6,36.1,10.359737761786146,-5.551199365244623,34.90374857082926,0.40625,33.13231577247529,32.07766611270745,TOR
Jeremy Peña,665161,2026,28,447,483,124,22,24.0,5.0,0.277,0.477,56,213,82,0.268,0.431,0.347,0.326,0.009,0.046,0.021,16.3,61.3,88.6,35.0,7.2,39.2,99.832845689,93.995355988,74.5,39.3,81.5,45.5,31.8,55.3,48.2,43.4,25.7,24.0,HOU,216,665161,1776,12.2,0.268,0.339,0.345,0.607,0.379,0.335,0.238,15,56,87.8,27.1,2289,90.3,90.48,49,122,94,0.2000000000000028,6.46,107,151,121,146,299,327,291,-1.836,1.836,71.3,7.7,5.791576058,60,34,7,2,1,5,23,38.3,1,1.7,2.3,0.53,0.31,0.31,92.3,172.0,38.23529411764706,17.647058823529413,10.0,5.79,-2.04,0.24,2.15,0.3,6.0,0.85,0.274,0.519,-0.85,0.03,0.0259999999999999,0.088,0.044,40.2,37.7,14.280882962912372,-9.295217069265664,31.686581445629617,0.6050420168067226,37.57353389036038,33.66051537851282,HOU
Drew Gilbert,687551,2026,25,340,393,81,11,18.1,9.9,0.238,0.394,43,134,53,0.26,0.4,0.32,0.334,-0.022,-0.006,-0.014,6.3,42.1,86.8,36.5,5.9,37.2,98.388191045,93.199814328,59.6,25.1,88.7,48.6,22.4,41.8,43.4,43.4,20.4,25.5,SF,161,687551,1567,10.3,0.29,0.323,0.286,0.613,0.427,0.408,0.31,9,31,88.3,11.0,2225,91.0,91.49,14,63,98,0.5,6.58,116,144,104,149,291,320,299,-2.345,2.345,68.1,7.4,2.885061546,36,24,5,1,0,3,7,19.4,4,11.1,2.19,0.7,0.45,-0.45,91.6,151.0,54.16666666666666,12.5,8.333333333333332,5.84,-1.68,-0.09,2.23,0.389,3.0,1.456521739,0.406,0.535,-1.456521739,-0.02,-0.017,0.078,0.019,22.2,43.1,6.407344832641203,-0.240287168455503,29.2553598575421,0.3015873015873015,37.38333687333151,26.39934820822273,SF
Dustin Harris,687957,2026,26,133,152,39,0,13.2,7.2,0.293,0.383,19,51,24,0.278,0.36,0.326,0.314,0.015,0.023,0.012,3.1,42.3,85.2,39.8,1.7,19.5,95.003306607,91.511742857,65.1,33.2,87.5,48.5,19.3,48.7,50.0,41.5,19.5,31.4,SD,238,687957,532,44.7,0.323,0.129,0.357,0.452,0.351,0.315,0.291,20,62,85.5,15.1,2278,90.2,90.64,25,120,118,0.3999999999999915,6.5,117,145,105,151,290,325,300,-1.463,1.463,65.6,6.6,4.282103649,67,56,15,2,3,0,7,10.4,3,4.5,2.34,0.5,0.45,-0.45,90.9,149.0,21.428571428571427,3.571428571428571,2.985074626865672,5.67,-1.99,-0.17,2.16,0.358,2.0,0.614705882,0.33,0.393,-0.614705882,0.032,0.0279999999999999,0.059,0.036,20.8,35.0,14.649598590694197,-9.90493148960553,38.76274618318051,0.3898305084745763,33.690938383422726,36.13871287520903,SD
Jonah Heim,641680,2026,31,358,390,73,13,17.9,6.9,0.204,0.366,43,131,34,0.227,0.361,0.275,0.285,-0.023,0.005,-0.01,11.4,54.1,87.3,33.0,5.9,32.3,97.523598,92.806524966,66.3,33.6,86.0,49.5,21.4,49.8,39.2,44.0,26.5,21.3,OAK,155,641680,1457,10.6,0.1,0.025,0.121,0.125,0.127,0.235,0.213,4,40,82.5,9.1,2346,91.6,91.88,15,72,83,0.3000000000000113,6.5,111,151,122,148,294,323,294,6.813,-6.813,68.8,7.5,2.053777563,42,33,3,1,0,0,7,16.7,2,4.8,2.24,0.51,0.28,0.15,91.2,154.0,21.21212121212121,0.0,0.0,5.6,-1.85,0.04,2.46,0.143,0.0,-4.395483871,0.25,0.28,4.395483871,-0.113,-0.107,-0.155,-0.108,20.8,36.4,6.476580821023848,1.092935441167227,26.62851362031135,0.4347826086956521,38.88676027671168,28.712222254434973,OAK
Kyle Teel,691019,2026,24,119,144,25,5,35.4,13.2,0.21,0.361,26,43,21,0.211,0.375,0.317,0.321,-0.001,-0.014,-0.004,29.0,40.3,85.7,41.4,11.4,47.1,100.879383824,94.639000588,64.4,31.3,76.8,42.6,35.6,45.4,40.0,38.6,30.0,27.1,CWS,204,691019,612,33.3,0.25,0.25,0.333,0.5,0.394,0.352,0.179,9,36,88.4,11.8,2276,89.6,89.89,35,89,115,0.3000000000000113,6.47,114,143,119,150,288,323,303,-2.519,2.519,70.1,6.8,2.582036412,47,21,6,0,0,3,16,34.0,8,17.0,2.44,0.44,0.35,-0.35,91.7,170.0,52.38095238095239,14.285714285714285,6.382978723404255,5.65,-1.85,-0.04,2.35,0.404,3.0,1.234803922,0.352,0.444,-1.234803922,0.071,0.052,0.056,0.042,39.3,34.8,13.88599039410672,2.037583121408656,37.99751366670291,0.3820224719101123,37.12735527472092,30.81848013343148,CWS
Nathan Lukes,664770,2026,31,408,450,113,10,14.2,5.6,0.277,0.387,41,158,48,0.258,0.348,0.317,0.293,0.019,0.039,0.024,3.2,43.7,86.9,30.8,2.5,29.1,96.384292965,92.230606851,66.3,34.1,86.8,50.1,15.9,50.2,31.6,54.0,19.5,22.0,TOR,193,664770,1755,11.0,0.306,0.02,0.341,0.327,0.298,0.32,0.291,15,49,88.2,6.6,2242,90.5,90.49,8,102,91,0.0,6.33,117,146,103,150,283,320,302,0.657,-0.657,66.3,6.3,1.482725477,53,44,14,1,0,0,6,11.3,3,5.7,2.24,0.57,0.43,-0.43,90.8,160.0,38.63636363636363,4.545454545454546,3.7735849056603774,5.73,-1.72,0.02,2.29,0.34,2.0,-0.340414508,0.328,0.401,0.340414508,0.015,0.012,-0.074,-0.022,7.8,37.9,5.076804717208694,11.69478658500082,30.677774184843503,0.3626373626373626,37.63594998908364,25.5385624325336,TOR
Colt Keith,690993,2026,24,384,423,99,10,19.9,7.6,0.258,0.406,36,156,51,0.272,0.423,0.321,0.333,-0.014,-0.017,-0.012,19.7,48.9,88.7,38.1,7.6,42.1,100.101906954,94.295002159,62.8,24.6,86.0,50.2,22.3,43.8,37.4,39.7,25.2,26.8,DET,130,690993,1611,8.1,0.231,0.231,0.294,0.462,0.348,0.308,0.217,6,26,84.8,17.4,2225,88.4,88.73,16,57,73,0.2999999999999971,6.5,113,144,125,151,290,331,303,-0.182,0.182,70.1,7.0,3.793879016,30,18,2,3,0,1,8,26.7,3,10.0,2.47,0.49,0.25,-0.25,92.6,156.0,44.44444444444444,11.11111111111111,6.666666666666667,5.7,-2.21,0.11,2.11,0.333,2.0,0.14,0.322,0.357,-0.14,0.014,0.011,0.105,0.04,28.1,36.6,12.681878531755448,-4.025129554011642,34.895196907737265,0.4561403508771929,34.82257607019508,29.33621652292333,DET
Spencer Horwitz,687462,2026,28,385,451,94,10,16.2,12.0,0.244,0.364,49,140,45,0.226,0.345,0.319,0.31,0.018,0.019,0.009,4.5,49.4,86.8,30.3,5.7,30.3,97.056959177,92.586667152,58.5,24.5,91.1,47.9,16.4,40.8,40.4,41.0,27.8,22.1,PIT,158,687462,1810,8.7,0.182,0.061,0.231,0.242,0.245,0.287,0.237,6,33,84.9,10.8,2206,90.7,90.78,12,70,88,0.0999999999999943,6.3,119,146,123,151,288,319,299,1.59,-1.59,65.6,6.8,3.309142129,39,26,4,2,0,0,8,20.5,5,12.8,2.17,0.64,0.44,-0.44,90.0,162.0,19.230769230769237,0.0,0.0,6.02,-1.69,-0.17,2.34,0.282,0.0,-1.006329114,0.33,0.291,1.006329114,-0.055,-0.048,-0.049,-0.042,17.1,41.6,7.753261891471714,2.3326500799172334,35.5983466405475,0.3582089552238806,33.626930386461424,28.19627879572984,PIT
Andrés Giménez,665926,2026,27,468,508,114,9,18.5,3.3,0.244,0.359,59,168,38,0.237,0.333,0.286,0.276,0.007,0.026,0.01,4.2,50.8,85.4,29.9,3.4,24.9,95.861947351,91.931251541,73.3,43.9,84.8,47.7,24.2,57.9,39.9,45.4,23.1,22.3,TOR,146,665926,1878,7.8,0.278,0.083,0.323,0.361,0.331,0.352,0.307,10,36,87.7,17.8,2253,90.0,89.94,17,83,63,-0.0999999999999943,6.31,118,147,101,151,284,320,299,0.114,-0.114,66.3,6.8,2.909422452,41,31,7,3,0,0,5,12.2,3,7.3,2.35,0.52,0.31,-0.31,90.8,152.0,32.25806451612903,3.225806451612903,2.4390243902439024,5.57,-1.68,-0.01,2.3,0.366,1.0,-0.078082192,0.392,0.39,0.078082192,-0.029,-0.026,-0.029,-0.021,20.5,35.4,10.929569842573317,-0.7555363943519925,31.02522359121195,0.5662650602409639,37.24073858600743,30.580858585372567,TOR
Tristan Peters,671976,2026,26,437,491,116,12,18.3,7.5,0.265,0.437,56,191,63,0.248,0.384,0.34,0.314,0.017,0.053,0.026,7.3,56.2,87.5,33.1,5.4,34.1,98.255124545,93.229307788,74.7,32.6,83.5,49.9,23.0,53.6,51.3,40.8,28.6,22.4,CWS,192,671976,1771,10.8,0.149,0.064,0.2,0.213,0.21,0.241,0.177,7,47,89.0,17.8,2254,90.2,90.67,20,105,87,0.5,6.58,117,144,108,150,290,325,299,4.351,-4.351,68.2,7.0,1.966641686,52,35,4,3,0,0,12,23.1,2,3.8,2.42,0.43,0.42,-0.42,91.4,130.0,42.85714285714285,2.857142857142857,1.9230769230769231,5.76,-2.05,-0.11,2.18,0.231,1.0,-2.266145833,0.256,0.265,2.266145833,-0.028,-0.0249999999999999,-0.052,-0.031,19.0,37.0,13.58131928069883,-3.50212281482044,30.86456969537696,0.5904761904761905,39.71088572370861,28.9075086644072,CWS
Aaron Sabato,693306,2026,27,6,6,0,0,50.0,0.0,0.0,0.0,0,0,0,0.088,0.165,0.0,0.106,-0.088,-0.165,-0.106,58.3,75.0,92.2,33.3,0.0,66.7,96.316665,93.544443333,84.6,22.2,81.8,59.1,23.1,59.1,33.3,66.7,33.3,0.0,MIN,11,693306,22,50.0,0.0,0.0,0.0,0.0,0.0,0.121,0.077,0,3,95.6,26.0,2312,89.4,89.79,2,6,5,0.3999999999999915,6.66,106,153,126,149,302,326,294,0.795,-0.795,67.3,7.0,1.244421726,3,1,0,0,0,0,2,66.7,0,0.0,2.16,0.72,0.49,0.49,89.9,208.0,100.0,0.0,0.0,5.38,-2.13,0.42,2.26,0.0,0.0,-7.227272727,0.077,0.215,7.227272727,-0.077,-0.077,-0.215,-0.121,33.3,26.3,9.0685862227138,9.299174452170996,26.369701013836583,0.8333333333333334,43.04766027241954,25.587018462318994,MIN
Patrick Bailey,672275,2026,27,310,345,64,10,26.7,8.1,0.206,0.335,37,104,31,0.24,0.398,0.271,0.307,-0.034,-0.063,-0.036,30.1,39.4,90.5,36.6,7.7,42.4,100.12206633,94.504192064,69.6,31.2,84.1,47.8,26.8,49.6,36.2,42.4,26.8,25.0,CLE,146,672275,1363,10.7,0.278,0.194,0.421,0.472,0.352,0.306,0.239,10,36,88.1,6.4,2292,90.0,90.2,22,72,74,0.2000000000000028,6.45,115,145,112,150,288,321,299,-0.699,0.699,70.0,7.4,2.526578617,39,21,7,1,0,2,15,38.5,2,5.1,2.39,0.47,0.37,-0.37,92.1,171.0,42.85714285714285,14.285714285714285,7.6923076923076925,5.79,-1.8,-0.08,2.24,0.333,3.0,0.478767123,0.298,0.4,-0.478767123,0.039,0.035,0.072,0.046,30.6,39.2,9.423582886528344,-3.932610021572072,35.87404454091304,0.3478260869565217,37.07206383831743,31.145848978314422,CLE
Nick Sogard,686765,2026,28,239,277,61,5,20.2,11.2,0.255,0.385,19,92,29,0.251,0.355,0.325,0.311,0.004,0.03,0.014,4.7,50.8,86.8,38.1,4.8,28.6,96.712474831,92.356740899,56.7,24.5,87.9,47.9,20.4,39.9,43.9,39.2,22.8,28.0,BOS,185,686765,1127,16.4,0.225,0.125,0.286,0.35,0.289,0.281,0.237,9,40,85.7,18.3,2284,89.4,89.42,17,72,113,0.0,6.41,118,147,107,152,281,323,303,0.458,-0.458,66.4,6.9,1.610153525,44,29,6,2,0,1,11,25.0,3,6.8,2.43,0.47,0.43,-0.43,90.1,159.0,20.689655172413797,3.4482758620689653,2.272727272727273,5.65,-1.89,-0.16,2.24,0.295,1.0,-0.247567568,0.306,0.321,0.247567568,-0.012,-0.011,0.029,0.008,23.6,35.3,11.672019389385373,-0.6685173481920783,35.265489060772786,0.4571428571428571,34.49405210092801,37.02859142032251,BOS
Xander Bogaerts,593428,2026,33,520,606,120,13,18.0,12.7,0.231,0.344,57,179,68,0.248,0.376,0.306,0.325,-0.017,-0.032,-0.019,28.5,51.6,89.6,27.9,5.5,42.3,100.312911827,94.537029735,61.1,22.8,85.3,48.9,23.1,41.5,44.0,52.2,23.3,20.4,SD,246,593428,2376,10.4,0.292,0.229,0.353,0.521,0.407,0.333,0.238,14,48,92.3,7.1,2259,90.5,91.13,21,99,147,0.5999999999999943,6.53,108,150,121,146,298,325,295,-2.391,2.391,69.7,7.0,3.394066328,58,36,8,3,1,2,12,20.7,10,17.2,2.3,0.5,0.45,0.45,92.7,106.0,47.22222222222222,2.7777777777777777,1.7241379310344829,5.68,-1.83,0.13,2.1,0.414,1.0,0.97195122,0.369,0.358,-0.97195122,0.054,0.0449999999999999,0.163,0.074,21.2,38.2,8.767652580899519,-4.826402661573807,32.68473413106399,0.5052631578947369,34.54629746065935,33.23901378374571,SD
Salvador Perez,521692,2026,36,580,627,133,21,19.0,4.0,0.229,0.383,78,222,50,0.25,0.439,0.285,0.316,-0.021,-0.056,-0.031,18.9,56.9,89.2,35.3,10.7,42.7,100.401931111,94.391887885,72.4,44.6,86.2,41.8,25.0,56.2,40.2,38.5,30.1,25.2,KC,206,521692,2349,8.8,0.294,0.216,0.3,0.51,0.365,0.405,0.324,15,51,91.7,9.5,2383,88.2,88.62,28,112,94,0.3999999999999915,6.53,109,153,127,147,300,327,299,-1.351,1.351,70.7,7.8,3.619271513,54,43,10,2,0,3,8,14.8,2,3.7,2.51,0.45,-0.14,-0.14,92.4,169.0,44.18604651162791,16.27906976744186,12.962962962962962,5.58,-2.03,0.43,2.2,0.333,7.0,0.655825243,0.361,0.589,-0.655825243,-0.03,-0.0279999999999999,-0.079,-0.04,25.0,34.9,12.50367136274937,-2.7936371537044464,34.23923586617522,0.6146788990825688,40.400404531373816,29.670334223663826,KC
Steven Kwan,680757,2026,28,539,637,152,3,9.7,13.3,0.282,0.349,32,188,80,0.278,0.343,0.334,0.329,0.004,0.006,0.005,0.3,31.7,83.9,40.6,0.4,10.5,92.155845128,90.116779572,51.2,19.8,95.2,51.0,8.2,35.7,27.0,41.9,22.3,30.9,CLE,201,680757,2625,7.7,0.447,0.237,0.471,0.684,0.519,0.418,0.376,17,38,85.0,10.9,2276,91.8,91.99,4,63,138,0.2000000000000028,6.39,114,146,102,150,280,317,299,-6.627,6.627,61.1,6.0,0.960976512,45,35,11,4,1,1,3,6.7,7,15.6,1.94,0.79,0.38,-0.38,89.8,144.0,22.857142857142858,0.0,0.0,5.82,-1.72,-0.11,2.4,0.533,0.0,3.297014925,0.473,0.467,-3.297014925,0.071,0.06,0.217,0.101,6.3,40.9,-0.4288207747354992,3.7472087294119225,38.7644540845339,0.3064516129032258,31.09897647742392,26.51818359916536,CLE
Eugenio Suárez,553993,2026,34,434,498,92,26,33.9,10.4,0.212,0.433,74,188,50,0.201,0.379,0.324,0.303,0.011,0.054,0.021,22.9,50.2,88.5,37.3,12.5,36.2,99.429068636,93.792559886,65.9,28.5,79.3,46.9,33.8,46.0,47.0,33.6,32.5,23.5,CIN,159,553993,2039,7.8,0.282,0.359,0.35,0.641,0.413,0.451,0.294,11,39,93.1,27.3,2288,91.7,92.05,27,85,74,0.3999999999999915,6.55,105,153,125,147,302,321,295,-2.903,2.903,71.9,7.8,3.30167816,42,24,5,2,0,4,15,35.7,1,2.4,2.15,0.6,0.62,0.62,92.4,157.0,58.333333333333336,29.166666666666668,16.666666666666664,5.61,-1.81,0.21,2.22,0.333,7.0,1.825786164,0.344,0.739,-1.825786164,-0.012,-0.0109999999999999,-0.098,-0.038,31.8,35.3,17.626008577314494,-3.896523904368844,39.35951970497341,0.5119047619047619,33.91756373851534,34.40113446036162,CIN
Kyle Schwarber,656941,2026,33,581,701,135,45,31.4,15.0,0.232,0.503,97,292,95,0.236,0.487,0.368,0.364,-0.004,0.016,0.004,74.6,67.4,92.3,37.3,15.6,49.3,103.53204776,96.326214481,66.4,26.1,77.5,45.1,33.1,44.3,54.2,31.3,31.9,26.4,PHI,284,656941,3026,9.4,0.174,0.174,0.2,0.348,0.32,0.376,0.227,8,46,92.3,19.8,2212,89.3,89.67,33,122,162,0.4000000000000057,6.55,120,145,133,152,299,329,301,-1.02,1.02,74.1,7.4,3.466606385,58,32,4,2,0,2,14,24.1,12,20.7,2.28,0.61,0.46,-0.46,93.8,166.0,46.875,9.375,5.172413793103448,5.63,-2.07,-0.18,2.2,0.345,3.0,0.35915493,0.387,0.463,-0.35915493,-0.053,-0.042,-0.115,-0.056,27.0,40.0,13.70640413277791,-5.977957023580265,28.225733987232275,0.6333333333333333,34.618763098425326,32.6853352261644,PHI
Pedro Pagés,686780,2026,27,189,211,41,4,26.5,6.6,0.217,0.312,12,59,14,0.218,0.329,0.264,0.273,-0.001,-0.017,-0.009,24.5,43.9,86.7,30.9,4.3,37.7,99.310410149,93.682204776,64.3,34.9,85.4,47.8,28.1,49.1,38.1,44.6,27.3,18.0,STL,28,686780,879,3.2,0.25,0.0,0.5,0.25,0.426,0.46,0.27,1,4,97.5,21.0,2383,94.5,95.27,2,5,23,0.7999999999999972,6.79,109,152,128,149,300,313,290,-0.497,0.497,72.7,7.5,3.025708944,7,2,1,0,0,0,2,28.6,3,42.9,1.91,0.68,0.52,0.52,94.3,258.0,50.0,0.0,0.0,5.61,-1.79,0.47,2.23,0.571,0.0,1.775,0.583,0.38,-1.775,-0.02,-0.012,-0.13,-0.034,40.0,35.8,12.759297339870631,-11.273644734448531,28.636863016250068,0.6,39.65703465013956,38.70205150329272,STL
Angel Genao,694197,2026,22,127,139,27,2,15.1,7.9,0.213,0.291,6,37,15,0.239,0.333,0.261,0.286,-0.026,-0.042,-0.025,24.4,42.1,90.8,19.8,4.7,51.9,100.531471698,94.899928491,65.8,26.7,86.4,45.1,23.0,44.3,37.7,69.8,12.3,15.1,CLE,86,694197,519,16.6,0.095,0.0,0.111,0.095,0.161,0.276,0.231,2,21,88.6,-7.6,2334,91.6,91.86,7,34,52,0.3000000000000113,6.43,114,142,100,147,285,321,298,3.889,-3.889,69.3,6.6,1.858335286,24,18,2,0,0,0,3,12.5,3,12.5,2.22,0.53,0.45,-0.45,93.3,101.0,50.0,0.0,0.0,5.67,-1.73,-0.09,2.26,0.208,0.0,-4.522093023,0.327,0.26,4.522093023,-0.136,-0.119,-0.165,-0.115,20.6,36.0,0.2501636099362532,11.435565272430042,29.187906792818417,0.2424242424242424,35.6737231134484,25.31976058912034,CLE
Mark Vientos,668901,2026,26,274,295,58,13,24.1,5.1,0.212,0.394,41,108,28,0.231,0.433,0.283,0.304,-0.019,-0.039,-0.021,34.5,62.0,89.8,31.1,9.7,43.7,100.784554369,94.654892913,74.4,35.2,79.7,47.8,31.1,53.9,37.4,43.7,29.6,17.5,NYM,27,668901,1068,2.5,0.375,0.125,0.5,0.5,0.38,0.246,0.255,3,8,90.3,9.7,2281,89.9,90.14,4,14,13,0.1999999999999886,6.47,101,152,119,145,307,329,301,0.119,-0.119,75.6,7.5,1.175084262,8,6,2,1,0,0,2,25.0,0,0.0,2.26,0.61,0.39,0.39,92.7,93.0,33.33333333333333,0.0,0.0,5.62,-2.19,-0.05,2.33,0.375,0.0,-0.440740741,0.255,0.315,0.440740741,0.12,0.12,0.185,0.134,28.6,31.7,11.866746547112474,5.03014143814721,30.523530874297325,0.7142857142857143,36.228649796681296,27.60811582821896,NYM
Jeremiah Jackson,669236,2026,26,277,293,60,10,23.5,3.4,0.217,0.365,45,101,29,0.236,0.385,0.264,0.282,-0.019,-0.02,-0.018,30.5,62.8,89.2,29.7,8.0,37.7,100.146694762,94.308516048,76.5,36.8,81.5,50.0,27.8,56.6,40.6,50.5,23.1,19.3,BAL,127,669236,1064,11.9,0.107,0.214,0.077,0.321,0.196,0.222,0.162,3,28,84.9,2.2,2355,90.5,90.59,18,61,66,0.0999999999999943,6.5,108,150,120,147,305,320,285,4.128,-4.128,68.4,7.3,3.384497438,29,15,1,0,0,2,13,44.8,1,3.4,2.18,0.67,0.25,0.25,90.2,166.0,26.666666666666668,13.333333333333334,6.896551724137931,5.5,-2.04,0.22,2.22,0.138,2.0,-3.250393701,0.19,0.325,3.250393701,-0.055,-0.0519999999999999,-0.004,-0.026,29.5,31.8,10.888163515752574,1.5262686326785624,25.41287696706864,0.639344262295082,40.35725179390057,29.147403771409262,BAL
Ha-Seong Kim,673490,2026,30,129,147,15,0,25.9,10.9,0.116,0.14,9,18,11,0.157,0.206,0.18,0.222,-0.041,-0.066,-0.042,17.5,51.5,85.9,21.7,2.2,25.0,95.452664545,91.828525172,58.0,26.8,86.7,50.9,20.2,42.7,41.3,40.2,28.3,17.4,ATL,104,673490,637,16.3,0.111,0.0,0.167,0.111,0.249,0.266,0.129,2,18,81.8,28.3,2313,92.1,92.35,9,43,61,0.3000000000000113,6.49,104,149,113,143,304,322,287,1.25,-1.25,64.2,6.4,3.234188051,24,12,2,0,0,0,6,25.0,6,25.0,2.01,0.8,0.44,0.44,88.7,144.0,16.666666666666664,0.0,0.0,5.66,-1.82,0.08,2.37,0.333,0.0,-1.201923077,0.347,0.153,1.201923077,-0.018,-0.0139999999999999,-0.042,-0.017,20.9,39.3,2.003666512785439,3.562333392333403,25.44249237265292,0.2682926829268293,31.89368785109518,29.01559956721288,ATL
Andy Pages,681624,2026,25,511,574,140,23,19.7,8.5,0.274,0.468,85,239,75,0.274,0.442,0.352,0.343,0.0,0.026,0.009,28.5,44.7,88.9,37.4,7.9,42.3,99.860630297,94.161986015,65.9,31.6,88.9,45.5,22.1,47.2,37.6,37.6,27.5,26.7,LAD,81,681624,2334,3.5,0.308,0.538,0.286,0.846,0.514,0.425,0.263,4,13,91.8,18.9,2354,90.3,90.96,9,28,53,0.7000000000000028,6.62,109,152,122,146,295,322,293,-3.222,3.222,70.9,8.0,4.935540359,19,9,1,1,0,2,5,26.3,4,21.1,2.23,0.6,0.06,0.06,91.5,204.0,55.55555555555556,22.22222222222222,10.526315789473683,5.98,-1.58,0.4,2.24,0.474,2.0,3.977777778,0.446,0.558,-3.977777778,0.045,0.0279999999999999,0.288,0.089,32.1,41.4,7.070289133243825,-3.401974045828972,40.22438282645013,0.3928571428571428,37.95964129162561,28.097519560773332,LAD
Eliezer Alfonzo,672613,2026,26,28,28,5,0,10.7,0.0,0.179,0.25,4,7,3,0.211,0.29,0.185,0.215,-0.032,-0.04,-0.03,4.5,44.4,91.3,40.0,0.0,32.0,98.6623025,93.612612917,74.5,34.0,94.3,50.0,13.7,54.3,40.0,44.0,28.0,24.0,TBD,4,672613,94,4.3,0.0,0.0,,0.0,0.0,0.0,,0,1,,,2318,93.9,93.42,1,3,1,-0.5,5.95,112,146,133,152,289,315,296,0.241,-0.241,67.0,6.9,,1,0,0,0,0,0,1,100.0,0,0.0,1.3,1.28,0.78,-0.78,88.0,207.0,,,,5.55,-2.23,-0.17,2.81,0.0,,-6.025,,,6.025,,,,0.0,33.3,29.8,-2.5976390313357918,11.041928479440628,31.146833251759467,0.0,37.21355040434574,13.018961080999816,TBD
Trevor Larnach,663616,2026,29,383,433,103,13,18.2,10.4,0.269,0.436,48,167,57,0.259,0.394,0.347,0.327,0.01,0.042,0.02,23.2,44.3,87.7,38.0,7.5,36.7,99.019390592,93.514289046,60.3,29.7,86.0,47.0,26.8,44.1,44.6,39.0,23.6,28.5,MIN,63,663616,1694,3.7,0.4,0.467,0.444,0.867,0.555,0.297,0.225,6,15,83.5,7.9,2275,91.3,91.85,9,34,29,0.6000000000000085,6.57,124,147,125,153,294,326,298,-2.995,2.995,70.9,6.9,6.57465167,17,11,3,1,0,2,4,23.5,2,11.8,2.05,0.71,0.35,-0.35,89.1,168.0,9.090909090909092,9.090909090909092,5.88235294117647,5.83,-1.77,-0.03,2.32,0.471,1.0,4.753968254,0.316,0.342,-4.753968254,0.175,0.1549999999999999,0.525,0.258,26.5,46.1,7.029676986972211,-10.271619233311686,32.80569015062386,0.3939393939393939,36.22916932608048,36.93848218765213,MIN
Nick Madrigal,663611,2026,29,54,63,15,0,4.8,11.1,0.278,0.315,3,17,8,0.238,0.291,0.313,0.293,0.04,0.024,0.02,1.0,44.9,88.1,30.8,0.0,26.9,96.477529615,92.324574423,68.5,30.4,96.5,51.9,7.5,50.2,30.8,51.9,21.2,25.0,TBD,12,663611,239,5.0,0.5,0.0,0.5,0.5,0.445,0.334,0.357,2,4,92.8,-1.5,2204,87.3,87.82,0,6,6,0.5,6.77,114,152,111,150,294,318,275,-0.263,0.263,66.3,6.8,,4,4,2,0,0,0,0,0.0,0,0.0,2.21,0.81,-0.05,-0.05,93.0,95.0,50.0,0.0,0.0,6.0,-1.42,0.41,2.38,0.5,0.0,2.191666667,0.357,0.393,-2.191666667,0.143,0.143,0.107,0.111,0.0,47.5,3.893814341420804,1.1885598214117592,29.963569720085584,0.6666666666666666,33.89746856982869,27.81946367181908,TBD
Nate Eaton,681987,2026,29,50,60,8,1,26.7,13.3,0.16,0.26,6,13,4,0.186,0.299,0.268,0.289,-0.026,-0.039,-0.021,22.5,50.0,87.0,38.2,5.9,32.4,97.907528824,92.983453235,70.8,29.1,75.3,46.0,31.7,48.3,52.9,29.4,23.5,35.3,BOS,39,681987,261,14.9,0.25,0.0,0.286,0.25,0.275,0.321,0.289,2,8,91.6,15.4,2448,90.9,91.36,5,18,21,0.5,6.53,101,152,112,148,295,323,287,0.451,-0.451,68.3,6.9,0.99177529,9,7,2,0,0,0,1,11.1,1,11.1,1.93,0.85,0.32,0.32,92.6,179.0,42.85714285714285,0.0,0.0,5.48,-1.84,0.46,2.27,0.333,0.0,-1.156410256,0.368,0.339,1.156410256,-0.039,-0.0349999999999999,-0.089,-0.046,27.8,30.3,5.540568764708688,-19.061636652028227,30.979532016432533,0.5,35.41939102157447,36.92867479205477,BOS
Dylan Beavers,687637,2026,24,324,363,74,9,27.3,9.6,0.228,0.373,44,121,41,0.219,0.369,0.302,0.295,0.009,0.004,0.007,21.3,46.9,87.8,38.3,8.4,38.3,99.418492655,93.865557644,60.5,23.8,83.2,49.7,25.3,42.0,40.1,35.2,32.2,24.7,BAL,228,687637,1507,15.1,0.16,0.2,0.172,0.36,0.271,0.289,0.189,8,50,87.8,27.8,2216,89.8,89.82,27,99,129,0.0,6.46,116,146,111,151,292,323,295,2.713,-2.713,71.0,7.3,2.549702182,56,32,4,1,0,3,18,32.1,6,10.7,2.17,0.72,0.47,-0.47,91.8,201.0,37.5,15.625,8.928571428571429,5.57,-2.17,-0.13,2.43,0.25,5.0,-1.189912281,0.276,0.382,1.189912281,-0.029,-0.026,-0.022,-0.018,27.3,36.5,10.783381162443025,-3.764852607873333,40.85732044192766,0.4591836734693877,33.849954152627575,33.080054089213604,BAL
Adael Amador,691182,2026,23,83,95,23,4,12.6,10.5,0.277,0.482,16,40,17,0.207,0.311,0.365,0.274,0.07,0.171,0.091,7.3,39.8,83.2,23.6,6.9,25.0,96.024202778,92.169791268,76.6,24.7,88.4,51.9,16.2,51.6,51.4,51.4,19.4,20.8,COL,171,691182,374,45.7,0.237,0.211,0.212,0.447,0.331,0.277,0.211,9,38,85.0,4.5,2342,91.1,91.63,12,82,89,0.5,6.38,116,146,106,152,292,331,302,0.582,-0.582,66.9,6.7,2.288338505,42,35,5,2,0,2,3,7.1,3,7.1,2.17,0.58,0.3,-0.3,90.9,116.0,28.57142857142857,8.571428571428571,7.142857142857142,5.76,-1.78,-0.14,2.22,0.31,3.0,-0.340350877,0.286,0.328,0.340350877,0.026,0.024,0.119,0.054,14.6,38.8,1.6334564085071086,-0.7136914075941554,30.495265225227616,0.4050632911392405,33.553735377383774,32.56045490934355,COL
Jake Burger,669394,2026,30,556,620,127,28,26.9,9.0,0.228,0.421,90,234,71,0.227,0.42,0.316,0.314,0.001,0.001,0.002,62.2,59.5,90.1,29.3,12.3,45.3,102.402481173,95.51435624,67.0,35.5,80.1,45.0,34.2,49.6,44.3,43.5,29.3,18.8,TEX,234,669394,2338,10.0,0.111,0.133,0.12,0.244,0.237,0.267,0.147,5,45,86.4,13.9,2297,89.5,89.79,45,110,124,0.2999999999999971,6.5,107,148,120,143,299,327,293,3.569,-3.569,71.6,7.3,3.747266155,55,27,3,0,0,2,19,34.5,9,16.4,2.25,0.63,0.23,0.23,90.7,168.0,22.22222222222222,7.4074074074074066,3.636363636363636,5.62,-1.82,0.28,2.21,0.255,2.0,-1.525213675,0.289,0.274,1.525213675,-0.036,-0.0339999999999999,-0.03,-0.03,40.9,35.9,8.438603576177067,-0.385505738068797,25.210574430300888,0.5963302752293578,42.51933852230408,27.832282618338795,TEX
James Wood,695578,2026,23,513,623,136,30,28.7,16.4,0.265,0.503,77,258,106,0.271,0.548,0.383,0.403,-0.006,-0.045,-0.02,68.8,43.1,95.4,36.7,18.6,58.9,106.450190888,98.576997389,56.8,21.3,81.8,46.0,30.1,37.6,34.0,47.6,24.6,26.0,WSH,213,695578,2642,8.1,0.278,0.028,0.435,0.306,0.346,0.362,0.25,10,36,97.1,5.7,2217,90.5,91.22,16,70,143,0.7000000000000028,6.69,120,148,135,153,302,329,312,-1.292,1.292,74.4,7.2,2.898494349,46,23,9,1,0,0,13,28.3,10,21.7,2.32,0.5,0.51,-0.51,95.1,160.0,69.56521739130434,8.695652173913043,4.3478260869565215,5.76,-2.03,-0.22,2.42,0.435,2.0,0.60657277,0.4,0.397,-0.60657277,0.028,0.0349999999999999,-0.091,-0.016,22.9,39.1,7.609647051629099,3.880941290364077,36.896258896214725,0.4428571428571428,37.77312186961155,32.66164998658042,WSH
Zac Veen,691728,2026,24,69,79,16,3,39.2,8.9,0.232,0.435,13,30,10,0.194,0.338,0.327,0.275,0.038,0.097,0.052,25.5,42.2,87.4,37.5,7.5,37.5,100.314036316,94.543508649,76.5,41.8,67.0,39.3,40.5,55.4,40.0,40.0,42.5,17.5,COL,125,691728,304,41.1,0.214,0.143,0.313,0.357,0.289,0.271,0.227,6,28,88.9,24.2,2361,92.3,92.66,21,66,59,0.4000000000000057,6.33,121,147,108,153,294,335,304,-0.377,0.377,72.6,7.2,2.056523092,31,17,4,1,0,1,11,35.5,3,9.7,1.98,0.7,0.28,-0.28,91.2,179.0,35.294117647058826,0.0,0.0,5.75,-2.05,0.03,2.57,0.29,0.0,0.3016,0.301,0.296,-0.3016,-0.013,-0.011,0.061,0.018,31.8,38.2,14.838896343540108,-4.01060866017642,32.10314559016537,0.5076923076923077,35.766049876075414,34.32632770883942,COL
Brandon Nimmo,607043,2026,33,593,655,154,14,22.7,7.8,0.26,0.405,62,240,65,0.267,0.441,0.32,0.338,-0.007,-0.036,-0.018,28.5,52.2,92.1,34.2,8.9,50.4,101.759062902,95.658360626,72.5,29.0,82.8,51.2,23.9,51.2,32.8,42.0,26.6,27.9,TEX,194,607043,2568,7.6,0.149,0.085,0.241,0.234,0.196,0.188,0.153,7,47,91.7,10.5,2260,89.9,90.11,35,107,87,0.1999999999999886,6.43,121,147,120,151,291,326,299,4.867,-4.867,71.0,7.2,2.431966449,50,29,3,4,0,0,18,36.0,3,6.0,2.27,0.59,0.44,-0.44,91.9,137.0,55.172413793103445,0.0,0.0,5.65,-1.76,0.04,2.28,0.2,0.0,-2.508762887,0.204,0.207,2.508762887,-0.004,-0.0039999999999999,0.027,0.008,32.7,36.0,9.899876826336437,-0.5206237318268279,29.156112227167565,0.6039603960396039,37.99015639213626,32.03351087661298,TEX
Jonah Cox,813841,2026,24,151,169,38,4,38.5,5.9,0.252,0.384,16,58,26,0.209,0.319,0.3,0.256,0.043,0.065,0.044,5.5,49.6,88.3,34.4,5.4,35.5,98.945106923,93.713279091,71.0,33.8,68.9,50.3,37.3,52.5,21.5,50.5,22.6,23.7,SF,165,813841,639,25.8,0.211,0.026,0.4,0.237,0.21,0.217,0.212,8,38,89.0,10.6,2353,91.8,92.2,33,83,82,0.4000000000000057,6.52,102,152,106,146,304,320,287,3.186,-3.186,65.2,6.4,1.604326417,40,20,7,1,0,0,18,45.0,1,2.5,1.98,0.75,0.28,0.28,90.2,164.0,40.0,0.0,0.0,5.79,-1.82,0.38,2.31,0.231,0.0,-1.930909091,0.233,0.259,1.930909091,-0.001,-0.002,-0.022,-0.007,39.8,40.7,8.11700890048269,10.506076492433424,35.584808765708324,0.4814814814814814,33.12881705768557,26.882516201162574,SF
Wade Meckler,685133,2026,26,300,337,90,3,18.7,9.5,0.3,0.387,27,116,43,0.263,0.359,0.341,0.314,0.037,0.028,0.027,2.2,46.2,86.9,33.9,2.9,33.5,96.774560086,92.481747662,65.9,23.1,89.3,48.9,20.8,44.0,33.5,53.6,18.8,25.9,LAA,193,685133,1213,15.9,0.308,0.115,0.364,0.423,0.35,0.315,0.267,16,52,88.0,10.3,2143,90.7,90.94,13,85,108,0.2000000000000028,6.45,109,145,103,149,289,320,303,-0.188,0.188,68.4,6.8,3.886229082,57,44,11,4,1,0,8,14.0,4,7.0,2.31,0.5,0.5,-0.5,91.3,156.0,40.909090909090914,4.545454545454546,3.508771929824561,5.68,-1.83,-0.14,2.1,0.368,2.0,0.097409326,0.331,0.379,-0.097409326,0.041,0.0369999999999999,0.044,0.035,15.3,35.1,13.434824077622716,2.741727672307994,41.189943216829526,0.4761904761904761,34.68475204810483,32.03773267208614,LAA
Amed Rosario,642708,2026,30,227,244,54,10,23.4,5.7,0.238,0.405,34,92,28,0.25,0.424,0.297,0.309,-0.012,-0.019,-0.012,41.0,50.0,90.2,34.7,10.4,39.3,101.20099,94.834235434,72.2,40.8,82.7,46.3,26.7,55.3,36.4,43.4,25.4,24.9,TBD,15,642708,881,1.7,0.167,0.0,0.2,0.167,0.148,0.16,0.171,1,6,84.9,1.4,2218,88.1,88.13,0,7,8,0.0,6.44,104,152,123,148,305,323,285,0.967,-0.967,75.1,7.3,,6,5,1,0,0,0,1,16.7,0,0.0,2.53,0.48,0.52,0.52,90.8,128.0,20.0,0.0,0.0,5.77,-1.16,0.19,1.93,0.167,0.0,-6.446666667,0.171,0.193,6.446666667,-0.004,-0.004,-0.026,-0.012,0.0,41.7,5.461315990655879,0.0791949019589437,30.931353779581052,0.7142857142857143,29.010982253940863,30.058098111005705,TBD
Vinnie Pasquantino,686469,2026,28,421,481,105,17,15.8,10.6,0.249,0.428,63,180,54,0.256,0.441,0.331,0.338,-0.007,-0.013,-0.007,10.8,58.6,90.0,36.3,9.5,41.7,99.863712586,94.360170316,66.1,30.6,91.7,44.8,15.2,46.5,43.7,30.9,31.7,25.7,KC,216,686469,1916,11.3,0.292,0.417,0.242,0.708,0.451,0.466,0.326,14,48,92.9,22.5,2329,89.4,89.81,13,105,111,0.3999999999999915,6.52,118,143,123,149,297,327,302,-6.291,6.291,70.9,7.5,2.013328584,54,39,6,2,0,6,9,16.7,5,9.3,2.42,0.46,0.16,-0.16,94.4,197.0,53.84615384615385,20.51282051282051,14.814814814814811,5.67,-1.97,0.07,2.33,0.37,8.0,2.9125,0.401,0.713,-2.9125,-0.034,-0.031,-0.005,-0.015,12.4,36.9,13.59358049852166,-10.087664790771752,31.234539197134023,0.5142857142857142,39.9164572663281,31.745694997570524,KC
Isiah Kiner-Falefa,643396,2026,31,161,183,39,2,14.8,10.4,0.242,0.311,16,50,23,0.256,0.319,0.29,0.297,-0.014,-0.008,-0.007,3.7,40.2,82.5,32.8,2.2,25.5,94.66774,91.634413462,66.2,31.8,91.2,46.5,17.7,47.8,39.4,50.4,16.1,23.4,BOS,110,643396,663,16.6,0.154,0.038,0.19,0.192,0.224,0.25,0.19,4,26,84.2,3.4,2330,90.3,90.46,9,49,61,0.2000000000000028,6.49,105,148,109,145,294,319,286,2.33,-2.33,63.9,6.5,3.120254383,30,21,3,1,0,0,5,16.7,4,13.3,2.25,0.6,0.41,0.41,90.4,131.0,23.809523809523807,0.0,0.0,5.53,-1.81,0.27,2.19,0.267,0.0,-2.118181818,0.298,0.229,2.118181818,-0.036,-0.0309999999999999,-0.037,-0.026,18.4,35.0,0.4430059028518008,3.940304321341703,30.802526975698093,0.3125,35.28227248395211,28.03829606099451,BOS
Alejandro Kirk,672386,2026,27,277,313,77,10,12.1,10.5,0.278,0.415,43,115,26,0.263,0.368,0.333,0.308,0.015,0.047,0.025,15.6,51.3,88.0,32.6,3.7,38.8,99.504610744,93.893597884,58.3,29.1,90.3,49.6,15.8,43.5,24.0,50.8,18.6,24.8,TOR,215,672386,1229,17.5,0.295,0.068,0.333,0.364,0.345,0.328,0.266,13,44,84.8,2.3,2342,90.5,90.44,11,96,119,-0.0999999999999943,6.34,108,149,121,146,308,324,288,-1.062,1.062,68.8,6.9,2.655355403,51,37,12,0,0,1,7,13.7,7,13.7,2.38,0.45,0.29,0.29,90.6,138.0,27.027027027027028,2.702702702702702,1.96078431372549,5.72,-1.8,0.18,2.05,0.392,1.0,0.493953488,0.367,0.352,-0.493953488,0.029,0.025,0.012,0.017,11.5,36.7,4.226579187723145,11.589654443483274,22.977922473432148,0.431578947368421,39.26287013250162,27.621231303901325,TOR
Keibert Ruiz,660688,2026,27,332,354,93,10,10.5,4.5,0.28,0.443,48,147,44,0.247,0.374,0.328,0.289,0.033,0.069,0.039,0.8,57.2,88.1,33.9,5.0,36.6,98.084002838,93.093035608,66.6,38.7,93.3,50.0,14.2,52.6,58.7,37.9,28.9,23.2,WSH,86,660688,1131,7.6,0.226,0.161,0.214,0.387,0.262,0.301,0.256,7,31,86.7,22.8,2140,89.2,89.68,9,56,30,0.5,6.56,116,144,119,150,292,319,299,1.789,-1.789,66.4,7.2,4.968112895,31,29,4,2,0,1,2,6.5,0,0.0,2.49,0.42,0.58,-0.58,92.3,160.0,34.48275862068966,10.344827586206897,9.67741935483871,5.81,-1.93,-0.05,2.11,0.226,3.0,-2.080232558,0.256,0.45,2.080232558,-0.03,-0.03,-0.063,-0.039,16.1,40.3,8.622697646471577,-12.88988913986766,32.64442016826105,0.4642857142857143,33.60366925356056,41.18650048493189,WSH
Coby Mayo,691723,2026,24,412,454,94,24,30.4,7.9,0.228,0.461,63,190,64,0.235,0.478,0.328,0.336,-0.007,-0.017,-0.008,58.3,48.2,91.3,34.5,13.5,47.3,103.504519203,96.350757345,63.5,31.3,83.4,46.9,29.6,46.4,50.9,34.5,35.3,20.0,BAL,248,691723,1880,13.2,0.24,0.32,0.258,0.56,0.369,0.403,0.264,12,50,90.4,14.2,2401,88.5,88.46,25,110,138,0.0,6.43,107,152,125,146,303,324,287,-3.837,3.837,74.1,7.0,3.607215928,55,35,4,4,0,4,15,27.3,5,9.1,2.46,0.52,0.05,0.05,92.6,157.0,40.0,17.142857142857142,10.909090909090908,5.66,-2.03,0.4,2.29,0.309,6.0,1.547177419,0.331,0.63,-1.547177419,-0.024,-0.022,-0.07,-0.034,22.7,39.2,10.776151996979326,-14.159807008577475,37.10367459196484,0.5339805825242718,34.98394603301005,38.69843768125308,BAL
Jackson Chourio,694192,2026,22,522,573,152,25,23.4,8.2,0.291,0.487,75,254,96,0.265,0.475,0.361,0.344,0.026,0.012,0.017,46.6,66.3,91.6,33.3,12.3,47.0,102.267018667,95.707575064,63.4,33.8,85.3,47.1,25.1,47.8,30.0,45.1,30.8,19.7,MIL,205,694192,2207,9.3,0.269,0.115,0.343,0.385,0.328,0.364,0.286,14,52,91.0,12.3,2393,90.3,90.63,32,98,107,0.2999999999999971,6.52,109,150,115,146,308,323,287,-1.824,1.824,71.7,7.3,3.332693997,60,37,12,0,0,2,16,26.7,7,11.7,2.39,0.52,0.26,0.26,93.1,150.0,45.94594594594595,8.108108108108109,5.0,5.6,-1.66,0.08,2.17,0.35,3.0,0.889756098,0.368,0.456,-0.889756098,-0.017,-0.018,-0.071,-0.036,32.7,35.1,8.684740009844978,4.56453014070843,27.47119787061025,0.6326530612244898,38.84409268404263,28.599496460635265,MIL
Kyle Tucker,663656,2026,29,540,627,126,17,16.7,12.4,0.233,0.385,70,208,90,0.256,0.393,0.318,0.331,-0.023,-0.008,-0.013,19.3,45.3,88.5,34.2,6.4,36.3,98.257582237,93.315781621,74.3,23.9,86.0,48.8,20.8,48.5,42.0,36.5,34.9,21.8,LAD,196,663656,2465,8.0,0.283,0.217,0.282,0.5,0.375,0.351,0.264,13,46,88.0,20.3,2267,89.1,89.16,12,92,104,0.1000000000000085,6.29,116,146,124,152,296,324,298,-2.605,2.605,70.5,7.1,2.093201059,54,41,8,2,1,2,6,11.1,7,13.0,2.63,0.33,0.27,-0.27,90.9,171.0,24.390243902439025,9.75609756097561,7.4074074074074066,5.85,-1.71,-0.12,2.29,0.37,4.0,1.329081633,0.356,0.447,-1.329081633,0.019,0.014,0.053,0.024,13.0,37.6,8.650844771566085,-4.713558336715273,37.47254447491866,0.4044943820224719,35.68366405203642,27.5467989171286,LAD
Matthew Lugo,683090,2026,25,14,15,2,0,40.0,6.7,0.143,0.143,0,2,0,0.089,0.105,0.165,0.125,0.054,0.038,0.04,50.0,50.0,83.9,12.5,0.0,12.5,91.132795,89.9284025,76.2,40.0,75.0,37.5,46.7,53.6,50.0,50.0,12.5,12.5,KC,17,683090,56,30.4,0.25,0.0,0.25,0.25,0.318,0.25,0.143,1,4,85.7,25.3,2392,90.6,90.89,1,8,9,0.3000000000000113,6.35,110,149,104,147,297,322,298,-0.229,0.229,74.4,7.9,4.586742828,5,4,1,0,0,0,0,0.0,1,20.0,2.16,0.61,0.01,0.01,88.6,158.0,0.0,0.0,0.0,5.72,-1.68,0.46,2.24,0.4,0.0,1.347058824,0.315,0.175,-1.347058824,0.107,0.085,0.075,0.068,12.5,35.5,15.330975550358676,-6.481563886303444,28.92973999193622,0.875,44.33678523006868,30.90155396623597,KC
Kody Clemens,665019,2026,30,531,583,127,27,21.8,6.7,0.239,0.46,81,244,74,0.254,0.456,0.327,0.334,-0.015,0.004,-0.007,12.6,63.1,91.9,33.7,11.3,46.1,101.037748366,95.114954901,68.3,32.6,83.5,48.5,24.4,49.9,47.1,39.3,32.7,22.0,MIN,175,665019,2250,7.8,0.25,0.227,0.235,0.477,0.335,0.33,0.269,11,44,89.7,13.9,2275,90.1,90.51,17,92,83,0.4000000000000057,6.59,109,144,112,151,296,330,301,-0.814,0.814,70.8,7.2,1.273917805,47,37,7,1,0,3,7,14.9,3,6.4,2.33,0.52,0.43,-0.43,92.3,142.0,45.94594594594595,8.108108108108109,6.382978723404255,5.84,-2.19,-0.11,2.27,0.298,3.0,0.465142857,0.316,0.443,-0.465142857,-0.019,-0.018,0.034,0.005,18.5,38.6,10.50697023048582,0.2447046753459583,28.3596701195232,0.5824175824175825,35.99283832424673,31.15969233857165,MIN
Brewer Hicklen,676551,2026,30,39,47,10,0,34.0,17.0,0.256,0.385,3,15,9,0.207,0.32,0.348,0.306,0.049,0.065,0.042,28.9,62.8,89.9,30.4,8.7,39.1,99.804775,94.192042174,73.8,27.7,71.2,46.0,43.5,48.9,60.9,43.5,21.7,30.4,ATL,44,676551,174,25.3,0.154,0.077,0.25,0.231,0.204,0.218,0.155,2,13,83.4,2.5,2185,92.8,92.97,12,27,17,0.2000000000000028,6.48,108,150,116,145,302,324,290,1.6,-1.6,72.0,7.5,3.273749065,14,8,1,1,0,0,5,35.7,1,7.1,1.79,0.88,0.82,0.82,91.3,158.0,25.0,12.5,7.142857142857142,5.85,-1.95,-0.02,2.52,0.214,1.0,-3.636363636,0.215,0.269,3.636363636,-0.001,-0.001,-0.038,-0.014,44.4,42.5,11.774930807670255,-2.956906853198592,25.70154066938172,0.6923076923076923,35.78800415444728,30.3812756603812,ATL
Xavier Edwards,669364,2026,26,518,595,145,6,13.9,11.4,0.28,0.371,52,192,61,0.258,0.356,0.325,0.311,0.022,0.015,0.014,2.4,44.7,86.8,36.3,3.2,28.4,96.430260463,92.25030956,65.5,24.4,89.3,47.1,17.6,43.8,28.6,48.2,22.7,24.8,MIA,70,669364,2321,3.0,0.2,0.0,0.333,0.2,0.239,0.198,0.135,3,15,85.1,2.1,2285,90.6,90.58,10,30,40,0.0,6.42,116,146,104,151,287,321,298,1.213,-1.213,65.2,6.3,1.841372629,17,9,3,0,0,0,6,35.3,2,11.8,2.09,0.73,0.52,-0.52,88.9,155.0,11.11111111111111,0.0,0.0,5.77,-1.4,-0.21,2.21,0.294,0.0,-1.732857143,0.237,0.166,1.732857143,0.065,0.0569999999999999,0.034,0.041,33.3,38.2,6.481263811460144,1.197276433470621,30.087382555977307,0.4666666666666667,33.57385745834943,29.58036678275665,MIA
J.P. Crawford,641487,2026,31,412,489,91,14,19.8,13.1,0.221,0.352,40,145,54,0.234,0.359,0.312,0.319,-0.013,-0.007,-0.007,17.8,45.8,87.7,32.8,6.3,34.7,97.972608726,93.060590096,56.3,19.7,88.3,50.7,17.2,38.2,37.5,47.5,22.5,20.9,SEA,180,641487,2077,8.7,0.171,0.146,0.156,0.317,0.243,0.278,0.211,7,41,86.4,20.3,2218,89.8,90.33,11,72,108,0.5,6.48,121,147,107,152,286,324,303,3.074,-3.074,70.0,7.5,5.689851338,44,34,5,0,0,2,7,15.9,2,4.5,2.24,0.61,0.27,-0.27,90.7,147.0,26.47058823529412,5.88235294117647,4.545454545454546,5.81,-2.06,0.0,2.27,0.227,2.0,-1.707777778,0.265,0.367,1.707777778,-0.04,-0.038,-0.05,-0.035,15.3,37.7,7.348288492467555,-5.590479643911338,32.2433611328069,0.4285714285714285,35.08665924552791,39.805686954562944,SEA
Cal Raleigh,663728,2026,29,451,530,82,23,30.9,13.6,0.182,0.368,69,166,49,0.191,0.396,0.297,0.312,-0.009,-0.028,-0.015,51.4,46.0,90.1,33.3,14.1,40.0,100.527092466,94.597682955,69.9,35.8,77.4,42.6,31.7,50.4,51.5,26.5,43.3,17.5,SEA,179,663728,2284,7.8,0.135,0.081,0.208,0.216,0.216,0.229,0.157,5,37,90.9,34.5,2226,90.0,90.46,31,99,80,0.5,6.45,117,145,128,150,303,330,300,4.524,-4.524,74.3,7.9,3.057916765,42,24,2,3,0,0,13,31.0,5,11.9,2.26,0.58,0.21,-0.21,91.5,188.0,33.33333333333333,4.166666666666666,2.380952380952381,5.77,-2.2,-0.15,2.31,0.238,1.0,-2.527374302,0.257,0.226,2.527374302,-0.022,-0.019,-0.01,-0.013,31.3,36.4,15.266486002481416,-3.7939195418759706,35.17345536931648,0.4242424242424242,34.62194332829184,33.70107629665617,SEA
Cole Young,702284,2026,22,577,638,142,17,17.1,6.9,0.246,0.381,66,220,76,0.259,0.39,0.308,0.316,-0.013,-0.009,-0.008,21.6,48.0,88.3,33.1,5.1,37.5,99.048189106,93.636134222,66.7,30.6,85.7,48.6,19.6,48.1,41.7,42.8,26.3,22.0,SEA,139,702284,2425,5.7,0.258,0.097,0.269,0.355,0.338,0.297,0.218,8,31,87.7,10.1,2213,89.8,90.19,10,60,79,0.4000000000000057,6.41,114,147,109,151,294,327,303,-0.771,0.771,71.3,6.9,0.877088311,37,27,7,0,0,1,4,10.8,5,13.5,2.11,0.74,0.35,-0.35,91.3,150.0,29.629629629629623,3.7037037037037033,2.702702702702702,5.73,-2.2,-0.12,2.34,0.378,1.0,0.554676259,0.345,0.287,-0.554676259,0.04,0.033,0.068,0.041,16.7,32.8,6.095129542071338,1.3254795374142476,30.793337083412425,0.4745762711864407,30.80136454458761,28.14901865716778,SEA
Dominic Smith,642086,2026,31,269,300,68,9,16.0,7.7,0.253,0.383,46,103,40,0.239,0.378,0.304,0.301,0.014,0.005,0.003,6.7,48.5,87.8,34.4,5.8,32.6,97.752079911,92.955381652,67.3,31.0,86.8,47.6,21.5,48.3,36.1,40.5,29.1,24.7,TBD,42,642086,1163,3.6,0.125,0.375,0.0,0.5,0.345,0.413,0.242,1,8,92.2,7.8,2241,93.3,93.43,4,16,26,0.1000000000000085,6.39,127,148,124,152,294,323,302,-0.121,0.121,67.6,6.5,0.658104486,10,6,0,0,0,1,2,20.0,2,20.0,1.85,0.8,0.65,-0.65,92.7,199.0,50.0,16.666666666666664,10.0,5.85,-1.85,-0.18,2.19,0.3,1.0,0.288095238,0.394,0.57,-0.288095238,-0.117,-0.094,-0.07,-0.068,25.0,39.4,3.357970258642401,1.3447028086953203,29.237024623244807,0.3125,37.24582001851383,31.94173892133829,TBD
Samuel Basallo,694212,2026,21,360,399,80,18,26.6,8.0,0.222,0.406,54,146,40,0.234,0.439,0.303,0.318,-0.012,-0.033,-0.015,44.5,53.0,90.4,30.7,12.1,42.8,102.043554531,95.284916523,69.8,39.9,79.1,43.4,31.5,52.9,43.6,44.7,27.6,22.2,BAL,109,694212,1462,7.5,0.185,0.111,0.2,0.296,0.218,0.319,0.26,5,27,92.5,14.5,2339,89.3,89.32,16,57,52,0.0,6.41,120,148,126,152,298,326,300,1.558,-1.558,70.7,7.4,2.576687462,29,21,4,0,0,1,7,24.1,1,3.4,2.49,0.43,0.13,-0.13,93.3,133.0,47.61904761904761,9.523809523809524,6.896551724137931,5.84,-1.62,-0.02,2.18,0.207,2.0,-1.429357798,0.277,0.484,1.429357798,-0.075,-0.07,-0.188,-0.101,28.1,44.6,11.977597179567006,0.8380757805704759,34.58177324421428,0.6071428571428571,34.25273254185806,33.14269540144519,BAL
Shay Whitcomb,694376,2026,27,116,122,24,4,28.7,3.3,0.207,0.336,13,39,9,0.214,0.374,0.249,0.265,-0.007,-0.038,-0.016,15.2,66.0,86.7,36.1,10.8,33.7,99.240647805,93.721216667,65.1,34.6,90.0,47.6,27.5,49.1,36.1,38.6,28.9,22.9,SF,125,694376,452,27.7,0.267,0.133,0.318,0.4,0.302,0.332,0.279,8,30,87.2,10.4,2354,90.6,91.22,15,62,63,0.6000000000000085,6.61,108,152,120,147,304,322,293,0.73,-0.73,67.8,7.3,2.778179307,31,23,6,1,0,1,7,22.6,1,3.2,2.25,0.56,0.32,0.32,91.7,142.0,39.130434782608695,13.043478260869565,9.67741935483871,5.78,-1.73,0.2,2.36,0.29,3.0,-0.584,0.302,0.471,0.584,-0.012,-0.012,-0.071,-0.03,24.2,39.5,9.354800942617365,6.482045720662015,27.448324985216285,0.7288135593220338,39.03017419723766,24.17805817790358,SF
Josh Bell,605137,2026,33,568,631,145,21,19.7,8.2,0.255,0.419,96,238,78,0.256,0.445,0.323,0.335,-0.001,-0.026,-0.012,25.7,57.3,89.9,33.1,9.6,42.0,100.3685028,94.468238022,71.6,29.6,83.7,45.9,22.8,48.9,40.7,42.0,26.7,23.3,MIN,177,605137,2524,7.0,0.237,0.158,0.219,0.395,0.305,0.4,0.312,9,38,91.7,2.6,2228,91.2,91.6,16,86,91,0.3999999999999915,6.56,113,147,130,152,296,332,305,-0.315,0.315,71.6,7.7,1.285182768,43,34,7,0,0,2,5,11.6,4,9.3,2.05,0.73,0.46,-0.46,91.9,152.0,44.11764705882353,14.705882352941178,11.627906976744184,5.8,-2.11,-0.06,2.38,0.302,5.0,0.177966102,0.374,0.569,-0.177966102,-0.075,-0.072,-0.174,-0.095,18.6,37.8,9.65208508440066,1.7325112847058637,33.53401479577786,0.6470588235294118,37.41952957263949,25.882953298761297,MIN
Enrique Hernández,571771,2026,34,90,96,20,4,29.2,6.3,0.222,0.4,12,36,12,0.22,0.367,0.293,0.279,0.002,0.033,0.014,15.0,51.9,89.0,27.4,8.1,40.3,99.942196452,94.153412419,73.1,33.1,87.7,48.8,25.0,52.6,27.4,43.5,22.6,25.8,LAD,81,571771,342,23.7,0.292,0.292,0.294,0.583,0.372,0.34,0.284,7,24,89.9,2.2,2460,89.5,89.83,5,39,42,0.2999999999999971,6.47,103,151,117,145,301,319,293,0.148,-0.148,68.7,7.4,4.736207911,24,19,4,1,0,2,5,20.8,0,0.0,2.49,0.39,-0.11,-0.11,93.1,156.0,52.63157894736842,10.526315789473683,8.333333333333332,5.69,-1.96,0.34,2.18,0.292,2.0,-0.182716049,0.284,0.516,0.182716049,0.008,0.008,0.067,0.032,12.8,38.1,8.09773060949955,0.6847028597699001,28.050052588473505,0.6052631578947368,40.65572967215633,30.93414542119945,LAD
Joc Pederson,592626,2026,34,374,432,88,26,23.6,11.3,0.235,0.487,53,182,56,0.242,0.445,0.352,0.343,-0.007,0.042,0.009,22.5,56.0,92.1,30.9,11.3,50.9,102.047397007,95.678260401,64.8,30.1,78.7,48.6,30.0,47.0,42.9,41.1,31.3,20.7,TEX,66,592626,1732,3.8,0.25,0.438,0.2,0.688,0.441,0.394,0.242,4,16,89.6,12.0,2320,91.9,92.12,10,32,34,0.1999999999999886,6.39,115,144,124,152,294,328,302,-2.916,2.916,72.4,7.5,1.047209572,19,12,1,1,0,2,4,21.1,2,10.5,2.01,0.71,0.63,-0.63,93.2,158.0,50.0,16.666666666666664,10.526315789473683,5.65,-1.84,-0.14,2.45,0.368,2.0,4.418181818,0.362,0.557,-4.418181818,0.008,0.006,0.131,0.047,31.3,34.1,8.807654971976197,-3.754125970287868,27.537134842435268,0.7096774193548387,34.26514994431507,29.43344920791301,TEX
Ketel Marte,606466,2026,32,562,624,140,22,13.8,8.2,0.249,0.432,76,243,78,0.28,0.461,0.323,0.349,-0.031,-0.029,-0.026,46.8,58.8,90.2,31.8,9.4,43.0,101.876199664,95.156620819,67.7,31.5,89.0,46.8,19.7,48.5,48.9,41.4,27.9,23.3,ARI,265,606466,2282,11.6,0.212,0.136,0.22,0.348,0.272,0.361,0.308,14,66,90.9,12.8,2198,89.7,89.85,16,126,139,0.0999999999999943,6.39,114,146,117,153,296,334,302,2.947,-2.947,71.8,7.3,2.867690641,72,60,7,6,0,1,6,8.3,6,8.3,2.34,0.53,0.41,-0.41,92.5,153.0,46.66666666666666,6.666666666666667,5.555555555555555,5.87,-2.09,-0.28,2.42,0.278,4.0,-1.112075472,0.357,0.474,1.112075472,-0.096,-0.0789999999999999,-0.126,-0.089,12.7,39.8,6.631947479346112,-2.650826082540448,30.86061509746836,0.5079365079365079,30.78025401613058,34.22520847706844,ARI
Wilyer Abreu,677800,2026,27,597,681,148,24,20.7,10.4,0.248,0.446,76,266,81,0.253,0.468,0.335,0.346,-0.005,-0.022,-0.011,36.3,51.0,89.8,36.2,12.5,43.5,100.851443463,94.713825411,67.8,29.9,82.4,46.4,24.6,47.5,35.8,33.2,35.8,22.4,BOS,173,677800,2752,6.3,0.121,0.121,0.15,0.242,0.226,0.306,0.201,4,33,90.1,16.6,2263,90.6,90.78,23,77,96,0.2000000000000028,6.48,114,146,124,153,286,328,307,3.063,-3.063,72.9,7.0,0.446939906,38,21,2,1,0,1,12,31.6,5,13.2,2.04,0.78,0.58,-0.58,90.8,163.0,42.85714285714285,14.285714285714285,7.894736842105263,5.63,-2.01,-0.26,2.51,0.237,3.0,-1.770520231,0.306,0.38,1.770520231,-0.08,-0.069,-0.138,-0.08,29.9,33.7,5.834263927490294,6.594923860279343,32.035793091854536,0.48,37.42643961012521,22.970346147148827,BOS
Carter Jensen,695600,2026,22,527,603,126,27,28.2,10.8,0.239,0.467,81,246,80,0.217,0.423,0.341,0.318,0.022,0.044,0.023,37.4,48.8,91.5,33.0,12.7,44.8,102.069247033,95.57430843,67.5,24.1,80.4,47.4,29.7,44.7,41.8,32.7,38.7,19.5,KC,223,695600,2485,9.0,0.313,0.396,0.344,0.708,0.468,0.456,0.277,15,48,92.7,25.0,2356,90.7,90.94,32,108,115,0.2000000000000028,6.43,119,147,120,153,296,327,302,-8.929,8.929,73.4,7.2,2.389489869,56,36,4,7,0,4,12,21.4,7,12.5,2.18,0.63,0.33,-0.33,92.5,199.0,44.44444444444444,25.0,16.071428571428573,5.79,-2.0,-0.12,2.34,0.411,9.0,4.004035874,0.381,0.715,-4.004035874,0.036,0.0299999999999999,-0.007,0.012,29.6,39.7,7.047880035017031,-1.8579296623958688,29.209666642477263,0.4953271028037383,33.946843247694034,33.71781589269672,KC
Brian Navarreto,640459,2026,31,52,61,7,1,34.4,3.3,0.135,0.25,3,13,8,0.124,0.186,0.199,0.172,0.011,0.064,0.027,17.3,58.6,84.6,22.2,5.6,22.2,95.86946875,92.200719032,69.9,39.4,81.0,47.1,32.6,53.8,50.0,55.6,19.4,11.1,MIA,10,640459,240,4.2,0.0,0.0,0.0,0.0,0.0,0.017,0.018,0,3,62.1,-31.0,2126,90.0,89.56,3,6,4,-0.4000000000000057,6.13,101,152,122,145,302,324,296,0.868,-0.868,70.4,7.0,0.82876947,3,1,0,0,0,0,2,66.7,0,0.0,2.48,0.4,0.66,0.66,92.2,126.0,0.0,0.0,0.0,5.7,-1.46,0.12,2.57,0.0,0.0,-8.68,0.018,0.018,8.68,-0.018,-0.018,-0.018,-0.017,50.0,40.1,10.364250033967007,-2.359691565092036,22.741138954070664,0.6666666666666666,36.444668528240825,31.022585383440195,MIA
Oswaldo Cabrera,665828,2026,27,22,25,4,0,36.0,4.0,0.182,0.273,0,6,2,0.164,0.207,0.217,0.183,0.018,0.066,0.034,0.0,47.7,85.9,20.0,0.0,33.3,96.55533,92.650823846,79.6,30.4,79.5,51.6,24.5,55.8,40.0,73.3,6.7,20.0,CIN,17,665828,95,17.9,0.5,0.167,0.6,0.667,0.534,0.38,0.325,3,6,88.6,-7.4,2164,86.5,86.23,2,9,8,-0.2999999999999971,6.39,115,140,95,147,283,321,298,-0.982,0.982,65.9,7.4,9.04738752,7,5,2,1,0,0,1,14.3,1,14.3,2.71,0.46,0.25,-0.25,93.9,149.0,40.0,0.0,0.0,5.49,-2.52,-0.1,2.11,0.571,0.0,5.776470588,0.421,0.434,-5.776470588,0.175,0.1499999999999999,0.233,0.154,22.2,32.4,13.301435041510208,-3.629278436365442,35.10397065115735,0.75,38.38985796182777,33.029799446491964,CIN
Denzer Guzman,694203,2026,22,283,304,62,8,25.7,5.6,0.219,0.336,33,95,33,0.225,0.327,0.267,0.265,-0.006,0.009,0.002,45.6,41.1,86.7,34.3,4.8,34.8,98.32811,93.190886195,73.4,33.6,79.6,49.4,27.0,53.3,43.5,45.9,22.2,25.1,LAA,155,694203,1135,13.7,0.189,0.0,0.269,0.189,0.208,0.243,0.215,7,37,88.1,9.2,2301,89.5,89.79,28,88,67,0.2999999999999971,6.49,109,152,121,146,306,324,297,3.446,-3.446,73.1,8.1,3.128787025,40,26,7,0,0,0,11,27.5,3,7.5,2.45,0.44,0.13,0.13,90.8,130.0,34.61538461538461,0.0,0.0,5.66,-1.89,0.35,2.18,0.25,0.0,-2.223225806,0.274,0.263,2.223225806,-0.026,-0.024,-0.074,-0.035,31.8,34.6,8.066875746086179,-8.206828352146202,33.84241264344986,0.3720930232558139,36.25300724761436,31.948377050179104,LAA
Nico Hoerner,663538,2026,29,628,689,165,8,8.4,6.2,0.263,0.35,72,220,62,0.297,0.375,0.297,0.322,-0.034,-0.025,-0.025,1.5,45.4,85.9,36.7,1.4,29.1,96.122758049,92.086339791,61.7,33.7,95.1,49.9,11.8,47.7,31.7,43.4,20.8,28.2,CHC,231,663538,2450,9.4,0.286,0.016,0.305,0.302,0.287,0.331,0.312,18,63,85.0,8.4,2311,91.0,91.15,12,120,111,0.2000000000000028,6.39,108,148,115,144,297,320,291,2.415,-2.415,66.0,7.2,2.195103723,67,59,17,1,0,0,4,6.0,2,3.0,2.25,0.54,0.34,0.34,90.4,144.0,30.508474576271187,1.694915254237288,1.4925373134328357,5.69,-1.69,0.09,2.27,0.328,1.0,-1.045454545,0.353,0.392,1.045454545,-0.026,-0.0249999999999999,-0.09,-0.044,10.0,37.1,6.067609425269863,-0.5246272780338685,33.141634298932864,0.3949579831932773,36.93431891627271,25.941293765246872,CHC
Fernando Tatis Jr.,665487,2026,27,626,704,181,25,18.5,9.1,0.289,0.47,83,294,96,0.296,0.5,0.358,0.379,-0.007,-0.03,-0.021,64.5,55.5,92.9,32.2,12.7,53.9,104.706101084,97.191219378,67.6,26.4,85.8,47.6,25.9,46.1,33.4,51.3,21.1,23.5,SD,269,665487,2559,10.5,0.333,0.303,0.362,0.636,0.437,0.4,0.295,22,66,93.0,6.8,2310,91.0,91.31,27,126,143,0.2999999999999971,6.41,108,150,119,146,305,333,297,-7.069,7.069,74.3,7.2,3.380667663,73,52,13,3,1,5,14,19.2,5,6.8,2.2,0.57,0.42,0.42,93.3,156.0,51.92307692307693,13.461538461538462,9.58904109589041,5.75,-1.92,0.09,2.25,0.397,7.0,2.627881041,0.353,0.587,-2.627881041,0.038,0.044,0.049,0.037,21.4,36.5,4.7836486609649205,5.6918820395218415,29.472237349271584,0.4959349593495935,40.085089561821285,28.62705893335916,SD
Bo Naylor,666310,2026,26,91,98,14,3,24.5,7.1,0.154,0.275,10,25,5,0.216,0.4,0.22,0.293,-0.062,-0.125,-0.073,14.1,49.1,89.1,31.3,11.9,41.5,99.665642353,94.077166716,65.3,26.7,93.8,47.4,14.6,45.1,38.8,34.3,34.3,20.9,TBD,32,666310,426,7.5,0.333,0.5,0.5,0.833,0.52,0.298,0.189,2,6,86.3,27.0,2447,89.4,89.77,2,15,17,0.3999999999999915,6.55,113,142,114,146,297,325,295,-2.11,2.11,71.6,7.9,4.180446474,7,3,1,0,0,1,3,42.9,1,14.3,2.41,0.48,0.16,-0.16,91.3,177.0,33.33333333333333,33.33333333333333,14.285714285714285,5.56,-1.23,0.1,2.01,0.429,1.0,6.59375,0.305,0.358,-6.59375,0.144,0.124,0.475,0.222,13.3,39.3,14.68696637636566,-11.96406368620529,33.78328863933365,0.2,37.0570493625915,40.341945783396646,TBD
Michael Busch,683737,2026,28,600,710,145,20,23.2,13.0,0.242,0.393,77,236,78,0.233,0.402,0.333,0.331,0.009,-0.009,0.002,5.4,49.6,88.4,34.3,9.1,39.8,98.887664018,93.612834247,64.5,25.0,84.0,47.5,25.7,43.7,39.5,39.8,34.3,21.4,CHC,274,683737,2824,9.7,0.264,0.094,0.371,0.358,0.322,0.319,0.238,14,53,88.2,17.3,2215,90.5,90.78,28,120,154,0.2999999999999971,6.47,118,146,120,151,295,325,304,-1.496,1.496,66.1,6.8,2.397645633,64,36,11,2,0,1,18,28.1,10,15.6,2.32,0.51,0.46,-0.46,90.9,159.0,38.88888888888889,8.333333333333332,4.6875,5.68,-1.83,-0.17,2.26,0.375,3.0,0.545985401,0.335,0.385,-0.545985401,0.026,0.0399999999999999,-0.027,0.003,23.3,36.7,10.518113823808422,1.2494257023779876,34.38028920070156,0.4033613445378151,36.37289433221245,30.752158713318853,CHC
Sean Murphy,669221,2026,31,110,121,20,3,30.6,9.1,0.182,0.3,10,33,11,0.206,0.332,0.252,0.273,-0.024,-0.032,-0.021,29.2,51.8,87.8,26.0,8.2,41.1,100.957310811,94.726213288,67.0,34.3,80.8,48.3,31.9,50.1,49.3,56.2,23.3,16.4,ATL,147,669221,451,32.6,0.147,0.029,0.185,0.176,0.213,0.34,0.258,5,34,90.0,7.1,2360,90.1,90.37,18,75,72,0.3000000000000113,6.53,113,152,121,147,304,327,296,2.025,-2.025,70.3,7.8,4.487936033,39,27,4,1,0,0,7,17.9,5,12.8,2.33,0.65,0.46,0.46,92.2,109.0,48.14814814814815,11.11111111111111,7.6923076923076925,5.54,-1.91,0.08,2.16,0.256,3.0,-1.37755102,0.353,0.411,1.37755102,-0.111,-0.0969999999999999,-0.235,-0.127,24.0,33.4,12.805732764561307,-2.317406258959552,29.834362615720558,0.6486486486486487,41.264309019256274,29.066112062102377,ATL
Julio Rodríguez,677594,2026,25,596,654,147,22,22.2,7.2,0.247,0.401,71,239,69,0.264,0.439,0.31,0.334,-0.017,-0.038,-0.024,67.2,50.2,90.1,31.6,8.8,43.7,102.316356211,95.508712313,68.8,38.6,85.2,44.3,26.5,52.0,39.1,42.6,25.5,24.6,SEA,164,677594,2434,6.7,0.302,0.233,0.314,0.535,0.374,0.349,0.293,13,43,93.4,6.9,2353,89.7,90.15,16,84,80,0.5,6.51,107,150,121,145,309,330,298,-0.389,0.389,73.6,7.6,6.985254745,45,37,7,4,0,2,6,13.3,0,0.0,2.32,0.55,0.08,0.08,93.3,139.0,51.35135135135135,8.108108108108109,6.666666666666667,5.73,-2.02,0.21,2.14,0.333,3.0,0.237195122,0.325,0.481,-0.237195122,0.009,0.008,0.054,0.025,19.0,36.9,6.08475558378315,-3.369541331094168,30.37040862940038,0.4756097560975609,39.55784316537587,31.31761123668184,SEA
Abimelec Ortiz,694673,2026,24,128,136,24,5,26.5,5.1,0.188,0.344,14,44,16,0.211,0.382,0.246,0.271,-0.023,-0.038,-0.025,62.2,54.6,89.7,39.8,7.5,38.7,99.94839,94.273607419,66.4,37.1,85.0,45.8,23.4,50.5,44.1,35.5,32.3,25.8,WSH,153,694673,596,25.7,0.1,0.067,0.158,0.167,0.128,0.202,0.161,3,30,92.0,24.6,2223,90.1,90.89,18,71,82,0.8000000000000114,6.76,114,148,133,153,299,324,304,4.862,-4.862,74.2,7.2,3.723066218,33,19,1,2,0,0,12,36.4,2,6.1,2.35,0.49,0.51,-0.51,92.4,174.0,47.368421052631575,5.263157894736842,3.0303030303030303,5.75,-2.12,-0.11,2.43,0.152,1.0,-3.177777778,0.188,0.273,3.177777778,-0.061,-0.036,-0.106,-0.074,25.4,37.6,7.8365757606704,-7.182378287091314,27.96373365495551,0.5211267605633803,38.84141963784402,35.65693015989239,WSH
Andrew Benintendi,643217,2026,31,421,468,101,15,23.9,8.3,0.24,0.413,78,174,58,0.24,0.398,0.311,0.307,0.0,0.015,0.004,5.0,53.2,89.3,36.4,8.6,45.1,99.117923462,93.899353666,73.1,33.8,78.3,45.8,28.3,51.8,50.6,36.1,32.3,25.0,CWS,178,643217,1772,10.0,0.231,0.154,0.286,0.385,0.297,0.32,0.257,9,39,92.3,18.4,2234,89.3,89.7,27,89,89,0.4000000000000057,6.52,117,144,117,150,293,326,298,0.87,-0.87,68.0,7.1,2.287310303,44,29,5,3,0,1,11,25.0,4,9.1,2.47,0.43,0.5,-0.5,92.1,175.0,51.72413793103448,6.896551724137931,4.545454545454546,5.71,-1.95,-0.34,2.26,0.295,2.0,-0.488764045,0.323,0.406,0.488764045,-0.026,-0.028,-0.021,-0.023,30.3,34.9,14.063735790486811,-6.383470816582879,28.75275542641493,0.7272727272727273,33.37789407490686,38.20250267634415,CWS
Ryan Jeffers,680777,2026,29,317,369,81,14,17.9,12.5,0.256,0.461,56,146,49,0.247,0.43,0.353,0.344,0.009,0.031,0.009,40.5,53.0,88.6,35.8,10.2,40.9,100.699453622,94.550549016,56.3,26.2,89.4,47.3,17.3,40.5,39.4,38.6,28.7,23.6,MIN,128,680777,1533,8.3,0.148,0.074,0.2,0.222,0.223,0.308,0.21,4,27,87.8,21.2,2372,90.9,91.51,14,53,75,0.5999999999999943,6.69,106,151,123,147,302,325,290,1.999,-1.999,70.9,7.2,4.438825702,32,20,2,2,0,0,8,25.0,3,9.4,2.15,0.66,0.21,0.21,91.5,171.0,40.0,5.0,3.125,5.86,-1.79,0.27,2.12,0.25,1.0,-1.56171875,0.318,0.347,1.56171875,-0.062,-0.068,-0.125,-0.085,26.4,42.6,8.199629215759913,-2.75960071288513,29.320007872693083,0.5294117647058824,36.02277693410714,30.6850286411083,MIN
Iván Herrera,671056,2026,26,605,717,146,19,19.2,10.6,0.241,0.382,69,231,98,0.249,0.39,0.329,0.336,-0.008,-0.008,-0.007,40.3,46.0,89.4,31.6,6.2,40.6,100.671085171,94.557141432,61.6,28.4,87.4,47.8,20.8,44.2,37.7,48.5,20.1,22.7,STL,260,671056,2901,9.0,0.179,0.125,0.229,0.304,0.272,0.334,0.23,10,56,87.9,3.6,2322,91.0,91.45,31,111,149,0.4000000000000057,6.53,109,151,123,147,304,329,293,1.428,-1.428,70.2,7.2,3.72253776,66,37,7,1,0,2,20,30.3,6,9.1,2.34,0.44,0.44,0.44,91.7,141.0,41.66666666666667,8.333333333333332,4.545454545454546,5.61,-1.83,0.12,2.19,0.288,3.0,-0.549230769,0.34,0.399,0.549230769,-0.051,-0.052,-0.095,-0.062,27.9,34.7,5.563290236521441,4.235548961855096,31.921679472680783,0.3909090909090909,36.70648410175915,30.025301780999023,STL
Donovan Walton,622268,2026,32,230,268,60,9,17.2,10.4,0.261,0.448,32,103,36,0.245,0.371,0.356,0.322,0.016,0.077,0.034,0.7,51.2,86.8,39.0,4.8,31.6,96.726321868,92.483504451,73.8,28.8,82.9,48.8,26.9,50.8,49.2,43.3,27.3,26.2,OAK,221,622268,1024,21.6,0.236,0.255,0.237,0.491,0.341,0.289,0.233,13,55,85.0,15.9,2168,89.1,89.35,34,113,108,0.3000000000000113,6.45,111,146,108,151,283,323,302,-2.043,2.043,65.7,6.9,4.229301043,60,42,7,2,0,4,13,21.7,5,8.3,2.52,0.39,0.34,-0.34,90.3,158.0,23.809523809523807,4.761904761904762,3.333333333333333,5.64,-1.92,-0.05,2.11,0.3,2.0,0.924434389,0.297,0.352,-0.924434389,0.003,0.003,0.139,0.052,30.1,37.3,11.535894670174285,-3.938799573030517,34.35623985026844,0.4272727272727272,35.294312346172944,35.37568480296042,OAK
Harry Ford,695670,2026,23,100,118,19,3,23.7,14.4,0.19,0.35,10,35,17,0.192,0.332,0.302,0.296,-0.002,0.018,0.006,4.6,51.5,84.9,31.9,9.7,34.7,98.298077222,93.261197083,66.4,18.7,80.0,48.9,25.5,42.0,36.1,50.0,30.6,13.9,WSH,47,695670,525,9.0,0.0,0.0,0.0,0.0,0.063,0.309,0.193,0,10,84.4,14.4,2375,91.0,91.47,4,16,31,0.5,6.59,114,151,118,147,307,322,289,1.625,-1.625,69.5,6.4,1.134067036,11,8,0,0,0,0,2,18.2,1,9.1,2.26,0.53,0.36,0.36,91.7,115.0,50.0,12.5,9.090909090909092,5.92,-1.65,0.18,2.5,0.091,1.0,-3.457446809,0.267,0.452,3.457446809,-0.193,-0.176,-0.452,-0.246,25.0,41.9,16.186407024608876,5.01458799473426,34.003677670512324,0.8125,35.20284642211685,35.99302225833366,WSH
Jake Bauers,641343,2026,30,477,578,127,26,27.0,16.3,0.266,0.484,86,231,93,0.253,0.467,0.381,0.371,0.013,0.017,0.01,68.1,48.2,92.1,38.6,14.0,51.9,103.241504938,96.516969938,62.0,21.7,82.1,46.8,29.8,40.6,41.0,41.0,29.9,25.6,MIL,218,641343,2421,9.0,0.257,0.143,0.5,0.4,0.374,0.377,0.244,9,35,87.8,16.6,2294,88.5,89.08,34,87,131,0.5999999999999943,6.53,113,145,120,148,294,324,295,-1.966,1.966,74.5,7.6,2.484356238,47,17,6,2,0,1,19,40.4,11,23.4,2.67,0.49,0.26,-0.26,91.2,166.0,29.411764705882355,23.52941176470588,8.51063829787234,5.7,-1.67,0.0,2.36,0.426,4.0,0.901834862,0.417,0.425,-0.901834862,0.013,0.009,-0.025,-0.003,39.1,37.2,10.910128908523925,0.5423772379342483,36.42919993047138,0.367816091954023,33.594562316322886,27.73762074220724,MIL
Oneil Cruz,665833,2026,27,368,419,103,20,33.2,11.2,0.28,0.486,67,179,65,0.251,0.472,0.371,0.352,0.029,0.014,0.019,72.7,40.8,94.1,33.2,15.4,53.7,105.969307193,97.770739031,57.4,30.1,75.9,44.2,35.6,42.2,40.6,50.7,22.3,24.0,PIT,169,665833,1749,9.7,0.286,0.314,0.333,0.6,0.416,0.378,0.255,10,35,89.8,2.0,2252,89.6,89.74,23,66,103,0.1000000000000085,6.34,124,147,132,153,299,328,301,-2.642,2.642,74.8,7.4,3.512868133,40,24,5,2,0,3,11,27.5,4,10.0,2.33,0.55,0.48,-0.48,93.1,164.0,50.0,16.666666666666664,10.0,5.76,-1.79,-0.23,2.27,0.375,4.0,1.563313609,0.348,0.531,-1.563313609,0.031,0.027,0.069,0.038,34.8,37.8,6.900801126721493,-6.301248987488018,34.62755334205923,0.3636363636363636,36.00328238829118,34.66411903389437,PIT
Ronny Mauricio,677595,2026,25,59,62,13,4,32.3,3.2,0.22,0.441,8,26,7,0.208,0.425,0.302,0.289,0.012,0.016,0.013,50.0,57.1,90.4,30.8,15.4,38.5,102.0883225,95.298730769,71.4,50.8,85.7,44.5,30.3,60.0,41.0,48.7,23.1,20.5,NYM,29,677595,220,13.2,0.4,0.6,0.333,1.0,0.624,0.557,0.343,2,5,89.5,10.8,2298,89.4,89.96,2,13,16,0.5999999999999943,6.61,123,145,130,149,298,328,301,-2.558,2.558,74.6,7.5,1.6702994,7,4,1,0,0,1,1,14.3,1,14.3,2.4,0.5,0.09,-0.09,92.8,134.0,50.0,25.0,14.285714285714285,5.86,-2.3,0.16,2.01,0.571,1.0,8.820689655,0.531,0.847,-8.820689655,0.057,0.0399999999999999,0.153,0.067,15.4,38.4,6.645904698900921,-0.1917612816011091,26.634161213675718,0.6153846153846154,34.35669125036472,32.50453656693804,NYM
Nolan Arenado,571448,2026,35,533,599,136,30,20.0,8.7,0.255,0.475,86,253,80,0.231,0.366,0.349,0.3,0.024,0.109,0.049,15.1,59.7,85.2,33.7,7.0,31.3,96.979032548,92.490308149,63.5,31.9,83.2,46.0,24.1,46.4,49.8,37.7,27.4,21.4,ARI,219,571448,2389,9.2,0.357,0.304,0.395,0.661,0.469,0.379,0.285,20,56,86.9,19.4,2287,89.6,89.84,30,113,106,0.2000000000000028,6.43,105,149,122,145,297,328,293,-10.807,10.807,69.8,8.2,2.820025289,64,43,13,2,0,5,13,20.3,5,7.8,2.39,0.48,0.24,0.24,92.8,166.0,32.55813953488372,11.627906976744184,7.8125,5.77,-2.12,0.17,2.43,0.438,5.0,4.934703196,0.374,0.491,-4.934703196,0.072,0.064,0.17,0.09,26.5,37.4,10.877594090006454,-12.578320358732087,30.026330526294352,0.6607142857142857,37.8645463176394,37.83797730521526,ARI
Vladimir Guerrero Jr.,665489,2026,27,542,609,141,9,13.3,9.2,0.26,0.356,57,193,72,0.28,0.4,0.305,0.331,-0.02,-0.044,-0.026,62.4,30.3,90.3,28.7,6.9,44.3,102.693695855,95.562990899,67.3,30.6,86.9,45.4,20.1,47.2,35.1,48.6,19.3,25.3,TOR,192,665489,2201,8.7,0.24,0.04,0.308,0.28,0.272,0.285,0.228,12,50,92.4,1.0,2334,90.3,90.34,28,91,101,0.0,6.35,106,151,123,147,306,328,292,3.18,-3.18,73.7,7.5,4.392965398,55,39,10,2,0,0,11,20.0,4,7.3,2.33,0.52,0.3,0.3,94.0,129.0,51.28205128205128,7.6923076923076925,5.454545454545454,5.63,-1.65,0.38,2.1,0.309,3.0,-1.65625,0.298,0.338,1.65625,0.012,0.011,-0.058,-0.013,30.8,36.7,-0.4375990161873112,-2.211167162783678,28.65513574384384,0.2555555555555555,38.65375674323461,32.32756202768621,TOR
Miguel Rojas,500743,2026,37,225,252,60,4,10.7,6.3,0.267,0.391,23,88,23,0.277,0.386,0.306,0.309,-0.01,0.005,-0.003,5.7,45.2,87.3,36.2,4.8,36.2,98.290682475,93.175374851,68.3,32.4,91.2,45.6,17.0,48.8,35.3,44.0,23.2,24.2,LAD,54,500743,881,6.1,0.286,0.0,0.333,0.286,0.284,0.298,0.285,4,14,87.6,11.7,2451,90.4,90.84,6,29,25,0.3999999999999915,6.57,108,150,114,143,295,317,287,0.392,-0.392,63.5,6.6,5.836385537,15,12,4,0,0,0,2,13.3,1,6.7,2.3,0.52,0.24,0.24,90.9,149.0,41.66666666666667,0.0,0.0,5.47,-2.05,0.11,2.51,0.333,0.0,-0.725925926,0.333,0.332,0.725925926,0.001,0.0,-0.046,-0.014,20.7,25.9,2.466227760625302,-4.3875591262650975,27.64030813772502,0.3928571428571428,37.15000296371425,35.094263363906435,LAD
A.J. Ewing,805999,2026,21,436,492,110,11,25.4,9.3,0.252,0.376,43,164,55,0.255,0.399,0.311,0.32,-0.003,-0.023,-0.009,12.6,40.6,89.6,35.1,7.5,42.3,100.034776474,94.356587331,67.4,26.7,84.5,47.6,24.6,46.1,31.0,46.1,24.5,25.4,NYM,185,805999,1932,9.6,0.404,0.298,0.441,0.702,0.486,0.433,0.357,19,47,91.9,4.6,2241,90.0,89.92,22,87,98,-0.0999999999999943,6.38,110,146,101,150,290,324,302,-7.729,7.729,68.0,6.5,3.675594477,54,38,13,2,0,4,10,18.5,6,11.1,2.35,0.53,0.49,-0.49,92.8,149.0,47.368421052631575,10.526315789473683,7.4074074074074066,5.74,-1.91,-0.16,2.08,0.463,4.0,4.177837838,0.416,0.594,-4.177837838,0.047,0.047,0.108,0.053,25.3,34.9,8.849332780866508,-2.2998226309326006,36.464441066880056,0.3488372093023256,31.553611092054343,33.88829232395397,NYM
Luis Lara,800325,2026,21,191,212,47,1,21.7,8.5,0.246,0.325,26,62,25,0.256,0.331,0.286,0.293,-0.01,-0.006,-0.007,16.8,28.5,88.0,34.7,3.4,41.5,98.840899189,93.57850966,61.9,24.7,88.2,46.8,17.0,42.1,30.6,51.0,15.0,29.9,MIL,122,800325,886,13.8,0.179,0.0,0.25,0.179,0.205,0.23,0.192,5,28,85.2,5.8,2296,89.9,90.04,7,53,69,0.0999999999999943,6.43,109,146,103,148,286,318,295,3.429,-3.429,68.9,6.7,1.12318752,32,20,5,0,0,0,9,28.1,3,9.4,2.35,0.61,0.38,-0.4,90.6,144.0,35.0,0.0,0.0,5.73,-1.91,-0.11,2.33,0.25,0.0,-2.810655738,0.263,0.239,2.810655738,-0.013,-0.013,-0.06,-0.025,13.2,36.4,-1.052924683257717,7.065290729109639,28.639175565861976,0.1764705882352941,33.86508013061272,23.6017870265024,MIL
Heston Kjerstad,677008,2026,27,19,19,4,0,47.4,0.0,0.211,0.263,2,5,1,0.217,0.249,0.207,0.205,-0.006,0.014,0.002,6.3,42.4,82.5,40.0,0.0,20.0,89.18833,89.615202,71.9,42.4,78.3,49.2,43.2,56.9,30.0,40.0,20.0,40.0,BAL,58,677008,65,89.2,0.235,0.059,0.5,0.294,0.231,0.223,0.237,4,17,83.2,6.0,2308,88.8,88.81,16,33,25,0.0,6.49,121,149,118,153,294,324,302,1.508,-1.508,70.0,7.1,2.25350737,17,8,3,1,0,0,9,52.9,0,0.0,2.49,0.47,0.2,-0.2,90.8,164.0,25.0,0.0,0.0,5.58,-1.86,-0.14,2.4,0.235,0.0,-2.6,0.237,0.271,2.6,-0.002,-0.002,0.023,0.008,48.5,38.1,13.760664339737946,-1.3553494573960565,36.879619281396,0.375,37.20290416774941,30.473422617235755,BAL
Matt McLain,680574,2026,26,437,496,81,15,28.0,9.7,0.185,0.334,40,146,59,0.212,0.361,0.272,0.293,-0.027,-0.027,-0.021,12.0,58.8,87.8,35.3,9.0,35.6,98.618121507,93.445306873,63.0,26.8,81.2,48.0,28.4,44.2,38.0,35.6,35.3,19.8,CIN,154,680574,2012,7.7,0.081,0.054,0.125,0.135,0.107,0.133,0.114,3,37,83.3,16.1,2303,91.1,91.38,25,76,78,0.3000000000000113,6.49,112,153,115,149,306,320,292,7.016,-7.016,69.0,7.1,4.064905533,38,24,2,0,1,0,13,34.2,1,2.6,2.16,0.63,0.43,0.43,89.8,162.0,12.5,0.0,0.0,5.67,-1.77,0.3,2.25,0.105,0.0,-4.555844156,0.138,0.16,4.555844156,-0.033,-0.033,-0.025,-0.026,32.9,37.8,14.661323621827703,-2.2283134475259483,31.213119109684875,0.7105263157894737,37.58671113752842,33.33771145151523,CIN
Ezequiel Tovar,678662,2026,24,465,506,102,13,25.5,5.7,0.219,0.353,44,164,57,0.227,0.371,0.27,0.281,-0.008,-0.018,-0.011,22.1,49.5,87.3,35.5,7.0,33.2,98.504437798,93.327897642,81.6,43.7,80.3,45.9,29.3,61.1,36.4,37.9,31.5,22.0,COL,98,678662,1884,5.2,0.333,0.208,0.467,0.542,0.376,0.287,0.252,8,24,82.7,16.9,2387,91.6,92.43,18,58,40,0.8000000000000114,6.5,110,152,113,148,304,333,298,-0.019,0.019,70.8,7.6,3.079223912,24,16,5,2,0,1,8,33.3,0,0.0,2.05,0.65,0.25,0.25,90.5,156.0,20.0,13.333333333333334,8.333333333333332,5.68,-1.74,0.23,2.4,0.333,2.0,0.019387755,0.252,0.419,-0.019387755,0.081,0.081,0.123,0.089,31.0,38.2,12.499555782498044,-1.9284043304914769,35.42345323266118,0.5535714285714286,35.357574466203474,29.767826006611717,COL
Garrett Stubbs,596117,2026,33,59,65,9,0,23.1,4.6,0.153,0.153,3,9,11,0.177,0.215,0.178,0.209,-0.024,-0.062,-0.031,0.0,47.2,85.3,20.0,0.0,24.4,94.776945909,91.467274651,70.1,38.0,89.3,45.3,21.0,52.5,28.9,51.1,26.7,13.3,PHI,22,596117,236,9.3,0.143,0.0,0.25,0.143,0.199,0.149,0.077,1,7,89.8,18.8,2300,91.5,91.98,2,10,12,0.5,6.59,107,150,115,151,279,316,296,1.088,-1.088,63.0,6.6,2.603154576,8,4,1,0,0,0,3,37.5,1,12.5,2.19,0.55,0.73,-0.73,90.4,154.0,0.0,0.0,0.0,5.5,-2.44,0.05,2.27,0.25,0.0,-4.945454545,0.192,0.087,4.945454545,0.066,0.0579999999999999,0.056,0.05,20.0,38.6,4.836541312919542,5.3729366933985485,28.18560987378268,0.5,35.1222959006674,23.092014892581304,PHI
Jake Rogers,668670,2026,31,143,171,23,4,29.8,13.5,0.161,0.287,14,41,17,0.171,0.296,0.259,0.267,-0.01,-0.009,-0.008,4.7,64.5,88.0,30.2,9.4,36.5,97.758656809,92.974029574,60.5,25.6,81.9,47.8,26.8,42.3,44.8,37.5,35.4,17.7,CWS,20,668670,688,2.9,0.0,0.0,0.0,0.0,0.0,0.066,0.07,0,6,87.3,27.0,2399,91.2,91.64,4,8,12,0.3999999999999915,6.51,95,148,111,144,298,327,287,1.575,-1.575,71.3,7.9,10.069546528,6,3,0,0,0,0,3,50.0,0,0.0,2.08,0.67,0.09,0.09,91.1,201.0,33.33333333333333,0.0,0.0,6.03,-1.23,0.16,2.17,0.0,0.0,-7.875,0.07,0.083,7.875,-0.07,-0.07,-0.083,-0.066,50.0,49.6,21.748389612467964,-13.411929905077,33.34433848018381,0.375,37.1508206931396,41.63502328959434,CWS
Yainer Diaz,673237,2026,27,344,361,98,14,15.8,3.3,0.285,0.459,45,158,38,0.272,0.416,0.334,0.312,0.013,0.043,0.022,23.3,56.0,89.3,29.4,6.9,38.8,99.752823724,94.074011696,74.5,42.1,88.5,47.1,22.3,57.4,37.0,54.7,17.3,21.8,HOU,193,673237,1160,16.6,0.309,0.145,0.366,0.455,0.35,0.318,0.28,17,55,91.2,7.2,2324,90.2,90.42,26,103,90,0.2000000000000028,6.49,108,153,124,147,300,326,290,-0.689,0.689,70.2,7.2,2.476382449,58,43,14,0,1,2,12,20.7,2,3.4,2.32,0.53,0.23,0.23,92.6,151.0,41.86046511627907,6.976744186046512,5.172413793103448,5.74,-1.99,0.3,2.02,0.345,3.0,0.356994819,0.317,0.409,-0.356994819,0.029,0.0279999999999999,0.046,0.032,25.2,36.5,6.019664044128321,5.836730833383452,30.1123581100312,0.4951456310679611,39.97263914569657,29.50682352172247,HOU
Alec Bohm,664761,2026,29,567,629,141,15,14.0,7.6,0.249,0.383,88,217,58,0.265,0.412,0.309,0.327,-0.016,-0.029,-0.018,14.0,45.7,90.6,33.7,6.0,43.8,100.305319174,94.542656273,66.3,26.0,88.7,49.5,16.6,46.0,28.7,47.3,23.1,24.8,PHI,205,664761,2316,8.9,0.217,0.065,0.263,0.283,0.289,0.31,0.236,10,46,90.5,2.4,2316,92.0,92.26,17,90,115,0.2999999999999971,6.46,106,151,125,148,307,325,291,1.848,-1.848,70.0,7.0,2.306928488,54,38,7,3,0,0,8,14.8,8,14.8,1.89,0.82,0.6,0.6,91.6,151.0,47.368421052631575,2.631578947368421,1.851851851851852,5.63,-2.05,0.01,2.3,0.333,1.0,-0.901463415,0.35,0.323,0.901463415,-0.019,-0.0169999999999999,-0.04,-0.021,18.9,37.7,3.655286631348479,8.689884056405091,31.58959176808951,0.4444444444444444,38.352480713974494,23.98332908019905,PHI
Jasson Domínguez,691176,2026,23,209,222,47,6,21.6,4.5,0.225,0.368,14,77,22,0.25,0.364,0.279,0.289,-0.025,0.004,-0.01,42.0,52.1,88.1,30.4,5.6,39.1,100.452019875,94.3967335,70.5,34.4,84.4,45.0,24.8,50.7,47.2,42.9,22.4,24.2,TBD,38,691176,829,4.6,0.125,0.0,0.167,0.125,0.176,0.32,0.231,1,8,91.1,24.4,2180,89.9,89.49,6,18,20,-0.4000000000000057,6.08,115,145,120,151,294,327,295,1.196,-1.196,75.9,7.6,0.384597098,9,6,1,0,0,0,2,22.2,1,11.1,2.17,0.68,0.43,-0.43,91.4,200.0,60.0,20.0,11.11111111111111,5.55,-2.26,-0.33,2.7,0.222,1.0,-3.147368421,0.327,0.394,3.147368421,-0.106,-0.105,-0.269,-0.144,33.3,34.5,4.678036302171327,1.581931506345429,28.33529505883949,0.3888888888888889,34.76308720943787,26.843289281401454,TBD
Brett Sullivan,664954,2026,32,218,237,49,7,16.9,5.5,0.225,0.39,33,85,23,0.235,0.354,0.285,0.281,-0.01,0.036,0.004,4.8,58.8,86.9,32.2,3.8,33.3,96.916041111,92.519100782,69.3,33.3,88.1,51.1,17.5,51.7,50.8,35.5,27.3,25.7,COL,47,664954,830,5.7,0.133,0.0,0.167,0.133,0.119,0.229,0.229,2,15,87.6,31.3,2312,90.3,90.6,4,26,21,0.2999999999999971,6.26,118,147,110,152,292,331,298,2.971,-2.971,70.0,7.6,2.595804555,15,12,2,0,0,0,3,20.0,0,0.0,2.31,0.5,0.22,-0.22,91.1,168.0,33.33333333333333,0.0,0.0,5.48,-2.31,-0.23,2.36,0.133,0.0,-6.321276596,0.229,0.301,6.321276596,-0.096,-0.096,-0.168,-0.11,15.4,32.7,9.00843799960843,-10.519486809825173,31.42384834165617,0.5,37.431714208502086,34.19797899975703,COL
Marcelo Mayer,691785,2026,23,220,245,46,3,20.8,7.3,0.209,0.295,22,65,19,0.196,0.295,0.258,0.257,0.013,0.0,0.001,46.2,42.6,86.1,26.7,6.4,35.5,98.064535176,93.036398353,71.3,28.5,85.3,47.2,27.5,48.7,36.0,51.2,25.0,15.7,SF,49,691785,909,5.4,0.125,0.0,0.333,0.125,0.176,0.192,0.14,1,8,79.0,-16.7,2124,89.4,89.85,8,16,33,0.5,6.38,110,137,114,145,294,322,296,1.585,-1.585,73.9,8.6,4.811727099,9,3,1,0,0,0,5,55.6,1,11.1,2.32,0.54,0.39,-0.39,89.5,82.0,0.0,0.0,0.0,5.95,-1.7,-0.05,1.92,0.222,0.0,-3.234693878,0.236,0.154,3.234693878,-0.015,-0.0139999999999999,-0.029,-0.016,50.0,39.8,20.562110028518436,-15.318656541744806,33.12525039151288,0.5,38.46849954604088,36.15361624052682,SF
Brenton Doyle,686668,2026,28,210,223,49,6,32.7,5.4,0.233,0.362,16,76,35,0.203,0.307,0.28,0.245,0.03,0.055,0.035,20.1,58.4,89.1,26.8,6.7,35.5,99.562287273,93.941207348,74.0,34.9,82.2,50.1,32.5,54.5,37.0,50.7,25.4,21.0,CWS,69,686668,775,8.9,0.211,0.053,0.364,0.263,0.207,0.201,0.19,4,19,88.0,4.5,2257,89.7,89.84,18,39,30,0.0999999999999943,6.33,107,149,116,144,302,324,284,1.832,-1.832,72.7,7.4,3.798227544,19,11,3,1,0,0,8,42.1,0,0.0,2.33,0.52,0.36,0.36,91.1,177.0,36.36363636363637,9.090909090909092,5.263157894736842,5.95,-1.66,0.19,2.31,0.211,1.0,-2.655072464,0.19,0.278,2.655072464,0.021,0.0209999999999999,-0.015,0.006,46.2,40.0,16.92746384965398,-2.498769804302332,29.962017239900625,0.5897435897435898,39.52799306920628,29.58423792751365,CWS
Mickey Moniak,666160,2026,28,404,436,96,23,27.5,5.0,0.238,0.48,65,194,49,0.212,0.392,0.322,0.279,0.026,0.088,0.043,45.4,52.0,89.7,32.0,9.6,41.6,99.875625205,94.179652165,76.4,44.0,82.0,46.4,30.3,59.0,48.1,34.0,36.8,20.3,COL,155,666160,1516,10.2,0.163,0.209,0.227,0.372,0.245,0.297,0.218,7,43,94.5,19.3,2299,89.7,90.33,41,103,52,0.5999999999999943,6.43,113,146,111,152,295,334,302,2.982,-2.982,72.2,7.9,3.511792953,45,24,3,1,1,2,19,42.2,2,4.4,2.41,0.43,0.27,-0.27,92.7,169.0,54.16666666666666,12.5,6.666666666666667,5.63,-2.1,-0.08,2.15,0.2,3.0,-1.923870968,0.253,0.445,1.923870968,-0.055,-0.0529999999999999,-0.073,-0.052,39.8,35.2,14.259926203566886,-7.122288092857186,34.34235758537696,0.4455445544554455,39.08618925996947,29.170438566529437,COL
Lucas Spence,828599,2026,23,55,63,12,4,34.9,11.1,0.218,0.509,12,28,9,0.197,0.389,0.355,0.305,0.021,0.12,0.05,32.7,52.0,91.9,39.4,12.1,48.5,101.94738,95.727673939,71.3,24.8,70.7,46.4,38.3,46.4,54.5,45.5,24.2,27.3,HOU,70,828599,248,28.2,0.333,1.0,0.0,1.333,0.687,0.452,0.21,4,12,90.6,27.0,2194,92.5,92.84,10,26,44,0.2999999999999971,6.44,111,143,103,149,298,323,302,-4.126,4.126,73.1,6.8,1.055569907,16,7,0,0,0,4,5,31.3,4,25.0,1.88,0.79,0.33,-0.33,94.1,224.0,71.42857142857143,28.57142857142857,12.5,5.83,-1.67,-0.02,2.45,0.5,2.0,5.894285714,0.408,0.69,-5.894285714,0.123,0.092,0.643,0.235,38.5,39.0,8.274330804430766,-1.8736782715348836,27.985569202053487,0.6153846153846154,30.774349865266142,31.912996291731883,HOU
Jared Young,676724,2026,30,308,342,82,9,18.4,7.3,0.266,0.429,39,132,46,0.25,0.4,0.332,0.321,0.016,0.029,0.011,32.5,58.9,90.4,30.2,7.7,46.8,101.896708525,95.331303402,70.2,27.5,82.3,46.6,24.4,47.4,42.7,48.0,23.4,21.8,NYM,130,676724,1330,9.8,0.276,0.103,0.259,0.379,0.336,0.397,0.313,8,29,94.8,8.8,2164,90.6,90.42,8,60,70,-0.1999999999999886,6.34,122,147,112,151,289,327,299,-2.5,2.5,72.4,7.2,2.099129218,35,28,7,0,0,1,2,5.7,5,14.3,2.23,0.6,0.4,-0.4,93.9,132.0,57.14285714285714,10.714285714285714,8.571428571428571,5.8,-1.75,-0.04,2.34,0.371,3.0,1.923076923,0.42,0.449,-1.923076923,-0.037,-0.0489999999999999,-0.07,-0.061,13.3,39.1,7.64632040136251,1.125932369823645,26.999042193584263,0.6666666666666666,38.76441457156184,27.85853230370233,NYM
Ben Malgeri,701162,2026,26,120,140,30,5,25.7,12.1,0.25,0.417,20,50,18,0.243,0.354,0.341,0.317,0.007,0.063,0.024,2.9,36.6,90.1,38.8,7.1,42.4,100.28507,94.413937059,66.9,23.8,82.6,48.5,27.0,44.7,35.3,42.4,24.7,28.2,DET,66,701162,530,12.5,0.2,0.2,0.222,0.4,0.35,0.325,0.221,3,15,84.9,6.2,2357,90.3,90.95,10,33,33,0.7000000000000028,6.68,112,148,119,143,301,327,292,-0.417,0.417,66.7,6.3,1.317189302,19,10,2,0,0,1,5,26.3,3,15.8,2.14,0.69,0.11,0.11,90.1,134.0,20.0,10.0,5.263157894736842,5.83,-1.94,0.2,2.23,0.368,1.0,0.631818182,0.385,0.296,-0.631818182,-0.021,-0.017,0.104,0.025,30.3,39.9,6.935307132441544,4.956904399658237,33.85395243560804,0.3939393939393939,34.62971660102053,28.02352701910485,DET
Spencer Jones,682987,2026,25,261,289,64,11,36.3,8.7,0.245,0.429,40,112,36,0.238,0.455,0.323,0.328,0.007,-0.026,-0.005,71.7,43.6,94.1,43.9,15.9,55.1,104.238740633,97.083013248,77.0,35.3,73.0,43.2,38.7,53.2,35.0,26.8,39.5,28.0,NYY,254,682987,1237,20.5,0.208,0.094,0.333,0.302,0.262,0.296,0.203,11,53,93.0,25.5,2218,89.6,89.65,60,134,120,0.1000000000000085,6.39,117,145,131,152,294,332,302,1.837,-1.837,74.2,7.7,2.843009414,59,31,8,2,0,1,22,37.3,5,8.5,2.29,0.59,0.55,-0.55,93.6,200.0,48.38709677419355,12.903225806451612,6.779661016949152,5.7,-1.95,-0.13,2.3,0.276,4.0,-0.723228346,0.271,0.412,0.723228346,0.005,0.005,-0.11,-0.034,44.8,38.8,13.986001441419486,2.741638941491701,44.040142225865154,0.421875,38.135771879864265,19.35933792450501,NYY
Kyle Isbel,664728,2026,29,294,323,66,6,22.9,4.6,0.224,0.323,24,95,32,0.225,0.303,0.262,0.255,-0.001,0.02,0.007,13.9,39.3,88.4,24.7,2.6,32.9,98.475584528,93.388440427,61.7,35.7,93.6,48.9,18.2,48.4,32.5,49.4,20.3,20.8,KC,135,664728,1148,11.8,0.2,0.0,0.292,0.2,0.192,0.222,0.219,7,35,86.8,18.0,2304,90.1,90.41,14,64,71,0.3000000000000113,6.47,114,147,100,151,292,322,301,4.19,-4.19,69.5,7.1,3.430728754,36,24,7,0,0,0,11,30.6,1,2.8,2.34,0.51,0.37,-0.37,90.7,158.0,33.33333333333333,0.0,0.0,5.72,-2.03,-0.2,2.14,0.222,0.0,-3.103703704,0.24,0.26,3.103703704,-0.019,-0.0179999999999999,-0.06,-0.03,21.9,37.5,2.824000748588808,-6.708183592397663,26.90456961943473,0.3809523809523809,37.79316837297148,30.3263016461384,KC
Cedric Mullins,656775,2026,31,439,502,90,15,19.3,8.6,0.205,0.344,48,151,56,0.192,0.311,0.281,0.264,0.013,0.033,0.017,9.3,63.6,88.1,24.4,4.3,33.1,97.797109518,93.028805106,71.7,31.2,83.2,45.9,22.1,49.8,45.7,33.2,31.8,18.5,TB,114,656775,1968,5.8,0.154,0.115,0.167,0.269,0.182,0.235,0.236,4,26,92.1,11.8,2231,90.8,90.95,13,62,52,0.2000000000000028,6.46,118,147,105,151,293,324,293,2.935,-2.935,68.4,7.5,2.035475857,26,19,3,0,0,1,7,26.9,0,0.0,2.15,0.65,0.44,-0.44,92.2,127.0,52.63157894736842,5.263157894736842,3.8461538461538463,5.67,-1.87,0.07,2.17,0.154,1.0,-2.574561404,0.236,0.305,2.574561404,-0.082,-0.0819999999999999,-0.036,-0.053,21.0,37.3,10.501255898700354,-6.224096282790237,30.65727484758437,0.6290322580645161,34.30142910184185,27.589239781867214,TB
Jonathan Aranda,666018,2026,28,580,668,159,22,24.4,10.3,0.274,0.434,92,252,73,0.254,0.438,0.348,0.343,0.02,-0.004,0.005,12.9,52.9,91.1,38.8,9.9,46.0,100.602724528,94.760901038,66.2,29.0,81.8,47.5,22.5,46.7,30.1,37.2,31.3,27.5,TB,219,666018,2683,8.2,0.209,0.256,0.273,0.465,0.328,0.245,0.166,9,43,92.8,17.7,2210,91.2,91.48,31,97,122,0.2999999999999971,6.51,121,148,125,152,297,328,300,-1.553,1.553,70.8,7.3,2.173507101,48,25,4,2,0,3,18,37.5,4,8.3,2.02,0.76,0.47,-0.47,92.0,162.0,48.0,8.0,4.166666666666666,5.69,-1.89,0.0,2.41,0.292,2.0,0.70913242,0.253,0.287,-0.70913242,0.043,0.0389999999999999,0.178,0.083,32.0,37.7,11.279413395703736,2.3207281800300983,35.64285172701963,0.5625,38.7574524716964,27.848398427738488,TB
Francisco Lindor,596019,2026,32,418,469,94,21,20.3,9.8,0.225,0.423,49,177,63,0.239,0.434,0.322,0.331,-0.014,-0.011,-0.009,28.7,55.5,91.6,28.8,9.0,49.5,100.68996441,95.109438598,66.4,29.5,84.5,44.9,25.0,46.0,45.5,35.0,34.1,22.9,NYM,246,596019,1974,12.5,0.208,0.264,0.226,0.472,0.341,0.299,0.195,11,53,92.0,22.1,2324,89.9,89.78,38,115,131,-0.1000000000000085,6.39,121,147,115,151,295,328,301,0.709,-0.709,72.7,7.7,2.24312229,61,35,5,2,0,4,18,29.5,6,9.8,2.37,0.51,0.25,-0.25,92.3,167.0,51.42857142857142,8.571428571428571,4.918032786885246,5.79,-1.86,-0.13,2.24,0.311,3.0,-0.288211382,0.301,0.37,0.288211382,0.013,0.01,0.102,0.042,33.0,37.7,14.956820230647176,-4.463413568283225,33.39447710673672,0.504424778761062,36.096709860492034,31.47350739076557,NYM
Denzel Clarke,672016,2026,26,76,87,12,0,33.3,9.2,0.158,0.171,6,13,6,0.166,0.193,0.198,0.209,-0.008,-0.022,-0.011,69.7,39.6,87.2,14.0,2.0,36.0,100.970240435,94.595438043,64.3,26.1,78.7,47.2,33.8,44.1,46.0,76.0,4.0,12.0,OAK,51,672016,356,14.3,0.083,0.0,0.125,0.083,0.122,0.167,0.132,1,12,82.4,-16.3,2331,91.4,91.67,7,20,31,0.2999999999999971,6.51,108,153,115,149,299,325,290,2.545,-2.545,73.3,7.2,3.960907722,13,8,1,0,0,0,4,30.8,1,7.7,2.05,0.72,0.35,0.35,89.7,59.0,12.5,0.0,0.0,5.3,-2.19,0.47,2.17,0.154,0.0,-4.990196078,0.199,0.148,4.990196078,-0.049,-0.045,-0.065,-0.045,35.0,28.8,1.480197589489059,8.941788252046278,30.45860465325489,0.25,37.3703000263345,26.565945811672773,OAK
Tommy White,695720,2026,23,189,195,48,3,17.9,2.6,0.254,0.328,10,62,19,0.263,0.383,0.264,0.291,-0.009,-0.055,-0.027,12.8,60.5,85.9,30.3,7.1,32.3,97.142154872,92.609868194,69.7,42.4,87.0,46.9,21.9,55.2,29.0,49.7,23.2,23.9,OAK,123,695720,703,17.5,0.25,0.107,0.286,0.357,0.279,0.295,0.265,7,28,84.2,0.0,2283,90.2,90.39,13,65,58,0.2000000000000028,6.39,109,152,125,149,303,324,288,1.551,-1.551,66.4,7.3,3.013305171,29,22,6,0,0,1,6,20.7,1,3.4,2.32,0.51,0.3,0.3,90.3,124.0,27.27272727272727,4.545454545454546,3.4482758620689653,5.76,-1.77,0.26,2.27,0.276,1.0,-1.26097561,0.29,0.385,1.26097561,-0.015,-0.0139999999999999,-0.028,-0.016,20.0,40.0,7.895945619731572,3.928340358210971,32.52506026226937,0.5,32.409438970633964,26.873530491954824,OAK
Victor Caratini,605170,2026,32,327,382,72,7,20.9,8.9,0.22,0.315,44,103,28,0.224,0.356,0.285,0.306,-0.004,-0.041,-0.021,12.9,53.5,89.3,36.5,6.3,38.0,98.339714453,93.569243294,58.7,25.9,88.3,48.9,22.9,41.9,37.3,45.9,22.0,26.3,MIN,93,605170,1464,6.4,0.273,0.045,0.333,0.318,0.299,0.215,0.167,6,22,85.9,6.3,2301,89.6,90.06,13,43,50,0.5,6.54,119,147,125,153,291,322,303,1.014,-1.014,67.0,7.0,4.61224431,24,18,5,1,0,0,4,16.7,0,0.0,2.31,0.57,0.41,-0.41,91.1,98.0,22.22222222222222,5.555555555555555,4.166666666666666,5.67,-2.2,-0.08,2.08,0.333,1.0,-1.090322581,0.236,0.219,1.090322581,0.106,0.097,0.099,0.084,30.2,33.0,14.35613738749052,-7.190324707428793,31.287446485684576,0.5348837209302325,33.29996458936101,39.42260108311125,MIN
Daniel Schneemann,682177,2026,29,262,286,55,7,29.4,8.4,0.21,0.332,30,87,30,0.225,0.372,0.272,0.292,-0.015,-0.04,-0.02,11.3,56.8,88.0,33.7,8.4,38.4,98.794739888,93.514708652,66.8,33.4,83.0,49.0,31.5,49.7,47.2,43.3,29.8,22.5,CLE,5,682177,1137,0.4,0.667,0.0,0.667,0.667,0.593,0.536,0.572,2,3,98.0,4.7,2042,91.5,92.26,0,4,1,0.7999999999999972,6.64,101,127,108,135,289,313,295,-0.457,0.457,71.5,6.9,,3,3,2,0,0,0,0,0.0,0,0.0,2.04,0.7,0.27,-0.27,95.5,111.0,66.66666666666666,0.0,0.0,5.86,-2.31,-0.03,1.77,0.667,0.0,9.14,0.572,0.643,-9.14,0.095,0.095,0.024,0.057,0.0,47.3,10.569836147486818,4.742303441854346,35.08208153953439,0.75,32.00452504600141,31.50941503180102,CLE
Brice Turang,668930,2026,26,582,680,156,21,25.1,13.2,0.268,0.45,100,262,102,0.255,0.428,0.358,0.344,0.013,0.022,0.014,11.2,48.7,90.3,38.5,7.7,41.6,100.345718473,94.59448968,62.4,24.8,82.9,49.1,23.1,43.2,29.2,46.9,22.5,28.7,MIL,249,668930,2906,8.6,0.37,0.261,0.484,0.63,0.48,0.388,0.266,17,46,90.3,9.8,2211,90.5,90.9,30,102,147,0.4000000000000057,6.55,115,148,107,149,294,323,299,-8.599,8.599,68.9,6.8,1.971651122,57,33,9,6,0,2,13,22.8,11,19.3,2.21,0.61,0.48,-0.48,91.3,189.0,42.42424242424242,9.090909090909092,5.263157894736842,5.66,-1.79,-0.15,2.23,0.491,3.0,3.453413655,0.408,0.473,-3.453413655,0.104,0.083,0.157,0.092,29.4,35.8,8.078163456395309,7.954358233089488,35.579795282472006,0.495049504950495,34.388305978540465,31.455665165905035,MIL
Gabriel Gonzalez,694224,2026,22,8,11,2,0,18.2,18.2,0.25,0.25,0,2,2,0.137,0.149,0.355,0.285,0.113,0.101,0.07,9.5,19.0,82.8,0.0,0.0,16.7,93.6672,91.097643333,93.8,29.6,100.0,37.2,17.4,53.5,33.3,83.3,0.0,0.0,MIN,3,694224,43,7.0,1.0,0.0,1.0,1.0,0.89,0.422,0.469,1,1,97.6,3.0,2281,93.8,94.83,0,2,1,1.0,6.7,108,154,123,148,307,327,286,-0.327,0.327,67.6,6.0,,1,1,1,0,0,0,0,0.0,0,0.0,1.56,1.03,0.36,0.36,97.6,94.0,100.0,0.0,0.0,5.96,-1.36,0.15,3.27,1.0,0.0,10.9,0.469,0.5,-10.9,0.531,0.531,0.5,0.468,0.0,44.7,-1.6983358500473382,24.84097292873595,25.43969973667375,0.0,37.11653218405103,16.39657244355503,MIN
Teoscar Hernández,606192,2026,33,442,491,118,16,27.5,8.6,0.267,0.425,64,188,66,0.256,0.437,0.332,0.332,0.011,-0.012,0.0,25.2,54.3,90.3,33.5,10.7,44.8,101.503400065,95.079105599,67.1,31.2,77.0,46.8,32.6,48.0,34.5,44.2,28.7,20.3,LAD,183,606192,1951,9.4,0.289,0.156,0.393,0.444,0.349,0.318,0.241,13,45,90.7,17.0,2389,89.6,89.85,31,90,93,0.3000000000000113,6.39,109,152,122,147,304,325,295,-2.257,2.257,70.0,7.6,3.574856701,49,30,10,1,0,2,15,30.6,3,6.1,2.41,0.46,0.04,0.04,92.4,153.0,43.333333333333336,10.0,6.122448979591836,5.9,-1.63,0.22,2.22,0.347,3.0,1.233333333,0.303,0.424,-1.233333333,0.048,0.0439999999999999,0.02,0.031,34.4,39.4,8.770185937925238,3.4435301564446483,32.50297852237739,0.5617977528089888,39.23646283138851,29.94499285810913,LAD
TJ Friedl,670770,2026,30,239,272,41,4,23.2,8.1,0.172,0.255,13,61,20,0.191,0.268,0.236,0.25,-0.019,-0.013,-0.014,11.8,62.8,87.3,26.9,2.9,28.0,96.910295,92.496872453,63.0,24.1,86.9,49.0,25.0,43.2,39.6,44.0,25.3,20.3,TBD,25,670770,1010,2.5,0.333,0.0,0.5,0.333,0.354,0.285,0.232,2,6,71.9,15.5,2258,92.4,92.24,3,11,14,-0.2000000000000028,6.16,121,148,128,154,285,310,298,-0.074,0.074,64.3,6.3,1.196410372,7,4,2,0,0,0,2,28.6,1,14.3,1.99,0.73,0.57,-0.57,88.0,149.0,0.0,0.0,0.0,5.72,-1.55,-0.41,2.71,0.429,0.0,0.296,0.341,0.262,-0.296,0.101,0.0879999999999999,0.071,0.069,27.3,41.9,1.8026042663658188,5.355691686144629,28.961812466191688,0.3636363636363636,31.10943777261081,31.651033391443384,TBD
Christian Franklin,681047,2026,26,50,59,9,0,25.4,11.9,0.18,0.22,1,11,6,0.192,0.315,0.256,0.291,-0.012,-0.095,-0.035,39.1,30.7,85.4,14.3,8.6,34.3,97.938457778,93.130864286,60.9,21.6,79.1,44.2,28.9,39.0,14.3,62.9,14.3,11.4,BAL,41,681047,249,16.5,0.25,0.0,0.333,0.25,0.223,0.22,0.235,3,12,86.0,-5.4,2313,89.0,89.01,6,21,20,0.0,6.52,113,151,124,149,303,323,286,1.151,-1.151,67.9,6.9,3.079188148,12,9,3,0,0,0,3,25.0,0,0.0,2.36,0.58,0.41,0.41,91.2,98.0,22.22222222222222,0.0,0.0,5.47,-2.17,0.52,2.05,0.25,0.0,-2.807317073,0.235,0.264,2.807317073,0.015,0.015,-0.014,0.003,28.6,32.1,8.792536794255449,8.232427129985506,32.68181387715051,0.45,36.588956120732334,26.286197733244784,BAL
Henry Davis,680779,2026,26,256,298,44,10,21.1,9.4,0.172,0.313,38,80,33,0.199,0.342,0.267,0.29,-0.027,-0.029,-0.023,42.7,60.9,90.3,27.8,8.6,40.9,100.662878211,94.625487368,75.3,32.3,84.2,48.1,25.6,53.0,52.5,36.9,25.8,19.7,PIT,71,680779,1121,6.3,0.214,0.286,0.2,0.5,0.389,0.355,0.213,3,14,93.0,17.7,2303,89.8,89.58,7,32,39,-0.2000000000000028,6.06,108,152,118,148,305,317,286,-1.797,1.797,67.5,7.1,2.153901482,18,11,1,1,0,1,3,16.7,4,22.2,2.46,0.4,0.35,0.35,95.5,184.0,72.72727272727273,9.090909090909092,5.555555555555555,5.88,-1.48,0.02,2.12,0.389,1.0,2.530985915,0.388,0.393,-2.530985915,0.001,0.001,0.107,0.034,21.9,38.0,10.544551469523824,-1.8511933329663863,32.989215458096155,0.46875,37.77576356000481,28.31560846376634,PIT
Ke'Bryan Hayes,663647,2026,29,227,242,32,5,19.8,5.4,0.141,0.225,9,51,19,0.236,0.371,0.191,0.287,-0.095,-0.146,-0.096,5.5,54.4,90.4,36.3,6.9,38.5,99.502539885,93.92032431,62.3,30.9,89.0,48.7,23.4,46.2,30.7,34.6,31.3,29.1,CIN,70,663647,872,8.0,0.056,0.0,0.083,0.056,0.049,0.139,0.138,1,18,87.4,19.6,2431,92.0,92.19,11,37,33,0.2000000000000028,6.41,113,153,127,149,308,318,294,4.078,-4.078,70.2,6.7,2.803314874,18,12,1,0,0,0,6,33.3,0,0.0,2.02,0.7,0.38,0.38,90.7,200.0,25.0,0.0,0.0,5.66,-1.63,0.37,2.49,0.056,0.0,-5.825714286,0.138,0.186,5.825714286,-0.082,-0.082,-0.13,-0.09,29.7,39.5,2.9841045571904585,0.8314088112052136,25.522228054670013,0.4594594594594595,37.31740132205847,34.14254280756637,CIN
Austin Hedges,595978,2026,33,215,247,53,6,18.2,10.1,0.247,0.377,25,81,25,0.224,0.314,0.313,0.28,0.023,0.063,0.033,7.6,61.2,85.8,26.7,4.5,32.4,97.388293605,92.724417485,64.5,25.4,85.7,48.9,24.1,44.5,47.7,47.7,22.7,19.9,CLE,7,595978,934,0.7,0.0,0.0,0.0,0.0,0.0,0.275,0.299,0,4,75.3,9.5,2316,92.9,93.63,1,6,1,0.6999999999999886,6.59,114,153,125,145,296,325,293,1.053,-1.053,70.0,7.0,0.52063212,4,4,0,0,0,0,0,0.0,0,0.0,2.05,0.59,0.18,0.18,92.3,80.0,50.0,0.0,0.0,5.91,-1.72,0.25,2.62,0.0,0.0,-15.042857143,0.299,0.326,15.042857143,-0.299,-0.299,-0.326,-0.275,16.7,47.5,5.146348345933276,6.862266089358023,25.1720526189348,0.5,38.41973373061437,29.755640864320696,CLE
Ronald Acuña Jr.,660670,2026,28,408,469,104,20,22.0,11.3,0.255,0.451,55,184,61,0.261,0.495,0.348,0.366,-0.006,-0.044,-0.018,58.6,54.4,89.6,34.7,13.0,43.5,102.06326039,95.280739838,75.6,28.6,77.7,44.2,29.0,49.4,37.0,41.2,27.9,23.1,ATL,210,660670,1875,11.2,0.304,0.321,0.273,0.625,0.407,0.441,0.33,17,56,87.2,17.2,2248,92.0,92.46,23,120,90,0.5,6.57,109,152,121,145,308,329,297,-5.323,5.323,72.6,7.5,1.823201095,61,49,9,3,0,5,8,13.1,4,6.6,1.91,0.81,0.62,0.62,91.7,156.0,36.734693877551024,16.3265306122449,13.114754098360656,5.73,-1.85,-0.05,2.3,0.344,8.0,2.534761905,0.369,0.694,-2.534761905,-0.026,-0.025,-0.069,-0.034,19.2,38.3,9.133308518166045,5.151785536631975,35.43223267477466,0.5423728813559322,34.31615687880987,27.116415791278524,ATL
Drew Cavanaugh,701852,2026,24,144,166,33,1,30.1,10.8,0.229,0.292,12,42,9,0.233,0.335,0.28,0.296,-0.004,-0.043,-0.016,4.2,38.3,85.1,41.8,4.2,27.6,97.722935435,92.951858242,67.1,27.0,81.6,47.9,29.2,46.2,28.6,44.9,21.4,26.5,SF,142,701852,660,21.5,0.154,0.192,0.231,0.346,0.259,0.187,0.119,4,26,82.9,7.0,2311,91.9,92.47,20,55,87,0.5999999999999943,6.55,117,147,114,152,292,322,303,2.457,-2.457,66.7,6.5,2.40456949,29,14,2,0,1,1,12,41.4,3,10.3,2.15,0.58,0.16,-0.16,90.2,143.0,14.285714285714285,0.0,0.0,5.82,-1.75,-0.16,2.32,0.241,0.0,-1.73028169,0.21,0.181,1.73028169,0.035,0.031,0.165,0.072,36.4,43.1,2.9945182859973007,6.209794676717248,40.69554017410472,0.3518518518518518,35.12590138826531,23.247142682188223,SF
Tim Tawa,694374,2026,27,313,351,75,11,23.9,7.7,0.24,0.393,42,123,41,0.247,0.418,0.302,0.315,-0.007,-0.025,-0.013,37.1,58.6,90.5,35.4,10.5,43.8,100.77373087,94.791945895,69.0,31.4,80.5,46.7,28.0,49.0,36.7,43.3,26.3,23.3,ARI,214,694374,1400,15.3,0.245,0.102,0.282,0.347,0.284,0.309,0.255,12,49,87.6,16.5,2398,90.0,90.12,27,106,108,0.0999999999999943,6.38,107,152,113,147,301,332,295,2.033,-2.033,71.8,7.1,3.386222505,54,40,10,0,1,1,10,18.5,4,7.4,2.27,0.58,0.17,0.17,91.2,149.0,37.5,7.5,5.555555555555555,5.65,-2.15,0.46,2.4,0.296,3.0,-0.95,0.306,0.404,0.95,-0.01,-0.01,-0.057,-0.025,25.5,35.6,9.942667202454674,-3.744267917443716,28.389184926567687,0.6,38.21884607209845,33.15424035604241,ARI
Ronny Simon,682927,2026,26,63,68,16,1,16.2,5.9,0.254,0.349,4,22,11,0.258,0.369,0.288,0.298,-0.004,-0.02,-0.01,22.4,37.0,87.8,30.2,3.8,30.2,98.92741625,93.620068958,73.4,40.0,90.1,47.0,17.7,55.7,41.5,49.1,18.9,20.8,PIT,86,682927,264,32.6,0.15,0.1,0.2,0.25,0.196,0.226,0.211,3,20,91.3,15.2,2253,90.4,90.32,7,45,41,-0.1000000000000085,6.29,107,145,111,150,292,316,292,2.041,-2.041,68.9,6.8,0.538859093,21,15,1,2,0,0,5,23.8,1,4.8,2.2,0.63,0.52,-0.52,91.3,161.0,33.33333333333333,0.0,0.0,5.73,-1.88,-0.12,2.37,0.19,0.0,-2.373255814,0.249,0.253,2.373255814,-0.061,-0.059,-0.003,-0.03,15.6,39.1,-0.5478423693437223,6.09764355724637,24.21151009114875,0.2954545454545454,34.38799528316211,26.104565791937706,PIT
Royce Lewis,668904,2026,27,463,509,105,15,25.5,7.5,0.227,0.38,57,176,51,0.238,0.397,0.292,0.306,-0.011,-0.017,-0.014,54.5,72.2,89.8,33.4,10.7,40.2,100.584117857,94.480060268,70.2,33.4,79.3,46.5,32.8,50.5,46.7,32.5,29.3,24.3,MIN,188,668904,2000,9.4,0.116,0.0,0.172,0.116,0.114,0.226,0.198,5,43,89.6,20.3,2307,89.5,89.88,36,102,86,0.4000000000000057,6.53,104,152,121,146,298,326,298,7.056,-7.056,72.3,8.0,3.047921687,45,29,5,0,0,0,15,33.3,1,2.2,2.39,0.5,0.27,0.27,91.2,131.0,31.03448275862069,6.896551724137931,4.444444444444445,5.76,-1.96,0.34,2.08,0.133,2.0,-3.753191489,0.224,0.246,3.753191489,-0.082,-0.091,-0.13,-0.112,35.3,37.4,11.453671542241038,-10.376478952991878,26.510066691069355,0.73,39.23986764761457,34.175123615300016,MIN
Kazuma Okamoto,672960,2026,30,568,636,132,33,28.8,9.3,0.232,0.452,92,257,81,0.224,0.446,0.332,0.328,0.008,0.006,0.004,33.5,58.0,90.6,35.1,13.1,44.1,101.291152371,94.970378557,67.7,27.3,77.9,48.6,32.8,46.9,50.8,35.8,33.8,20.6,TOR,251,672960,2679,9.4,0.283,0.245,0.324,0.528,0.387,0.357,0.252,15,53,91.0,16.1,2354,89.4,89.3,34,112,139,-0.1000000000000085,6.27,108,152,122,146,302,328,296,-2.393,2.393,69.8,7.9,4.054770183,60,40,8,4,0,3,13,21.7,7,11.7,2.43,0.46,0.21,0.21,91.9,167.0,45.0,10.0,6.666666666666667,5.65,-1.79,0.33,2.13,0.367,4.0,0.953386454,0.34,0.486,-0.953386454,0.031,0.0269999999999999,0.042,0.03,30.4,35.0,17.060057485533342,-2.8989923822675325,33.86023119187521,0.6090909090909091,38.07921409986388,30.26063433037004,TOR
Kevin McGonigle,805808,2026,21,605,707,168,18,14.1,13.4,0.278,0.43,72,260,97,0.264,0.445,0.357,0.355,0.014,-0.015,0.002,16.0,49.8,87.8,36.3,7.3,37.6,98.454122638,93.40873561,67.2,19.6,89.0,49.1,16.2,42.9,37.1,33.8,35.6,22.8,DET,287,805808,2837,10.1,0.333,0.316,0.349,0.649,0.451,0.434,0.315,19,57,88.2,15.9,2277,90.0,90.24,15,111,176,0.2000000000000028,6.45,120,146,120,151,292,330,301,-7.983,7.983,71.0,6.8,2.557016789,68,47,11,2,2,4,11,16.2,10,14.7,2.33,0.52,0.34,-0.34,92.1,175.0,46.80851063829788,12.76595744680851,8.823529411764707,5.75,-1.92,0.0,2.19,0.426,6.0,2.781533101,0.411,0.621,-2.781533101,0.018,0.015,0.028,0.017,13.5,37.8,12.349340421639948,6.934030764564139,37.32329228505302,0.4587155963302752,35.24819704734035,31.75572813982262,DET
Brett Baty,683146,2026,26,420,473,100,11,26.4,9.3,0.238,0.374,56,157,53,0.243,0.412,0.304,0.321,-0.005,-0.038,-0.017,56.5,47.9,90.4,36.7,10.3,42.0,101.4330448,95.001666187,69.4,28.8,80.8,50.0,29.3,49.1,35.0,40.0,28.7,26.3,NYM,205,683146,1904,10.8,0.405,0.351,0.444,0.757,0.516,0.453,0.324,15,37,93.8,19.0,2306,89.6,89.6,31,96,109,0.0,6.43,115,146,115,149,291,327,304,-8.184,8.184,73.7,7.5,3.682085184,45,30,8,4,0,3,8,17.8,7,15.6,2.36,0.55,0.27,-0.27,92.6,189.0,43.333333333333336,13.333333333333334,8.88888888888889,5.69,-1.9,-0.04,2.4,0.489,4.0,3.992195122,0.422,0.672,-3.992195122,0.081,0.067,0.085,0.063,32.3,34.2,10.171549388945149,4.890128671608029,39.265809459706325,0.4526315789473684,39.64754018880413,24.40685694105696,NYM
Troy Johnston,687859,2026,29,397,449,110,4,18.5,8.2,0.277,0.393,50,156,41,0.276,0.375,0.329,0.323,0.001,0.018,0.006,5.4,44.2,89.7,39.7,2.2,36.9,98.35935121,93.374621342,70.6,36.2,85.7,47.4,24.7,52.5,38.1,40.6,23.8,32.2,COL,96,687859,1637,5.9,0.182,0.091,0.286,0.273,0.258,0.259,0.206,4,22,88.8,19.9,2329,90.8,91.42,16,57,39,0.6000000000000085,6.33,115,146,106,152,297,336,308,1.636,-1.636,68.3,6.7,3.052509468,25,14,2,2,0,0,8,32.0,1,4.0,2.28,0.48,0.3,-0.3,90.3,174.0,21.428571428571427,0.0,0.0,5.6,-2.16,-0.07,2.42,0.28,0.0,-1.704166667,0.301,0.251,1.704166667,-0.024,-0.0209999999999999,0.022,-0.001,28.1,36.3,12.073057439146789,-3.619691906255464,34.093703444723275,0.4210526315789473,34.184948590631464,33.84328676313837,COL
Andrés Chaparro,665953,2026,27,198,228,52,13,23.2,11.0,0.263,0.525,39,104,36,0.233,0.451,0.383,0.344,0.03,0.074,0.039,44.8,52.2,89.9,29.0,13.1,44.1,101.366810548,95.09789131,71.3,32.0,78.8,44.0,32.4,49.3,50.3,40.7,29.0,18.6,WSH,75,665953,871,8.6,0.263,0.0,0.357,0.263,0.278,0.241,0.182,5,19,87.9,12.4,2312,88.6,89.02,19,44,31,0.4000000000000057,6.53,101,151,125,145,305,321,295,0.391,-0.391,68.3,7.2,4.714048152,21,14,5,0,0,0,5,23.8,2,9.5,2.49,0.45,0.15,0.15,90.7,138.0,28.57142857142857,0.0,0.0,5.74,-1.87,0.27,2.27,0.333,0.0,-0.521333333,0.26,0.263,0.521333333,0.081,0.073,0.0,0.037,43.2,38.8,12.502224818054264,-13.155540117590498,29.51273529953545,0.5116279069767442,37.97118926315874,35.389602325977656,WSH
Taylor Ward,621493,2026,32,498,607,112,7,21.4,16.3,0.225,0.311,37,155,71,0.241,0.36,0.312,0.334,-0.016,-0.049,-0.022,3.0,47.2,88.7,35.3,5.1,38.3,98.776249027,93.58431897,54.1,14.9,87.0,49.7,19.5,34.4,32.9,38.8,26.7,27.0,SEA,7,621493,2529,0.3,0.0,0.0,0.0,0.0,0.349,0.378,0.065,0,1,67.5,-9.0,2359,94.4,94.77,0,1,6,0.3999999999999915,6.64,102,152,127,150,314,328,301,0.036,-0.036,69.1,7.4,,2,1,0,0,0,0,0,0.0,1,50.0,1.64,0.98,0.56,0.56,88.0,12.0,0.0,0.0,0.0,5.06,-1.79,0.24,2.21,0.5,0.0,-0.514285714,0.532,0.072,0.514285714,-0.065,-0.032,-0.072,-0.029,0.0,24.5,14.309021443185571,-13.797351643950208,30.80259409675049,1.0,40.120503394010186,48.29472684528179,SEA
Ozzie Albies,645277,2026,29,615,683,146,22,15.4,6.7,0.237,0.392,73,241,85,0.221,0.337,0.298,0.273,0.016,0.055,0.025,5.1,57.3,87.1,32.3,3.8,27.7,96.575292846,92.322715692,78.7,38.1,86.2,44.3,21.2,56.1,45.8,35.5,32.8,23.3,ATL,217,645277,2549,8.5,0.118,0.137,0.135,0.255,0.183,0.189,0.15,6,51,89.7,11.1,2210,89.8,90.15,36,115,102,0.2999999999999971,6.47,117,146,110,151,297,323,299,6.863,-6.863,66.1,7.3,1.992660259,55,38,2,2,1,1,14,25.5,2,3.6,2.25,0.65,0.56,-0.56,91.9,135.0,28.947368421052637,2.631578947368421,1.818181818181818,5.66,-1.95,-0.17,2.2,0.164,1.0,-3.162672811,0.194,0.228,3.162672811,-0.032,-0.03,0.027,-0.006,31.3,36.4,15.760063640068848,-5.423888309548912,35.987093304271326,0.509090909090909,32.406176285413736,37.94790855370953,ATL
Bryan Torres,663494,2026,28,166,189,38,4,20.6,9.5,0.229,0.331,19,55,17,0.229,0.329,0.289,0.288,0.0,0.002,0.001,1.0,53.4,86.5,35.4,3.1,26.2,95.647026349,91.92324296,61.6,27.0,87.1,50.0,21.8,44.3,48.5,46.2,23.1,26.2,STL,161,663494,756,21.3,0.147,0.0,0.208,0.147,0.216,0.256,0.185,5,34,84.8,16.1,2274,91.4,91.93,17,64,97,0.5,6.57,119,147,105,152,290,319,299,3.133,-3.133,61.0,6.3,2.694175567,40,24,5,0,0,0,10,25.0,6,15.0,2.12,0.63,0.51,-0.51,90.1,156.0,16.666666666666664,0.0,0.0,5.65,-1.85,-0.11,2.28,0.275,0.0,-1.945962733,0.307,0.223,1.945962733,-0.038,-0.0319999999999999,-0.076,-0.04,26.6,35.2,4.676425332024427,-2.567833800910764,33.455917420459244,0.5645161290322581,37.60048931111789,30.554578869223405,STL
Sal Stewart,701398,2026,22,623,700,164,32,22.1,9.0,0.263,0.457,112,285,87,0.256,0.466,0.339,0.343,0.007,-0.009,-0.004,26.6,54.8,90.5,35.4,12.2,41.6,100.796886111,94.787875589,69.1,32.1,78.8,47.3,27.0,49.6,32.2,45.0,27.8,22.8,CIN,220,701398,2763,8.0,0.288,0.058,0.368,0.346,0.297,0.286,0.253,15,52,91.6,13.4,2391,90.7,90.9,34,124,96,0.2000000000000028,6.52,108,150,124,147,306,321,295,-0.534,0.534,69.3,7.5,1.8500774,56,39,14,0,0,1,14,25.0,3,5.4,2.38,0.45,0.2,0.2,92.4,158.0,56.41025641025641,2.564102564102564,1.7857142857142856,5.61,-1.8,0.32,2.16,0.321,1.0,0.242727273,0.293,0.352,-0.242727273,0.035,0.028,-0.006,0.011,27.4,36.6,9.692814922127369,8.210378604721082,33.19549588981661,0.5042735042735043,39.55962831365498,27.51230207907921,CIN
Justin Crawford,702222,2026,22,425,465,112,3,17.6,5.8,0.264,0.353,41,150,48,0.257,0.328,0.294,0.284,0.007,0.025,0.01,6.1,39.4,87.1,28.6,2.0,35.1,98.072316272,93.092773145,69.3,37.6,88.0,49.6,17.7,53.3,28.9,58.9,16.4,21.0,PHI,151,702222,1681,9.0,0.238,0.071,0.286,0.31,0.253,0.283,0.271,10,42,87.6,0.5,2242,90.9,91.49,15,84,67,0.5999999999999943,6.6,112,147,98,149,286,319,299,2.331,-2.331,67.8,7.1,1.72266647,45,35,8,1,1,0,8,17.8,2,4.4,2.0,0.77,0.48,-0.48,92.1,164.0,35.294117647058826,2.941176470588235,2.2222222222222223,5.54,-2.1,0.04,2.32,0.267,1.0,-1.543708609,0.299,0.354,1.543708609,-0.033,-0.0319999999999999,-0.044,-0.03,17.9,37.9,3.257230587038402,9.925995362694628,29.501808933540733,0.3855421686746988,40.13230364181772,23.105743086666024,PHI
Pete Crow-Armstrong,691718,2026,24,626,726,175,45,25.8,11.4,0.28,0.57,107,357,119,0.264,0.508,0.4,0.374,0.016,0.062,0.026,53.6,51.3,90.6,38.1,13.3,48.6,102.38778711,95.808047982,68.6,34.2,82.8,46.0,26.3,50.1,51.1,31.3,33.6,23.4,CHC,259,691718,2922,8.9,0.345,0.418,0.351,0.764,0.489,0.487,0.353,19,55,94.6,27.7,2281,91.5,91.66,38,145,114,0.2000000000000028,6.37,120,147,113,153,296,328,304,-13.303,13.303,75.0,7.5,2.356216972,65,43,9,3,1,6,13,20.0,9,13.8,2.16,0.59,0.48,-0.48,93.4,174.0,55.81395348837209,20.930232558139537,13.846153846153848,5.7,-1.86,-0.19,2.34,0.431,9.0,5.136293436,0.43,0.746,-5.136293436,-0.008,0.001,0.018,0.002,26.2,36.1,14.565460745669254,-9.521807758574818,33.71141089733537,0.5379310344827586,34.06290456483136,37.537239174393285,CHC
Tommy Edman,669242,2026,31,291,331,72,8,20.2,6.6,0.247,0.385,42,112,44,0.24,0.347,0.32,0.303,0.007,0.038,0.017,14.3,58.7,87.3,29.4,5.3,32.0,98.478885179,93.248303304,64.5,30.4,91.0,46.8,23.0,46.4,42.1,45.6,28.5,20.2,LAD,192,669242,1210,15.9,0.14,0.163,0.133,0.302,0.255,0.264,0.169,6,43,85.0,6.5,2447,90.2,90.34,26,85,107,0.0999999999999943,6.37,120,147,110,153,291,319,300,1.076,-1.076,68.5,6.6,1.721492634,51,32,3,1,0,2,12,23.5,5,9.8,2.45,0.38,0.14,-0.15,90.7,122.0,25.0,3.125,1.96078431372549,5.79,-1.71,-0.04,2.26,0.255,1.0,-0.560416667,0.287,0.274,0.560416667,-0.029,-0.0319999999999999,0.028,-0.009,30.6,38.5,7.374371297518667,1.489275425354665,27.696195107206123,0.5411764705882353,34.95719227814212,27.360091957682943,LAD
Jakob Marsee,805300,2026,25,516,616,119,11,20.5,12.7,0.231,0.359,41,185,83,0.233,0.334,0.321,0.314,-0.002,0.025,0.007,5.8,45.6,87.3,33.5,3.8,34.5,97.82960178,92.989467585,60.1,22.2,91.9,49.1,18.0,40.9,40.3,37.0,22.7,28.7,MIA,193,805300,2384,8.1,0.364,0.273,0.389,0.636,0.468,0.396,0.315,16,44,87.5,24.1,2276,91.0,91.17,13,92,101,0.2000000000000028,6.49,117,147,104,152,291,318,297,-6.493,6.493,64.9,6.4,4.078239539,52,38,10,2,2,2,6,11.5,7,13.5,2.06,0.75,0.34,-0.34,90.8,169.0,39.47368421052632,5.263157894736842,3.8461538461538463,5.72,-1.71,0.04,2.35,0.462,2.0,3.364248705,0.42,0.479,-3.364248705,0.049,0.042,0.157,0.072,14.1,39.5,4.2424019008159775,-3.0394125271976327,37.58671699556243,0.3444444444444444,37.97018167003711,27.369233082863527,MIA
JJ Bleday,668709,2026,28,466,545,101,24,22.2,13.2,0.217,0.416,58,194,61,0.24,0.421,0.326,0.34,-0.023,-0.005,-0.014,32.0,53.7,88.4,39.4,9.5,40.1,99.80397093,94.061260465,70.0,22.8,82.0,49.2,26.5,46.1,46.6,28.4,33.6,27.6,CIN,178,668709,2152,8.3,0.184,0.105,0.24,0.289,0.24,0.278,0.223,7,38,89.0,17.1,2223,89.2,89.34,24,80,98,0.0999999999999943,6.45,117,145,119,152,293,320,299,3.444,-3.444,70.3,7.1,3.387931086,41,26,5,1,0,1,12,29.3,3,7.3,2.64,0.28,0.39,-0.39,92.2,147.0,46.15384615384615,3.8461538461538463,2.4390243902439024,5.59,-1.81,-0.19,2.29,0.244,1.0,-1.934831461,0.279,0.351,1.934831461,-0.039,-0.035,-0.062,-0.038,30.0,35.3,13.221682023491397,-7.085459174232391,32.90773303871541,0.5375,39.04437518144515,30.414283904455523,CIN
Logan O'Hoppe,681351,2026,26,252,275,55,4,24.7,6.2,0.218,0.302,24,76,25,0.206,0.332,0.259,0.267,0.012,-0.03,-0.008,24.8,60.5,86.8,30.5,9.1,35.8,98.818916667,93.427971774,71.1,34.8,85.8,45.2,28.7,51.2,44.4,39.0,28.9,22.5,TEX,3,681351,989,0.3,1.0,0.0,1.0,1.0,0.89,0.375,0.383,1,1,76.8,11.0,2415,91.6,90.73,0,2,1,-0.8999999999999915,5.77,114,153,122,150,292,327,299,-0.419,0.419,67.8,6.3,,1,1,1,0,0,0,0,0.0,0,0.0,2.04,0.68,0.81,0.81,88.0,171.0,0.0,0.0,0.0,5.58,-2.12,-0.98,3.05,1.0,0.0,13.966666667,0.383,0.447,-13.966666667,0.617,0.617,0.553,0.515,0.0,26.3,3.2627196347039105,5.045026076341703,30.423479589444533,0.5,27.155820929259683,29.36214166593584,TEX
Brian Serven,661531,2026,31,80,85,14,5,24.7,4.7,0.175,0.375,14,30,8,0.22,0.371,0.261,0.278,-0.045,0.004,-0.017,7.0,58.5,87.5,35.6,8.5,30.5,98.142667667,93.187857119,67.1,31.6,75.9,51.9,30.4,50.0,39.0,45.8,30.5,22.0,OAK,77,661531,322,23.9,0.0,0.0,0.0,0.0,0.035,0.161,0.143,0,19,84.0,13.9,2375,90.5,90.29,13,43,34,-0.2000000000000028,6.18,104,152,122,147,294,321,286,4.802,-4.802,69.0,7.1,1.551659906,20,14,0,0,0,0,5,25.0,1,5.0,2.3,0.52,0.37,0.37,90.1,153.0,21.428571428571427,0.0,0.0,5.41,-1.89,0.16,2.4,0.05,0.0,-6.236363636,0.186,0.159,6.236363636,-0.143,-0.136,-0.159,-0.126,30.2,33.7,10.168753065950249,0.7882962390794646,32.56118599976983,0.627906976744186,34.156649839309146,28.20245344039776,OAK
Brandon Marsh,669016,2026,28,524,568,136,18,25.0,6.0,0.26,0.408,62,214,71,0.251,0.401,0.308,0.301,0.009,0.007,0.007,16.3,43.1,89.2,40.8,8.0,42.6,99.77357526,94.128250573,69.2,36.3,87.2,47.9,24.9,52.1,38.5,42.1,27.2,26.7,PHI,173,669016,2131,8.1,0.171,0.098,0.2,0.268,0.208,0.253,0.212,7,41,89.1,12.7,2237,90.2,90.54,21,88,85,0.2999999999999971,6.55,114,146,109,151,291,324,301,4.685,-4.685,68.6,6.9,2.664332875,44,31,5,1,0,1,11,25.0,2,4.5,2.13,0.71,0.61,-0.61,91.2,162.0,35.483870967741936,6.451612903225806,4.545454545454546,5.62,-2.25,-0.03,2.28,0.205,2.0,-2.708092486,0.243,0.342,2.708092486,-0.041,-0.038,-0.074,-0.045,23.9,38.6,5.998346442152096,-2.658607152962307,38.31607911319876,0.3863636363636363,38.34335785369749,26.730385262770568,PHI
Lars Nootbaar,663457,2026,28,285,334,68,8,21.0,13.8,0.239,0.379,33,108,39,0.247,0.437,0.32,0.343,-0.008,-0.058,-0.023,34.6,52.9,92.0,34.9,10.1,49.5,101.741653981,95.613341163,53.7,20.7,87.3,50.6,19.1,37.4,39.9,46.8,28.4,21.6,ARI,255,663457,1398,18.2,0.308,0.154,0.4,0.462,0.37,0.33,0.253,16,52,92.4,8.5,2249,91.1,91.3,22,99,156,0.2000000000000028,6.41,120,147,112,153,294,335,307,-1.747,1.747,70.6,6.6,2.902681872,61,37,12,2,0,2,16,26.2,8,13.1,2.16,0.62,0.46,-0.46,92.8,164.0,51.35135135135135,8.108108108108109,4.918032786885246,5.82,-1.97,-0.19,2.45,0.393,3.0,0.685098039,0.339,0.405,-0.685098039,0.055,0.0539999999999999,0.057,0.04,22.2,38.4,7.079966067833711,0.8001033609614606,28.715623051347,0.4795918367346938,38.06325356807324,30.669807562101848,ARI
Corbin Carroll,682998,2026,25,582,671,139,22,22.5,10.9,0.239,0.467,78,272,91,0.249,0.446,0.341,0.341,-0.01,0.021,0.0,57.9,65.3,91.7,30.3,12.2,47.6,101.887905392,95.42745629,64.5,29.7,79.0,45.8,27.2,45.6,42.4,40.5,29.2,21.2,ARI,218,682998,2645,8.2,0.231,0.212,0.263,0.442,0.284,0.297,0.226,12,52,91.6,16.4,2244,91.3,91.52,32,122,96,0.2000000000000028,6.38,116,145,110,150,296,334,304,1.019,-1.019,74.2,7.5,1.992787939,58,40,6,3,1,2,15,25.9,3,5.2,2.02,0.74,0.49,-0.49,92.4,153.0,46.15384615384615,12.82051282051282,8.620689655172415,5.8,-1.99,-0.05,2.38,0.259,5.0,-0.467431193,0.247,0.461,0.467431193,0.005,0.012,-0.019,-0.013,26.2,38.5,11.524127801912638,-0.5346760191037057,27.23674530077711,0.6475409836065574,37.94805302990217,34.53808253892039,ARI
Graham Pauley,688363,2026,25,142,154,30,4,24.0,5.2,0.211,0.373,25,53,15,0.194,0.311,0.274,0.243,0.017,0.062,0.031,19.6,54.3,84.4,34.3,6.5,25.9,96.051487358,92.035940755,66.8,30.8,86.3,46.9,22.3,47.7,54.6,40.7,28.7,18.5,MIA,126,688363,630,20.0,0.292,0.25,0.333,0.542,0.406,0.346,0.236,7,24,84.8,9.6,2122,89.5,89.4,12,57,69,-0.0999999999999943,6.39,117,148,117,153,290,315,299,-1.474,1.474,69.6,7.2,3.303339776,28,17,5,0,0,2,7,25.0,3,10.7,2.24,0.65,0.57,-0.57,90.9,121.0,35.294117647058826,11.76470588235294,7.142857142857142,5.56,-2.05,-0.09,2.09,0.393,2.0,1.16984127,0.345,0.436,-1.16984127,0.056,0.048,0.106,0.06,21.1,37.3,13.275687640858958,-5.561213081573211,32.218693875846405,0.4909090909090909,34.592513210692154,31.5989455108749,MIA
Travis Bazzana,683953,2026,23,449,517,110,15,20.7,10.8,0.245,0.408,57,183,56,0.224,0.347,0.328,0.299,0.021,0.061,0.029,12.2,50.0,87.6,30.0,5.2,36.2,98.286642849,93.307251628,65.8,27.3,86.2,48.1,23.2,45.9,38.9,40.6,28.8,20.5,CLE,165,683953,2091,7.9,0.324,0.5,0.292,0.824,0.516,0.408,0.287,11,34,92.1,13.5,2280,90.4,90.65,15,84,81,0.1999999999999886,6.49,117,147,107,151,288,323,301,-6.678,6.678,69.0,7.0,2.48879284,41,28,3,3,1,4,6,14.6,6,14.6,2.29,0.55,0.34,-0.34,91.2,164.0,46.42857142857143,14.285714285714285,9.75609756097561,5.74,-1.87,-0.24,2.28,0.439,4.0,4.047272727,0.409,0.534,-4.047272727,0.037,0.03,0.29,0.108,17.9,39.0,9.296596376995677,-0.1541612284596403,35.46185281515171,0.3950617283950617,33.33839399729269,33.00874701505182,CLE
Bryce Eldridge,805811,2026,21,386,448,104,17,26.6,13.2,0.269,0.461,57,178,50,0.26,0.467,0.361,0.359,0.009,-0.006,0.002,34.4,42.8,92.7,36.7,11.5,52.2,102.568509037,96.138444275,64.7,24.6,82.1,46.3,27.1,43.1,37.8,39.3,30.4,26.3,SF,106,805811,1881,5.6,0.391,0.217,0.5,0.609,0.424,0.389,0.317,9,23,95.4,15.6,2260,88.9,89.33,15,51,55,0.3999999999999915,6.45,119,146,129,152,300,330,306,-1.808,1.808,71.3,7.2,5.02911255,25,17,6,2,0,1,7,28.0,1,4.0,2.57,0.35,0.18,-0.18,93.1,169.0,58.82352941176471,11.76470588235294,8.0,5.87,-1.73,-0.03,2.21,0.4,2.0,1.705660377,0.342,0.573,-1.705660377,0.074,0.0579999999999999,0.036,0.035,29.4,42.9,10.34239810538562,0.8791962077219533,39.17585969694694,0.3333333333333333,34.949941889623965,25.441984733390825,SF
Ian Happ,664023,2026,31,546,636,119,24,29.7,12.7,0.218,0.412,68,225,89,0.208,0.39,0.325,0.313,0.01,0.022,0.012,17.9,46.1,89.3,31.8,11.1,42.2,100.488835922,94.517880196,65.0,23.9,78.1,47.9,30.3,43.6,45.7,41.5,31.2,20.9,CHC,265,664023,2745,9.7,0.239,0.196,0.278,0.435,0.359,0.348,0.251,11,46,90.9,11.5,2224,91.1,91.34,23,107,158,0.2000000000000028,6.43,117,146,118,151,293,325,303,-3.161,3.161,69.0,6.5,1.947845302,57,37,5,4,1,1,9,15.8,11,19.3,2.19,0.6,0.51,-0.51,91.7,152.0,51.35135135135135,10.81081081081081,7.017543859649122,5.63,-1.81,-0.17,2.33,0.386,4.0,1.192830189,0.385,0.385,-1.192830189,-0.012,0.001,0.05,0.011,21.5,36.6,7.856791029063211,-1.5401407030773857,35.36002471230751,0.411214953271028,33.8871717791284,31.75612448123285,CHC
Bryson Stott,681082,2026,28,536,608,137,10,16.4,10.2,0.256,0.401,67,215,71,0.267,0.402,0.326,0.33,-0.011,-0.001,-0.004,7.2,55.7,89.4,35.0,5.9,37.7,98.738688539,93.548267397,54.7,30.0,88.4,47.7,18.7,41.8,36.3,42.2,26.9,24.8,PHI,231,681082,2519,9.2,0.277,0.149,0.31,0.426,0.366,0.364,0.275,13,47,90.0,15.0,2197,91.9,92.24,13,90,141,0.2999999999999971,6.53,116,148,111,152,290,322,301,-1.823,1.823,69.6,7.3,1.4331046,56,42,6,7,0,0,5,8.9,8,14.3,1.91,0.82,0.68,-0.68,91.4,175.0,38.095238095238095,4.761904761904762,3.571428571428571,5.6,-2.21,-0.29,2.36,0.393,2.0,0.789177489,0.392,0.425,-0.789177489,0.002,0.001,0.001,0.002,14.4,37.3,10.436504537186464,0.1131942979279419,30.24394142494616,0.6022727272727273,34.11411211838788,32.59465527571285,PHI
Dylan Crews,686611,2026,24,404,443,90,13,24.2,6.8,0.223,0.374,44,151,55,0.241,0.419,0.294,0.317,-0.018,-0.045,-0.023,38.7,47.1,90.3,33.9,9.4,43.3,101.188552703,94.814070441,73.4,32.1,82.1,47.4,29.4,51.7,33.6,39.6,27.5,25.5,WSH,199,686611,1627,12.2,0.273,0.205,0.333,0.477,0.353,0.345,0.258,12,44,90.7,13.7,2260,90.7,91.22,27,100,99,0.5,6.59,111,151,121,147,308,323,290,-1.225,1.225,71.5,7.5,3.548356405,50,32,7,3,0,2,13,26.0,4,8.0,2.3,0.51,0.44,0.44,92.1,150.0,43.75,12.5,8.0,5.72,-1.86,0.01,2.16,0.34,4.0,0.615577889,0.339,0.435,-0.615577889,0.015,0.001,0.042,0.008,27.0,40.5,9.262427077021512,0.0496879697799215,31.438679282688515,0.4516129032258064,35.69055419304595,29.38689214802379,WSH
George Lombard Jr.,806146,2026,21,152,166,36,7,26.5,6.0,0.237,0.414,22,63,23,0.24,0.388,0.303,0.298,-0.003,0.026,0.005,26.3,55.0,87.1,33.3,8.2,35.1,99.125989074,93.611228241,66.2,27.2,82.5,50.3,25.6,46.8,36.9,49.5,24.3,20.7,NYY,232,806146,653,35.5,0.211,0.211,0.243,0.421,0.29,0.278,0.225,12,57,88.6,11.8,2313,90.8,90.85,29,108,124,0.0,6.43,107,152,116,146,302,327,287,1.287,-1.287,69.9,7.2,1.777238042,60,40,6,3,0,3,17,28.3,2,3.3,2.11,0.71,0.58,0.58,91.4,147.0,35.0,7.5,5.0,5.78,-1.84,0.08,2.26,0.25,3.0,-0.554741379,0.264,0.375,0.554741379,-0.014,-0.014,0.046,0.012,26.9,41.2,8.12821463462033,3.427920768240714,34.38891802492851,0.6310679611650486,38.47101413932664,32.02644778248687,NYY
Dansby Swanson,621020,2026,32,428,486,91,19,23.7,10.5,0.213,0.397,69,170,82,0.22,0.38,0.305,0.301,-0.007,0.017,0.004,9.8,53.8,89.2,28.9,7.3,40.6,99.322246962,93.934010571,70.9,26.4,80.1,47.5,30.4,47.5,50.0,43.1,29.9,19.8,CHC,85,621020,1893,4.5,0.176,0.176,0.2,0.353,0.296,0.225,0.125,3,17,76.8,5.2,2354,88.8,88.88,15,47,38,0.1000000000000085,6.34,109,150,117,146,296,324,294,0.369,-0.369,69.4,7.9,4.646554155,20,11,2,0,0,1,6,30.0,3,15.0,2.59,0.34,0.0,0.0,90.4,123.0,18.181818181818183,0.0,0.0,5.69,-1.91,0.26,2.14,0.3,0.0,-0.434117647,0.256,0.206,0.434117647,0.051,0.0439999999999999,0.147,0.071,31.9,35.2,18.06132614333939,-10.47003849299758,35.93842859751885,0.3777777777777777,36.76369044723272,37.31219070412015,CHC
Edmundo Sosa,624641,2026,30,231,250,57,9,21.6,2.8,0.247,0.429,44,99,31,0.277,0.444,0.307,0.328,-0.03,-0.015,-0.021,27.8,58.8,87.8,33.7,7.2,39.2,99.999948444,94.149401444,71.3,52.8,85.7,45.8,27.5,61.2,41.4,46.4,20.4,25.4,PHI,28,624641,899,3.1,0.182,0.364,0.2,0.545,0.301,0.202,0.2,2,11,83.1,11.0,2205,90.6,90.94,11,21,7,0.3000000000000113,6.62,101,150,120,143,298,326,289,-0.837,0.837,72.6,7.8,2.020751078,11,6,0,1,0,1,5,45.5,0,0.0,2.25,0.57,0.77,0.77,90.3,166.0,16.666666666666664,0.0,0.0,5.2,-2.47,-0.08,1.92,0.182,0.0,2.989285714,0.2,0.274,-2.989285714,-0.018,-0.018,0.271,0.099,52.4,32.3,7.99429013539183,-3.3632150340827787,34.732913017001245,0.6190476190476191,36.19527818188617,27.57707193107708,PHI
Jose Siri,642350,2026,30,228,251,55,10,31.9,6.0,0.241,0.417,33,95,36,0.227,0.425,0.308,0.304,0.014,-0.008,0.004,37.6,52.2,89.1,33.3,13.2,42.8,101.222376081,94.841327905,69.1,40.2,74.8,46.6,36.9,53.7,43.1,41.8,31.4,21.6,LAA,98,642350,974,10.1,0.2,0.24,0.25,0.44,0.271,0.222,0.199,5,25,87.1,5.1,2325,89.6,89.72,21,47,51,0.1000000000000085,6.39,108,151,117,145,309,325,298,0.967,-0.967,67.8,7.0,3.069894391,25,14,3,0,0,2,11,44.0,0,0.0,2.36,0.52,0.16,0.16,92.0,166.0,50.0,7.142857142857142,4.0,5.7,-1.9,0.39,2.22,0.2,1.0,-0.986734694,0.199,0.321,0.986734694,0.001,0.001,0.119,0.049,44.7,37.2,3.222497116567854,4.685711705533731,31.91643274410044,0.3333333333333333,36.04039862316184,24.9505347836407,LAA
Davis Schneider,676914,2026,27,124,156,18,5,32.7,18.6,0.145,0.315,16,39,21,0.155,0.286,0.29,0.287,-0.01,0.029,0.003,10.9,46.9,87.5,25.3,10.8,42.7,100.150108108,94.716781644,58.1,20.8,76.7,47.0,32.5,38.3,44.0,33.3,41.3,14.7,TOR,26,676914,707,3.7,0.2,0.6,0.0,0.8,0.492,0.439,0.338,1,5,91.8,20.7,2271,91.2,91.47,4,9,17,0.2999999999999971,6.58,103,153,120,145,296,321,295,-1.035,1.035,67.7,7.0,12.229880952,7,3,0,0,0,1,2,28.6,2,28.6,2.04,0.74,0.26,0.26,92.9,166.0,66.66666666666666,0.0,0.0,5.99,-1.62,0.1,1.96,0.429,0.0,3.980769231,0.527,0.437,-3.980769231,-0.138,-0.098,0.363,0.053,44.4,42.0,18.902707832452705,-9.82761257509005,34.063407000121806,0.3333333333333333,32.70728387201724,39.7809228447638,TOR
Josh Naylor,647304,2026,29,597,650,156,10,12.2,6.9,0.261,0.35,57,209,58,0.269,0.381,0.297,0.31,-0.008,-0.031,-0.013,8.9,44.1,87.0,35.4,4.4,35.6,98.36910393,93.264796654,69.4,37.8,90.3,44.7,16.9,51.9,40.6,45.4,21.0,24.6,SEA,138,647304,2162,6.4,0.205,0.026,0.229,0.231,0.228,0.274,0.241,8,39,87.3,8.3,2200,89.3,89.68,11,78,60,0.4000000000000057,6.43,113,145,115,151,294,328,303,1.798,-1.798,67.6,7.2,2.286796234,42,35,7,1,0,0,4,9.5,3,7.1,2.32,0.57,0.29,-0.29,92.0,147.0,34.285714285714285,2.857142857142857,2.380952380952381,5.74,-2.27,-0.11,2.33,0.262,1.0,-1.302898551,0.295,0.321,1.302898551,-0.036,-0.0329999999999999,-0.09,-0.046,14.1,35.3,2.894905368934431,-0.0504365237756185,27.699802610395704,0.3461538461538461,36.464183188968654,22.73332592695263,SEA
Pete Alonso,624413,2026,31,602,700,161,43,24.1,11.6,0.267,0.522,113,314,100,0.285,0.563,0.379,0.402,-0.018,-0.041,-0.023,47.3,55.1,93.9,36.8,15.3,56.2,104.058997078,97.241695881,66.3,26.6,81.9,46.3,26.8,45.0,36.8,41.6,31.3,22.4,BAL,251,624413,2886,8.7,0.283,0.566,0.185,0.849,0.501,0.49,0.301,15,53,89.2,20.0,2349,89.6,89.48,22,109,142,-0.0999999999999943,6.38,107,153,127,148,306,326,290,-10.396,10.396,73.4,6.9,2.409399624,61,37,5,0,0,10,16,26.2,7,11.5,2.29,0.62,0.27,0.27,92.9,205.0,43.24324324324324,29.72972972972973,18.0327868852459,5.64,-1.86,0.23,2.38,0.377,11.0,4.141832669,0.392,0.802,-4.141832669,-0.018,-0.015,0.047,0.011,20.2,37.9,8.909505973778181,4.792129028036485,34.23920531041185,0.5471698113207547,34.597092974808795,26.200752992846365,BAL
Jesús Sánchez,660821,2026,28,284,315,72,8,23.8,5.7,0.254,0.401,35,114,24,0.255,0.419,0.311,0.321,-0.001,-0.018,-0.01,43.3,50.5,90.7,32.2,10.8,45.3,101.621661682,95.111932864,71.3,38.0,79.8,45.7,28.1,53.3,31.8,44.4,27.1,22.0,TBD,76,660821,1187,6.4,0.111,0.0,0.167,0.111,0.13,0.256,0.22,2,18,91.5,11.6,2277,91.5,91.81,13,45,31,0.2999999999999971,6.46,118,147,120,151,296,331,305,3.153,-3.153,71.3,6.6,3.577590296,19,12,2,0,0,0,6,31.6,1,5.3,2.25,0.5,0.45,-0.45,93.9,147.0,50.0,8.333333333333332,5.263157894736842,5.52,-1.82,-0.23,2.41,0.158,1.0,-4.148684211,0.261,0.319,4.148684211,-0.109,-0.103,-0.208,-0.126,28.9,33.0,5.252909732626289,12.708635682122782,29.416077689776035,0.3863636363636363,36.77241480947928,28.96191988162913,TBD
Tyrone Taylor,621438,2026,32,219,241,61,11,17.0,5.8,0.279,0.502,38,110,36,0.245,0.416,0.355,0.309,0.034,0.086,0.046,16.0,57.5,86.8,33.7,8.7,34.2,98.054869667,93.068828659,63.8,34.7,88.1,48.5,20.6,48.8,53.3,36.4,33.7,21.2,CHC,39,621438,895,4.4,0.2,0.2,0.25,0.4,0.229,0.133,0.106,2,10,84.7,6.0,2272,92.8,93.05,1,16,23,0.2000000000000028,6.49,103,149,118,145,305,322,291,0.854,-0.854,68.3,7.3,0.412880388,11,8,0,2,0,0,3,27.3,0,0.0,2.17,0.51,0.51,0.51,92.1,137.0,25.0,0.0,0.0,5.7,-2.08,0.11,2.24,0.182,0.0,-2.18974359,0.136,0.139,2.18974359,0.094,0.0459999999999999,0.261,0.096,6.3,30.9,6.755435384755452,0.5434698716681112,35.61008856299276,0.75,35.19652151117656,24.901649075318478,CHC
Michael Arroyo,703197,2026,21,35,41,13,1,14.6,12.2,0.371,0.514,4,18,5,0.323,0.433,0.414,0.375,0.048,0.081,0.039,37.1,58.7,88.8,33.3,3.3,33.3,98.209815333,93.104907667,88.1,27.7,86.5,47.6,15.7,56.5,53.3,40.0,23.3,30.0,SEA,50,703197,124,40.3,0.353,0.235,0.357,0.588,0.435,0.382,0.309,6,17,86.0,22.3,2342,89.9,90.42,6,31,19,0.5,6.53,107,148,118,144,306,324,291,-3.253,3.253,71.6,7.6,0.654406875,19,15,4,1,0,1,2,10.5,2,10.5,2.14,0.7,0.11,0.11,91.0,191.0,26.666666666666668,6.666666666666667,5.263157894736842,5.82,-2.01,0.22,2.2,0.421,1.0,6.506,0.382,0.495,-6.506,0.044,0.0389999999999999,0.093,0.053,19.4,38.0,10.761774266081831,-1.842139436270739,37.81708471580748,0.6666666666666666,32.947248446498044,31.962884133445364,SEA
Jahmai Jones,663330,2026,28,160,181,33,6,32.0,9.4,0.206,0.369,16,59,20,0.229,0.428,0.299,0.328,-0.023,-0.059,-0.029,34.9,55.9,90.6,34.3,10.8,43.1,101.81520451,95.26841396,71.9,29.7,76.8,45.7,34.7,49.0,52.9,32.4,29.4,26.5,BOS,9,663330,694,1.3,0.0,0.0,0.0,0.0,0.0,0.006,0.005,0,2,89.0,64.0,2124,87.5,87.74,3,7,2,0.2000000000000028,6.53,117,153,120,150,293,319,286,0.518,-0.518,58.7,6.6,4.58411404,2,1,0,0,0,0,1,50.0,0,0.0,2.41,0.6,-0.12,-0.12,88.2,122.0,0.0,0.0,0.0,5.67,-1.73,0.51,1.92,0.0,0.0,-5.755555556,0.005,0.009,5.755555556,-0.005,-0.005,-0.009,-0.006,42.9,41.2,5.672680616398851,-34.30892621291328,38.82009358022249,0.2857142857142857,35.69114610494951,34.43521807005093,BOS
Mickey Gasper,681508,2026,30,191,225,48,10,17.3,12.0,0.251,0.466,24,89,26,0.249,0.444,0.361,0.353,0.002,0.022,0.008,14.2,58.4,88.9,31.8,10.4,37.7,99.00274974,93.70203817,57.8,21.0,93.6,47.4,18.1,38.5,44.2,42.2,31.2,20.1,BOS,169,681508,860,19.7,0.143,0.171,0.13,0.314,0.268,0.285,0.165,5,35,89.9,13.0,2266,87.8,87.75,11,54,115,0.0,6.35,118,147,114,153,285,326,306,2.233,-2.233,70.1,6.6,3.373239796,41,25,3,0,0,2,10,24.4,5,12.2,2.7,0.32,0.31,-0.31,92.1,146.0,36.0,12.0,7.317073170731707,5.7,-1.85,-0.22,1.94,0.268,3.0,-1.321301775,0.287,0.343,1.321301775,-0.022,-0.0189999999999999,-0.029,-0.017,20.4,35.1,13.17350681994697,-7.009419116766506,31.07407921074816,0.5384615384615384,36.902520264735074,35.61970558097356,BOS
Cody Bellinger,641355,2026,30,496,562,131,17,15.8,10.5,0.264,0.429,73,213,73,0.271,0.411,0.336,0.335,-0.007,0.018,0.001,4.1,61.6,89.2,38.2,6.6,37.8,98.486220194,93.510838881,64.9,30.3,86.8,48.6,20.0,47.1,45.2,36.2,30.2,24.9,NYY,187,641355,2102,8.9,0.24,0.28,0.205,0.52,0.329,0.286,0.238,12,50,90.6,16.7,2277,88.9,89.11,20,93,94,0.1999999999999886,6.46,114,146,126,152,294,326,295,0.876,-0.876,68.6,8.0,3.308441423,53,43,6,2,0,4,8,15.1,2,3.8,2.35,0.58,0.34,-0.34,92.4,167.0,44.18604651162791,11.627906976744184,9.433962264150944,5.66,-2.1,-0.18,2.29,0.264,5.0,-0.468449198,0.263,0.401,0.468449198,0.002,0.001,0.119,0.043,21.5,38.1,15.69224416138605,-2.042189368515269,35.297325981780936,0.5869565217391305,31.28558695008129,31.327355152436105,NYY
Nathaniel Lowe,663993,2026,30,381,429,96,17,23.1,8.9,0.252,0.444,64,169,38,0.268,0.437,0.329,0.335,-0.016,0.007,-0.006,43.9,55.0,89.6,39.3,8.4,41.4,101.026614056,94.719806842,65.4,27.3,86.8,49.3,22.0,46.1,36.2,37.9,25.9,30.0,CLE,158,663993,1773,8.9,0.235,0.176,0.214,0.412,0.309,0.343,0.247,8,34,93.8,15.8,2273,91.9,92.08,19,70,88,0.1999999999999886,6.42,116,146,125,151,292,325,299,-0.703,0.703,72.2,7.4,2.369062705,42,30,6,0,0,2,7,16.7,4,9.5,2.04,0.69,0.41,-0.41,93.6,170.0,50.0,10.0,7.142857142857142,5.84,-1.8,0.0,2.46,0.31,3.0,0.444936709,0.332,0.46,-0.444936709,-0.012,-0.022,-0.048,-0.034,27.1,39.5,7.900484481293909,5.645565712519666,28.607058323946735,0.6323529411764706,36.79212316919735,27.58316320459459,CLE
Mauricio Dubón,643289,2026,31,572,619,158,12,11.8,5.7,0.276,0.399,73,228,66,0.268,0.375,0.317,0.304,0.008,0.024,0.013,4.7,38.5,86.5,36.5,4.0,29.4,96.554878032,92.283650542,72.5,37.6,89.9,46.0,15.3,53.7,31.2,40.3,25.8,25.8,ATL,234,643289,2266,10.3,0.345,0.145,0.383,0.491,0.384,0.331,0.288,19,55,88.7,16.7,2342,91.0,91.33,21,125,109,0.2999999999999971,6.53,110,151,114,147,307,321,283,-4.31,4.31,66.7,7.7,4.382124871,61,48,14,3,1,1,8,13.1,3,4.9,2.17,0.68,0.37,0.37,91.0,166.0,35.41666666666667,6.25,4.918032786885246,5.65,-1.88,0.23,2.13,0.393,3.0,1.841880342,0.342,0.413,-1.841880342,0.057,0.0509999999999999,0.078,0.053,16.8,36.1,3.171944008606084,2.0347622451039853,29.61317401335771,0.4098360655737705,37.9182667243748,27.865450708113197,ATL
Shohei Ohtani,660271,2026,31,523,618,144,30,24.6,13.1,0.275,0.512,81,268,89,0.286,0.552,0.377,0.397,-0.011,-0.04,-0.02,49.1,49.6,93.3,38.0,16.4,52.1,103.764505323,96.745585269,66.0,30.0,77.2,45.9,31.7,46.6,47.9,42.8,30.3,23.7,LAD,69,660271,2418,2.9,0.167,0.056,0.273,0.222,0.169,0.313,0.24,3,18,96.4,13.5,2304,91.5,92.05,13,33,36,0.5,6.59,123,148,137,154,297,330,315,2.273,-2.273,75.4,8.3,4.491999483,18,11,2,1,0,0,7,38.9,0,0.0,2.13,0.63,0.17,-0.17,94.7,161.0,72.72727272727273,36.36363636363637,22.22222222222222,6.14,-1.29,-0.08,2.11,0.167,4.0,-3.294202899,0.24,0.508,3.294202899,-0.073,-0.0729999999999999,-0.286,-0.144,39.4,46.6,18.666970085304676,-7.71669716127788,38.163377961207416,0.4848484848484848,38.65822917353229,30.399725652276025,LAD
Shea Langeliers,669127,2026,28,424,467,111,23,23.3,7.9,0.262,0.474,58,201,58,0.266,0.491,0.347,0.352,-0.004,-0.017,-0.005,52.0,61.8,91.3,37.3,13.3,43.0,102.074391139,95.355812373,71.7,33.1,81.4,44.8,28.9,50.4,40.5,35.8,29.7,25.3,OAK,186,669127,1782,10.4,0.244,0.024,0.333,0.268,0.258,0.261,0.237,10,41,85.5,8.0,2328,90.4,90.6,34,96,90,0.1999999999999886,6.44,102,152,124,146,302,328,297,1.263,-1.263,73.2,7.2,5.045657837,44,30,9,1,0,0,11,25.0,3,6.8,2.25,0.56,0.16,0.16,90.1,146.0,20.0,0.0,0.0,5.81,-1.86,0.49,2.16,0.295,0.0,-0.679032258,0.289,0.292,0.679032258,0.007,0.006,-0.024,-0.003,35.4,42.1,13.529732294916789,-2.572552815897175,31.387991310883603,0.5578947368421052,41.70268644915587,35.77320017729757,OAK
Andrew Vaughn,683734,2026,28,288,331,88,6,16.0,10.6,0.306,0.444,43,128,33,0.264,0.38,0.368,0.329,0.042,0.064,0.039,13.0,50.8,90.1,30.4,5.1,43.5,99.521519328,94.307560675,55.4,23.5,87.7,47.0,19.5,38.3,32.1,45.1,24.1,24.9,MIL,57,683734,1357,4.2,0.2,0.0,0.286,0.2,0.265,0.232,0.149,2,10,86.9,33.9,2596,91.1,91.42,6,26,31,0.3000000000000113,6.5,107,151,123,149,308,324,284,0.525,-0.525,68.2,7.1,3.81837756,12,7,2,0,0,0,3,25.0,2,16.7,2.2,0.57,0.12,0.12,90.2,159.0,14.285714285714285,0.0,0.0,5.71,-1.55,0.22,2.18,0.333,0.0,-0.921052632,0.291,0.171,0.921052632,0.051,0.042,0.029,0.033,23.1,39.2,5.720013137293465,-0.1348045840235543,28.38235247352795,0.44,38.35557659231699,27.65674518999818,MIL
Spencer Torkelson,679529,2026,26,526,612,121,26,31.7,11.6,0.23,0.435,77,229,66,0.211,0.392,0.337,0.314,0.019,0.043,0.023,25.5,50.9,89.5,40.8,12.2,42.0,100.004777083,94.454666358,65.0,21.5,79.9,47.8,32.4,42.3,47.9,31.5,36.0,25.3,DET,226,679529,2595,8.7,0.342,0.474,0.5,0.816,0.541,0.369,0.2,13,38,90.3,21.4,2347,89.8,90.09,34,85,141,0.2999999999999971,6.45,107,151,123,145,300,331,294,-9.338,9.338,70.4,7.6,2.520964347,51,22,4,4,1,4,16,31.4,10,19.6,2.38,0.48,0.18,0.18,92.5,182.0,50.0,9.090909090909092,3.92156862745098,5.61,-1.97,0.26,2.08,0.51,2.0,4.131858407,0.404,0.396,-4.131858407,0.142,0.1059999999999999,0.42,0.172,40.0,36.9,13.857286677661495,-8.79081871794907,35.83549221603704,0.4588235294117647,38.51619788918797,30.64037597855929,DET
Kaelen Culpepper,701785,2026,23,117,128,32,3,21.9,4.7,0.274,0.393,11,46,15,0.236,0.351,0.32,0.287,0.038,0.042,0.033,36.3,58.6,87.4,35.6,3.4,31.1,97.557599556,92.881340112,67.0,42.8,86.8,46.2,26.4,54.0,42.2,41.1,24.4,24.4,MIN,70,701785,491,14.3,0.2,0.0,0.286,0.2,0.204,0.205,0.183,4,20,89.0,29.4,2248,89.4,89.81,12,41,29,0.3999999999999915,6.53,109,152,121,147,303,326,288,2.276,-2.276,72.0,7.2,2.55359773,21,14,4,0,0,0,6,28.6,0,0.0,2.5,0.4,0.15,0.15,91.2,151.0,35.714285714285715,0.0,0.0,5.76,-1.82,0.26,2.23,0.238,0.0,-3.251428571,0.222,0.23,3.251428571,0.017,0.0159999999999999,-0.03,-0.001,29.3,42.1,10.242670011837962,-3.048456441989395,28.777501697751408,0.6829268292682927,37.426870797974985,33.79858355401431,MIN
José Ramírez,608070,2026,33,473,544,111,12,12.7,11.0,0.235,0.368,53,174,71,0.266,0.391,0.301,0.325,-0.031,-0.023,-0.024,11.4,58.3,88.6,35.3,4.1,38.8,99.346632184,93.830361144,65.2,28.5,90.7,46.1,15.3,45.4,49.9,33.8,27.0,27.0,CLE,165,608070,2234,7.4,0.184,0.105,0.194,0.289,0.251,0.27,0.214,7,38,83.2,20.0,2237,90.1,90.43,12,75,90,0.3000000000000113,6.44,110,145,126,150,291,324,296,0.848,-0.848,68.6,7.1,0.817112358,42,32,5,1,0,1,6,14.3,4,9.5,2.36,0.47,0.28,-0.28,92.1,143.0,28.125,3.125,2.380952380952381,5.83,-1.7,-0.21,2.22,0.262,1.0,-0.513939394,0.289,0.307,0.513939394,-0.03,-0.0269999999999999,-0.018,-0.019,16.0,41.9,7.70818753102186,-8.70705560638576,33.04006566644592,0.5066666666666667,31.058650463966757,31.83806045160539,CLE
Alex Bregman,608324,2026,32,608,702,161,28,14.5,10.8,0.265,0.464,93,282,92,0.252,0.391,0.357,0.327,0.013,0.073,0.03,3.3,66.4,88.2,32.8,6.4,37.7,98.028401406,93.162387221,60.1,23.3,90.3,49.6,15.6,41.6,48.4,37.5,27.7,23.2,CHC,167,608324,2781,6.0,0.282,0.436,0.233,0.718,0.461,0.4,0.284,11,39,88.3,21.1,2349,92.1,92.35,11,75,92,0.2000000000000028,6.44,106,150,123,146,302,323,297,-5.036,5.036,68.0,6.9,1.871699502,46,34,3,3,1,4,5,10.9,5,10.9,2.07,0.65,0.36,0.36,91.6,185.0,38.23529411764706,14.705882352941178,10.869565217391305,5.57,-1.82,0.08,2.33,0.391,5.0,3.015568862,0.393,0.529,-3.015568862,-0.002,-0.002,0.189,0.061,14.7,35.8,11.547573230220644,-3.0379707621899232,27.328098452329005,0.7466666666666667,34.29793141346084,29.88098854856313,CHC
Liam Hicks,689414,2026,27,479,554,136,18,9.9,10.1,0.284,0.434,82,208,66,0.261,0.358,0.352,0.319,0.023,0.076,0.033,4.3,49.2,84.6,30.8,3.7,27.1,96.114190607,92.069028173,58.7,26.6,97.3,46.9,11.4,41.7,43.1,43.3,24.5,22.7,TB,188,689414,2048,9.2,0.289,0.158,0.323,0.447,0.37,0.369,0.311,11,38,81.9,17.7,2219,89.8,90.04,14,79,109,0.2000000000000028,6.51,117,146,114,151,292,321,296,-1.134,1.134,67.3,6.7,4.318503898,44,32,7,3,0,1,6,13.6,5,11.4,2.28,0.6,0.26,-0.26,90.6,159.0,21.875,3.125,2.272727272727273,5.6,-2.1,-0.15,2.14,0.386,1.0,0.603191489,0.405,0.422,-0.603191489,-0.022,-0.019,0.025,0.001,17.7,35.9,7.722061907588397,-5.76772562090299,32.27180412349842,0.3974358974358974,33.81911769375503,29.98088911151201,TB
Billy Cook,695257,2026,27,56,58,10,0,39.7,1.7,0.179,0.25,3,14,13,0.135,0.189,0.203,0.159,0.044,0.061,0.044,28.2,57.7,85.7,24.2,0.0,27.3,96.427398125,92.492845806,70.8,39.8,69.4,57.7,36.7,57.7,30.3,36.4,30.3,15.2,PIT,26,695257,208,12.5,0.167,0.167,0.333,0.333,0.284,0.233,0.111,1,6,99.3,33.7,2354,89.6,89.92,7,12,14,0.3000000000000113,6.48,100,142,112,140,300,325,291,0.293,-0.293,71.8,7.6,2.914025643,7,3,0,1,0,0,3,42.9,0,0.0,2.23,0.63,0.19,0.19,100.0,265.0,100.0,0.0,0.0,5.83,-1.75,0.15,2.48,0.286,0.0,-1.126923077,0.238,0.251,1.126923077,0.056,0.0479999999999999,0.082,0.051,58.3,46.5,14.570235013907064,-6.285519586499538,27.935014871478188,0.5,37.21883464994367,29.38801255371874,PIT
Gary Sánchez,596142,2026,33,225,275,47,12,21.5,16.7,0.209,0.422,38,95,37,0.22,0.397,0.342,0.336,-0.011,0.025,0.006,22.3,61.0,87.9,29.3,8.4,35.3,99.561227857,93.850751078,51.0,23.0,81.6,46.8,28.5,36.1,42.5,43.7,26.3,18.6,MIL,75,596142,1151,6.5,0.25,0.25,0.333,0.5,0.36,0.311,0.25,4,16,87.9,9.2,2498,90.3,90.63,9,25,50,0.2999999999999971,6.48,106,153,122,146,302,322,288,-0.617,0.617,69.0,7.4,3.417013153,18,10,2,1,0,1,6,33.3,2,11.1,2.13,0.69,-0.07,-0.07,90.9,115.0,30.0,10.0,5.555555555555555,6.04,-1.76,0.48,2.11,0.333,1.0,0.822666667,0.333,0.356,-0.822666667,0.0,0.0,0.144,0.049,36.0,44.8,11.372875527651296,0.1669812991227403,30.652839526911297,0.7391304347826086,38.58679542768878,34.20675813316573,MIL
Cooper Pratt,806198,2026,21,228,266,64,3,18.0,9.8,0.281,0.368,34,84,33,0.266,0.362,0.32,0.315,0.015,0.006,0.005,8.5,40.0,87.0,41.1,3.2,27.4,96.569258681,92.330532155,63.1,29.8,86.9,49.9,21.8,46.4,33.2,47.9,21.1,28.9,MIL,182,806198,1041,17.5,0.31,0.048,0.371,0.357,0.336,0.328,0.284,13,42,87.4,2.6,2401,91.0,91.13,18,82,100,0.0999999999999943,6.41,114,152,114,147,304,322,282,-1.261,1.261,67.3,6.7,3.773726617,47,35,11,2,0,0,7,14.9,5,10.6,2.31,0.58,0.27,0.27,90.8,143.0,25.71428571428571,2.857142857142857,2.127659574468085,5.77,-1.69,0.16,2.25,0.383,1.0,0.692857143,0.361,0.371,-0.692857143,0.026,0.022,-0.014,0.008,22.0,39.4,3.984921926890245,3.237437770013009,35.77912253522484,0.3780487804878049,31.83719668726648,29.19781313065592,MIL
DaShawn Keirsey Jr.,680577,2026,29,5,5,1,0,40.0,0.0,0.2,0.2,1,1,3,0.237,0.273,0.178,0.222,-0.037,-0.073,-0.044,0.0,50.0,84.8,66.7,0.0,0.0,87.29554,88.0,88.9,42.9,50.0,56.3,45.5,68.8,0.0,33.3,33.3,33.3,TBD,16,680577,16,100.0,0.2,0.0,0.333,0.2,0.178,0.222,0.237,1,5,84.8,-1.3,2269,89.2,88.86,5,11,5,-0.2999999999999971,6.16,110,134,107,139,291,324,297,0.881,-0.881,69.5,6.7,1.042266308,5,3,1,0,0,0,2,40.0,0,0.0,2.55,1.01,0.74,-0.74,88.0,189.0,0.0,0.0,0.0,5.63,-1.51,-0.39,2.63,0.2,0.0,-5.50625,0.237,0.273,5.50625,-0.037,-0.0369999999999999,-0.073,-0.044,45.5,38.5,3.1109421542140714,10.080299966708717,32.74133574870344,0.4545454545454545,39.12044085598677,24.50700052327664,TBD
Hao-Yu Lee,701678,2026,23,330,364,87,10,23.9,8.2,0.264,0.424,46,140,40,0.234,0.393,0.325,0.302,0.03,0.031,0.023,21.2,52.4,89.5,34.8,8.5,41.3,100.217537236,94.379399184,65.9,29.1,82.8,48.4,27.2,46.9,27.1,39.3,25.9,27.1,DET,278,701678,1389,20.0,0.204,0.093,0.282,0.296,0.286,0.255,0.175,11,54,85.8,13.8,2351,90.0,90.35,26,116,162,0.4000000000000057,6.44,107,150,120,145,303,328,290,1.221,-1.221,69.4,6.8,2.152548562,65,39,7,3,1,0,16,24.6,10,15.4,2.32,0.53,0.18,0.18,91.3,174.0,33.33333333333333,0.0,0.0,5.72,-1.99,0.25,2.35,0.323,0.0,-0.439208633,0.299,0.238,0.439208633,0.029,0.024,0.058,0.031,22.4,38.0,4.8822280893523615,8.253767240178012,23.475185552870084,0.3928571428571428,35.62810493103349,26.24076475929664,DET
Gunnar Henderson,683002,2026,25,623,702,140,24,22.2,9.5,0.225,0.403,59,251,88,0.246,0.401,0.313,0.322,-0.021,0.002,-0.009,41.6,49.1,89.2,32.6,7.7,43.3,100.503316128,94.513387015,66.2,30.4,85.6,47.8,23.3,47.5,42.6,44.1,26.0,23.2,BAL,225,683002,2794,8.1,0.317,0.195,0.393,0.512,0.419,0.406,0.306,13,41,86.3,15.7,2265,88.2,88.07,21,105,120,-0.1000000000000085,6.36,119,147,129,153,297,326,302,-7.013,7.013,69.5,7.2,2.092811442,50,30,9,2,0,2,11,22.0,8,16.0,2.56,0.44,0.26,-0.26,90.7,160.0,40.0,13.333333333333334,8.0,5.55,-1.99,0.03,2.22,0.44,4.0,3.116888889,0.431,0.492,-3.116888889,0.011,0.009,0.02,0.013,20.0,35.8,8.645459289812937,1.1832677270153449,33.95443908855446,0.4271844660194174,31.56881173240369,31.77079114035241,BAL
Lawrence Butler,671732,2026,25,473,540,112,17,25.7,11.3,0.237,0.393,62,186,64,0.245,0.398,0.319,0.326,-0.008,-0.005,-0.007,37.5,42.0,89.7,30.8,8.6,44.8,101.710451198,95.129016997,68.4,24.6,78.8,48.4,26.7,45.8,36.7,51.8,21.3,21.9,OAK,297,671732,2257,13.2,0.254,0.286,0.275,0.54,0.363,0.357,0.254,16,63,89.4,13.6,2174,90.9,91.09,36,144,153,0.1999999999999886,6.39,116,146,111,150,288,326,305,-2.442,2.442,71.5,7.0,4.248603567,68,45,8,3,0,5,18,26.5,4,5.9,2.3,0.49,0.48,-0.48,91.5,146.0,37.77777777777778,15.555555555555555,10.294117647058822,5.7,-1.84,0.04,2.25,0.309,7.0,0.822222222,0.309,0.529,-0.822222222,0.0,0.0,0.011,0.006,25.0,38.5,6.2172748784949325,3.419317375849212,32.1139569306923,0.4895104895104895,36.68888825557421,26.84743050706889,OAK
Connor Wong,657136,2026,30,210,238,49,4,23.9,7.1,0.233,0.348,25,73,22,0.219,0.327,0.295,0.281,0.014,0.021,0.014,29.1,49.1,85.9,24.7,4.4,34.8,99.018654737,93.54581298,64.9,32.0,86.9,48.5,24.6,47.9,41.1,46.8,24.7,19.6,BOS,38,657136,899,4.2,0.2,0.1,0.25,0.3,0.215,0.161,0.174,2,10,82.0,29.6,2405,90.0,90.21,6,24,14,0.2000000000000028,6.48,103,148,111,145,296,320,291,0.927,-0.927,67.8,7.0,3.056188555,10,8,1,1,0,0,2,20.0,0,0.0,2.15,0.71,0.34,0.34,89.5,142.0,12.5,0.0,0.0,5.75,-1.58,0.37,2.26,0.2,0.0,-2.439473684,0.174,0.194,2.439473684,0.026,0.026,0.106,0.054,25.0,39.1,9.808816947876448,-3.039383817856278,30.922838652902385,0.375,36.67990852634036,36.24587920190777,BOS
Adley Rutschman,668939,2026,28,364,410,88,13,16.6,9.5,0.242,0.426,60,155,44,0.254,0.412,0.323,0.327,-0.012,0.014,-0.004,11.9,45.1,88.9,39.5,7.0,38.5,99.111210667,93.73713699,57.0,25.7,89.5,46.9,16.3,40.4,37.9,39.9,30.6,24.9,BOS,144,668939,1700,8.5,0.323,0.226,0.375,0.548,0.392,0.288,0.226,10,31,91.2,17.0,2242,89.5,89.68,11,59,85,0.2000000000000028,6.49,114,147,126,153,282,326,303,-2.083,2.083,69.8,6.7,1.949017671,33,25,5,4,0,1,6,18.2,2,6.1,2.34,0.56,0.54,-0.54,91.2,156.0,33.33333333333333,8.333333333333332,6.0606060606060606,5.58,-1.93,-0.29,2.19,0.364,2.0,1.446527778,0.275,0.385,-1.446527778,0.097,0.0889999999999999,0.163,0.104,18.6,34.5,7.434085164529305,-0.4259416624958452,34.504085271501935,0.4915254237288136,35.41383624300338,25.64105986936361,BOS
Michael Harris II,671739,2026,25,591,621,174,26,19.2,3.7,0.294,0.491,87,290,79,0.29,0.477,0.349,0.342,0.004,0.014,0.007,49.9,46.6,90.5,31.9,10.3,47.6,103.130943957,95.926012511,69.9,45.1,88.8,45.5,24.6,56.4,35.6,44.9,22.9,26.4,ATL,168,671739,2202,7.6,0.231,0.173,0.233,0.404,0.279,0.318,0.27,12,52,92.2,15.7,2174,89.7,90.15,20,104,64,0.3999999999999915,6.56,114,148,110,151,300,327,302,1.793,-1.793,74.3,8.0,2.076156798,53,45,7,3,0,2,7,13.2,1,1.9,2.36,0.57,0.52,-0.52,93.0,171.0,42.22222222222222,11.11111111111111,9.433962264150944,5.69,-2.0,0.0,2.22,0.245,5.0,-1.067261905,0.284,0.459,1.067261905,-0.039,-0.0389999999999999,-0.055,-0.039,19.2,37.2,7.067759418619126,2.3753969078371373,31.76364663993074,0.4607843137254901,38.03784802316446,28.81941682065604,ATL
Bryan De La Cruz,650559,2026,29,75,86,21,2,20.9,8.1,0.28,0.413,12,31,10,0.24,0.346,0.335,0.299,0.04,0.067,0.036,15.5,42.7,88.8,32.2,5.1,40.7,99.112513,93.744663898,69.2,32.8,88.0,46.0,25.0,49.6,39.0,54.2,13.6,28.8,PHI,61,650559,339,18.0,0.333,0.083,0.364,0.417,0.402,0.389,0.294,4,12,84.4,3.5,2328,92.1,92.57,4,23,38,0.5,6.52,108,151,125,147,298,327,293,-0.658,0.658,63.2,7.1,6.667569021,15,11,3,1,0,0,1,6.7,3,20.0,2.02,0.68,0.4,0.4,91.1,147.0,27.27272727272727,9.090909090909092,6.666666666666667,5.77,-1.69,0.17,2.22,0.467,1.0,1.078688525,0.435,0.428,-1.078688525,0.039,0.032,-0.011,0.013,17.4,38.9,9.005261485327864,9.311313757405108,36.41193655039298,0.4761904761904761,38.31795882631536,23.83849004370198,PHI
Joshua Báez,695491,2026,23,100,108,23,7,30.6,3.7,0.23,0.51,18,51,18,0.212,0.446,0.335,0.303,0.018,0.064,0.032,74.1,58.9,92.1,35.3,11.8,47.1,101.884043529,95.475688088,70.5,39.6,74.6,49.7,35.2,55.0,47.1,32.4,39.7,17.6,STL,102,695491,382,26.7,0.269,0.192,0.3,0.462,0.327,0.272,0.207,7,26,90.7,32.5,2400,90.1,90.71,16,54,48,0.6000000000000085,6.52,101,152,121,146,301,325,296,-0.401,0.401,75.9,7.7,2.466301745,27,21,4,2,0,1,5,18.5,1,3.7,2.35,0.48,0.28,0.28,91.9,166.0,38.095238095238095,4.761904761904762,3.7037037037037033,5.76,-1.8,0.28,2.18,0.296,1.0,0.393137255,0.236,0.394,-0.393137255,0.062,0.06,0.068,0.055,29.6,39.2,11.193431032917076,-8.030961198307294,27.806288241230693,0.6481481481481481,37.61475998876799,30.09243358050128,STL
Victor Mesa Jr.,683748,2026,24,235,262,61,14,20.2,8.8,0.26,0.498,34,117,37,0.249,0.439,0.355,0.329,0.011,0.059,0.026,38.8,63.7,89.4,31.9,10.8,42.2,100.402323596,94.536340734,77.2,34.9,80.6,47.6,25.5,55.0,37.8,33.0,30.8,23.2,TB,152,683748,943,16.1,0.342,0.368,0.4,0.711,0.468,0.37,0.275,13,38,91.0,17.0,2188,90.0,90.36,26,90,62,0.4000000000000057,6.62,117,147,105,151,293,325,299,-4.942,4.942,72.9,8.1,1.793902361,42,28,6,3,1,3,10,23.8,4,9.5,2.23,0.62,0.38,-0.38,92.5,160.0,57.14285714285714,14.285714285714285,9.523809523809524,5.62,-2.04,-0.08,2.17,0.405,4.0,3.251315789,0.344,0.516,-3.251315789,0.067,0.061,0.195,0.098,28.9,36.4,11.055222906547034,-3.0170949694743685,31.491382695053645,0.6395348837209303,37.379099928839125,29.930188017137663,TB
Jonny DeLuca,676356,2026,27,350,370,93,11,21.1,4.6,0.266,0.429,50,150,44,0.232,0.325,0.317,0.261,0.034,0.104,0.056,33.8,59.5,85.8,28.7,3.6,30.2,97.922432463,92.971243172,71.1,35.9,85.5,48.3,24.9,52.9,44.7,43.3,21.5,21.1,TB,133,676356,1346,9.9,0.29,0.258,0.304,0.548,0.387,0.246,0.196,9,31,86.3,15.0,2254,90.5,90.87,14,67,66,0.4000000000000057,6.59,111,151,114,145,296,323,287,-2.402,2.402,70.6,7.6,1.587628396,34,25,5,2,0,2,6,17.6,3,8.8,2.09,0.74,0.43,0.43,91.6,140.0,36.0,8.0,5.88235294117647,5.69,-1.98,0.36,2.33,0.353,2.0,1.806015038,0.267,0.272,-1.806015038,0.094,0.0859999999999999,0.276,0.141,20.9,36.6,7.670117613368022,-2.872763629563627,23.30512998711587,0.5692307692307692,38.43888634738418,30.96278641395271,TB
Samad Taylor,669392,2026,27,152,175,48,2,25.7,10.3,0.316,0.408,18,62,26,0.256,0.328,0.356,0.309,0.06,0.08,0.047,5.7,53.8,85.9,33.3,3.6,25.2,95.369150208,91.733521263,59.0,30.2,85.1,48.2,25.2,44.1,33.3,51.4,18.0,27.0,SD,150,669392,683,22.0,0.343,0.171,0.393,0.514,0.401,0.359,0.278,12,35,89.2,12.6,2266,90.9,91.18,23,70,80,0.2999999999999971,6.46,100,150,102,146,301,325,290,-2.136,2.136,68.5,7.0,3.832246709,41,29,8,3,0,1,7,17.1,5,12.2,2.27,0.52,0.53,0.53,91.1,144.0,31.03448275862069,6.896551724137931,4.878048780487805,5.78,-1.81,0.22,2.04,0.415,2.0,1.424,0.377,0.375,-1.424,0.065,0.0379999999999999,0.139,0.042,32.9,36.7,14.623932784418972,-3.668540451512632,36.19816917525728,0.4852941176470588,31.37486608566983,32.01769594126796,SD
Alec Burleson,676475,2026,27,605,670,169,26,18.1,8.2,0.279,0.473,116,286,89,0.289,0.522,0.353,0.374,-0.01,-0.049,-0.021,37.6,52.5,92.0,34.6,11.3,50.0,102.344379671,95.865822963,72.6,38.1,83.4,44.9,22.5,53.6,48.6,44.7,26.6,22.5,STL,234,676475,2498,9.4,0.286,0.347,0.3,0.633,0.422,0.469,0.334,14,49,96.9,17.7,2292,89.7,90.14,34,130,104,0.3999999999999915,6.49,115,146,126,152,299,329,304,-8.693,8.693,73.1,7.9,3.288785782,55,35,7,2,0,5,14,25.5,6,10.9,2.44,0.42,0.34,-0.34,93.9,177.0,71.42857142857143,22.857142857142858,14.545454545454543,5.63,-1.88,-0.18,2.18,0.364,8.0,3.714957265,0.406,0.719,-3.714957265,-0.048,-0.042,-0.086,-0.047,26.2,35.4,15.8734120115576,-1.8555866362525504,37.60071340977228,0.5038759689922481,30.263228931566022,34.17511581541,STL
Travis d'Arnaud,518595,2026,37,76,84,12,1,28.6,7.1,0.158,0.237,3,18,7,0.152,0.281,0.221,0.234,0.006,-0.044,-0.013,15.5,60.6,86.7,32.7,9.6,30.8,96.800458077,92.454145,65.8,33.3,81.1,50.8,31.0,49.8,25.0,46.2,34.6,13.5,LAA,24,518595,317,7.6,0.0,0.0,0.0,0.0,0.0,0.141,0.142,0,7,89.3,13.8,2274,92.2,91.74,4,15,9,-0.5,6.15,109,152,124,147,299,321,292,1.845,-1.845,69.1,7.4,1.818485952,7,5,0,0,0,0,2,28.6,0,0.0,1.93,0.8,0.53,0.53,90.2,131.0,20.0,0.0,0.0,5.37,-1.63,0.12,2.45,0.0,0.0,-7.6875,0.142,0.187,7.6875,-0.142,-0.142,-0.187,-0.141,26.7,30.0,7.180987373220639,8.078580200485277,30.565466531833287,0.6666666666666666,36.86745599310308,27.3211648842179,LAA
Alejandro Osuna,696030,2026,23,204,233,53,1,15.9,8.2,0.26,0.304,25,62,27,0.252,0.309,0.303,0.301,0.008,-0.005,0.002,22.8,31.9,86.8,33.9,0.6,29.2,97.972907439,93.067395828,64.4,32.4,87.4,50.1,17.5,48.4,26.2,49.4,14.9,28.6,TEX,39,696030,836,4.7,0.364,0.091,0.667,0.455,0.388,0.344,0.32,4,11,89.5,8.3,2290,90.0,90.11,7,25,14,0.0999999999999943,6.48,116,147,106,151,291,325,298,-0.525,0.525,66.5,6.8,0.625662107,12,6,3,1,0,0,5,41.7,0,0.0,2.04,0.83,0.51,-0.51,90.7,174.0,33.33333333333333,0.0,0.0,5.4,-2.0,-0.17,2.5,0.417,0.0,1.346153846,0.377,0.388,-1.346153846,0.044,0.0399999999999999,0.067,0.044,28.0,27.9,0.3172187976455971,6.685182131673515,29.168796059018582,0.36,34.33855553431604,25.92548740732809,TEX
Jung Hoo Lee,808982,2026,27,539,579,149,10,9.8,5.0,0.276,0.404,57,218,65,0.288,0.382,0.317,0.315,-0.012,0.022,0.002,3.6,40.4,87.5,36.0,2.3,31.5,96.907185726,92.569166245,64.0,31.1,93.9,50.4,12.5,47.7,37.7,43.6,22.6,29.0,SF,128,808982,2132,6.0,0.3,0.167,0.296,0.467,0.353,0.343,0.306,9,30,92.5,16.0,2284,90.9,91.58,5,54,74,0.6999999999999886,6.63,122,148,102,152,290,318,300,-0.697,0.697,69.3,7.5,2.154853047,33,28,6,2,0,1,2,6.1,3,9.1,2.24,0.55,0.28,-0.28,92.9,169.0,50.0,0.0,0.0,5.72,-1.9,-0.23,2.48,0.364,0.0,0.54453125,0.349,0.435,-0.54453125,-0.006,0.015,0.032,0.01,9.3,39.6,5.041767362364253,-2.179644455462922,38.20731373393605,0.4807692307692308,28.62906452151621,28.96785538686154,SF
Nick Gonzales,693304,2026,27,551,608,167,6,16.3,7.1,0.303,0.388,61,214,72,0.282,0.386,0.339,0.327,0.021,0.002,0.012,12.0,47.5,86.4,34.4,3.1,34.0,97.617289778,92.87303882,75.7,31.2,85.4,48.1,22.7,52.5,36.0,51.7,21.6,23.8,PIT,124,693304,2219,5.6,0.188,0.031,0.24,0.219,0.21,0.272,0.231,6,32,88.7,18.4,2342,92.4,92.65,13,63,61,0.2999999999999971,6.42,109,152,119,149,303,319,283,3.621,-3.621,70.2,7.3,1.616699667,34,25,5,1,0,0,7,20.6,1,2.9,2.01,0.69,0.46,0.46,91.8,166.0,32.0,4.0,2.941176470588235,5.62,-1.97,0.04,2.27,0.235,1.0,-2.92016129,0.276,0.339,2.92016129,-0.043,-0.041,-0.12,-0.062,20.6,36.1,9.112972482194,3.853687129502709,38.85551867592422,0.5079365079365079,35.592901942047845,24.26842764495356,PIT
César Prieto,693409,2026,27,38,39,3,0,12.8,2.6,0.079,0.132,0,5,2,0.229,0.356,0.104,0.262,-0.15,-0.224,-0.158,0.0,61.5,88.2,27.3,3.1,33.3,98.298458125,93.688513871,70.6,37.7,94.4,45.5,22.0,52.7,42.4,60.6,21.2,15.2,STL,18,693409,112,16.1,0.167,0.333,0.167,0.5,0.328,0.336,0.232,1,6,90.5,1.7,2276,92.4,92.46,0,9,9,0.0999999999999943,6.24,112,149,123,153,288,321,300,0.198,-0.198,68.9,6.7,,7,6,0,0,1,0,0,0.0,1,14.3,2.3,0.38,0.62,-0.62,92.3,155.0,50.0,0.0,0.0,5.32,-2.03,-0.12,2.22,0.286,0.0,-1.1,0.341,0.416,1.1,-0.065,-0.055,0.084,-0.008,0.0,25.0,4.804491388362692,4.603118968535693,31.26173024428487,0.4444444444444444,34.53277790375869,25.658061545204838,STL
Kyle Stowers,669065,2026,28,447,512,107,21,31.4,10.2,0.239,0.459,65,205,57,0.227,0.437,0.341,0.329,0.012,0.022,0.012,55.2,55.1,92.5,33.2,12.8,56.4,103.41265375,96.673495417,76.5,33.7,76.1,45.0,35.6,53.0,46.0,37.0,33.2,22.1,MIA,236,669065,1941,12.2,0.161,0.179,0.176,0.339,0.273,0.301,0.179,9,56,92.6,15.6,2176,90.8,90.86,43,134,102,0.1000000000000085,6.47,120,147,116,152,297,323,300,2.159,-2.159,73.2,6.7,3.236784572,66,37,5,1,0,3,19,28.8,9,13.6,2.12,0.7,0.58,-0.58,92.4,163.0,59.45945945945946,13.513513513513514,7.575757575757576,5.68,-1.87,-0.15,2.32,0.288,5.0,-0.914830508,0.282,0.404,0.914830508,-0.018,0.006,-0.065,-0.028,32.1,38.5,14.937265199044896,-1.9371900742623531,36.86855487903082,0.5488721804511278,37.275763062656246,34.512994800582554,MIA
Jose Fernandez,699912,2026,22,204,222,52,3,23.0,5.0,0.255,0.343,16,70,26,0.245,0.342,0.287,0.281,0.01,0.001,0.006,42.9,46.7,87.8,28.5,3.8,38.6,100.3141396,94.264477919,56.4,36.4,86.1,47.0,24.9,45.8,41.1,48.7,11.4,25.3,ARI,29,699912,869,3.3,0.167,0.0,0.333,0.167,0.231,0.244,0.178,1,6,77.6,19.3,2142,91.5,92.02,3,10,19,0.5,6.47,117,153,123,148,308,332,293,0.577,-0.577,70.6,7.6,4.752121148,7,3,1,0,0,0,3,42.9,0,0.0,1.94,0.79,0.61,0.61,90.5,94.0,0.0,0.0,0.0,6.12,-1.9,0.12,2.4,0.286,0.0,-1.989655172,0.295,0.195,1.989655172,-0.011,-0.009,-0.028,-0.013,30.0,45.3,7.419299367358251,-1.705901744712719,33.60461104214795,0.2,36.978799934012976,28.181135835217727,ARI
Drake Baldwin,686948,2026,25,549,615,156,25,21.5,8.9,0.284,0.459,79,252,85,0.279,0.505,0.358,0.37,0.005,-0.046,-0.012,56.7,46.5,91.5,37.5,12.9,50.6,102.266130048,95.835253771,70.5,34.4,83.7,46.5,24.4,51.2,30.8,44.2,26.3,24.8,ATL,263,686948,2388,11.0,0.368,0.228,0.4,0.596,0.432,0.446,0.33,21,57,89.5,14.8,2253,89.3,89.62,34,149,114,0.2999999999999971,6.51,120,147,124,152,297,328,303,-5.605,5.605,73.2,7.3,2.965134533,63,48,14,4,0,3,10,15.9,3,4.8,2.34,0.62,0.41,-0.41,91.9,175.0,45.83333333333333,18.75,14.285714285714285,5.74,-1.98,0.05,2.19,0.413,9.0,2.131178707,0.379,0.691,-2.131178707,0.038,0.0339999999999999,-0.095,-0.014,22.8,37.8,11.61578398152071,4.036354828934875,35.14182401875714,0.4520547945205479,36.4669604355698,29.98901267034651,ATL
Christian Moore,695681,2026,23,134,147,25,2,32.7,7.5,0.187,0.276,18,37,5,0.194,0.313,0.239,0.254,-0.007,-0.037,-0.015,24.4,42.2,88.4,29.9,9.3,39.1,99.553087209,93.829094186,70.2,31.1,81.9,50.0,31.7,50.7,25.3,47.1,25.3,20.7,LAA,183,695681,598,30.6,0.174,0.087,0.259,0.261,0.219,0.231,0.179,8,46,85.4,6.5,2286,91.0,91.23,30,95,88,0.2000000000000028,6.42,109,150,118,146,305,322,292,3.557,-3.557,68.6,7.0,3.856643859,49,28,6,1,0,1,18,36.7,3,6.1,2.26,0.52,0.34,0.34,90.6,162.0,32.142857142857146,7.142857142857142,4.081632653061225,5.69,-1.8,0.26,2.22,0.224,2.0,-1.943715847,0.229,0.291,1.943715847,-0.005,-0.005,-0.03,-0.012,31.6,32.7,4.73362272465458,0.4120467015873059,32.41486440100728,0.4361702127659574,34.722503732054285,30.528251780221808,LAA
Geraldo Perdomo,672695,2026,26,562,680,147,9,12.6,14.1,0.262,0.377,59,212,75,0.26,0.355,0.336,0.333,0.002,0.022,0.003,1.7,50.5,87.6,36.5,3.1,31.9,96.798958983,92.48396053,56.5,20.9,92.7,50.4,11.8,38.8,42.6,41.6,25.4,28.4,ARI,274,672695,2885,9.5,0.34,0.113,0.419,0.453,0.407,0.381,0.29,18,53,88.4,21.1,2252,90.9,91.16,12,97,177,0.2999999999999971,6.42,115,146,105,152,289,328,301,-5.131,5.131,65.4,6.8,1.916466023,67,43,15,0,3,0,11,16.4,12,17.9,2.16,0.63,0.37,-0.37,91.5,196.0,41.86046511627907,2.3255813953488373,1.4925373134328357,5.82,-1.92,-0.11,2.35,0.463,1.0,1.872627737,0.429,0.412,-1.872627737,0.05,0.034,0.041,0.026,12.4,39.5,6.8606694824623125,-1.2436634854237585,40.06597566098941,0.4842105263157895,34.70417635715987,23.073433791734185,ARI
Jacob Gonzalez,694378,2026,24,209,227,46,7,19.4,5.3,0.22,0.364,31,76,21,0.247,0.396,0.282,0.305,-0.027,-0.032,-0.023,14.1,56.3,88.0,33.5,4.8,37.3,98.854108554,93.490033212,73.7,37.7,82.8,49.3,21.1,55.5,41.9,41.9,26.3,23.4,PIT,77,694378,889,8.7,0.19,0.143,0.188,0.333,0.266,0.31,0.202,4,21,90.1,17.9,2200,89.1,88.75,11,37,40,-0.2999999999999971,6.07,115,147,116,152,289,322,301,0.163,-0.163,70.4,7.3,1.43513848,23,17,3,0,0,1,4,17.4,2,8.7,2.38,0.53,0.55,-0.55,92.1,172.0,41.17647058823529,11.76470588235294,8.695652173913043,5.97,-1.7,-0.34,2.35,0.261,2.0,-0.211688312,0.271,0.449,0.211688312,-0.012,-0.01,-0.116,-0.044,29.7,41.5,11.291346112229917,1.5369899660681647,30.17402040085322,0.7428571428571429,36.07391719452765,29.93251083472842,PIT
David Hamilton,666152,2026,28,339,387,83,4,22.2,8.3,0.245,0.336,26,114,49,0.225,0.316,0.293,0.276,0.02,0.02,0.017,4.9,39.9,86.8,29.3,3.4,27.9,96.675573879,92.356657316,61.5,29.6,86.3,49.3,21.9,45.3,34.2,48.5,23.7,23.3,MIL,108,666152,1542,7.0,0.308,0.077,0.421,0.385,0.331,0.353,0.302,8,26,86.7,17.6,2410,89.8,90.12,9,50,58,0.2999999999999971,6.5,107,145,94,147,282,320,297,-0.1,0.1,62.5,6.4,2.994230023,28,19,6,2,0,0,7,25.0,2,7.1,2.37,0.53,0.22,-0.22,90.3,164.0,31.57894736842105,5.263157894736842,3.571428571428571,5.59,-1.56,0.1,2.4,0.357,1.0,0.092592593,0.352,0.459,-0.092592593,0.006,0.005,-0.074,-0.022,18.0,35.4,2.4413175797281967,-3.733452579123129,30.436930322084283,0.4,36.40065581217509,26.31752054099662,MIL
Cody Freeman,683227,2026,25,85,97,21,1,15.5,8.2,0.247,0.318,6,27,8,0.185,0.237,0.29,0.233,0.062,0.081,0.057,0.0,71.3,83.0,23.3,1.4,21.9,94.226956765,91.159948209,56.7,29.3,86.0,50.4,16.9,43.1,42.5,53.4,20.5,16.4,TEX,33,683227,400,8.3,0.0,0.0,0.0,0.0,0.116,0.217,0.133,0,5,78.5,4.3,2295,91.0,91.29,4,14,19,0.2999999999999971,6.45,94,151,109,144,306,327,287,1.106,-1.106,67.0,6.7,0.241750225,6,3,0,0,0,0,2,33.3,1,16.7,1.94,0.83,0.53,0.53,90.2,125.0,33.33333333333333,0.0,0.0,5.86,-1.93,0.25,2.21,0.167,0.0,-3.351515152,0.278,0.152,3.351515152,-0.133,-0.111,-0.152,-0.101,28.6,39.0,15.194630551542314,-10.378979857935608,26.752588738285063,0.7857142857142857,30.021923873798524,38.1554964114005,TEX
Will Smith,669257,2026,31,235,276,61,10,16.3,12.3,0.26,0.426,34,100,35,0.279,0.502,0.345,0.389,-0.019,-0.076,-0.044,6.4,65.7,89.1,43.3,12.4,41.2,99.794320103,94.064249742,62.9,20.9,87.9,49.2,16.7,41.6,29.9,27.3,40.2,27.3,LAD,151,669257,1179,12.8,0.387,0.258,0.435,0.645,0.459,0.426,0.35,12,31,90.7,24.0,2377,90.5,90.59,15,71,80,0.0999999999999943,6.34,106,147,118,141,305,325,294,-3.939,3.939,67.1,7.1,1.619606733,36,25,8,2,0,2,7,19.4,4,11.1,2.28,0.54,0.19,0.19,91.7,214.0,56.00000000000001,12.0,8.333333333333332,5.87,-1.75,0.28,2.34,0.444,3.0,2.608609272,0.413,0.598,-2.608609272,0.037,0.031,0.047,0.033,21.1,38.0,10.888431076290372,5.484175788302763,32.71158571836805,0.6470588235294118,36.70461803372399,27.554630908110205,LAD
Lourdes Gurriel Jr.,666971,2026,32,186,201,39,2,18.9,5.0,0.21,0.29,22,54,13,0.234,0.312,0.243,0.273,-0.024,-0.022,-0.03,10.9,50.4,87.3,31.8,4.6,33.8,97.317038289,92.728770066,68.0,40.5,88.2,44.7,24.2,52.8,39.1,42.4,21.9,23.8,TBD,18,666971,727,2.5,0.25,0.0,1.0,0.25,0.223,0.054,0.06,1,4,97.5,-9.0,2329,90.0,90.38,4,9,9,0.4000000000000057,6.57,107,150,120,148,299,326,285,0.493,-0.493,72.0,7.5,3.705387689,4,1,1,0,0,0,3,75.0,0,0.0,2.49,0.35,0.46,0.46,92.4,103.0,100.0,0.0,0.0,5.34,-2.43,0.04,2.28,0.25,0.0,-2.738888889,0.06,0.066,2.738888889,0.19,0.19,0.184,0.169,44.4,32.8,12.957645595531686,-15.092043615340865,36.0494214783582,0.5555555555555556,31.67280535884796,33.123015047896764,TBD
Josh Lowe,666139,2026,28,311,343,65,12,30.6,7.3,0.209,0.36,29,112,32,0.209,0.372,0.279,0.284,0.0,-0.012,-0.005,35.5,45.0,88.8,32.9,9.0,37.1,99.069517767,93.808854293,77.7,36.0,72.0,47.6,32.2,55.9,34.3,34.8,33.8,23.3,LAA,198,666139,1465,13.5,0.186,0.209,0.286,0.395,0.285,0.285,0.197,8,43,89.6,17.4,2200,90.8,90.99,45,109,89,0.2000000000000028,6.43,111,144,114,150,297,324,303,1.972,-1.972,70.6,7.4,1.761835893,47,23,3,3,0,2,20,42.6,2,4.3,2.24,0.56,0.47,-0.47,91.2,176.0,39.130434782608695,17.391304347826086,8.51063829787234,5.67,-1.73,-0.07,2.36,0.255,4.0,-0.995959596,0.266,0.385,0.995959596,-0.011,-0.011,0.01,0.0,41.3,34.4,9.52006165227002,1.9958366723478256,37.855713932707104,0.3669724770642202,38.65916951541349,28.432868817250824,LAA
Austin Wells,669224,2026,26,334,388,62,14,26.5,12.4,0.186,0.332,32,111,39,0.211,0.363,0.281,0.302,-0.025,-0.031,-0.021,26.8,51.4,89.3,33.8,7.7,42.7,100.248392609,94.397822435,66.6,28.0,81.0,47.3,27.9,46.3,47.4,33.3,34.2,20.5,NYY,198,669224,1591,12.4,0.2,0.343,0.136,0.543,0.409,0.4,0.229,7,35,89.8,24.5,2275,90.0,90.11,20,80,118,0.0999999999999943,6.38,121,146,122,152,291,325,297,-5.22,5.22,71.4,7.3,1.268060148,47,26,3,0,0,4,9,19.1,12,25.5,2.3,0.55,0.32,-0.32,92.2,197.0,42.30769230769231,15.384615384615383,8.51063829787234,5.71,-1.92,-0.17,2.2,0.404,4.0,2.636363636,0.426,0.478,-2.636363636,-0.029,-0.0219999999999999,0.065,0.009,25.0,38.8,13.93004280398178,-1.6447745850883493,32.969282280388555,0.5063291139240507,34.074772553387696,28.750585776150235,NYY
Jorge Barrosa,678489,2026,25,145,174,28,2,26.4,9.8,0.193,0.331,12,48,30,0.164,0.25,0.277,0.238,0.029,0.081,0.039,3.0,54.1,87.1,33.0,4.6,23.9,95.604165,91.863784615,61.1,29.3,81.3,45.9,26.6,43.9,45.0,44.0,30.3,17.4,HOU,42,678489,746,5.6,0.0,0.0,0.0,0.0,0.175,0.214,0.038,0,6,89.7,18.0,2181,93.3,93.84,6,16,26,0.5,6.72,121,149,111,153,289,325,294,0.659,-0.659,68.1,7.5,3.311652965,8,3,0,0,0,0,3,37.5,2,25.0,1.65,1.0,0.49,-0.49,92.1,174.0,33.33333333333333,0.0,0.0,5.84,-1.93,-0.08,2.43,0.25,0.0,-1.569047619,0.279,0.088,1.569047619,-0.038,-0.029,-0.088,-0.039,37.5,40.6,14.373763010786782,-2.9795011057357224,25.393861188066825,0.625,33.96338357797559,30.57997260538504,HOU
Manny Machado,592518,2026,33,589,677,128,30,21.3,11.2,0.217,0.407,91,240,82,0.243,0.42,0.31,0.328,-0.026,-0.013,-0.018,45.6,56.2,90.1,32.7,9.7,43.6,101.077431814,94.870082434,67.4,30.5,83.5,47.0,25.3,47.8,40.1,39.3,28.5,24.1,SD,302,592518,2686,11.2,0.197,0.242,0.167,0.439,0.307,0.3,0.199,13,66,86.6,21.8,2389,90.1,90.5,33,148,154,0.4000000000000057,6.51,108,150,124,146,302,330,299,1.066,-1.066,72.5,7.8,2.038552348,76,53,7,1,0,5,15,19.7,8,10.5,2.35,0.49,0.21,0.21,91.3,174.0,35.84905660377358,11.320754716981131,7.894736842105263,5.66,-1.92,0.25,2.13,0.276,6.0,-0.352980132,0.283,0.401,0.352980132,-0.002,-0.0069999999999999,0.038,0.007,22.3,35.0,6.136733185983248,0.2281782149949302,27.32067538871005,0.5310344827586206,39.97464934280244,31.693570666296168,SD
Maikel Garcia,672580,2026,26,310,344,83,3,14.5,9.3,0.268,0.381,38,118,40,0.271,0.367,0.318,0.318,-0.003,0.014,0.0,17.8,42.0,89.7,32.8,4.2,40.5,99.815128538,94.104949115,54.8,22.5,92.7,49.7,14.4,38.6,34.0,46.2,21.0,26.3,KC,80,672580,1316,6.1,0.133,0.067,0.154,0.2,0.302,0.316,0.17,2,15,90.9,7.0,2363,89.9,90.21,7,23,57,0.2999999999999971,6.55,115,152,118,148,307,323,290,0.211,-0.211,65.1,6.9,6.597820197,21,13,1,1,0,0,2,9.5,6,28.6,2.3,0.55,0.08,0.08,92.0,107.0,46.15384615384615,0.0,0.0,5.63,-2.23,0.36,2.07,0.381,0.0,-0.26375,0.407,0.207,0.26375,-0.037,-0.0259999999999999,-0.007,-0.014,30.4,34.6,2.7071529936336685,4.863911913367956,29.129945103128836,0.391304347826087,36.16576028178727,30.52508185427997,KC
Evan Carter,694497,2026,23,391,455,76,9,25.1,10.3,0.194,0.315,40,123,52,0.205,0.32,0.274,0.28,-0.011,-0.005,-0.006,23.0,46.5,87.6,28.7,4.8,34.9,98.726085185,93.426463755,61.5,21.5,80.8,50.4,29.1,41.7,39.8,40.8,29.8,20.1,TEX,159,694497,1833,8.7,0.205,0.103,0.28,0.308,0.261,0.328,0.286,8,39,85.2,15.5,2174,89.5,89.96,26,71,88,0.5,6.61,111,143,100,149,288,325,298,1.885,-1.885,65.2,6.7,1.802089827,44,26,6,1,0,1,14,31.8,3,6.8,2.39,0.5,0.6,-0.6,91.7,150.0,38.46153846153847,3.8461538461538463,2.272727272727273,5.47,-2.09,-0.17,2.17,0.273,1.0,-1.185534591,0.345,0.401,1.185534591,-0.081,-0.0719999999999999,-0.093,-0.067,36.6,30.9,6.208403335075612,-10.731486589769242,29.2250798587581,0.5846153846153846,35.84923004707069,33.37246348613205,TEX
Isaac Paredes,670623,2026,27,562,659,147,25,13.4,10.8,0.262,0.447,94,251,69,0.245,0.373,0.355,0.323,0.017,0.074,0.032,6.6,52.6,86.0,38.7,4.8,29.3,96.56219225,92.297062688,62.0,27.0,90.3,46.8,14.7,43.4,49.3,27.2,30.6,27.9,HOU,283,670623,2929,9.7,0.333,0.275,0.325,0.608,0.423,0.327,0.256,17,51,86.4,23.0,2294,90.4,90.66,13,115,168,0.2999999999999971,6.53,106,151,123,145,293,326,295,-7.159,7.159,64.7,7.6,3.080126116,60,44,11,2,0,4,9,15.0,7,11.7,2.27,0.56,0.36,0.36,91.2,152.0,38.63636363636363,2.272727272727273,1.6666666666666667,5.69,-2.0,0.37,2.03,0.4,1.0,2.529681979,0.339,0.397,-2.529681979,0.077,0.061,0.211,0.096,11.3,36.5,13.417367175198166,-12.543828368072436,32.658582113606364,0.5686274509803921,34.67847697441421,35.18813449212889,HOU
Jhonny Pereda,640902,2026,30,90,101,27,2,19.8,8.9,0.3,0.389,8,35,12,0.304,0.398,0.338,0.345,-0.004,-0.009,-0.007,6.1,45.8,90.0,46.5,2.9,45.7,99.588680571,94.204503429,71.5,24.2,79.7,49.9,22.3,47.9,32.4,39.4,12.7,42.3,SEA,20,640902,431,4.6,0.25,0.0,0.333,0.25,0.318,0.315,0.238,1,4,92.7,-6.0,2349,91.9,91.8,2,5,15,-0.1000000000000085,6.21,106,153,123,149,299,325,287,0.027,-0.027,68.7,7.5,0.929128116,5,3,1,0,0,0,1,20.0,1,20.0,2.08,0.64,0.32,0.32,94.4,62.0,33.33333333333333,0.0,0.0,6.05,-1.78,0.03,2.41,0.4,0.0,-0.135,0.391,0.261,0.135,0.012,0.009,-0.011,0.003,40.0,39.2,3.959709103276905,-0.2895184089607816,27.760041389870903,0.4,40.97264831346431,27.200498817749587,SEA
Dominic Canzone,686527,2026,28,477,533,126,23,20.6,9.0,0.264,0.484,77,231,60,0.273,0.491,0.354,0.359,-0.009,-0.007,-0.005,43.4,54.3,91.1,35.7,12.2,44.9,102.30065773,95.598142703,62.0,34.5,83.6,46.7,26.4,47.3,38.9,44.3,27.8,22.4,SEA,139,686527,2021,6.9,0.31,0.214,0.364,0.524,0.371,0.365,0.299,13,42,92.7,14.6,2209,88.1,88.48,20,77,62,0.4000000000000057,6.45,114,146,117,151,297,332,303,-1.598,1.598,72.2,7.5,3.529577377,44,34,7,4,1,1,8,18.2,2,4.5,2.54,0.42,0.18,-0.18,93.1,177.0,50.0,11.76470588235294,9.090909090909092,5.85,-2.21,0.0,2.15,0.341,4.0,1.149640288,0.331,0.524,-1.149640288,0.011,0.01,0.0,0.006,26.0,37.8,12.082882530466096,-0.4421341215092109,33.655206939688206,0.4415584415584415,38.32206858758738,36.57674605286114,SEA
Michael Conforto,624424,2026,33,271,314,65,15,25.5,11.1,0.24,0.469,45,127,32,0.238,0.439,0.343,0.332,0.002,0.03,0.011,29.0,52.8,90.0,39.0,11.9,41.5,100.456929897,94.570717474,64.5,27.3,84.5,47.6,26.7,45.0,47.2,36.9,34.4,23.1,CHC,217,624424,1264,17.2,0.265,0.184,0.275,0.449,0.344,0.354,0.271,13,49,88.4,16.3,2177,90.5,90.65,21,105,112,0.2000000000000028,6.4,117,144,120,150,293,324,303,-0.142,0.142,70.9,7.2,3.687750336,57,42,8,3,0,2,8,14.0,5,8.8,2.25,0.58,0.51,-0.51,91.6,160.0,39.02439024390244,12.195121951219512,8.771929824561402,5.7,-1.74,-0.12,2.28,0.351,5.0,0.065437788,0.346,0.474,-0.065437788,-0.006,0.005,-0.025,-0.01,20.0,37.2,10.952122839619188,-4.064117222923451,30.589901668088693,0.504950495049505,37.89403462204115,30.308708835958864,CHC
Willson Contreras,575929,2026,34,448,535,123,27,25.2,11.0,0.275,0.516,81,231,68,0.256,0.484,0.391,0.376,0.019,0.032,0.015,71.2,49.8,89.8,32.2,13.3,44.2,102.440550191,95.492075032,67.6,34.2,82.1,43.9,30.8,48.8,49.8,38.2,28.4,22.4,BOS,28,575929,2082,1.3,0.167,0.0,0.333,0.167,0.294,0.291,0.156,1,6,98.3,24.3,2285,93.0,93.19,5,14,14,0.2000000000000028,6.5,107,153,122,145,302,332,298,0.13,-0.13,71.3,7.8,2.846367269,8,3,1,0,0,0,3,37.5,0,0.0,1.83,0.83,0.57,0.57,91.4,117.0,100.0,0.0,0.0,5.68,-1.68,0.49,2.08,0.375,0.0,-0.464285714,0.367,0.176,0.464285714,0.011,0.008,-0.009,0.003,35.7,35.5,12.52274238000749,-7.343147755525013,33.94223045985054,0.5714285714285714,39.96096707850036,30.947037102532768,BOS
Nelson Velázquez,676369,2026,27,101,113,19,6,33.6,8.0,0.188,0.406,18,41,12,0.232,0.486,0.286,0.339,-0.044,-0.08,-0.053,52.0,55.2,94.8,41.5,13.8,61.5,103.143481818,97.125894923,67.3,31.6,73.6,48.5,39.2,48.9,43.1,26.2,36.9,30.8,HOU,19,676369,455,4.2,0.25,0.75,0.0,1.0,0.512,0.517,0.26,1,4,99.9,45.7,2374,91.3,91.72,1,10,9,0.4000000000000057,6.7,97,140,114,131,292,329,296,-0.639,0.639,72.5,7.4,1.876149888,4,3,0,0,0,1,1,25.0,0,0.0,2.25,0.54,0.38,0.38,92.5,177.0,66.66666666666666,33.33333333333333,25.0,5.02,-2.09,-0.02,2.57,0.25,1.0,3.363157895,0.26,1.031,-3.363157895,-0.01,-0.01,-0.031,-0.005,10.0,22.6,15.911845531619033,0.7042617623209353,32.95007675824906,0.8,35.20988839810231,30.200746159705226,HOU
Pavin Smith,656976,2026,30,109,122,20,3,20.5,9.8,0.183,0.294,12,32,12,0.216,0.318,0.252,0.281,-0.033,-0.024,-0.029,11.3,55.6,87.6,23.5,4.7,37.6,98.86166,93.522387765,62.2,27.7,87.8,50.9,19.7,45.2,41.2,45.9,29.4,17.6,ARI,129,656976,493,26.2,0.31,0.276,0.35,0.586,0.402,0.36,0.292,9,29,91.9,7.8,2355,88.7,88.71,15,62,67,0.0,6.24,107,144,119,150,294,334,304,-1.569,1.569,68.3,7.5,2.759616533,31,22,5,2,0,2,7,22.6,2,6.5,2.56,0.36,0.11,-0.11,93.3,141.0,59.09090909090909,9.090909090909092,6.451612903225806,5.69,-2.02,0.01,2.21,0.355,2.0,1.21627907,0.338,0.498,-1.21627907,0.018,0.0169999999999999,0.088,0.042,24.2,35.3,10.00055248702405,-4.214357703112836,29.8339998703855,0.5666666666666667,38.74533803907883,28.79051792730608,ARI
Tommy Pham,502054,2026,38,30,35,3,1,31.4,14.3,0.1,0.2,3,6,5,0.236,0.354,0.209,0.317,-0.136,-0.154,-0.108,26.9,69.2,93.6,26.3,5.3,52.6,102.714876,96.074524211,60.9,22.9,81.0,49.6,34.5,41.7,63.2,57.9,21.1,15.8,CWS,9,502054,139,6.5,0.333,0.0,0.333,0.333,0.297,0.676,0.696,1,3,96.1,8.0,2349,92.9,93.16,1,5,4,0.2999999999999971,6.39,115,154,124,147,303,322,281,0.079,-0.079,66.8,7.0,2.21624442,3,3,1,0,0,0,0,0.0,0,0.0,1.55,1.1,0.43,0.43,96.3,128.0,66.66666666666666,0.0,0.0,6.27,-2.02,-0.02,1.67,0.333,0.0,-0.877777778,0.696,0.841,0.877777778,-0.363,-0.3629999999999999,-0.508,-0.379,20.0,50.9,16.10241815009141,5.0649521241443285,28.74065354470041,0.6,38.4678976260584,29.730698567961756,CWS
Luis García Jr.,671277,2026,26,516,543,143,30,17.9,4.6,0.277,0.521,92,269,69,0.276,0.486,0.355,0.341,0.001,0.035,0.014,45.3,63.6,91.4,33.0,12.2,46.1,102.267913349,95.535729017,70.2,38.4,87.6,44.7,20.8,52.6,41.8,43.7,23.5,25.4,NYY,191,671277,1985,9.6,0.208,0.132,0.237,0.34,0.244,0.287,0.227,11,53,89.1,14.9,2180,89.1,89.29,25,99,92,0.2000000000000028,6.44,117,146,126,152,294,330,297,3.858,-3.858,74.3,7.6,2.195382001,54,40,8,1,0,2,13,24.1,1,1.9,2.35,0.57,0.52,-0.52,92.1,173.0,42.5,15.0,11.11111111111111,5.7,-1.97,-0.15,2.07,0.222,6.0,-2.019895288,0.241,0.434,2.019895288,-0.019,-0.0189999999999999,-0.094,-0.043,25.3,38.3,10.58550199832729,-4.772542976527008,28.882744037128628,0.6020408163265306,36.73106092281719,35.41834866822061,NYY
Nasim Nuñez,683083,2026,25,431,493,90,1,20.1,9.9,0.209,0.244,37,105,55,0.221,0.274,0.251,0.268,-0.012,-0.03,-0.017,3.3,42.2,85.2,28.9,0.9,22.2,95.081777107,91.558154732,68.2,25.9,85.2,50.1,21.6,47.1,32.1,53.1,18.7,23.0,WSH,70,683083,1972,3.5,0.143,0.0,0.2,0.143,0.23,0.223,0.121,2,14,77.6,-16.3,2254,90.6,91.11,11,29,41,0.5,6.65,109,144,100,148,281,310,295,0.983,-0.983,63.9,6.4,2.682059077,17,10,2,0,0,0,4,23.5,2,11.8,2.12,0.7,0.4,-0.4,88.6,116.0,0.0,0.0,0.0,5.73,-1.69,-0.1,2.5,0.294,0.0,-1.404285714,0.286,0.134,1.404285714,0.022,0.008,0.009,0.007,37.9,42.0,1.522992011168177,10.63323323131638,31.849522008563135,0.2068965517241379,37.17915975269699,26.556162934656864,WSH
Eduardo Valencia,680664,2026,26,129,138,44,8,23.2,4.3,0.341,0.636,21,82,25,0.285,0.546,0.433,0.372,0.056,0.09,0.061,30.3,58.2,90.3,44.3,15.5,49.5,101.9202875,95.492335417,71.5,35.3,80.1,48.3,26.8,52.8,43.3,42.3,22.7,28.9,DET,126,680664,538,23.4,0.444,0.222,0.458,0.667,0.508,0.499,0.387,12,27,91.5,16.6,2361,90.4,90.56,13,59,67,0.1999999999999886,6.4,106,152,124,148,305,331,293,-4.683,4.683,71.3,7.5,3.057364069,32,25,8,3,0,1,2,6.3,4,12.5,2.18,0.65,0.34,0.34,93.7,187.0,57.692307692307686,11.538461538461538,9.375,5.68,-1.84,0.1,2.31,0.516,3.0,3.716666667,0.466,0.729,-3.716666667,0.057,0.0499999999999999,-0.062,0.009,22.0,38.3,9.590557319325123,4.847877339076105,32.64413501468092,0.5517241379310345,38.89874248588564,26.156575852575397,DET
Zach Neto,687263,2026,25,619,704,148,27,30.5,9.9,0.239,0.436,77,270,102,0.216,0.412,0.336,0.317,0.023,0.024,0.019,17.0,39.9,89.9,38.3,11.9,41.6,99.89467408,94.293639279,68.2,36.9,82.2,42.7,32.9,50.3,48.9,30.6,35.6,23.5,LAA,293,687263,2813,10.4,0.218,0.164,0.333,0.382,0.368,0.376,0.217,12,55,90.6,21.6,2318,89.8,89.97,34,107,186,0.2000000000000028,6.46,109,151,121,145,302,324,297,-4.59,4.59,69.8,7.1,4.816800142,73,32,7,3,0,2,23,31.5,13,17.8,2.49,0.38,0.11,0.11,92.0,177.0,34.375,15.625,6.849315068493151,5.68,-1.74,0.44,1.89,0.411,5.0,1.566552901,0.41,0.417,-1.566552901,0.001,0.001,-0.035,-0.008,31.8,35.2,16.84016575060884,-8.007783371260341,39.7421888960577,0.4666666666666667,31.385397242551587,38.25151626751148,LAA
Freddie Freeman,518692,2026,36,579,657,167,16,17.7,10.0,0.288,0.43,70,249,74,0.29,0.463,0.348,0.363,-0.002,-0.033,-0.015,7.5,42.8,89.5,38.7,8.1,41.3,99.86901312,94.167362927,73.3,29.3,82.7,47.2,23.2,50.1,33.4,43.2,26.0,27.7,LAD,199,518692,2732,7.3,0.22,0.0,0.281,0.22,0.226,0.329,0.269,9,41,87.7,4.8,2323,91.4,91.63,30,94,105,0.1999999999999886,6.42,115,146,129,153,291,324,302,3.231,-3.231,68.4,6.7,1.935576411,45,32,9,0,0,0,10,22.2,1,2.2,2.27,0.48,0.47,-0.47,91.8,140.0,37.5,9.375,6.666666666666667,5.78,-1.78,-0.12,2.3,0.267,3.0,-1.62361809,0.327,0.377,1.62361809,-0.049,-0.06,-0.157,-0.103,31.9,35.4,7.710266228996128,3.439980221695559,43.51033369858234,0.5106382978723404,39.77783012529499,25.464487034020937,LAD
Esmerlyn Valdez,699013,2026,22,241,287,56,17,37.6,14.6,0.232,0.51,47,123,40,0.2,0.44,0.368,0.332,0.032,0.07,0.036,50.9,51.8,91.9,34.6,19.9,49.3,102.626347206,95.946204412,64.8,21.0,67.4,46.3,40.2,41.3,37.5,34.6,39.7,19.9,PIT,41,699013,1267,3.2,0.222,0.444,0.167,0.667,0.401,0.398,0.284,2,9,97.0,15.4,2336,91.2,91.15,5,17,24,0.0,6.22,106,148,121,143,305,331,292,-0.167,0.167,69.6,7.5,4.35791168,10,7,0,1,0,1,2,20.0,1,10.0,2.2,0.58,0.48,0.48,95.8,158.0,71.42857142857143,14.285714285714285,10.0,5.95,-1.75,0.08,2.15,0.3,1.0,0.407317073,0.356,0.583,-0.407317073,-0.062,-0.0559999999999999,0.084,0.003,29.4,39.2,17.152072259374243,4.818789985584827,37.39284272780368,0.5294117647058824,35.286494707954354,28.216143017082143,PIT
Leody Taveras,665750,2026,27,429,482,94,8,25.7,8.5,0.219,0.345,56,148,58,0.214,0.32,0.282,0.273,0.005,0.025,0.009,29.2,39.6,88.0,28.8,4.1,32.6,98.966147671,93.538008356,67.5,32.0,86.0,46.5,24.3,48.5,36.7,42.7,25.6,23.4,BAL,73,665750,1883,3.9,0.261,0.13,0.333,0.391,0.281,0.243,0.216,6,23,85.8,19.9,2305,89.0,89.12,8,38,35,0.0999999999999943,6.5,115,146,101,152,290,322,294,0.9,-0.9,71.0,7.6,2.442149404,23,18,3,3,0,0,5,21.7,0,0.0,2.48,0.48,0.17,-0.17,90.9,161.0,27.77777777777778,5.555555555555555,4.3478260869565215,5.22,-2.21,-0.15,2.37,0.261,1.0,-1.232876712,0.216,0.353,1.232876712,0.045,0.045,0.038,0.038,21.1,29.2,8.65620875390885,-5.762648101626429,34.60019158902773,0.5263157894736842,35.86708371143697,32.76856021192598,BAL
José Caballero,676609,2026,29,411,456,95,14,24.3,6.4,0.231,0.365,51,150,50,0.227,0.333,0.29,0.278,0.004,0.032,0.012,6.7,52.0,83.8,31.7,4.2,25.6,95.732982153,91.957054306,67.5,37.0,78.7,46.2,27.9,51.1,43.4,46.3,20.4,21.7,NYY,150,676609,1856,8.1,0.172,0.103,0.19,0.276,0.247,0.265,0.191,5,29,85.3,21.4,2329,90.3,90.65,23,82,68,0.2999999999999971,6.58,107,149,107,143,293,319,281,0.582,-0.582,66.4,6.6,2.016297713,34,22,4,0,0,1,8,23.5,4,11.8,2.07,0.78,0.34,0.34,89.8,157.0,27.27272727272727,4.545454545454546,2.941176470588235,5.69,-1.66,0.35,2.14,0.265,1.0,-0.388,0.291,0.266,0.388,-0.019,-0.0259999999999999,0.01,-0.018,28.0,37.8,9.225901824837509,2.073599520177783,31.72577689874753,0.5853658536585366,33.26054301550768,31.627992261632084,NYY
Joshua Kuroda-Grauer,811965,2026,23,71,74,26,1,13.5,2.7,0.366,0.507,4,36,8,0.296,0.385,0.392,0.311,0.07,0.122,0.081,8.1,43.4,89.3,36.1,1.6,38.3,99.159761613,93.910571639,68.2,40.3,87.8,50.6,16.8,54.6,39.3,49.2,16.4,29.5,OAK,20,811965,262,7.6,0.0,0.0,0.0,0.0,0.1,0.196,0.12,0,6,81.4,34.8,2431,90.2,90.06,4,9,11,-0.1000000000000085,6.35,105,152,108,149,306,325,276,1.304,-1.304,66.2,6.9,2.131479432,7,4,0,0,0,0,2,28.6,1,14.3,2.03,0.81,0.14,0.14,88.4,248.0,0.0,0.0,0.0,5.81,-2.25,0.41,2.45,0.143,0.0,-6.52,0.246,0.143,6.52,-0.12,-0.103,-0.143,-0.096,44.4,44.1,4.940125650152189,0.8707036330550331,27.965001445770294,0.5,38.09685596180417,38.85562503101944,OAK
Elias Díaz,553869,2026,35,218,237,51,8,24.5,3.8,0.234,0.404,35,88,21,0.216,0.357,0.287,0.269,0.018,0.047,0.018,50.8,55.6,88.5,32.1,9.6,40.5,100.965078272,94.585337346,72.9,37.8,81.1,48.7,28.2,54.9,38.1,36.3,26.8,25.0,TEX,69,553869,942,7.3,0.214,0.0,0.375,0.214,0.225,0.185,0.149,3,14,93.5,23.1,2400,89.6,89.43,14,37,32,-0.1999999999999886,6.25,104,147,120,143,302,324,283,1.537,-1.537,72.8,7.1,5.968876101,15,8,3,0,0,0,6,40.0,1,6.7,2.3,0.57,0.16,0.16,91.7,135.0,50.0,0.0,0.0,5.69,-1.54,0.39,2.26,0.267,0.0,-2.227536232,0.205,0.195,2.227536232,0.065,0.062,0.019,0.04,37.8,34.7,9.824941986426856,-5.614728148910636,28.27906270040565,0.5555555555555556,39.10388794078885,39.13480260431054,TEX
Jose Trevino,624431,2026,33,152,156,33,5,18.6,0.6,0.217,0.336,19,51,12,0.213,0.295,0.24,0.222,0.004,0.041,0.018,2.6,64.0,85.8,30.2,2.4,29.4,96.674777333,92.415685583,60.9,37.6,88.3,51.7,21.5,49.6,32.5,56.3,20.6,17.5,CIN,40,624431,544,7.4,0.25,0.0,0.333,0.25,0.223,0.287,0.307,3,12,89.4,0.0,2420,88.6,88.34,4,19,21,-0.2999999999999971,6.34,111,151,121,149,299,316,284,1.057,-1.057,64.2,7.0,2.468028939,12,9,3,0,0,0,3,25.0,0,0.0,2.59,0.42,0.14,0.14,91.4,105.0,33.33333333333333,0.0,0.0,5.12,-1.97,0.22,2.09,0.25,0.0,-2.6425,0.307,0.343,2.6425,-0.057,-0.0569999999999999,-0.093,-0.064,21.1,23.4,9.147952344541062,3.315202118979929,23.64280128843765,0.7777777777777778,40.63264319333436,27.18310726018168,CIN
John Peck,807726,2026,23,68,80,11,0,20.0,11.3,0.162,0.176,7,12,3,0.221,0.346,0.224,0.31,-0.059,-0.17,-0.086,15.9,64.7,88.6,32.1,7.7,37.7,99.010478846,93.583440385,76.0,32.2,79.6,46.4,26.7,52.5,24.5,43.4,18.9,28.3,DET,167,807726,279,59.9,0.125,0.0,0.156,0.125,0.205,0.302,0.198,5,40,88.1,15.4,2313,90.7,90.95,22,84,83,0.2999999999999971,6.44,110,150,118,146,303,329,291,4.506,-4.506,69.6,7.1,2.920226892,49,32,5,0,0,0,9,18.4,7,14.3,2.17,0.63,0.4,0.4,91.4,158.0,37.5,6.25,4.081632653061225,5.7,-2.01,0.07,2.15,0.265,2.0,-2.698203593,0.335,0.308,2.698203593,-0.073,-0.07,-0.183,-0.097,26.2,37.4,8.291442446284808,9.54964106082836,29.25935213324465,0.6341463414634146,37.90613656120297,27.47030305312473,DET
Carlos Jorge,699115,2026,22,46,50,10,1,26.0,8.0,0.217,0.326,2,15,5,0.239,0.329,0.271,0.282,-0.022,-0.003,-0.011,3.4,48.3,81.8,33.3,6.1,15.2,92.587212667,90.658588667,76.8,34.5,71.2,52.2,31.1,56.6,36.4,42.4,21.2,27.3,CIN,163,699115,183,89.1,0.189,0.135,0.24,0.324,0.266,0.291,0.235,7,37,82.5,11.2,2259,89.4,89.5,26,90,73,0.0999999999999943,6.37,116,147,105,152,290,317,300,1.245,-1.245,65.5,7.2,2.173475988,41,26,5,0,1,1,11,26.8,4,9.8,2.46,0.44,0.37,-0.37,89.6,143.0,19.230769230769237,7.6923076923076925,4.878048780487805,5.67,-1.86,-0.12,2.19,0.268,2.0,-0.763803681,0.31,0.34,0.763803681,-0.046,-0.0419999999999999,-0.016,-0.025,28.9,36.2,13.55854142409228,-3.288938100348311,32.265844092932376,0.4333333333333333,38.120560406766025,29.674138984509877,CIN
Luis Torrens,620443,2026,30,255,281,60,9,21.0,6.4,0.235,0.396,41,101,37,0.23,0.363,0.304,0.289,0.005,0.033,0.015,6.7,51.6,88.7,30.5,5.6,40.5,98.903307959,93.704207026,66.2,32.4,86.6,47.1,21.6,48.3,31.5,52.5,22.0,21.0,NYM,89,620443,1105,8.1,0.3,0.25,0.455,0.55,0.345,0.235,0.202,6,20,92.2,10.6,2393,89.2,89.11,12,46,43,-0.1000000000000085,6.34,108,150,119,147,305,324,290,-1.655,1.655,68.2,7.1,5.982498656,21,12,3,2,0,1,9,42.9,0,0.0,2.5,0.43,0.2,0.2,91.1,184.0,41.66666666666667,8.333333333333332,4.761904761904762,5.57,-1.96,0.28,2.34,0.286,1.0,1.859550562,0.193,0.377,-1.859550562,0.098,0.0929999999999999,0.173,0.11,26.1,35.3,7.610120380720199,4.339274159575483,29.69455124721629,0.4565217391304347,37.88843233955968,26.066690081107915,NYM
Jo Adell,666176,2026,27,603,660,145,23,23.8,5.2,0.24,0.401,94,242,70,0.257,0.444,0.307,0.329,-0.017,-0.043,-0.022,72.6,48.5,90.4,32.2,8.9,44.9,102.495962813,95.565465638,73.9,35.3,82.4,46.4,28.2,53.2,41.0,40.8,26.6,23.3,CLE,219,666176,2579,8.5,0.184,0.082,0.235,0.265,0.242,0.332,0.267,9,49,91.9,15.2,2320,91.9,92.2,31,102,117,0.2999999999999971,6.43,108,151,124,145,301,325,292,2.053,-2.053,76.0,7.8,4.083596919,54,35,7,1,0,1,14,25.9,4,7.4,2.14,0.58,0.33,0.33,93.5,125.0,50.0,5.88235294117647,3.7037037037037033,5.8,-1.85,0.14,2.25,0.259,2.0,-0.937442922,0.336,0.42,0.937442922,-0.083,-0.077,-0.155,-0.09,30.4,40.5,10.352139931990914,-4.054240007135428,35.0097962047713,0.4705882352941176,39.04051677281128,27.974791679217923,CLE
Luisangel Acuña,682668,2026,24,210,224,48,2,19.6,4.0,0.229,0.276,13,58,23,0.247,0.324,0.241,0.269,-0.018,-0.048,-0.028,28.1,64.7,88.5,24.7,3.5,36.5,99.237194699,93.747815152,71.4,34.1,85.6,46.2,25.8,51.3,37.1,58.2,15.9,20.6,CWS,11,682668,779,1.4,0.0,0.0,0.0,0.0,0.0,0.092,0.096,0,4,79.6,42.0,2208,88.7,89.49,4,6,5,0.7999999999999972,6.7,112,149,117,148,300,322,280,1.065,-1.065,70.1,7.8,1.805551672,4,2,0,0,0,0,2,50.0,0,0.0,2.23,0.68,0.1,0.1,90.9,247.0,0.0,0.0,0.0,5.77,-1.47,-0.06,2.05,0.0,0.0,-9.681818182,0.096,0.115,9.681818182,-0.096,-0.096,-0.115,-0.092,66.7,48.0,15.211748673469744,-13.843891046606654,24.850053830349985,0.8333333333333334,31.306211118533003,38.842011508792254,CWS
Sung-Mun Song,823550,2026,29,131,154,25,1,20.1,12.3,0.191,0.244,17,32,22,0.183,0.267,0.25,0.253,0.008,-0.023,-0.003,14.5,60.4,87.3,26.0,3.8,27.9,97.188634286,92.609704898,62.6,23.6,84.5,49.4,21.9,42.8,41.3,44.2,26.0,16.3,TBD,46,823550,634,7.3,0.222,0.0,0.4,0.222,0.248,0.235,0.192,2,9,82.0,0.2,2411,93.5,94.11,6,18,28,0.5999999999999943,6.6,119,145,106,149,284,318,293,0.437,-0.437,63.6,7.2,1.946397357,10,5,2,0,0,0,4,40.0,1,10.0,1.83,0.81,0.51,-0.51,89.6,133.0,20.0,0.0,0.0,5.69,-2.17,0.3,2.1,0.3,0.0,-0.95,0.273,0.22,0.95,0.03,0.0269999999999999,0.002,0.013,33.3,34.0,6.953979093912974,-10.057870888838796,25.09608041105049,0.4705882352941176,35.7533378275781,26.31202736338669,TBD
Danny Jansen,643376,2026,31,197,227,40,8,24.2,7.9,0.203,0.381,26,75,21,0.186,0.31,0.3,0.267,0.017,0.071,0.033,6.7,60.3,87.7,24.0,6.2,33.6,97.458352394,92.765822676,66.5,22.5,82.7,51.1,25.7,45.0,55.5,37.0,31.5,17.8,TEX,157,643376,887,17.7,0.351,0.297,0.345,0.649,0.449,0.336,0.277,13,37,90.9,24.2,2315,89.6,90.01,14,64,93,0.4000000000000057,6.54,109,152,122,145,298,326,289,-4.606,4.606,68.3,6.7,2.432328175,40,32,8,2,0,3,5,12.5,1,2.5,2.3,0.57,0.35,0.35,92.9,189.0,46.875,6.25,5.0,5.46,-2.0,0.27,2.2,0.4,2.0,2.933757962,0.331,0.437,-2.933757962,0.074,0.069,0.212,0.113,21.9,33.5,12.827971951868172,-3.927540687474961,27.85023569353875,0.6721311475409836,39.51998873453559,34.839946188104285,TEX
Seiya Suzuki,673548,2026,31,545,634,147,26,24.4,12.8,0.27,0.473,86,258,96,0.246,0.427,0.366,0.34,0.024,0.046,0.026,36.4,47.9,88.6,36.9,10.7,38.9,100.235200558,94.190827557,59.6,22.5,86.1,47.6,23.5,40.2,41.0,35.9,30.8,24.9,CHC,256,673548,2748,9.3,0.273,0.2,0.351,0.473,0.361,0.341,0.239,15,55,89.3,14.5,2325,90.7,90.98,23,108,148,0.2999999999999971,6.49,112,151,124,147,302,325,298,-1.405,1.405,69.8,7.0,4.478871126,62,39,9,3,1,2,16,25.8,6,9.7,2.28,0.54,0.22,0.22,91.6,172.0,38.46153846153847,17.94871794871795,11.29032258064516,5.68,-1.7,0.13,2.14,0.355,7.0,0.548828125,0.325,0.458,-0.548828125,0.034,0.0299999999999999,0.015,0.02,21.3,38.5,5.880989117731988,-1.6867747889071074,32.58922878180644,0.4444444444444444,37.27402497779936,33.43892391026881,CHC
Derek Hill,656537,2026,30,199,216,48,11,31.9,6.0,0.241,0.442,31,88,30,0.225,0.386,0.319,0.289,0.016,0.056,0.03,18.6,48.2,88.9,36.1,10.6,33.8,98.863739672,93.597008182,70.8,34.6,77.6,47.8,32.7,51.9,36.8,46.6,28.6,21.1,PHI,10,656537,831,1.2,0.0,0.0,0.0,0.0,0.0,0.172,0.188,0,3,85.0,-33.0,2363,96.3,95.99,1,6,4,-0.2999999999999971,6.31,109,150,97,149,310,325,292,0.862,-0.862,69.1,6.7,,3,3,0,0,0,0,0,0.0,0,0.0,1.52,0.97,0.47,0.47,88.0,49.0,0.0,0.0,0.0,6.21,-1.57,-0.19,1.86,0.0,0.0,-8.62,0.188,0.203,8.62,-0.188,-0.188,-0.203,-0.172,16.7,39.0,11.497403416537992,9.486371815576064,37.34554426336257,0.6666666666666666,35.582987047509874,26.37918610714751,PHI
TJ Rumfield,681198,2026,26,547,631,164,16,13.6,11.4,0.3,0.453,73,248,67,0.261,0.386,0.373,0.333,0.039,0.067,0.04,7.5,44.2,84.3,37.4,5.0,27.9,96.180816261,92.096667739,70.6,30.4,91.7,44.7,18.8,48.3,40.8,39.5,28.7,25.7,COL,199,681198,2397,8.3,0.386,0.136,0.432,0.523,0.426,0.347,0.307,17,44,85.1,22.9,2311,91.2,91.82,13,93,106,0.5999999999999943,6.4,118,146,122,152,296,333,302,-3.827,3.827,66.3,6.3,3.614795642,49,38,13,3,0,1,6,12.2,5,10.2,2.15,0.59,0.31,-0.31,91.0,181.0,28.947368421052637,2.631578947368421,2.0408163265306123,5.68,-2.08,-0.17,2.42,0.449,1.0,1.923115578,0.378,0.402,-1.923115578,0.079,0.071,0.121,0.079,14.0,37.1,7.947611109349712,-3.133965110714996,36.29733886893026,0.5108695652173914,31.76436227111519,31.01242621925167,COL
Brice Matthews,694728,2026,24,214,233,43,7,31.8,6.9,0.201,0.332,22,71,23,0.193,0.338,0.26,0.261,0.008,-0.006,-0.001,29.9,52.7,86.7,30.1,8.5,36.4,99.48979209,93.878187068,68.1,25.5,74.7,49.6,36.0,46.6,34.3,50.3,23.8,18.2,HOU,12,694728,961,1.2,0.5,0.0,1.0,0.5,0.529,0.523,0.474,1,2,76.6,22.0,2108,94.9,95.98,4,7,5,1.0999999999999943,7.01,86,137,98,142,285,325,290,-0.463,0.463,55.1,5.2,0.68094638,3,1,1,0,0,0,1,33.3,1,33.3,1.3,1.25,0.8,0.8,88.0,126.0,0.0,0.0,0.0,6.06,-1.66,-0.65,2.86,0.667,0.0,3.858333333,0.65,0.519,-3.858333333,0.026,0.017,-0.019,0.006,57.1,41.3,-6.906964362069026,6.835650083116239,27.896934420576727,0.5714285714285714,28.566217684550683,25.66035857927153,HOU
Angel Martínez,682657,2026,24,389,416,99,18,21.9,3.1,0.254,0.465,62,181,49,0.251,0.401,0.326,0.299,0.003,0.064,0.027,18.0,50.3,87.5,35.1,7.2,35.5,98.989455168,93.585370839,66.8,42.8,88.7,47.8,20.7,54.3,43.9,41.6,25.6,24.9,CLE,106,682657,1497,7.1,0.258,0.29,0.304,0.548,0.349,0.246,0.217,8,31,85.7,16.5,2266,91.0,91.32,15,61,45,0.2999999999999971,6.42,112,145,108,151,292,324,298,-1.79,1.79,67.8,6.9,3.55568234,32,24,2,4,1,1,7,21.9,1,3.1,2.21,0.57,0.38,-0.38,90.7,138.0,12.5,4.166666666666666,3.125,5.79,-1.94,-0.28,2.14,0.281,1.0,1.688679245,0.242,0.318,-1.688679245,0.041,0.039,0.23,0.103,24.6,39.5,11.479729609282026,2.1720339860960256,36.39648000335908,0.4,35.621902684092824,32.91643379248326,CLE
Ryan McMahon,641857,2026,31,328,360,70,11,29.4,7.8,0.213,0.357,41,117,33,0.23,0.381,0.282,0.297,-0.017,-0.024,-0.015,49.1,50.3,90.5,32.1,9.0,44.8,101.386570182,95.088092055,62.9,28.2,82.3,49.6,30.2,45.5,41.5,41.1,31.3,23.2,NYY,197,641857,1487,13.2,0.195,0.122,0.259,0.317,0.242,0.218,0.174,8,41,87.5,19.1,2327,89.3,89.45,22,82,115,0.2000000000000028,6.43,116,144,119,151,288,327,297,2.033,-2.033,73.8,7.4,4.385270201,43,28,5,2,0,1,13,30.2,2,4.7,2.33,0.57,0.25,-0.25,91.7,134.0,28.57142857142857,7.142857142857142,4.651162790697675,5.69,-2.07,-0.14,2.21,0.233,2.0,-1.031979695,0.212,0.283,1.031979695,0.021,0.021,0.034,0.024,26.8,38.2,12.816969930050549,-3.076080534292996,38.77016399801876,0.4634146341463415,37.32113296226119,27.84353881320199,NYY
José Tena,677588,2026,25,257,288,57,7,31.3,9.4,0.222,0.37,25,95,36,0.221,0.351,0.299,0.291,0.001,0.019,0.008,42.1,40.6,90.6,30.4,8.3,46.4,102.541901667,95.570783929,67.6,29.5,76.8,47.4,34.3,47.6,32.1,48.8,20.8,25.0,WSH,66,677588,1172,5.6,0.071,0.071,0.143,0.143,0.122,0.123,0.09,1,14,88.1,3.4,2209,91.6,92.73,9,26,40,1.2000000000000028,6.86,118,148,114,151,293,321,303,2.494,-2.494,74.2,6.8,1.90759802,16,7,0,1,0,0,8,50.0,1,6.3,2.22,0.53,0.47,-0.47,90.3,151.0,42.85714285714285,0.0,0.0,5.66,-1.81,-0.21,2.34,0.125,0.0,-3.778787879,0.142,0.114,3.778787879,-0.019,-0.0169999999999999,0.029,-0.001,34.6,38.3,4.102172402616772,6.206585088050764,34.72153929102543,0.2692307692307692,33.63230124064166,29.617974674461436,WSH
Kyle Farmer,571657,2026,35,18,19,4,0,26.3,0.0,0.222,0.278,3,5,2,0.244,0.317,0.207,0.235,-0.022,-0.039,-0.028,0.0,30.3,81.2,35.7,7.1,28.6,93.809261429,91.056805,63.6,53.3,71.4,52.4,29.7,58.7,42.9,50.0,14.3,28.6,TBD,11,571657,63,17.5,0.0,0.0,0.0,0.0,0.0,0.217,0.142,0,3,86.0,4.0,2287,84.4,83.35,2,7,4,-1.1000000000000083,5.75,104,151,127,147,305,323,284,0.806,-0.806,65.9,6.5,1.416957228,3,2,0,0,0,0,1,33.3,0,0.0,3.83,1.1,0.13,0.13,91.2,143.0,50.0,50.0,33.33333333333333,6.08,-1.11,0.5,2.72,0.0,1.0,-7.327272727,0.142,0.383,7.327272727,-0.142,-0.142,-0.383,-0.217,28.6,45.4,4.456333638988885,-1.04810196342196,28.912345432127275,0.5714285714285714,36.002819058938066,31.568365836959345,TBD
Nick Fortes,663743,2026,29,298,323,77,6,13.9,3.7,0.258,0.376,35,112,33,0.239,0.326,0.301,0.273,0.019,0.05,0.028,25.9,37.6,85.4,25.2,2.4,35.4,99.012039677,93.533077409,68.1,37.3,88.0,47.2,18.3,51.8,51.2,51.6,17.1,19.4,TB,58,663743,1120,5.2,0.091,0.273,0.0,0.364,0.229,0.164,0.094,1,11,81.1,17.4,2228,90.0,90.3,6,25,33,0.2999999999999971,6.66,108,152,118,146,296,321,284,1.2,-1.2,72.9,7.8,1.35567431,12,8,0,0,0,1,3,25.0,1,8.3,2.17,0.71,0.38,0.38,95.3,160.0,42.85714285714285,0.0,0.0,5.66,-1.85,0.32,2.22,0.167,0.0,-2.068965517,0.176,0.167,2.068965517,-0.003,-0.0089999999999999,0.197,0.065,24.0,37.3,2.808410505134033,-11.348375208445656,19.85958419642002,0.44,35.527115495610154,30.914530026475003,TB
Cam Smith,701358,2026,23,510,568,107,21,26.1,7.7,0.21,0.39,56,199,67,0.235,0.42,0.293,0.316,-0.025,-0.03,-0.023,78.0,47.7,88.7,31.3,11.2,43.5,101.663413607,95.013701534,69.1,30.0,80.5,47.3,29.1,48.5,38.9,44.8,26.1,21.7,HOU,257,701358,2364,10.9,0.224,0.245,0.296,0.469,0.344,0.301,0.203,11,49,85.6,16.3,2270,90.9,91.05,34,120,137,0.0999999999999943,6.47,109,152,122,147,302,327,293,-2.698,2.698,75.3,7.3,3.546846421,56,30,6,1,1,3,19,33.9,6,10.7,2.14,0.66,0.37,0.37,91.9,149.0,40.0,13.333333333333334,7.142857142857142,5.87,-1.82,0.04,2.32,0.321,4.0,1.049805447,0.303,0.371,-1.049805447,0.021,0.018,0.098,0.043,28.3,39.2,4.513451630036907,-4.505384662272059,31.47229313975486,0.4117647058823529,39.80119296140951,31.25706523298358,HOU
Ezequiel Duran,677649,2026,27,539,597,140,17,23.6,7.7,0.26,0.419,83,226,71,0.243,0.369,0.324,0.3,0.017,0.05,0.024,27.8,44.1,89.0,34.1,6.0,38.8,99.527392222,93.948516937,70.1,35.5,83.8,47.1,26.2,51.8,37.5,46.9,23.0,23.2,TEX,218,677649,2343,9.3,0.143,0.018,0.2,0.161,0.16,0.208,0.183,8,56,87.8,15.8,2369,90.1,90.35,25,120,98,0.3000000000000113,6.5,110,152,112,146,300,326,289,7.936,-7.936,69.9,7.0,2.574676442,60,40,7,1,0,0,17,28.3,2,3.3,2.27,0.58,0.23,0.23,91.0,159.0,37.5,2.5,1.6666666666666667,5.59,-2.0,0.29,2.26,0.183,1.0,-3.640366972,0.223,0.237,3.640366972,-0.04,-0.04,-0.076,-0.048,20.8,35.1,5.963320913713522,7.169923858985144,28.29531494405552,0.4666666666666667,37.191995656372285,26.589825137080425,TEX
Christian Walker,572233,2026,35,571,635,129,29,23.1,8.0,0.226,0.427,87,244,73,0.227,0.396,0.316,0.305,-0.001,0.031,0.011,43.7,47.6,89.0,31.9,9.6,40.7,101.069259249,94.709357676,73.1,31.6,83.5,45.4,29.1,50.4,41.2,42.9,28.1,21.3,HOU,231,572233,2482,9.3,0.236,0.236,0.231,0.473,0.322,0.353,0.262,13,55,88.0,21.4,2286,91.7,91.86,31,125,106,0.2000000000000028,6.48,108,153,124,147,299,328,293,0.152,-0.152,72.1,7.3,4.028146167,58,43,8,1,0,4,12,20.7,3,5.2,2.05,0.71,0.29,0.29,92.2,185.0,45.23809523809524,16.666666666666664,12.06896551724138,5.83,-2.02,0.27,2.39,0.276,7.0,-0.065800866,0.301,0.535,0.065800866,-0.026,-0.0249999999999999,-0.062,-0.031,24.8,39.4,6.745072207840586,-3.581799160511485,28.06877788814192,0.4715447154471545,36.078002755781846,29.580011512891936,HOU
Daulton Varsho,662139,2026,29,484,526,107,12,20.3,7.4,0.221,0.355,40,172,51,0.228,0.354,0.281,0.283,-0.007,0.001,-0.002,28.2,55.0,86.7,32.0,6.9,36.5,98.36044754,93.211984706,72.4,36.5,85.4,46.2,21.9,53.1,38.1,39.4,28.8,22.0,HOU,129,662139,2007,6.4,0.176,0.118,0.208,0.294,0.202,0.246,0.201,6,34,87.6,24.6,2252,91.0,91.28,22,75,54,0.2999999999999971,6.49,120,146,107,151,289,328,298,2.772,-2.772,71.5,7.7,2.56771201,34,25,4,1,0,1,9,26.5,0,0.0,2.03,0.76,0.49,-0.49,91.3,157.0,36.0,12.0,8.823529411764707,5.75,-2.11,0.0,2.37,0.176,3.0,-2.148837209,0.201,0.38,2.148837209,-0.025,-0.025,-0.086,-0.044,29.3,38.0,9.5845350980292,-1.79786799819431,28.99081564008738,0.5675675675675675,36.657679592693896,26.65232077694229,HOU
Austin Hays,669720,2026,30,100,105,28,3,25.7,3.8,0.28,0.4,15,40,16,0.278,0.383,0.304,0.295,0.002,0.017,0.009,25.3,59.4,87.5,35.1,4.1,41.9,99.166541622,93.922986164,74.4,36.6,76.9,45.5,33.8,53.8,51.4,51.4,14.9,31.1,SD,34,669720,400,8.5,0.286,0.0,0.4,0.286,0.31,0.195,0.132,2,7,86.8,14.2,2251,93.3,93.68,4,14,20,0.4000000000000057,6.56,108,151,122,147,295,324,289,-0.259,0.259,67.1,6.9,5.234172078,8,5,2,0,0,0,2,25.0,1,12.5,1.92,0.74,0.31,0.31,90.7,182.0,20.0,0.0,0.0,5.91,-1.75,0.04,2.44,0.375,0.0,0.761764706,0.24,0.153,-0.761764706,0.154,0.135,0.133,0.115,28.6,42.9,11.41249187693729,3.709351866714128,30.522237979498115,0.3846153846153846,40.46786166278199,31.192136951798904,SD
Brandon Valenzuela,678218,2026,25,239,271,53,9,25.5,10.7,0.222,0.372,23,89,29,0.24,0.377,0.303,0.313,-0.018,-0.005,-0.01,22.0,50.9,88.4,37.8,7.0,38.4,99.463470941,93.870578639,71.4,28.5,85.5,48.6,25.8,49.4,43.0,41.9,23.8,26.2,TOR,55,678218,1109,5.0,0.273,0.0,0.333,0.273,0.313,0.286,0.221,3,11,88.2,8.1,2216,88.7,88.39,7,22,33,-0.2999999999999971,6.14,123,148,121,152,286,321,299,0.125,-0.125,71.2,8.0,4.532496584,13,9,3,0,0,0,2,15.4,2,15.4,2.51,0.43,0.27,-0.27,91.3,99.0,44.44444444444444,0.0,0.0,5.81,-1.45,-0.13,2.19,0.385,0.0,-0.227272727,0.341,0.256,0.227272727,0.052,0.0439999999999999,0.017,0.027,31.8,37.8,11.83024627135869,-11.232869159209502,33.78809892678001,0.4761904761904761,37.56986445851911,34.01384937692965,TOR
Blaze Alexander,677942,2026,27,261,289,79,4,21.8,6.6,0.303,0.414,31,108,35,0.3,0.452,0.34,0.351,0.003,-0.038,-0.011,23.9,49.9,92.3,40.8,6.6,48.8,100.590883438,95.214491406,82.5,30.2,80.4,49.6,25.3,56.1,33.3,47.8,21.4,29.4,BAL,42,677942,1110,3.8,0.125,0.125,0.167,0.25,0.218,0.301,0.23,1,8,92.5,10.3,2485,92.4,92.79,5,21,21,0.3999999999999915,6.59,106,150,117,144,309,316,277,1.141,-1.141,64.3,7.0,2.772807199,9,6,0,1,0,0,2,22.2,1,11.1,2.03,0.68,0.39,0.39,91.1,160.0,66.66666666666666,16.666666666666664,11.11111111111111,5.67,-1.51,0.14,2.49,0.222,1.0,-2.716666667,0.315,0.358,2.716666667,-0.105,-0.093,-0.108,-0.083,23.8,36.4,0.7658022309790153,14.107642569988604,33.398274327821845,0.4,40.63678373381592,17.673958261106574,BAL
