player_name_std,player_id_Full,year,player_age,ab,pa_Full,hit,home_run,k_percent_Full,bb_percent_Full,batting_avg,slg_percent,b_rbi,b_total_bases,r_run,xba_Full,xslg_Full,woba_Full,xwoba_Full,xbadiff_Full,xslgdiff_Full,wobadiff_Full,fast_swing_rate,ideal_angle_rate,exit_velocity_avg,sweet_spot_percent,barrel_batted_rate,hard_hit_percent,avg_best_speed,avg_hyper_speed,z_swing_percent,oz_swing_percent,iz_contact_percent,in_zone_percent,whiff_percent,swing_percent,pull_percent,groundballs_percent,flyballs_percent,linedrives_percent,Team_Full,pitches,player_id_L30,total_pitches,pitch_percent,ba,iso,babip,slg,woba_L30,xwoba_L30,xba_L30,hits,abs,launch_speed,launch_angle,spin_rate,velocity,effective_speed,whiffs,swings,takes,eff_min_vel,release_extension,pos3_int_start_distance,pos4_int_start_distance,pos5_int_start_distance,pos6_int_start_distance,pos7_int_start_distance,pos8_int_start_distance,pos9_int_start_distance,pitcher_run_exp,run_exp,bat_speed,swing_length,miss_distance,pa_L30,bip,singles,doubles,triples,hrs,so,k_percent_L30,bb,bb_percent_L30,api_break_z_with_gravity,api_break_z_induced,api_break_x_arm,api_break_x_batter_in,hyper_speed,bbdist,hardhit_percent,barrels_per_bbe_percent,barrels_per_pa_percent,release_pos_z,release_pos_x,plate_x,plate_z,obp,barrels_total,batter_run_value_per_100,xobp,xslg_L30,pitcher_run_value_per_100,xbadiff_L30,xobpdiff,xslgdiff_L30,wobadiff_L30,swing_miss_percent,arm_angle,attack_angle,attack_direction,swing_path_tilt,rate_ideal_attack_angle,intercept_ball_minus_batter_pos_x_inches,intercept_ball_minus_batter_pos_y_inches,Team_L30
Kyren Paris,677347,2026,24,15,18,0,0,44.4,16.7,0.0,0.0,0,0,0,0.092,0.151,0.116,0.203,-0.092,-0.151,-0.087,18.8,36.4,85.1,0.0,0.0,57.1,99.0435325,94.31059,72.7,12.8,68.8,53.0,37.8,44.6,42.9,57.1,42.9,0.0,LAA,32,677347,83,38.6,0.0,0.0,0.0,0.0,0.1,0.129,0.037,0,6,66.6,6.3,2127,89.1,89.62,4,14,18,0.5,6.55,103,151,116,148,306,328,298,1.264,-1.264,71.1,6.7,1.601807232,7,3,0,0,0,0,3,42.9,1,14.3,2.12,0.76,0.41,-0.41,88.4,159.0,0.0,0.0,0.0,6.31,1.07,0.15,2.31,0.143,0.0,-3.95,0.174,0.04,3.95,-0.037,-0.031,-0.04,-0.029,28.6,52.4,2.324345851267932,14.601995029515006,39.79593604541692,0.3076923076923077,34.129699218797775,17.23326847907962,LAA
Jose Siri,642350,2026,30,228,251,55,10,31.9,6.0,0.241,0.417,33,95,36,0.227,0.425,0.308,0.304,0.014,-0.008,0.004,37.6,52.2,89.1,33.3,13.2,42.8,101.222376081,94.841327905,69.1,40.2,74.8,46.6,36.9,53.7,43.1,41.8,31.4,21.6,LAA,80,642350,974,8.2,0.471,0.118,0.533,0.588,0.487,0.377,0.325,8,17,84.8,14.7,2294,89.5,89.41,13,38,42,-0.0999999999999943,6.28,105,150,117,144,307,326,296,-2.354,2.354,72.0,7.4,1.916210249,20,15,6,2,0,0,2,10.0,3,15.0,2.25,0.65,0.35,-0.35,90.9,174.0,33.33333333333333,6.666666666666667,5.0,6.03,1.73,0.0,2.33,0.55,1.0,2.9425,0.396,0.462,-2.9425,0.146,0.154,0.126,0.11,34.2,45.5,7.826622556962537,0.736033045043724,33.46438017950764,0.5,34.28512218354321,26.912267318875145,LAA
Marcelo Mayer,691785,2026,23,220,245,46,3,20.8,7.3,0.209,0.295,22,65,19,0.196,0.295,0.258,0.257,0.013,0.0,0.001,46.2,42.6,86.1,26.7,6.4,35.5,98.064535176,93.036398353,71.3,28.5,85.3,47.2,27.5,48.7,36.0,51.2,25.0,15.7,SF,24,691785,909,2.6,0.0,0.0,0.0,0.0,0.087,0.285,0.136,0,7,89.3,27.2,2667,90.6,90.15,3,8,16,-0.5,5.96,122,148,110,152,288,316,299,1.724,-1.724,72.3,8.2,4.866708432,8,5,0,0,0,0,2,25.0,1,12.5,2.3,0.48,-0.13,-0.13,92.2,240.0,40.0,20.0,12.5,5.92,1.56,-0.59,1.95,0.125,1.0,-7.183333333,0.244,0.416,7.183333333,-0.136,-0.119,-0.416,-0.198,37.5,44.4,12.154068848242492,-1.1108008288395457,31.37843897837221,0.625,42.46536161454152,29.15936590995102,SF
Pedro Pagés,686780,2026,27,189,211,41,4,26.5,6.6,0.217,0.312,12,59,14,0.218,0.329,0.264,0.273,-0.001,-0.017,-0.009,24.5,43.9,86.7,30.9,4.3,37.7,99.310410149,93.682204776,64.3,34.9,85.4,47.8,28.1,49.1,38.1,44.6,27.3,18.0,STL,28,686780,879,3.2,0.333,0.0,0.5,0.333,0.297,0.205,0.218,2,6,80.0,-1.0,2349,89.0,89.51,5,16,12,0.5,6.56,100,145,117,145,308,321,292,-0.001,0.001,69.8,7.1,1.208900486,6,4,2,0,0,0,2,33.3,0,0.0,2.42,0.48,0.24,-0.24,89.3,141.0,25.0,0.0,0.0,5.62,2.14,-0.09,2.34,0.333,0.0,0.003571429,0.218,0.248,-0.003571429,0.115,0.115,0.085,0.092,31.3,33.6,14.660738723382298,-12.772650724281927,28.190020002824248,0.4,37.87740132509832,38.969979301691815,STL
Alex Jackson,656577,2026,30,69,73,21,1,32.9,2.7,0.304,0.406,5,28,12,0.187,0.258,0.331,0.222,0.117,0.148,0.109,29.7,55.0,86.1,24.4,2.2,33.3,98.4834205,93.24664175,72.7,41.0,81.3,48.7,30.1,56.3,44.4,53.3,24.4,20.0,TBD,6,656577,272,2.2,0.0,0.0,0.0,0.0,0.0,0.118,0.131,0,1,55.9,42.0,1961,82.8,83.03,0,3,3,0.2000000000000028,6.52,107,153,127,145,302,330,305,0.259,-0.259,74.2,7.6,,1,1,0,0,0,0,0,0.0,0,0.0,2.87,0.51,0.74,-0.74,88.0,133.0,0.0,0.0,0.0,6.25,0.78,-0.12,2.07,0.0,0.0,-4.316666667,0.131,0.145,4.316666667,-0.131,-0.131,-0.145,-0.118,0.0,50.2,7.234541233952074,-9.146153148761888,31.91229660048529,0.6666666666666666,37.23714662614718,38.52675579226752,TBD
Kyle Karros,691720,2026,23,411,475,104,13,21.1,11.4,0.253,0.414,49,170,63,0.25,0.402,0.336,0.334,0.003,0.012,0.002,7.3,42.4,89.7,40.8,8.3,41.1,100.509474679,94.534265256,67.2,24.8,87.9,45.7,24.6,44.2,40.8,43.0,24.5,26.8,COL,74,691720,1907,3.9,0.278,0.5,0.2,0.778,0.466,0.412,0.26,5,18,89.9,8.7,2290,87.8,87.82,10,28,46,0.0,6.25,116,153,122,147,304,328,290,-3.213,3.213,70.4,7.1,1.893777906,20,13,2,0,0,3,5,25.0,2,10.0,2.63,0.36,0.25,-0.25,93.6,174.0,38.46153846153847,23.07692307692308,15.0,5.59,2.28,-0.02,2.04,0.35,3.0,4.341891892,0.334,0.651,-4.341891892,0.018,0.0159999999999999,0.127,0.054,35.7,30.7,8.130760440059552,-6.7658367232581,41.19359491880974,0.4642857142857143,35.63666947307138,26.502153006900137,COL
Jorge Mateo,622761,2026,31,207,221,42,5,31.2,5.0,0.203,0.314,18,65,41,0.221,0.358,0.248,0.272,-0.018,-0.044,-0.024,37.4,45.7,87.3,40.7,7.9,35.0,98.713200145,93.40706562,69.0,44.2,80.4,44.8,32.0,55.3,35.7,37.1,29.3,25.7,TB,36,622761,842,4.3,0.154,0.0,0.222,0.154,0.137,0.087,0.092,2,13,81.7,34.8,2130,86.7,86.55,7,25,11,-0.1000000000000085,6.23,108,150,108,146,304,324,288,1.953,-1.953,69.0,7.9,6.849829066,13,9,2,0,0,0,4,30.8,0,0.0,2.64,0.44,0.69,-0.69,88.4,124.0,0.0,0.0,0.0,5.94,1.83,0.43,2.09,0.154,0.0,-5.425,0.092,0.108,5.425,0.062,0.062,0.046,0.05,28.0,41.1,7.552791203823988,-19.05452856624995,32.879824029298376,0.56,37.89095781591732,34.89207624775252,TB
William Contreras,661388,2026,28,566,640,153,18,14.7,9.5,0.27,0.417,94,236,82,0.261,0.441,0.33,0.334,0.009,-0.024,-0.004,37.2,59.2,90.3,33.3,8.5,44.1,101.24009195,94.956986071,68.0,28.3,87.1,47.5,20.7,47.2,36.4,40.5,25.6,25.2,MIL,48,661388,2296,2.1,0.2,0.1,0.2,0.3,0.303,0.351,0.255,2,10,90.6,20.5,2178,88.1,88.29,3,20,28,0.2000000000000028,6.54,105,150,120,147,310,322,286,0.224,-0.224,70.7,7.2,4.077119904,14,10,1,1,0,0,1,7.1,3,21.4,2.48,0.52,0.37,-0.37,94.0,206.0,40.0,10.0,7.142857142857142,5.64,2.06,-0.05,2.18,0.357,1.0,-0.466666667,0.397,0.405,0.466666667,-0.055,-0.04,-0.105,-0.048,15.0,36.9,8.333667507251958,5.237715572356188,30.33784194390588,0.65,37.658370887172495,27.39624964238581,MIL
Victor Robles,645302,2026,29,133,149,34,0,14.8,6.0,0.256,0.308,9,41,15,0.238,0.321,0.283,0.28,0.018,-0.013,0.003,2.5,55.4,83.5,32.2,1.7,20.0,94.611457222,91.363833704,76.2,36.1,89.0,46.1,21.6,54.5,44.3,45.2,27.0,22.6,SEA,1,645302,520,0.2,0.0,0.0,0.0,0.0,0.0,0.005,0.006,0,1,85.8,51.0,1621,71.3,69.9,0,1,0,-1.3999999999999917,5.2,115,152,122,148,307,326,301,0.253,-0.253,74.2,7.9,,1,1,0,0,0,0,0,0.0,0,0.0,3.86,0.62,1.45,-1.45,88.0,267.0,0.0,0.0,0.0,5.3,3.36,0.68,1.75,0.0,0.0,-25.3,0.006,0.006,25.3,-0.006,-0.006,-0.006,-0.005,0.0,29.0,18.51610283009565,-9.077070965929094,37.86336496151661,1.0,43.34826341912516,32.05216279242182,SEA
Steven Kwan,680757,2026,28,539,637,152,3,9.7,13.3,0.282,0.349,32,188,80,0.277,0.343,0.334,0.328,0.005,0.006,0.006,0.2,31.7,83.9,40.6,0.4,10.5,92.178642308,90.121380491,51.2,19.8,95.2,51.0,8.2,35.7,27.0,41.9,22.3,30.9,CLE,130,680757,2625,5.0,0.231,0.0,0.273,0.231,0.285,0.335,0.273,6,26,85.9,14.9,2332,90.1,90.07,4,42,88,0.0,6.37,114,149,102,150,274,316,297,-0.051,0.051,59.8,6.0,1.015488168,31,22,6,0,0,0,4,12.9,5,16.1,2.07,0.78,0.43,0.43,89.7,169.0,13.636363636363637,0.0,0.0,5.64,2.25,-0.1,2.35,0.355,0.0,0.039230769,0.39,0.34,-0.039230769,-0.042,-0.035,-0.109,-0.05,9.5,34.2,0.9860621535372168,5.6869528271310585,35.74111693891896,0.2926829268292683,33.046316777711205,24.95757372480311,CLE
Griffin Conine,665052,2026,28,284,323,75,19,29.4,10.5,0.264,0.493,43,140,45,0.259,0.505,0.369,0.369,0.005,-0.012,0.0,42.5,51.6,91.1,39.7,16.4,49.2,103.402180421,96.406974974,68.3,33.3,75.5,44.6,37.2,48.9,41.8,41.8,27.0,23.3,MIA,51,665052,1232,4.1,0.231,0.0,0.3,0.231,0.205,0.351,0.297,3,13,83.1,10.7,2290,88.1,87.65,10,30,21,-0.3999999999999915,6.22,124,148,122,153,293,318,300,1.184,-1.184,70.2,7.5,5.132791409,13,10,3,0,0,0,3,23.1,0,0.0,2.4,0.6,0.17,0.17,91.1,156.0,30.0,20.0,15.384615384615383,5.85,1.58,-0.39,1.99,0.231,2.0,-2.321568627,0.297,0.53,2.321568627,-0.066,-0.0659999999999999,-0.299,-0.146,33.3,45.2,12.755885725145228,-0.8703942739556365,24.98891643283657,0.4482758620689655,41.99290337096591,32.23352435624566,MIA
Pete Alonso,624413,2026,31,602,700,161,43,24.1,11.6,0.267,0.522,113,314,100,0.285,0.563,0.379,0.402,-0.018,-0.041,-0.023,47.3,55.1,93.9,36.8,15.3,56.2,104.058997078,97.241695881,66.3,26.6,81.9,46.3,26.8,45.0,36.8,41.6,31.3,22.4,BAL,47,624413,2886,1.6,0.083,0.0,0.111,0.083,0.201,0.355,0.212,1,12,95.7,8.6,2183,88.7,88.72,5,18,29,0.0,6.51,108,152,131,149,304,327,293,1.379,-1.379,73.9,6.8,1.455418831,16,9,1,0,0,0,3,18.8,3,18.8,2.41,0.56,0.5,-0.5,96.6,160.0,55.55555555555556,11.11111111111111,6.25,5.47,2.55,-0.01,2.27,0.313,1.0,-2.934042553,0.37,0.424,2.934042553,-0.129,-0.0569999999999999,-0.341,-0.154,27.8,29.9,7.256005344700873,11.095587297640124,34.64095757135319,0.5882352941176471,34.46952059865084,22.679913004877463,BAL
Javier Sanoja,691594,2026,23,461,490,136,11,8.0,5.5,0.295,0.458,69,211,50,0.273,0.359,0.342,0.295,0.022,0.099,0.047,8.1,52.0,87.1,33.5,2.8,32.3,97.327541304,92.69141843,66.2,39.6,92.4,47.9,11.8,52.3,40.1,43.2,19.3,27.6,MIA,44,691594,1667,2.6,0.375,0.313,0.333,0.688,0.453,0.305,0.306,6,16,85.5,9.9,2144,88.8,88.37,1,26,18,-0.3999999999999915,6.18,103,149,107,148,306,315,288,-2.875,2.875,67.9,7.1,0.280333272,17,16,3,2,0,1,0,0.0,1,5.9,2.15,0.81,0.61,-0.61,90.6,148.0,25.0,6.25,5.88235294117647,5.86,1.91,0.25,2.17,0.412,1.0,6.534090909,0.306,0.395,-6.534090909,0.069,0.1059999999999999,0.293,0.148,3.8,41.9,3.3145744792929377,0.7545614805187748,24.925347412860848,0.48,37.02626469424311,28.61857843085303,MIA
Geraldo Perdomo,672695,2026,26,562,680,147,9,12.6,14.1,0.262,0.377,59,212,75,0.26,0.355,0.336,0.333,0.002,0.022,0.003,1.7,50.5,87.6,36.5,3.1,31.9,96.798958983,92.48396053,56.5,20.9,92.7,50.4,11.8,38.8,42.6,41.6,25.4,28.4,ARI,37,672695,2885,1.3,0.25,0.125,0.286,0.375,0.317,0.377,0.225,2,8,94.3,0.9,2230,88.6,89.26,0,15,22,0.7000000000000028,6.56,111,149,116,148,306,325,292,-0.06,0.06,67.7,6.6,,9,7,1,1,0,0,1,11.1,1,11.1,2.31,0.61,0.49,-0.49,92.2,183.0,57.14285714285714,28.57142857142857,22.22222222222222,5.83,1.9,0.21,2.03,0.333,2.0,0.162162162,0.311,0.582,-0.162162162,0.025,0.022,-0.207,-0.06,0.0,37.0,2.189479698990647,6.336141224614622,37.650915767956754,0.2,34.40321949873716,28.192395693808518,ARI
Ben Rice,700250,2026,27,573,667,151,41,24.3,12.7,0.264,0.534,97,306,105,0.267,0.511,0.384,0.378,-0.003,0.023,0.006,24.3,54.9,91.9,38.4,14.3,48.6,101.739325556,95.439571618,63.8,24.5,83.6,47.6,25.4,43.2,44.9,40.3,32.1,23.4,NYY,67,700250,2695,2.5,0.143,0.214,0.111,0.357,0.243,0.26,0.182,2,14,89.9,6.7,2311,89.7,89.7,8,29,38,0.0,6.38,115,142,127,149,293,327,294,0.462,-0.462,69.5,7.3,2.75741942,15,10,1,0,0,1,4,26.7,1,6.7,2.31,0.56,0.4,0.4,91.5,139.0,40.0,10.0,6.666666666666667,5.66,1.89,-0.13,2.27,0.2,1.0,-0.689552239,0.236,0.358,0.689552239,-0.039,-0.0359999999999999,-0.001,-0.017,27.6,35.6,7.468648543412343,5.413224176736378,34.62058590816604,0.5357142857142857,39.85189589743375,21.7132217103117,NYY
Kody Clemens,665019,2026,30,531,583,127,27,21.8,6.7,0.239,0.46,81,244,74,0.254,0.456,0.327,0.334,-0.015,0.004,-0.007,12.6,63.1,91.9,33.7,11.3,46.1,101.037748366,95.114954901,68.3,32.6,83.5,48.5,24.4,49.9,47.1,39.3,32.7,22.0,MIN,99,665019,2250,4.4,0.217,0.087,0.278,0.304,0.262,0.265,0.22,5,23,86.9,8.4,2297,88.1,88.46,11,43,56,0.4000000000000057,6.59,115,147,112,152,292,328,296,-0.128,0.128,69.5,7.2,4.613007174,25,18,4,0,1,0,5,20.0,2,8.0,2.54,0.44,0.36,0.36,91.1,113.0,27.77777777777778,5.555555555555555,4.0,5.73,2.17,-0.14,2.04,0.28,1.0,0.129292929,0.283,0.306,-0.129292929,-0.003,-0.0029999999999999,-0.002,-0.003,25.6,35.2,14.716157757515465,-5.006161343656949,28.663397251377145,0.7073170731707317,33.84203612019296,33.74065882322519,MIN
Yandy Díaz,650490,2026,34,614,686,180,22,14.3,8.2,0.293,0.446,85,274,93,0.281,0.439,0.35,0.346,0.012,0.007,0.004,38.3,27.9,90.9,29.7,7.1,48.1,102.454762731,95.709031327,67.1,29.0,88.7,48.8,14.8,47.5,22.8,50.8,19.5,24.1,TB,103,650490,2576,4.0,0.043,0.0,0.05,0.043,0.115,0.242,0.166,1,23,88.2,14.4,2160,88.9,88.76,6,46,57,-0.1000000000000085,6.25,114,151,126,148,309,326,293,4.171,-4.171,73.0,7.6,3.31970556,26,20,1,0,0,0,3,11.5,3,11.5,2.21,0.73,0.52,-0.52,91.4,164.0,40.0,5.0,3.8461538461538463,6.09,1.76,-0.12,2.28,0.154,1.0,-4.049514563,0.262,0.262,4.049514563,-0.123,-0.108,-0.219,-0.127,13.0,45.0,3.0765938119888334,5.172561472954229,23.617376635817298,0.3409090909090909,38.92610243550438,30.698045433097,TB
Xander Bogaerts,593428,2026,33,520,606,120,13,18.0,12.7,0.231,0.344,57,179,68,0.248,0.376,0.306,0.325,-0.017,-0.032,-0.019,28.6,51.6,89.6,27.9,5.5,42.3,100.312911827,94.537029735,61.1,22.8,85.3,48.9,23.1,41.5,44.0,52.2,23.3,20.4,SD,29,593428,2376,1.2,0.455,0.091,0.5,0.545,0.438,0.396,0.421,5,11,94.3,3.3,2250,88.4,88.43,4,17,12,0.0,6.27,106,153,122,148,301,323,293,-0.62,0.62,71.3,7.0,1.344293559,11,10,4,1,0,0,1,9.1,0,0.0,2.45,0.49,0.45,-0.45,95.3,127.0,60.0,0.0,0.0,5.71,2.38,0.22,2.17,0.455,0.0,2.137931034,0.421,0.486,-2.137931034,0.034,0.034,0.059,0.042,23.5,38.4,6.117741531738088,3.691768534672185,33.12207706171029,0.4705882352941176,39.95804803044211,28.20949040947266,SD
Rafael Devers,646240,2026,29,558,633,144,37,25.4,10.9,0.258,0.525,98,293,88,0.238,0.473,0.367,0.342,0.02,0.052,0.025,21.2,58.4,93.0,30.7,12.5,51.6,103.03671575,96.43028802,66.4,30.0,74.9,47.5,29.0,47.3,34.2,40.6,35.2,18.2,TBD,25,646240,2614,1.0,0.2,0.6,0.0,0.8,0.41,0.15,0.114,1,5,95.3,46.3,2297,93.2,93.09,4,12,13,-0.1000000000000085,6.23,122,148,132,151,301,332,312,0.218,-0.218,66.8,7.3,1.796634663,5,3,0,0,0,1,2,40.0,0,0.0,1.82,0.85,0.71,0.71,92.3,242.0,66.66666666666666,0.0,0.0,6.07,2.56,-0.08,2.68,0.2,0.0,-0.872,0.114,0.246,0.872,0.086,0.086,0.554,0.26,33.3,42.4,10.449925821573023,11.092988408265306,28.27248864018427,0.5833333333333334,33.84558190109423,27.148197705565774,TBD
Lawrence Butler,671732,2026,25,473,540,112,17,25.7,11.3,0.237,0.393,62,186,64,0.245,0.398,0.319,0.326,-0.008,-0.005,-0.007,37.5,42.0,89.7,30.8,8.6,44.8,101.710451198,95.129016997,68.4,24.6,78.8,48.4,26.7,45.8,36.7,51.8,21.3,21.9,OAK,65,671732,2257,2.9,0.308,0.154,0.333,0.462,0.377,0.372,0.301,4,13,91.2,0.3,2187,89.2,89.55,2,22,43,0.3999999999999915,6.52,113,145,109,151,291,327,307,-0.6,0.6,70.2,6.7,1.62387885,15,12,3,0,1,0,1,6.7,2,13.3,2.37,0.53,0.32,0.32,92.9,124.0,33.33333333333333,8.333333333333332,6.666666666666667,5.53,2.32,-0.12,2.03,0.4,1.0,0.923076923,0.394,0.443,-0.923076923,0.007,0.006,0.019,0.005,9.1,35.4,5.771719214068342,6.07329009767412,31.32749972308228,0.3636363636363636,34.076821258982456,25.5525211802683,OAK
Nick Fortes,663743,2026,29,298,323,77,6,13.9,3.7,0.258,0.376,35,112,33,0.239,0.326,0.301,0.273,0.019,0.05,0.028,25.9,37.6,85.4,25.2,2.4,35.4,99.012039677,93.533077409,68.1,37.3,88.0,47.2,18.3,51.8,51.2,51.6,17.1,19.4,TB,68,663743,1120,6.1,0.267,0.333,0.3,0.6,0.403,0.319,0.241,4,15,95.1,9.9,2057,86.9,86.88,9,33,35,0.0,6.39,108,149,116,145,299,324,289,-1.452,1.452,73.9,8.0,2.542012112,17,11,1,2,0,1,4,23.5,2,11.8,2.65,0.44,0.65,-0.65,94.2,154.0,63.63636363636363,9.090909090909092,5.88235294117647,5.89,1.66,0.27,2.04,0.353,1.0,2.135294118,0.33,0.395,-2.135294118,0.026,0.0229999999999999,0.205,0.084,27.3,40.5,5.373127932001315,-18.98751170981041,19.536112264933628,0.53125,37.51453828683107,35.312552071769275,TB
Corey Seager,608369,2026,32,384,436,87,20,23.6,10.3,0.227,0.424,51,163,57,0.251,0.484,0.32,0.35,-0.024,-0.06,-0.03,12.4,56.8,91.7,35.6,14.8,48.9,102.113554366,95.685271092,82.9,28.8,78.2,44.1,32.9,52.6,44.0,44.4,30.6,21.5,TEX,92,608369,1619,5.7,0.28,0.24,0.357,0.52,0.357,0.333,0.245,7,25,90.1,11.0,2233,89.4,89.46,18,53,39,0.0999999999999943,6.41,114,147,132,152,298,331,305,-0.254,0.254,67.8,6.5,2.797421864,26,16,5,0,0,2,9,34.6,0,0.0,2.27,0.62,0.43,0.43,91.5,155.0,37.5,12.5,7.6923076923076925,5.78,2.04,-0.13,2.23,0.308,2.0,0.276086957,0.274,0.513,-0.276086957,0.035,0.0339999999999999,0.007,0.024,34.0,38.2,12.44307209208672,8.355079141186765,34.41599853285641,0.6415094339622641,39.43928354912803,28.76628413220608,TEX
Vinnie Pasquantino,686469,2026,28,421,481,105,17,15.8,10.6,0.249,0.428,63,180,54,0.256,0.441,0.331,0.338,-0.007,-0.013,-0.007,10.8,58.6,90.0,36.3,9.5,41.7,99.863712586,94.360170316,66.1,30.6,91.7,44.8,15.2,46.5,43.7,30.9,31.7,25.7,KC,68,686469,1916,3.5,0.278,0.278,0.286,0.556,0.353,0.267,0.24,5,18,87.6,16.8,2177,89.8,89.71,4,35,33,-0.0999999999999943,6.32,110,146,119,150,288,328,304,-1.123,1.123,71.2,7.3,1.049801317,18,15,2,2,0,1,3,16.7,0,0.0,2.32,0.55,0.42,0.42,91.6,137.0,26.666666666666668,13.333333333333334,11.11111111111111,5.73,2.01,-0.06,2.18,0.278,2.0,1.651470588,0.24,0.384,-1.651470588,0.038,0.038,0.172,0.086,11.4,36.7,12.327081758459206,-5.860757742056127,32.76449931469456,0.5428571428571428,37.29392433303324,29.605382284502465,KC
Zach Neto,687263,2026,25,619,704,148,27,30.5,9.9,0.239,0.436,77,270,102,0.216,0.412,0.336,0.317,0.023,0.024,0.019,17.0,39.9,89.9,38.3,11.9,41.6,99.89467408,94.293639279,68.2,36.9,82.2,42.7,32.9,50.3,48.9,30.6,35.6,23.5,LAA,58,687263,2813,2.1,0.267,0.133,0.364,0.4,0.333,0.327,0.273,4,15,94.7,29.5,2347,86.1,86.12,11,33,25,0.0,6.3,109,153,122,146,307,327,298,-0.234,0.234,72.8,7.2,3.643718296,17,11,3,0,1,0,4,23.5,2,11.8,2.89,0.22,-0.06,0.06,94.2,159.0,72.72727272727273,0.0,0.0,6.11,1.52,0.07,1.86,0.353,0.0,0.403448276,0.359,0.368,-0.403448276,-0.006,-0.006,0.032,0.006,33.3,47.0,18.353726567069177,-11.101889580365077,39.59761285665717,0.3548387096774194,29.57439913500548,39.16593062413129,LAA
Andrew Pinckney,687605,2026,25,25,29,7,1,34.5,3.4,0.28,0.48,3,12,7,0.239,0.374,0.328,0.297,0.041,0.106,0.031,70.3,55.0,94.8,41.2,11.8,58.8,104.080331111,97.343559412,63.6,18.5,74.3,50.5,31.1,41.3,23.5,41.2,29.4,29.4,WSH,17,687605,109,15.6,0.333,0.0,0.5,0.333,0.223,0.038,0.05,1,3,84.6,47.5,2183,90.6,91.61,2,9,8,1.0,6.88,103,152,107,145,309,318,286,0.222,-0.222,74.2,7.8,1.842611472,4,2,1,0,0,0,2,50.0,0,0.0,2.48,0.32,0.87,-0.87,89.3,196.0,50.0,0.0,0.0,6.19,1.52,-0.26,2.01,0.25,0.0,-1.305882353,0.04,0.06,1.305882353,0.283,0.21,0.273,0.185,22.2,35.7,11.46882923551887,1.7704356863623911,33.75928526694792,0.6666666666666666,36.14535898412064,31.29745982394352,WSH
John Rave,670231,2026,28,142,161,33,6,23.6,10.6,0.232,0.43,13,61,26,0.237,0.391,0.326,0.315,-0.005,0.039,0.011,36.6,65.7,87.9,31.1,10.5,34.9,99.59267898,93.981784227,57.6,27.4,83.1,48.4,24.3,42.0,44.3,45.3,25.5,18.9,KC,46,670231,639,7.2,0.111,0.0,0.25,0.111,0.159,0.139,0.058,1,9,83.7,35.8,2182,88.2,88.8,9,19,27,0.5999999999999943,6.65,108,145,106,148,283,324,299,1.33,-1.33,67.7,6.6,2.676075728,10,4,1,0,0,0,5,50.0,1,10.0,2.31,0.66,0.15,0.15,89.6,190.0,25.0,0.0,0.0,5.61,2.21,0.04,2.3,0.2,0.0,-2.891304348,0.152,0.128,2.891304348,0.053,0.048,-0.017,0.02,47.4,38.2,7.335193211275089,1.924525771867588,23.90070972189766,0.6842105263157895,34.75314770442763,32.00992408395168,KC
Jordan Walker,691023,2026,24,609,667,164,29,26.1,7.5,0.269,0.466,102,284,97,0.263,0.462,0.344,0.34,0.006,0.004,0.004,85.5,48.3,92.6,32.3,13.2,49.9,104.782178227,96.841838884,71.1,35.9,78.7,46.1,32.3,52.1,38.7,42.8,24.4,24.6,STL,54,691023,2398,2.3,0.083,0.0,0.2,0.083,0.122,0.207,0.149,1,12,96.1,6.4,2264,86.5,86.32,13,27,27,-0.2000000000000028,6.21,112,153,126,146,310,325,300,2.25,-2.25,77.6,8.4,1.911862161,13,5,1,0,0,0,7,53.8,1,7.7,2.95,0.15,0.15,-0.15,93.8,160.0,60.0,20.0,7.6923076923076925,5.56,2.01,-0.05,2.16,0.154,1.0,-4.166666667,0.215,0.234,4.166666667,-0.066,-0.061,-0.151,-0.085,48.1,34.8,3.761600724593259,-7.242129461634206,28.623398383054106,0.52,41.01424885165172,33.39392593775025,STL
Cody Freeman,683227,2026,25,85,97,21,1,15.5,8.2,0.247,0.318,6,27,8,0.185,0.237,0.29,0.233,0.062,0.081,0.057,0.0,71.3,83.0,23.3,1.4,21.9,94.226956765,91.159948209,56.7,29.3,86.0,50.4,16.9,43.1,42.5,53.4,20.5,16.4,TEX,8,683227,400,2.0,0.0,0.0,0.0,0.0,0.0,0.054,0.053,0,3,83.1,8.0,2398,92.0,92.04,2,4,4,0.0,6.15,114,153,117,145,296,324,292,0.866,-0.866,68.8,6.5,0.520529648,3,2,0,0,0,0,1,33.3,0,0.0,1.93,0.75,0.47,-0.47,88.0,162.0,0.0,0.0,0.0,5.54,2.2,-0.08,2.19,0.0,0.0,-10.825,0.053,0.073,10.825,-0.053,-0.053,-0.073,-0.054,50.0,34.4,9.233244111908132,3.0150097768909205,25.09691188684831,0.75,33.377941585140064,30.584382507032554,TEX
Gabriel Moreno,672515,2026,26,473,549,147,16,14.6,11.1,0.311,0.486,83,230,72,0.289,0.451,0.38,0.363,0.022,0.035,0.017,22.7,41.5,89.3,36.2,7.7,42.2,99.899212438,94.093065075,55.2,28.7,90.4,46.7,15.5,41.1,35.2,41.9,25.3,26.6,ARI,33,672515,2391,1.4,0.25,0.125,0.25,0.375,0.317,0.272,0.223,2,8,78.6,16.1,2173,86.9,87.23,0,12,21,0.2999999999999971,6.58,101,150,121,146,306,334,298,0.358,-0.358,72.9,7.5,,9,8,1,1,0,0,0,0.0,1,11.1,2.7,0.36,0.46,-0.46,90.4,113.0,12.5,0.0,0.0,5.8,2.13,0.07,1.63,0.333,0.0,-1.084848485,0.309,0.272,1.084848485,0.027,0.024,0.103,0.045,0.0,38.7,12.85834663727534,-5.305841689780228,37.92142932513282,0.4166666666666667,35.84142345363912,40.96750384935814,ARI
Joshua Kuroda-Grauer,811965,2026,23,71,74,26,1,13.5,2.7,0.366,0.507,4,36,8,0.296,0.385,0.392,0.311,0.07,0.122,0.081,8.1,43.4,89.3,36.1,1.6,38.3,99.159761613,93.910571639,68.2,40.3,87.8,50.6,16.8,54.6,39.3,49.2,16.4,29.5,OAK,16,811965,262,6.1,0.2,0.0,0.25,0.2,0.178,0.277,0.296,1,5,97.2,-5.5,2186,87.1,87.49,2,11,5,0.4000000000000057,6.47,103,150,111,149,309,327,282,0.692,-0.692,62.2,6.7,4.506903108,5,4,1,0,0,0,1,20.0,0,0.0,2.31,0.73,-0.07,0.07,92.9,80.0,50.0,0.0,0.0,5.66,2.24,0.02,2.46,0.2,0.0,-4.325,0.296,0.329,4.325,-0.096,-0.0959999999999999,-0.129,-0.099,18.2,40.8,4.411298293651871,-0.1905837454530972,31.27037122795583,0.3,33.063881816166365,36.13181027259233,OAK
Randal Grichuk,545341,2026,34,265,280,76,15,21.8,3.9,0.287,0.566,46,150,41,0.278,0.478,0.37,0.335,0.009,0.088,0.035,46.5,61.3,91.3,37.7,11.2,49.8,102.787849029,95.926782379,70.2,36.4,86.7,49.0,24.0,53.0,44.4,35.7,29.5,26.1,CWS,85,545341,1013,8.4,0.44,0.4,0.409,0.84,0.528,0.522,0.416,11,25,97.8,18.6,2296,87.0,87.0,5,45,40,0.0,6.32,105,150,122,145,301,323,290,-4.407,4.407,74.9,7.9,3.786137568,28,24,6,2,1,2,2,7.1,2,7.1,2.77,0.29,0.08,-0.08,96.5,182.0,79.16666666666666,16.666666666666664,14.285714285714285,5.85,1.91,-0.01,2.1,0.464,4.0,5.184705882,0.433,0.818,-5.184705882,0.024,0.031,0.022,0.006,11.1,38.7,10.147665437392495,-12.472178360880651,29.06860328398956,0.5333333333333333,35.63898534050541,34.8386545673099,CWS
TJ Rumfield,681198,2026,26,547,631,164,16,13.6,11.4,0.3,0.453,73,248,67,0.261,0.386,0.373,0.333,0.039,0.067,0.04,7.5,44.2,84.3,37.4,5.0,27.9,96.180816261,92.096667739,70.6,30.4,91.7,44.7,18.8,48.3,40.8,39.5,28.7,25.7,COL,69,681198,2397,2.9,0.278,0.056,0.313,0.333,0.312,0.269,0.218,5,18,82.8,-4.6,2176,88.8,89.47,4,28,41,0.7000000000000028,6.54,118,147,118,152,290,329,303,0.07,-0.07,64.0,5.7,0.389906862,20,16,4,1,0,0,2,10.0,1,5.0,2.43,0.49,0.41,0.41,90.5,126.0,18.75,6.25,5.0,5.61,2.02,-0.08,2.4,0.35,1.0,-0.101449275,0.296,0.285,0.101449275,0.06,0.0539999999999999,0.048,0.043,14.3,36.1,-1.85734451632896,9.923390599026789,36.90030424389589,0.24,31.929429019127934,23.72025113781776,COL
Emmanuel Rodriguez,691181,2026,23,45,48,8,2,33.3,6.3,0.178,0.4,5,18,3,0.251,0.534,0.27,0.354,-0.073,-0.134,-0.084,68.6,53.8,90.6,44.8,20.7,48.3,101.789318667,95.307387931,64.8,33.3,80.7,49.4,33.3,48.9,44.8,31.0,31.0,27.6,MIN,56,691181,178,31.5,0.214,0.143,0.25,0.357,0.274,0.304,0.245,3,14,93.1,13.9,2310,85.8,85.8,4,24,32,0.0,6.36,116,148,115,152,290,328,298,0.044,-0.044,77.0,7.0,9.54824829,15,12,1,2,0,0,2,13.3,1,6.7,2.66,0.49,0.12,0.12,93.5,183.0,41.66666666666667,8.333333333333332,6.666666666666667,5.53,2.24,-0.19,2.18,0.267,1.0,-0.078571429,0.295,0.398,0.078571429,-0.031,-0.0279999999999999,-0.041,-0.03,16.7,32.6,8.746381992678167,-5.427800121254898,31.50904887430469,0.5909090909090909,32.37301096068682,35.04526432645301,MIN
Bryson Stott,681082,2026,28,536,608,137,10,16.4,10.2,0.256,0.401,67,215,71,0.267,0.402,0.326,0.33,-0.011,-0.001,-0.004,7.2,55.7,89.4,35.0,5.9,37.7,98.738688539,93.548267397,54.7,30.0,88.4,47.7,18.7,41.8,36.3,42.2,26.9,24.8,PHI,75,681082,2519,3.0,0.235,0.118,0.308,0.353,0.3,0.318,0.26,4,17,92.3,11.8,2278,89.9,90.13,7,32,43,0.1999999999999886,6.52,115,149,110,152,289,318,299,-0.184,0.184,64.6,6.8,8.188746748,19,13,2,2,0,0,4,21.1,2,10.5,2.21,0.65,0.43,0.43,91.3,165.0,46.15384615384615,7.6923076923076925,5.263157894736842,5.81,2.31,-0.15,2.06,0.316,1.0,0.245333333,0.338,0.383,-0.245333333,-0.025,-0.022,-0.03,-0.018,21.9,40.8,7.843935866422616,4.702590066817559,29.225914260552425,0.5483870967741935,33.13455462618929,30.48815880987581,PHI
Juan Brito,682877,2026,24,106,115,26,3,22.6,6.1,0.245,0.387,14,41,13,0.237,0.365,0.3,0.288,0.008,0.022,0.012,4.6,61.1,85.3,33.3,6.2,30.9,96.383502439,92.27398642,71.9,32.1,82.5,49.0,27.2,51.6,55.6,43.2,21.0,22.2,CIN,62,682877,471,13.2,0.421,0.368,0.4,0.789,0.516,0.471,0.377,8,19,87.0,13.1,2380,89.6,89.49,9,39,23,-0.0999999999999943,6.34,110,152,120,148,303,317,290,-2.131,2.131,70.5,7.6,2.461361902,19,17,5,1,0,2,2,10.5,0,0.0,2.36,0.54,0.29,-0.29,91.4,173.0,35.294117647058826,17.647058823529413,15.789473684210526,5.5,2.08,-0.07,2.49,0.421,3.0,3.437096774,0.377,0.741,-3.437096774,0.044,0.0439999999999999,0.048,0.045,23.1,33.5,14.044624023169773,-3.588152805694966,33.292216471176786,0.5897435897435898,36.23180233355653,30.908931438665476,CIN
Eugenio Suárez,553993,2026,34,434,498,92,26,33.9,10.4,0.212,0.433,74,188,50,0.201,0.379,0.324,0.303,0.011,0.054,0.021,22.9,50.2,88.5,37.3,12.5,36.2,99.429068636,93.792559886,65.9,28.5,79.3,46.9,33.8,46.0,47.0,33.6,32.5,23.5,CIN,77,553993,2039,3.8,0.214,0.214,0.222,0.429,0.37,0.339,0.189,3,14,84.0,31.2,2346,90.9,91.14,7,36,41,0.1999999999999886,6.53,113,154,128,148,303,317,297,-0.826,0.826,72.1,7.6,2.924460986,18,10,2,0,0,1,4,22.2,3,16.7,2.06,0.75,0.36,-0.36,89.3,180.0,10.0,10.0,5.555555555555555,5.48,2.47,0.02,2.46,0.389,1.0,1.072727273,0.369,0.358,-1.072727273,0.025,0.02,0.071,0.031,19.4,33.9,13.134440342046474,1.4270516995178375,38.74078032658271,0.6285714285714286,34.79303279303057,31.497283811694555,CIN
Derek Hill,656537,2026,30,199,216,48,11,31.9,6.0,0.241,0.442,31,88,30,0.225,0.386,0.319,0.289,0.016,0.056,0.03,18.6,48.2,88.9,36.1,10.6,33.8,98.863739672,93.597008182,70.8,34.6,77.6,47.8,32.7,51.9,36.8,46.6,28.6,21.1,PHI,43,656537,831,5.2,0.2,0.4,0.143,0.6,0.364,0.353,0.224,2,10,91.4,20.1,2233,89.4,89.62,5,23,20,0.1999999999999886,6.57,112,153,113,149,309,325,294,-0.608,0.608,70.1,6.7,0.789508143,11,8,0,1,0,1,2,18.2,1,9.1,2.23,0.67,0.58,-0.58,92.3,189.0,50.0,25.0,18.181818181818183,5.75,2.26,-0.06,2.07,0.273,2.0,1.413953488,0.295,0.542,-1.413953488,-0.024,-0.0219999999999999,0.058,0.011,21.7,39.8,10.984707336634084,11.227359185886094,36.85941306612145,0.5652173913043478,37.54486198968516,24.15771803704486,PHI
Aaron Judge,592450,2026,34,237,285,57,18,29.8,15.1,0.241,0.511,41,121,45,0.258,0.569,0.372,0.396,-0.017,-0.058,-0.024,63.9,50.6,94.0,34.0,20.9,57.5,105.082238571,97.706457908,64.0,26.4,78.0,44.9,32.8,43.3,43.1,37.9,32.7,22.9,NYY,13,592450,1234,1.1,0.25,0.75,0.0,1.0,0.512,0.511,0.334,1,4,102.2,25.3,2311,89.5,89.69,1,7,6,0.2000000000000028,6.37,113,152,125,144,310,333,293,-0.399,0.399,75.7,8.2,1.729707612,4,3,0,0,0,1,1,25.0,0,0.0,2.16,0.69,0.28,-0.28,95.1,210.0,100.0,33.33333333333333,25.0,5.85,2.43,-0.22,2.34,0.25,1.0,3.069230769,0.334,0.911,-3.069230769,-0.084,-0.084,0.089,0.001,14.3,45.2,14.020489084783057,-7.472940403381679,38.30161785003988,0.4285714285714285,39.84597331091506,28.581545328460813,NYY
Ben Ross,805346,2026,25,21,21,4,0,52.4,0.0,0.19,0.381,1,8,5,0.16,0.275,0.239,0.186,0.03,0.106,0.053,5.1,45.0,78.9,50.0,20.0,30.0,93.431104,91.902485556,67.4,34.0,72.4,47.8,42.2,50.0,40.0,40.0,20.0,20.0,MIN,30,805346,90,33.3,0.429,0.429,0.5,0.857,0.535,0.415,0.343,3,7,79.0,19.3,2111,87.4,87.17,3,13,17,-0.2000000000000028,6.27,103,153,116,148,297,325,293,-1.398,1.398,71.1,7.1,3.516957704,7,6,1,1,1,0,1,14.3,0,0.0,2.32,0.72,0.62,-0.62,90.2,158.0,33.33333333333333,33.33333333333333,28.57142857142857,6.03,1.8,0.35,2.09,0.429,2.0,4.66,0.343,0.634,-4.66,0.086,0.0859999999999999,0.223,0.12,23.1,44.8,11.744116843848229,-1.58206548041615,36.57614724562236,0.4615384615384615,35.76673029823936,30.39326109711665,MIN
Ronny Mauricio,677595,2026,25,59,62,13,4,32.3,3.2,0.22,0.441,8,26,7,0.208,0.425,0.302,0.289,0.012,0.016,0.013,50.0,57.1,90.4,30.8,15.4,38.5,102.0883225,95.298730769,71.4,50.8,85.7,44.5,30.3,60.0,41.0,48.7,23.1,20.5,NYM,19,677595,220,8.6,0.5,1.5,0.0,2.0,0.959,0.755,0.38,2,4,96.9,47.7,2035,84.4,84.84,3,10,9,0.3999999999999915,6.46,113,153,121,148,307,330,299,-3.159,3.159,75.7,8.0,9.970556552,5,3,0,0,0,2,1,20.0,1,20.0,2.6,0.64,0.56,-0.56,94.4,172.0,66.66666666666666,66.66666666666666,40.0,5.94,1.29,0.2,2.1,0.6,2.0,16.626315789,0.504,1.485,-16.626315789,0.12,0.0959999999999999,0.515,0.204,30.0,49.0,8.163417017316348,-12.704219724086236,28.07226871902413,0.4,37.43366999661343,39.17427455058964,NYM
Dansby Swanson,621020,2026,32,428,486,91,19,23.7,10.5,0.213,0.397,69,170,82,0.22,0.38,0.305,0.301,-0.007,0.017,0.004,9.8,53.8,89.2,28.9,7.3,40.6,99.322246962,93.934010571,70.9,26.4,80.1,47.5,30.4,47.5,50.0,43.1,29.9,19.8,CHC,37,621020,1893,2.0,0.125,0.0,0.2,0.125,0.111,0.24,0.26,1,8,97.8,-2.2,2048,87.0,86.71,2,16,21,-0.2999999999999971,6.26,105,153,123,144,293,326,295,1.489,-1.489,72.6,7.6,1.335012042,8,5,1,0,0,0,3,37.5,0,0.0,2.5,0.57,0.79,-0.79,94.7,106.0,60.0,0.0,0.0,5.68,2.22,0.11,2.12,0.125,0.0,-4.024324324,0.26,0.294,4.024324324,-0.135,-0.135,-0.169,-0.129,12.5,34.3,13.452339275941387,-1.607676943129173,38.03594338084027,0.5,34.976466815396456,32.84009678218885,CHC
Aaron Sabato,693306,2026,27,6,6,0,0,50.0,0.0,0.0,0.0,0,0,0,0.088,0.165,0.0,0.106,-0.088,-0.165,-0.106,58.3,75.0,92.2,33.3,0.0,66.7,96.316665,93.544443333,84.6,22.2,81.8,59.1,23.1,59.1,33.3,66.7,33.3,0.0,MIN,11,693306,22,50.0,0.0,0.0,0.0,0.0,0.0,0.092,0.099,0,3,90.6,-9.5,2040,88.4,88.38,1,7,4,0.0,6.16,110,154,119,145,298,325,301,0.829,-0.829,75.6,7.1,1.203975468,3,2,0,0,0,0,1,33.3,0,0.0,2.37,0.55,0.57,-0.57,89.5,129.0,50.0,0.0,0.0,5.88,2.23,0.34,2.43,0.0,0.0,-7.536363636,0.099,0.114,7.536363636,-0.099,-0.099,-0.114,-0.092,14.3,37.0,6.765778365511212,2.169655730739911,31.23371608783421,0.7142857142857143,34.815515597429226,27.19559142066881,MIN
Brice Turang,668930,2026,26,582,680,156,21,25.1,13.2,0.268,0.45,100,262,102,0.255,0.428,0.358,0.344,0.013,0.022,0.014,11.1,48.7,90.3,38.5,7.7,41.6,100.345718473,94.59448968,62.4,24.8,82.9,49.1,23.1,43.2,29.2,46.9,22.5,28.7,MIL,85,668930,2906,2.9,0.286,0.429,0.286,0.714,0.469,0.421,0.272,4,14,92.3,-5.9,2318,89.9,90.22,8,37,48,0.2999999999999971,6.52,107,145,106,146,289,318,296,-2.134,2.134,61.9,6.1,2.076384283,17,9,2,0,0,2,5,29.4,3,17.6,2.17,0.68,0.3,0.3,91.4,170.0,55.55555555555556,22.22222222222222,11.76470588235294,5.68,2.06,-0.28,2.48,0.412,2.0,2.510588235,0.4,0.588,-2.510588235,0.014,0.0119999999999999,0.126,0.048,21.6,39.5,3.719314307367389,6.026517573789553,30.741511756199248,0.4324324324324324,34.65072523877549,27.90932930476621,MIL
Nico Hoerner,663538,2026,29,628,689,165,8,8.4,6.2,0.263,0.35,72,220,62,0.297,0.375,0.297,0.322,-0.034,-0.025,-0.025,1.5,45.4,85.9,36.7,1.4,29.1,96.122758049,92.086339791,61.7,33.7,95.1,49.9,11.8,47.7,31.7,43.4,20.8,28.2,CHC,28,663538,2450,1.1,0.111,0.111,0.111,0.222,0.199,0.29,0.218,1,9,91.0,35.0,2061,89.0,88.94,1,17,11,-0.0999999999999943,6.39,112,153,117,148,297,326,294,1.08,-1.08,68.5,7.5,2.308707132,10,9,0,1,0,0,0,0.0,0,0.0,2.19,0.72,1.0,-1.0,91.2,196.0,33.33333333333333,0.0,0.0,5.72,2.34,0.1,2.1,0.2,0.0,-3.857142857,0.296,0.356,3.857142857,-0.107,-0.0959999999999999,-0.134,-0.091,5.9,37.0,8.71454244759389,-2.41954829923508,35.89126882668424,0.4117647058823529,36.03437457029673,24.672042129494447,CHC
Oneil Cruz,665833,2026,27,368,419,103,20,33.2,11.2,0.28,0.486,67,179,65,0.251,0.472,0.371,0.352,0.029,0.014,0.019,72.7,40.8,94.1,33.2,15.4,53.7,105.969307193,97.770739031,57.4,30.1,75.9,44.2,35.6,42.2,40.6,50.7,22.3,24.0,PIT,112,665833,1749,6.4,0.44,0.04,0.579,0.48,0.428,0.314,0.299,11,25,89.6,-2.8,2299,88.7,88.76,6,40,72,0.0999999999999943,6.33,119,148,134,153,295,325,298,-2.291,2.291,71.0,6.9,4.804077168,27,19,10,1,0,0,6,22.2,2,7.4,2.64,0.3,0.42,0.42,91.5,86.0,42.10526315789473,0.0,0.0,5.37,1.99,-0.16,2.3,0.481,0.0,2.045535714,0.351,0.346,-2.045535714,0.141,0.13,0.134,0.114,15.0,32.6,1.95264116942423,2.307531039074432,32.62382615517816,0.3684210526315789,35.196415547101594,29.807437132671385,PIT
Nolan Arenado,571448,2026,35,533,599,136,30,20.0,8.7,0.255,0.475,86,253,80,0.231,0.366,0.349,0.3,0.024,0.109,0.049,15.1,59.7,85.2,33.7,7.0,31.3,96.979032548,92.490308149,63.5,31.9,83.2,46.0,24.1,46.4,49.8,37.7,27.4,21.4,ARI,59,571448,2389,2.5,0.583,0.917,0.5,1.5,0.846,0.453,0.356,7,12,90.8,11.2,2250,89.7,89.7,7,28,31,0.0,6.38,109,152,126,148,299,329,297,-6.382,6.382,71.3,8.6,3.921817111,14,11,2,2,0,3,1,7.1,2,14.3,2.19,0.7,0.54,-0.54,94.9,206.0,45.45454545454545,9.090909090909092,7.142857142857142,5.74,2.06,0.03,2.13,0.643,1.0,10.816949153,0.448,0.613,-10.816949153,0.227,0.195,0.887,0.393,25.0,38.9,14.015038347826204,-19.35429501944773,31.56271925398316,0.6428571428571429,38.51283757664234,42.09911878299407,ARI
Pavin Smith,656976,2026,30,109,122,20,3,20.5,9.8,0.183,0.294,12,32,12,0.216,0.318,0.252,0.281,-0.033,-0.024,-0.029,11.3,55.6,87.6,23.5,4.7,37.6,98.86166,93.522387765,62.2,27.7,87.8,50.9,19.7,45.2,41.2,45.9,29.4,17.6,ARI,5,656976,493,1.0,0.0,0.0,0.0,0.0,0.0,0.204,0.203,0,2,87.5,18.0,3056,79.8,79.06,2,4,1,-0.7000000000000028,6.04,86,138,88,146,290,331,301,0.587,-0.587,47.5,5.9,7.718271048,2,2,0,0,0,0,0,0.0,0,0.0,4.06,-0.43,-1.26,-1.26,88.6,209.0,0.0,0.0,0.0,5.74,2.33,-0.25,2.9,0.0,0.0,-11.74,0.203,0.264,11.74,-0.203,-0.203,-0.264,-0.204,50.0,32.1,8.911362781665087,-3.669684544958417,21.970358736932983,0.25,42.329045534961296,27.62144917249091,ARI
Edgar Quero,700337,2026,23,187,217,38,3,19.8,8.3,0.203,0.257,19,48,14,0.222,0.315,0.251,0.282,-0.019,-0.058,-0.031,3.9,50.0,90.7,26.5,2.7,39.1,99.170153425,94.034440205,75.3,25.7,85.0,47.8,21.3,49.4,33.1,51.7,26.5,17.9,TBD,12,700337,838,1.4,0.0,0.0,0.0,0.0,0.175,0.214,0.058,0,3,89.7,20.0,2586,88.3,88.88,1,5,7,0.6000000000000085,6.57,108,153,126,149,307,325,295,0.709,-0.709,63.1,6.2,1.526329404,4,2,0,0,0,0,1,25.0,1,25.0,2.83,0.14,-0.12,0.12,90.6,144.0,50.0,0.0,0.0,6.12,1.1,-0.12,2.28,0.25,0.0,-5.908333333,0.293,0.063,5.908333333,-0.058,-0.0429999999999999,-0.063,-0.039,20.0,46.3,-3.9327964554967023,19.0732522403895,28.955738476793236,0.2,38.637515474178805,18.96076974287265,TBD
Myles Straw,664702,2026,31,295,330,71,3,13.3,8.2,0.241,0.342,26,101,44,0.251,0.342,0.288,0.292,-0.01,0.0,-0.004,6.0,51.9,86.3,34.5,2.7,25.6,95.694355242,91.848387984,57.9,23.1,91.0,51.0,12.7,40.8,35.3,40.7,27.5,22.9,TOR,59,664702,1273,4.6,0.25,0.0,0.273,0.25,0.29,0.299,0.249,3,12,91.7,15.9,2213,90.3,89.78,1,20,39,-0.5,6.15,100,148,106,145,302,318,282,-0.252,0.252,70.6,6.6,,14,11,3,0,0,0,1,7.1,2,14.3,2.17,0.67,0.79,-0.79,90.7,184.0,27.27272727272727,0.0,0.0,5.98,2.18,0.13,2.45,0.357,0.0,0.427118644,0.356,0.289,-0.427118644,0.001,0.001,-0.039,-0.009,5.0,32.7,4.145997444580118,6.390786052388819,33.8097913842606,0.375,34.502368095632924,24.99201106535764,TOR
Max Clark,703601,2026,21,180,206,49,3,20.4,8.7,0.272,0.417,23,75,27,0.264,0.345,0.337,0.314,0.008,0.072,0.023,31.5,42.3,87.6,35.2,2.1,38.0,98.281387353,93.26224,63.4,28.6,90.4,50.0,16.7,46.0,35.2,40.8,25.4,26.8,DET,51,703601,755,6.8,0.5,0.083,0.667,0.583,0.493,0.314,0.302,6,12,78.4,1.7,2318,89.7,89.83,4,17,34,0.0999999999999943,6.5,106,142,99,147,288,326,301,-1.1,1.1,72.5,7.1,0.660204652,13,9,5,1,0,0,3,23.1,1,7.7,2.3,0.59,0.22,0.22,89.8,127.0,22.22222222222222,0.0,0.0,5.57,2.37,-0.28,2.27,0.538,0.0,2.156862745,0.356,0.337,-2.156862745,0.198,0.182,0.246,0.179,23.5,33.8,-0.9457839715288212,9.352436242777111,29.756367333953445,0.2941176470588235,34.50313202757855,27.00572965105009,DET
Jonah Heim,641680,2026,31,358,390,73,13,17.9,6.9,0.204,0.366,43,131,34,0.227,0.361,0.275,0.285,-0.023,0.005,-0.01,11.4,54.1,87.3,33.0,5.9,32.3,97.523598,92.806524966,66.3,33.6,86.0,49.5,21.4,49.8,39.2,44.0,26.5,21.3,OAK,26,641680,1457,1.8,0.333,0.167,0.4,0.5,0.407,0.24,0.175,2,6,86.4,-24.6,2161,86.3,86.83,2,11,15,0.5,6.68,100,153,127,148,309,325,292,-0.188,0.188,67.8,7.5,1.04001191,7,5,1,1,0,0,1,14.3,1,14.3,2.7,0.4,0.24,-0.24,91.8,73.0,60.0,0.0,0.0,5.82,1.56,-0.22,2.09,0.429,0.0,0.723076923,0.293,0.196,-0.723076923,0.158,0.136,0.304,0.167,18.2,46.7,9.063733067059404,-0.6036080394015491,23.54067136885624,0.7272727272727273,40.02653644044633,32.21256463691325,OAK
Vimael Machín,605353,2026,32,6,6,3,0,33.3,0.0,0.5,0.5,0,3,0,0.444,0.511,0.445,0.417,0.056,-0.011,0.028,22.2,77.8,90.2,50.0,0.0,50.0,102.300745,95.1503725,46.2,27.3,83.3,54.2,44.4,37.5,75.0,50.0,0.0,50.0,TBD,3,605353,24,12.5,1.0,0.0,1.0,1.0,0.89,0.895,0.991,1,1,70.9,23.0,2435,82.9,82.03,0,1,2,-0.9000000000000057,5.8,88,143,125,154,280,314,308,-0.343,0.343,72.7,7.2,,1,1,1,0,0,0,0,0.0,0,0.0,3.23,0.14,-0.66,-0.66,88.0,199.0,0.0,0.0,0.0,5.91,3.55,0.01,2.7,1.0,0.0,11.433333333,0.991,1.039,-11.433333333,0.009,0.009,-0.039,-0.005,0.0,28.1,16.165336200412188,-23.43332951418163,20.94621565963117,1.0,35.12784249726516,44.86318475344364,TBD
David Fry,681807,2026,30,184,214,37,8,27.6,13.1,0.201,0.364,20,67,23,0.181,0.294,0.304,0.271,0.02,0.07,0.033,14.2,60.7,86.3,25.6,6.5,34.4,97.873392459,92.951842459,63.1,27.5,77.9,45.9,28.9,43.8,53.6,36.8,29.6,16.8,CLE,78,681807,912,8.6,0.238,0.19,0.25,0.429,0.339,0.322,0.222,5,21,89.5,29.4,2285,90.0,90.01,9,35,43,0.0,6.36,109,144,119,139,293,322,289,-0.173,0.173,71.5,8.2,2.719985903,24,17,3,1,0,1,4,16.7,1,4.2,2.25,0.61,0.49,-0.49,94.4,190.0,41.17647058823529,5.88235294117647,4.166666666666666,5.73,2.26,-0.2,2.34,0.333,1.0,0.221794872,0.319,0.406,-0.221794872,0.016,0.014,0.023,0.017,25.7,35.3,16.237580951417943,-5.271259811313484,29.55474996886484,0.7272727272727273,43.41242628600126,30.0751053627266,CLE
Andrew Benintendi,643217,2026,31,421,468,101,15,23.9,8.3,0.24,0.413,78,174,58,0.24,0.398,0.311,0.307,0.0,0.015,0.004,5.0,53.2,89.3,36.4,8.6,45.1,99.117923462,93.899353666,73.1,33.8,78.3,45.8,28.3,51.8,50.6,36.1,32.3,25.0,CWS,4,643217,1772,0.2,0.0,0.0,,0.0,0.0,0.0,,0,1,,,2296,91.0,89.93,2,3,1,-1.0999999999999943,5.7,87,139,113,154,298,327,299,0.257,-0.257,71.2,8.1,5.401339014,1,0,0,0,0,0,1,100.0,0,0.0,1.9,0.88,0.11,0.11,97.3,166.0,,,,6.0,1.13,0.08,2.44,0.0,,-6.425,,,6.425,,,,0.0,66.7,54.3,28.02018827934972,-30.419615327748748,31.306040116073856,0.0,33.83690190743663,49.42301240829967,CWS
Kyle Isbel,664728,2026,29,294,323,66,6,22.9,4.6,0.224,0.323,24,95,32,0.225,0.303,0.262,0.255,-0.001,0.02,0.007,13.9,39.3,88.4,24.7,2.6,32.9,98.475584528,93.388440427,61.7,35.7,93.6,48.9,18.2,48.4,32.5,49.4,20.3,20.8,KC,27,664728,1148,2.4,0.25,0.0,0.333,0.25,0.223,0.15,0.163,2,8,90.6,-5.3,2154,90.9,90.69,3,15,12,-0.2000000000000028,6.25,114,149,101,151,280,323,298,0.741,-0.741,63.3,6.3,1.814276148,8,6,2,0,0,0,2,25.0,0,0.0,2.26,0.55,0.54,0.54,90.2,59.0,33.33333333333333,0.0,0.0,5.72,2.15,0.08,2.45,0.25,0.0,-2.744444444,0.163,0.179,2.744444444,0.087,0.087,0.071,0.073,20.0,35.9,-2.5632876408226664,7.938856867360589,23.33698560716177,0.2,34.0597394780608,23.881841970285542,KC
Colson Montgomery,695657,2026,24,568,638,112,31,35.6,8.5,0.197,0.403,87,229,71,0.199,0.388,0.3,0.294,-0.002,0.015,0.006,70.6,53.7,88.6,32.9,12.0,40.9,101.158593626,94.756398123,73.0,32.4,77.9,47.0,37.4,51.5,49.6,31.2,34.4,20.1,CWS,72,695657,2458,2.9,0.105,0.053,0.182,0.158,0.196,0.215,0.144,2,19,85.5,10.5,2311,88.2,88.24,15,34,38,0.0,6.38,114,143,120,149,290,322,296,1.91,-1.91,73.5,8.0,5.503451633,22,11,1,1,0,0,8,36.4,1,4.5,2.62,0.36,0.28,0.28,90.7,96.0,27.27272727272727,0.0,0.0,5.57,2.04,-0.06,2.27,0.227,0.0,-2.652777778,0.261,0.166,2.652777778,-0.039,-0.034,-0.008,-0.019,44.1,31.0,12.954521968469134,-11.018019566247544,33.062231987360875,0.5,37.157440111811006,35.83594758971881,CWS
Kyle Schwarber,656941,2026,33,581,701,135,45,31.4,15.0,0.232,0.503,97,292,95,0.236,0.487,0.368,0.364,-0.004,0.016,0.004,74.6,67.4,92.3,37.3,15.6,49.3,103.53204776,96.326214481,66.4,26.1,77.5,45.1,33.1,44.3,54.2,31.3,31.9,26.4,PHI,132,656941,3026,4.4,0.16,0.16,0.176,0.32,0.301,0.297,0.188,4,25,90.5,16.8,2328,88.8,89.08,15,57,75,0.2999999999999971,6.54,124,147,138,153,304,332,304,0.566,-0.566,73.2,7.5,3.494703068,31,18,2,1,0,1,7,22.6,4,12.9,2.39,0.55,0.35,0.35,92.2,142.0,44.44444444444444,0.0,0.0,5.66,2.3,-0.27,2.12,0.323,0.0,-0.428787879,0.345,0.268,0.428787879,-0.028,-0.0219999999999999,0.052,0.004,26.3,36.2,13.953183379348136,-8.454769778401356,28.93913924464238,0.6140350877192983,35.21479422291964,34.49419047529312,PHI
Danny Jansen,643376,2026,31,197,227,40,8,24.2,7.9,0.203,0.381,26,75,21,0.186,0.31,0.3,0.267,0.017,0.071,0.033,6.7,60.3,87.7,24.0,6.2,33.6,97.458352394,92.765822676,66.5,22.5,82.7,51.1,25.7,45.0,55.5,37.0,31.5,17.8,TEX,44,643376,887,5.0,0.182,0.0,0.2,0.182,0.279,0.258,0.127,2,11,85.6,25.4,2181,88.6,88.92,2,17,27,0.3000000000000113,6.53,112,153,126,146,305,331,290,0.815,-0.815,64.3,6.4,0.1,15,10,2,0,0,0,1,6.7,3,20.0,2.17,0.77,0.67,-0.67,89.9,187.0,20.0,0.0,0.0,5.71,2.09,0.12,2.51,0.4,0.0,-1.852272727,0.314,0.193,1.852272727,0.055,0.086,-0.011,0.021,11.8,37.4,11.403382048962644,6.99935651058922,27.46769572355729,0.7647058823529411,40.36691418833784,28.94626530092184,TEX
Liam Hicks,689414,2026,27,479,554,136,18,9.9,10.1,0.284,0.434,82,208,66,0.261,0.358,0.352,0.319,0.023,0.076,0.033,4.3,49.2,84.6,30.8,3.7,27.1,96.114190607,92.069028173,58.7,26.6,97.3,46.9,11.4,41.7,43.1,43.3,24.5,22.7,TB,31,689414,2048,1.5,0.222,0.0,0.25,0.222,0.248,0.366,0.343,2,9,83.3,0.5,2265,90.2,90.03,1,14,17,-0.2000000000000028,6.29,117,146,106,149,287,322,292,0.576,-0.576,65.6,6.7,2.058030492,10,8,2,0,0,0,1,10.0,1,10.0,2.03,0.8,0.38,0.38,89.5,151.0,25.0,0.0,0.0,6.07,2.31,-0.42,2.13,0.3,0.0,-1.858064516,0.409,0.412,1.858064516,-0.121,-0.1089999999999999,-0.19,-0.118,7.1,42.3,4.279175142102206,-2.663098206613835,31.780848021322164,0.3571428571428571,36.7685909769793,28.74839382533746,TB
Carlos Narváez,665966,2026,27,248,285,40,3,31.6,6.7,0.161,0.226,10,56,22,0.191,0.303,0.219,0.26,-0.03,-0.077,-0.041,20.1,50.7,90.6,35.1,6.6,36.9,99.444669241,94.185727389,70.5,32.3,76.4,49.9,33.2,51.4,31.5,39.3,30.4,21.4,BAL,5,665966,1144,0.4,0.0,0.0,0.0,0.0,0.0,0.129,0.112,0,2,93.2,12.0,2045,92.0,90.4,0,2,3,-1.5999999999999943,5.52,87,146,108,147,298,318,292,0.523,-0.523,75.0,7.4,,2,2,0,0,0,0,0,0.0,0,0.0,2.85,-0.14,0.96,-0.96,93.2,167.0,0.0,0.0,0.0,5.79,1.8,0.15,2.63,0.0,0.0,-10.46,0.112,0.184,10.46,-0.112,-0.112,-0.184,-0.129,0.0,31.7,11.047316291764762,12.649241637024044,33.7600358508408,1.0,38.12234762134973,27.370228093133974,BAL
Spencer Horwitz,687462,2026,28,385,451,94,10,16.2,12.0,0.244,0.364,49,140,45,0.226,0.345,0.319,0.31,0.018,0.019,0.009,4.5,49.4,86.8,30.3,5.7,30.3,97.056959177,92.586667152,58.5,24.5,91.1,47.9,16.4,40.8,40.4,41.0,27.8,22.1,PIT,34,687462,1810,1.9,0.286,0.0,0.333,0.286,0.31,0.345,0.294,2,7,86.8,25.3,2226,89.4,89.91,2,12,22,0.5,6.67,115,145,114,152,290,316,295,-0.048,0.048,68.0,6.8,1.32689784,8,6,2,0,0,0,1,12.5,1,12.5,2.35,0.54,0.74,0.74,92.2,202.0,16.666666666666664,0.0,0.0,5.0,2.56,-0.15,2.3,0.375,0.0,0.141176471,0.382,0.388,-0.141176471,-0.008,-0.007,-0.102,-0.035,16.7,23.0,11.266609813269913,-1.7895371169518484,34.660228327368124,0.5833333333333334,31.322603259490524,30.178639653232903,PIT
Yohandy Morales,691002,2026,24,47,47,12,4,31.9,0.0,0.255,0.596,10,28,10,0.258,0.491,0.358,0.317,-0.003,0.105,0.041,35.8,59.3,91.7,31.3,15.6,62.5,103.672409375,96.87047375,72.9,33.0,74.2,44.5,38.1,50.8,43.8,46.9,31.3,12.5,WSH,43,691002,191,22.5,0.167,0.333,0.125,0.5,0.276,0.249,0.233,2,12,89.4,13.9,2245,89.0,89.61,8,21,22,0.5999999999999943,6.75,115,152,124,147,311,321,288,-0.499,0.499,72.6,7.5,1.655236141,12,9,0,1,0,1,3,25.0,0,0.0,2.47,0.46,0.72,-0.72,93.2,104.0,44.44444444444444,11.11111111111111,8.333333333333332,5.71,1.74,0.13,2.25,0.167,1.0,1.160465116,0.233,0.345,-1.160465116,-0.066,-0.066,0.155,0.027,38.1,36.4,14.529934783354287,7.672722629433293,37.89262225123152,0.55,37.55215377330034,31.38192835281469,WSH
Ketel Marte,606466,2026,32,562,624,140,22,13.8,8.2,0.249,0.432,76,243,78,0.28,0.461,0.323,0.349,-0.031,-0.029,-0.026,46.8,58.8,90.2,31.8,9.4,43.0,101.876199664,95.156620819,67.7,31.5,89.0,46.8,19.7,48.5,48.9,41.4,27.9,23.3,ARI,39,606466,2282,1.7,0.444,0.111,0.444,0.556,0.463,0.28,0.218,4,9,86.0,19.4,2065,88.6,89.02,3,19,20,0.4000000000000057,6.49,103,147,119,142,304,336,300,-0.928,0.928,77.1,8.1,1.417841916,11,9,3,1,0,0,0,0.0,2,18.2,2.32,0.6,0.57,-0.57,94.7,111.0,44.44444444444444,11.11111111111111,9.090909090909092,5.73,1.85,0.08,2.04,0.545,1.0,2.379487179,0.296,0.322,-2.379487179,0.226,0.249,0.234,0.183,15.8,37.3,6.3588696001193785,-9.695251866995502,30.210243437602287,0.4705882352941176,33.72636397226061,37.95787945643468,ARI
Ha-Seong Kim,673490,2026,30,129,147,15,0,25.9,10.9,0.116,0.14,9,18,11,0.157,0.206,0.18,0.222,-0.041,-0.066,-0.042,17.5,51.5,85.9,21.7,2.2,25.0,95.452664545,91.828525172,58.0,26.8,86.7,50.9,20.2,42.7,41.3,40.2,28.3,17.4,ATL,55,673490,637,8.6,0.154,0.154,0.222,0.308,0.191,0.177,0.179,2,13,89.3,23.3,2228,89.7,90.05,4,21,34,0.3999999999999915,6.48,108,153,113,146,310,325,293,1.054,-1.054,71.1,7.0,0.951282378,13,9,1,0,1,0,4,30.8,0,0.0,2.01,0.84,0.5,-0.5,91.4,166.0,44.44444444444444,0.0,0.0,5.99,2.0,0.05,2.34,0.154,0.0,-1.916363636,0.179,0.226,1.916363636,-0.025,-0.0249999999999999,0.082,0.014,19.0,41.9,5.537560137322505,-0.1587418436941909,23.63792577275818,0.55,35.664060229039755,31.750630238517665,ATL
Kazuma Okamoto,672960,2026,30,568,636,132,33,28.8,9.3,0.232,0.452,92,257,81,0.224,0.446,0.332,0.328,0.008,0.006,0.004,33.5,58.0,90.6,35.1,13.1,44.1,101.291152371,94.970378557,67.7,27.3,77.9,48.6,32.8,46.9,50.8,35.8,33.8,20.6,TOR,68,672960,2679,2.5,0.25,0.333,0.2,0.583,0.42,0.477,0.339,3,12,90.6,8.4,2127,87.7,87.4,3,24,44,-0.2999999999999971,6.25,111,152,122,146,303,331,296,-2.307,2.307,72.7,7.8,1.505771296,15,11,1,1,0,1,1,6.7,3,20.0,2.46,0.56,0.66,-0.66,92.1,163.0,45.45454545454545,9.090909090909092,6.666666666666667,5.96,2.38,0.24,2.47,0.4,1.0,3.392647059,0.471,0.657,-3.392647059,-0.089,-0.0709999999999999,-0.074,-0.057,12.5,30.6,13.160475771645103,1.4202144906383516,30.768046566559622,0.6818181818181818,41.57249677006212,28.2579292181208,TOR
Jesús Sánchez,660821,2026,28,284,315,72,8,23.8,5.7,0.254,0.401,35,114,24,0.255,0.419,0.311,0.321,-0.001,-0.018,-0.01,43.3,50.5,90.7,32.2,10.8,45.3,101.621661682,95.111932864,71.3,38.0,79.8,45.7,28.1,53.3,31.8,44.4,27.1,22.0,TBD,10,660821,1187,0.8,0.333,0.0,0.5,0.333,0.297,0.208,0.231,1,3,74.6,2.5,2299,89.8,90.26,2,5,5,0.5,6.37,127,148,124,153,292,333,310,0.083,-0.083,68.7,6.9,7.655034732,3,2,1,0,0,0,1,33.3,0,0.0,1.93,0.89,0.47,0.47,89.9,103.0,0.0,0.0,0.0,5.76,1.91,-0.27,2.26,0.333,0.0,-0.83,0.231,0.246,0.83,0.102,0.102,0.087,0.089,40.0,32.5,8.564771280611833,-2.2562468322329625,30.0771697101588,0.8,37.92418349185842,36.14372576810331,TBD
Manny Machado,592518,2026,33,589,677,128,30,21.3,11.2,0.217,0.407,91,240,82,0.243,0.42,0.31,0.328,-0.026,-0.013,-0.018,45.6,56.2,90.1,32.7,9.7,43.6,101.077431814,94.870082434,67.4,30.5,83.5,47.0,25.3,47.8,40.1,39.3,28.5,24.1,SD,36,592518,2686,1.3,0.1,0.0,0.125,0.1,0.089,0.252,0.229,1,10,98.3,23.4,2047,88.5,88.95,5,19,17,0.5,6.46,104,152,121,146,298,332,296,2.012,-2.012,74.1,7.6,1.581190753,10,8,1,0,0,0,2,20.0,0,0.0,2.13,0.79,0.59,-0.59,95.4,166.0,62.5,12.5,10.0,5.65,2.18,0.04,2.2,0.1,1.0,-5.588888889,0.229,0.366,5.588888889,-0.129,-0.129,-0.266,-0.163,26.3,37.9,6.209371006484682,7.378019660311269,25.889245965862965,0.6842105263157895,38.846393185169234,28.79480910124111,SD
Elias Díaz,553869,2026,35,218,237,51,8,24.5,3.8,0.234,0.404,35,88,21,0.216,0.357,0.287,0.269,0.018,0.047,0.018,50.8,55.6,88.5,32.1,9.6,40.5,100.965078272,94.585337346,72.9,37.8,81.1,48.7,28.2,54.9,38.1,36.3,26.8,25.0,TEX,69,553869,942,7.3,0.273,0.364,0.25,0.636,0.35,0.261,0.15,3,11,92.4,19.0,2215,88.4,88.39,6,39,30,0.0,6.38,110,152,126,145,309,333,285,-0.677,0.677,73.5,6.8,0.998882461,12,9,1,1,0,1,3,25.0,0,0.0,2.22,0.75,0.39,-0.39,90.8,161.0,37.5,25.0,16.666666666666664,5.76,2.32,0.09,2.58,0.25,2.0,0.98115942,0.171,0.358,-0.98115942,0.123,0.0789999999999999,0.278,0.089,15.4,37.6,8.246288745048682,0.4096310059408869,28.46111216673116,0.5675675675675675,36.83422438996717,34.2381964375583,TEX
Brayan Rocchio,677587,2026,25,534,592,135,15,14.4,6.4,0.253,0.391,73,209,66,0.246,0.35,0.311,0.294,0.007,0.041,0.017,6.4,50.2,87.0,34.9,2.9,30.0,96.81810991,92.455591951,68.9,33.2,86.7,47.0,22.1,50.0,43.2,41.5,25.5,25.5,CLE,83,677587,2255,3.7,0.174,0.174,0.176,0.348,0.241,0.228,0.22,4,23,84.9,18.8,2288,88.8,88.78,11,47,36,0.0,6.35,106,150,106,144,292,321,287,1.148,-1.148,67.3,7.2,2.132348504,24,18,2,1,0,1,5,20.8,1,4.2,2.45,0.49,0.37,-0.37,89.8,159.0,11.11111111111111,0.0,0.0,5.66,2.36,0.03,2.38,0.208,0.0,-1.38313253,0.252,0.255,1.38313253,-0.046,-0.044,0.093,0.013,23.4,33.3,9.855529042930703,0.5996093449321798,30.965429648398224,0.5217391304347826,33.768398386165394,28.05468987057693,CLE
Eduardo Valencia,680664,2026,26,129,138,44,8,23.2,4.3,0.341,0.636,21,82,25,0.285,0.546,0.433,0.372,0.056,0.09,0.061,30.3,58.2,90.3,44.3,15.5,49.5,101.9202875,95.492335417,71.5,35.3,80.1,48.3,26.8,52.8,43.3,42.3,22.7,28.9,DET,58,680664,538,10.8,0.417,0.5,0.571,0.917,0.582,0.466,0.376,5,12,94.7,11.9,2276,89.8,90.05,7,28,30,0.2000000000000028,6.54,110,152,123,147,306,333,293,-2.683,2.683,71.7,7.6,3.719819542,14,8,1,3,0,1,4,28.6,1,7.1,2.25,0.65,0.29,-0.29,91.8,190.0,50.0,12.5,7.142857142857142,5.37,2.3,0.04,2.22,0.5,1.0,4.625862069,0.465,0.614,-4.625862069,0.041,0.0349999999999999,0.303,0.116,25.0,37.5,7.471252233227972,2.890860651210912,32.95489533407022,0.6071428571428571,40.40984918509152,26.84387617200251,DET
Javier Báez,595879,2026,33,187,196,45,3,20.9,3.1,0.241,0.364,20,68,25,0.242,0.325,0.277,0.266,-0.001,0.039,0.011,32.0,52.9,85.6,34.0,2.7,34.7,97.80478,92.902593904,65.3,47.4,80.2,42.5,30.0,55.0,43.5,51.0,19.7,21.1,DET,27,595879,691,3.9,0.429,0.571,0.5,1.0,0.6,0.602,0.468,3,7,97.4,17.6,2269,89.7,90.1,8,18,9,0.3999999999999915,6.61,115,151,121,147,306,337,292,-1.696,1.696,71.4,8.2,5.273929233,7,5,1,1,0,1,2,28.6,0,0.0,2.16,0.72,0.74,-0.74,92.7,240.0,60.0,20.0,14.285714285714285,5.59,2.37,0.32,2.71,0.429,1.0,6.281481481,0.468,0.956,-6.281481481,-0.039,-0.039,0.044,-0.002,44.4,36.4,4.716454734328813,-1.2135769536105996,27.49651535106162,0.2222222222222222,41.51546280687292,29.063742287338236,DET
Tyler Heineman,623168,2026,35,177,200,31,1,15.0,2.5,0.175,0.22,10,39,15,0.214,0.259,0.204,0.236,-0.039,-0.039,-0.032,0.3,45.1,82.0,27.0,0.6,11.9,91.606485493,90.139217234,70.1,42.9,90.0,49.2,19.5,56.3,46.5,53.5,19.5,20.1,LAA,20,623168,693,2.9,0.0,0.0,0.0,0.0,0.146,0.237,0.123,0,4,77.2,1.3,2212,85.8,86.11,1,10,10,0.2999999999999971,6.29,102,151,111,147,301,318,289,0.754,-0.754,60.5,6.3,0.386888724,5,3,0,0,0,0,1,20.0,0,0.0,2.61,0.5,0.06,-0.06,88.0,114.0,0.0,0.0,0.0,6.14,1.88,0.19,2.78,0.2,0.0,-3.77,0.298,0.149,3.77,-0.123,-0.0979999999999999,-0.149,-0.091,10.0,45.9,-3.19746208679911,9.441321129003745,26.42663423047986,0.3,40.318861600677096,24.141758346248487,LAA
Oswaldo Cabrera,665828,2026,27,22,25,4,0,36.0,4.0,0.182,0.273,0,6,2,0.164,0.207,0.217,0.183,0.018,0.066,0.034,0.0,47.7,85.9,20.0,0.0,33.3,96.55533,92.650823846,79.6,30.4,79.5,51.6,24.5,55.8,40.0,73.3,6.7,20.0,CIN,42,665828,95,44.2,0.143,0.143,0.333,0.286,0.18,0.032,0.033,1,7,75.2,11.3,2297,88.4,89.21,8,25,17,0.7999999999999972,6.83,102,148,119,148,308,321,289,1.176,-1.176,61.5,7.0,1.015931352,7,3,0,1,0,0,4,57.1,0,0.0,2.41,0.57,-0.01,0.01,88.2,155.0,0.0,0.0,0.0,5.67,1.92,0.07,2.48,0.143,0.0,-2.8,0.033,0.039,2.8,0.11,0.1099999999999999,0.247,0.148,32.0,36.9,3.520265858933123,4.497605284338385,29.46100226328501,0.36,35.79338098236355,24.51118462670193,CIN
Alejandro Kirk,672386,2026,27,277,313,77,10,12.1,10.5,0.278,0.415,43,115,26,0.263,0.368,0.333,0.308,0.015,0.047,0.025,15.6,51.3,88.0,32.6,3.7,38.8,99.504610744,93.893597884,58.3,29.1,90.3,49.6,15.8,43.5,24.0,50.8,18.6,24.8,TOR,19,672386,1229,1.5,0.2,0.2,0.2,0.4,0.252,0.184,0.198,1,5,82.4,-18.0,2093,88.0,87.57,1,10,9,-0.4000000000000057,6.42,106,150,119,145,302,320,285,0.529,-0.529,70.4,7.1,0.811942068,5,5,0,1,0,0,0,0.0,0,0.0,2.49,0.53,0.91,-0.91,90.8,110.0,20.0,0.0,0.0,5.87,3.05,0.32,2.05,0.2,0.0,-2.784210526,0.198,0.221,2.784210526,0.002,0.002,0.179,0.068,10.0,29.7,4.990577323976325,13.178322588862208,21.889357813567884,0.4,44.61521273435209,27.481690489905738,TOR
Josh Bell,605137,2026,33,568,631,145,21,19.7,8.2,0.255,0.419,96,238,78,0.256,0.445,0.323,0.335,-0.001,-0.026,-0.012,25.7,57.3,89.9,33.1,9.6,42.0,100.3685028,94.468238022,71.6,29.6,83.7,45.9,22.8,48.9,40.7,42.0,26.7,23.3,MIN,124,605137,2524,4.9,0.231,0.115,0.25,0.346,0.286,0.316,0.246,6,26,88.3,21.7,2211,86.4,86.7,11,52,72,0.2999999999999971,6.56,106,152,125,147,303,327,296,-0.789,0.789,66.7,7.8,4.268799647,30,21,5,0,0,1,6,20.0,3,10.0,2.63,0.47,0.3,-0.3,91.5,185.0,38.095238095238095,4.761904761904762,3.333333333333333,5.75,2.0,0.15,2.15,0.3,1.0,0.636290323,0.319,0.392,-0.636290323,-0.015,-0.019,-0.046,-0.03,21.2,38.0,9.415021030936542,-5.740274226277779,35.23704751017718,0.6346153846153846,37.99671726032177,29.08670007901637,MIN
Leo Rivas,660844,2026,28,124,148,19,0,28.4,10.8,0.153,0.194,11,24,11,0.171,0.229,0.225,0.243,-0.018,-0.035,-0.018,0.5,53.4,86.3,31.4,1.2,16.3,93.744880714,90.874897857,56.2,17.1,82.9,51.4,23.2,37.2,46.5,39.5,30.2,19.8,SEA,16,660844,648,2.5,0.333,0.0,0.5,0.333,0.297,0.05,0.056,1,3,81.6,14.0,2026,86.4,86.91,2,8,8,0.5,6.51,109,153,121,146,296,332,290,0.104,-0.104,64.6,7.4,1.073389344,3,2,1,0,0,0,1,33.3,0,0.0,2.56,0.51,0.58,-0.58,91.7,87.0,50.0,0.0,0.0,5.23,2.5,0.11,2.13,0.333,0.0,-0.65,0.056,0.064,0.65,0.277,0.277,0.269,0.247,25.0,26.3,12.810830376404448,5.961972010237516,31.641547646454963,0.5,37.33559264081183,25.858157226373205,SEA
Mookie Betts,605141,2026,33,478,528,123,23,11.0,8.9,0.257,0.454,69,217,71,0.278,0.435,0.338,0.339,-0.021,0.019,-0.001,8.9,57.1,90.2,40.4,7.8,38.0,98.722352796,93.725941924,61.5,20.3,94.8,50.9,12.5,41.3,40.1,32.8,32.8,27.8,LAD,86,605141,1961,4.4,0.353,0.529,0.231,0.882,0.546,0.442,0.325,6,17,91.5,25.2,2239,89.1,89.22,2,40,46,0.1000000000000085,6.39,112,154,121,146,298,323,295,-5.686,5.686,66.9,6.8,,20,16,3,0,0,3,1,5.0,3,15.0,2.33,0.57,0.5,-0.5,91.1,184.0,37.5,18.75,15.0,5.76,2.65,0.2,2.34,0.45,3.0,6.611627907,0.426,0.61,-6.611627907,0.028,0.024,0.272,0.104,5.0,36.1,3.55489878571646,1.9315452255742769,35.57822115053139,0.4444444444444444,39.9479122195617,29.017243922699457,LAD
Jordan Beck,687597,2026,25,165,180,33,1,31.7,7.8,0.2,0.291,11,48,17,0.212,0.293,0.248,0.253,-0.012,-0.002,-0.005,38.0,53.5,87.1,30.3,3.7,32.1,98.401569808,93.278827596,68.8,38.0,79.3,46.5,31.5,52.3,41.3,39.4,28.4,23.9,COL,84,687597,710,11.8,0.25,0.063,0.4,0.313,0.317,0.379,0.305,4,16,94.5,19.2,2147,87.9,87.93,13,41,43,0.0,6.14,106,151,123,148,306,332,294,0.326,-0.326,72.2,8.0,6.329152928,19,10,3,1,0,0,6,31.6,3,15.8,2.55,0.42,0.41,-0.41,92.7,146.0,60.0,0.0,0.0,5.76,1.74,0.0,2.12,0.368,0.0,-0.388095238,0.415,0.436,0.388095238,-0.055,-0.0469999999999999,-0.123,-0.062,31.7,39.3,14.950250405406042,-12.08954740323091,33.15804758792986,0.5897435897435898,38.81405730908917,33.25184028597028,COL
Ernie Clement,676391,2026,30,590,621,153,9,9.3,3.5,0.259,0.364,48,215,60,0.24,0.319,0.284,0.258,0.019,0.045,0.026,2.8,61.6,84.2,31.5,2.0,20.8,93.995982322,91.030114794,72.0,44.4,90.6,46.9,15.1,57.4,40.3,38.2,28.2,23.2,TOR,37,676391,1916,1.9,0.063,0.063,0.059,0.125,0.074,0.239,0.207,1,16,88.4,18.6,2144,90.4,90.49,3,23,14,0.0999999999999943,6.47,106,150,109,144,295,321,290,2.843,-2.843,68.7,6.9,0.92777583,17,17,0,1,0,0,0,0.0,0,0.0,2.06,0.75,0.81,-0.81,92.0,213.0,35.294117647058826,5.88235294117647,5.88235294117647,5.77,2.63,0.2,2.4,0.059,1.0,-7.683783784,0.196,0.393,7.683783784,-0.144,-0.137,-0.268,-0.165,13.0,29.7,8.955663138192433,0.7562528392631935,32.30086605323832,0.7391304347826086,35.86038961256548,28.675405239114664,TOR
Hunter Goodman,696100,2026,26,518,574,127,41,30.5,8.0,0.245,0.529,88,274,84,0.228,0.456,0.355,0.321,0.017,0.073,0.034,48.9,66.6,89.8,32.2,14.5,44.3,102.186271792,95.364146098,73.7,40.4,77.9,42.6,34.0,54.6,48.0,34.5,34.8,21.8,COL,77,696100,2177,3.5,0.111,0.333,0.0,0.444,0.252,0.272,0.204,2,18,88.1,16.9,2219,86.4,86.78,13,44,33,0.3999999999999915,6.4,103,150,122,146,302,333,299,1.916,-1.916,73.1,7.2,2.426110593,20,13,0,0,0,2,5,25.0,2,10.0,2.82,0.26,0.2,-0.2,91.2,154.0,38.46153846153847,7.6923076923076925,5.0,5.77,1.67,0.03,2.2,0.2,1.0,-2.488311688,0.246,0.38,2.488311688,-0.093,-0.0459999999999999,0.064,-0.02,29.5,39.1,12.714383320335031,-6.983152056900896,25.41694774999369,0.7209302325581395,38.07178140957357,40.30309251466139,COL
Carson Benge,701807,2026,23,595,654,168,20,21.7,7.6,0.282,0.43,65,256,86,0.279,0.438,0.342,0.341,0.003,-0.008,0.001,17.0,41.4,88.8,38.1,7.3,38.8,99.519345378,93.954813653,63.8,28.0,86.3,49.6,21.4,45.8,32.6,42.7,27.5,26.7,NYM,158,701807,2674,5.9,0.355,0.161,0.455,0.516,0.423,0.412,0.346,11,31,89.9,13.6,2227,88.7,88.94,13,71,87,0.2000000000000028,6.51,119,145,107,150,289,327,299,-4.056,4.056,68.7,6.7,2.391352607,36,23,8,2,0,1,8,22.2,4,11.1,2.4,0.53,0.44,0.44,91.0,147.0,43.47826086956522,4.3478260869565215,2.7777777777777777,5.94,2.14,0.03,2.17,0.444,1.0,2.567088608,0.437,0.498,-2.567088608,0.009,0.007,0.018,0.011,18.3,37.8,9.089340506006277,-0.6081903610498154,35.447215468059895,0.3970588235294117,34.202230781311485,36.215600848590654,NYM
Ronny Simon,682927,2026,26,63,68,16,1,16.2,5.9,0.254,0.349,4,22,11,0.258,0.369,0.288,0.298,-0.004,-0.02,-0.01,22.4,37.0,87.8,30.2,3.8,30.2,98.92741625,93.620068958,73.4,40.0,90.1,47.0,17.7,55.7,41.5,49.1,18.9,20.8,PIT,39,682927,264,14.8,0.375,0.375,0.4,0.75,0.503,0.469,0.326,3,8,92.2,8.5,2229,87.7,87.85,7,22,17,0.0999999999999943,6.36,103,152,115,148,307,314,276,-1.318,1.318,69.3,7.5,4.034201008,9,6,2,0,0,1,2,22.2,1,11.1,2.65,0.36,0.48,-0.48,91.7,176.0,50.0,16.666666666666664,11.11111111111111,5.22,2.02,0.2,2.49,0.444,1.0,3.379487179,0.401,0.717,-3.379487179,0.049,0.0429999999999999,0.033,0.034,31.8,28.7,7.26036246761674,-3.294371108448689,26.170642063973126,0.5454545454545454,30.44504720841821,30.166064718225467,PIT
Cam Smith,701358,2026,23,510,568,107,21,26.1,7.7,0.21,0.39,56,199,67,0.235,0.42,0.293,0.316,-0.025,-0.03,-0.023,78.0,47.7,88.7,31.3,11.2,43.5,101.663413607,95.013701534,69.1,30.0,80.5,47.3,29.1,48.5,38.9,44.8,26.1,21.7,HOU,61,701358,2364,2.6,0.0,0.0,0.0,0.0,0.054,0.264,0.157,0,12,80.6,17.4,2030,86.8,86.65,11,28,33,-0.0999999999999943,6.3,110,153,123,147,301,328,293,3.015,-3.015,77.2,8.0,6.438622282,13,8,0,0,0,0,4,30.8,1,7.7,2.58,0.49,0.78,-0.78,92.6,134.0,25.0,12.5,7.6923076923076925,5.66,2.13,0.0,1.96,0.077,1.0,-4.942622951,0.222,0.385,4.942622951,-0.157,-0.145,-0.385,-0.21,39.3,33.3,13.371431244501144,-16.144300296611394,34.45899234206131,0.3846153846153846,41.31801293496089,39.12401164337744,HOU
Brooks Lee,686797,2026,25,586,631,148,24,16.2,5.9,0.253,0.428,83,251,72,0.233,0.358,0.316,0.281,0.02,0.07,0.035,8.2,56.7,88.1,32.2,4.5,34.2,97.530784362,92.893899278,73.4,35.1,89.6,47.7,20.8,53.4,42.2,39.1,30.3,23.2,MIN,101,686797,2386,4.2,0.174,0.043,0.235,0.217,0.206,0.32,0.238,4,23,86.3,26.5,2176,86.8,87.59,16,49,52,0.7999999999999972,6.53,102,151,118,148,299,324,296,2.927,-2.927,69.2,7.3,2.941397951,26,17,3,1,0,0,7,26.9,1,3.8,2.72,0.43,0.3,-0.3,92.3,161.0,52.94117647058824,11.76470588235294,7.6923076923076925,5.65,2.05,0.0,2.16,0.231,2.0,-2.898019802,0.288,0.467,2.898019802,-0.064,-0.0569999999999999,-0.25,-0.114,32.7,35.6,16.092114476409147,-9.651484972205196,30.42722907635189,0.4888888888888889,39.81854636041818,32.87603105341137,MIN
Francisco Alvarez,682626,2026,24,373,420,87,16,30.7,9.3,0.233,0.399,43,149,38,0.23,0.431,0.313,0.322,0.003,-0.032,-0.009,42.9,59.5,90.8,32.9,15.4,48.0,102.913628049,95.848454472,62.0,31.8,77.3,45.2,34.8,45.4,39.0,47.6,25.6,19.9,NYM,71,682626,1749,4.1,0.25,0.063,0.308,0.313,0.246,0.345,0.274,4,16,96.1,7.3,2076,89.1,89.54,7,33,38,0.4000000000000057,6.65,111,152,123,147,307,332,294,0.63,-0.63,72.9,7.1,2.157137378,16,13,3,1,0,0,3,18.8,0,0.0,2.28,0.63,0.73,-0.73,95.0,184.0,69.23076923076923,15.384615384615383,12.5,6.13,1.75,0.17,2.34,0.25,2.0,-0.887323944,0.274,0.544,0.887323944,-0.024,-0.024,-0.231,-0.099,21.2,43.9,9.21634756504009,7.283410281350139,29.530759992421856,0.5757575757575758,37.63985363308659,23.41481412592255,NYM
Nick Morabito,703492,2026,23,41,46,8,0,34.8,6.5,0.195,0.244,4,10,4,0.255,0.308,0.248,0.296,-0.06,-0.064,-0.048,23.3,32.8,90.5,36.0,0.0,48.0,99.823979231,94.489362,50.6,33.7,82.9,46.8,29.2,41.6,36.0,48.0,12.0,28.0,NYM,21,703492,173,12.1,0.167,0.0,0.25,0.167,0.148,0.243,0.257,1,6,96.0,15.0,2086,88.6,89.67,2,11,10,1.1000000000000083,7.04,107,147,104,145,299,322,276,0.935,-0.935,57.4,5.1,0.163335902,6,4,1,0,0,0,2,33.3,0,0.0,2.35,0.6,0.76,-0.76,92.5,118.0,75.0,0.0,0.0,6.06,1.23,-0.29,1.95,0.167,0.0,-4.452380952,0.257,0.296,4.452380952,-0.09,-0.09,-0.129,-0.095,18.2,42.5,1.6797518409143717,44.72510497752721,37.15966437978148,0.3,35.58515142916836,18.20060254979633,NYM
Turner Hill,806367,2026,27,105,124,23,1,16.9,10.5,0.219,0.314,16,33,13,0.248,0.369,0.28,0.316,-0.029,-0.055,-0.036,0.6,59.0,87.6,33.0,4.5,30.7,96.211755,92.153071494,59.1,20.3,91.3,51.1,13.6,40.2,44.3,40.9,28.4,26.1,SF,93,806367,493,18.9,0.087,0.0,0.105,0.087,0.099,0.225,0.222,2,23,86.3,23.2,2362,90.6,90.94,6,42,51,0.3000000000000113,6.43,107,146,99,151,287,314,294,4.5,-4.5,61.6,6.0,1.022557742,25,19,2,0,0,0,5,20.0,1,4.0,2.02,0.78,0.33,0.33,89.2,190.0,15.789473684210526,0.0,0.0,5.92,1.81,-0.14,2.4,0.12,0.0,-4.838709677,0.245,0.271,4.838709677,-0.135,-0.125,-0.184,-0.126,14.3,45.4,5.817148125146149,5.368849808494278,33.88871902396379,0.5714285714285714,36.57864531814897,29.039146051519904,SF
Jordan Lawlar,691783,2026,23,124,136,32,6,28.7,3.7,0.258,0.46,16,57,18,0.249,0.401,0.34,0.314,0.009,0.059,0.026,3.8,58.7,88.4,38.4,7.0,31.4,98.574308293,93.588601585,67.2,26.7,83.5,47.4,26.9,45.9,44.2,36.0,34.9,26.7,ARI,50,691783,534,9.4,0.182,0.182,0.286,0.364,0.268,0.451,0.32,2,11,90.9,-2.1,2255,87.7,87.92,7,21,29,0.2000000000000028,6.44,109,150,114,148,299,330,296,0.524,-0.524,62.2,7.0,4.60892105,12,7,0,2,0,0,4,33.3,1,8.3,2.52,0.48,0.37,-0.37,95.0,174.0,57.14285714285714,28.57142857142857,16.666666666666664,5.51,2.4,0.23,2.33,0.25,2.0,-1.048,0.377,0.703,1.048,-0.138,-0.127,-0.339,-0.183,33.3,31.9,14.874268318412083,-2.425681461084826,35.72715059155248,0.4761904761904761,36.37332884667114,30.90884990420269,ARI
Josh Jung,673962,2026,28,398,444,119,12,18.0,7.9,0.299,0.462,42,184,54,0.285,0.44,0.362,0.348,0.014,0.022,0.014,8.4,56.4,90.7,41.1,7.2,49.2,100.183736149,94.6575581,67.1,29.3,90.6,47.9,18.5,47.4,39.3,42.4,23.1,31.2,TEX,81,673962,1626,5.0,0.455,0.318,0.5,0.773,0.532,0.389,0.31,10,22,93.3,11.6,2188,89.7,89.65,4,46,35,0.0,6.32,104,152,127,146,309,330,292,-4.065,4.065,68.4,6.9,3.57403354,23,19,5,4,0,1,3,13.0,1,4.3,2.21,0.67,0.41,-0.41,92.2,194.0,68.42105263157895,15.789473684210526,13.043478260869565,5.81,1.98,-0.04,2.14,0.478,3.0,5.018518519,0.34,0.579,-5.018518519,0.145,0.1379999999999999,0.194,0.143,8.7,40.2,7.791704888453402,8.102747838697654,40.50308008502412,0.5,34.26313911233676,27.42388956988014,TEX
Yohel Pozo,650968,2026,29,60,62,15,1,14.5,1.6,0.25,0.317,7,19,4,0.253,0.313,0.251,0.252,-0.003,0.004,-0.001,7.7,47.5,86.6,34.6,1.9,25.0,95.627254615,91.8645575,71.7,51.3,90.1,45.4,18.9,60.6,32.7,44.2,15.4,30.8,BAL,13,650968,218,6.0,0.6,0.0,0.6,0.6,0.534,0.415,0.436,3,5,89.4,16.6,2208,86.4,86.66,0,6,7,0.2999999999999971,6.68,108,153,129,150,295,315,284,-0.774,0.774,71.3,7.2,,5,5,3,0,0,0,0,0.0,0,0.0,2.43,0.7,0.17,-0.17,91.9,174.0,40.0,0.0,0.0,5.36,3.22,0.11,2.37,0.6,0.0,5.953846154,0.436,0.519,-5.953846154,0.164,0.1639999999999999,0.081,0.119,0.0,23.0,3.081154146317981,8.281918164461926,30.10623201652122,0.5,37.364799452560106,24.058745654476617,BAL
Marcus Semien,543760,2026,35,494,547,106,15,19.0,8.2,0.215,0.34,49,168,55,0.24,0.375,0.276,0.3,-0.025,-0.035,-0.024,2.6,58.1,86.8,33.6,5.8,33.3,97.000149286,92.545980638,71.4,27.3,85.8,49.9,23.0,49.3,47.0,36.9,32.8,22.2,NYM,97,543760,2070,4.7,0.19,0.19,0.188,0.381,0.282,0.249,0.17,4,21,91.7,26.5,2263,87.2,87.19,11,45,52,0.0,6.37,104,151,119,143,301,328,294,0.019,-0.019,67.9,7.6,2.358624421,23,17,2,1,0,1,4,17.4,2,8.7,2.63,0.42,0.48,-0.48,91.2,173.0,41.17647058823529,5.88235294117647,4.3478260869565215,5.89,2.11,0.16,2.37,0.261,1.0,-0.019587629,0.243,0.32,0.019587629,0.02,0.018,0.061,0.033,24.4,38.3,13.114270469273782,-0.1697057246490521,32.71874258600733,0.5111111111111111,34.366222936812555,28.02786836968651,NYM
Will Smith,669257,2026,31,235,276,61,10,16.3,12.3,0.26,0.426,34,100,35,0.279,0.502,0.345,0.389,-0.019,-0.076,-0.044,6.4,65.8,89.1,43.3,12.4,41.2,99.794320103,94.064249742,62.9,20.9,87.9,49.2,16.7,41.6,29.9,27.3,40.2,27.3,LAD,90,669257,1179,7.6,0.286,0.286,0.25,0.571,0.438,0.398,0.262,4,14,78.6,7.8,2215,88.5,88.52,3,32,58,0.0,6.3,107,153,122,147,303,327,292,-2.793,2.793,68.6,7.4,1.091851556,18,13,2,1,0,1,1,5.6,4,22.2,2.36,0.57,0.5,-0.5,90.0,176.0,30.76923076923077,7.6923076923076925,5.555555555555555,5.85,2.54,0.31,2.24,0.444,1.0,3.103333333,0.426,0.475,-3.103333333,0.024,0.018,0.096,0.04,9.4,38.5,12.149112544982614,4.153775260443662,34.5278007224428,0.65625,39.21585656636344,28.20954830647371,LAD
Luke Keaschall,807712,2026,23,528,620,149,10,14.0,9.5,0.282,0.407,52,215,86,0.25,0.368,0.348,0.321,0.032,0.039,0.027,9.4,49.9,85.4,35.0,3.8,29.1,96.573873378,92.291221351,63.6,22.6,90.0,48.8,16.9,42.6,39.0,37.0,29.7,24.4,MIN,96,807712,2318,4.1,0.364,0.273,0.333,0.636,0.419,0.334,0.302,8,22,85.0,12.9,2185,87.5,87.68,8,44,52,0.2000000000000028,6.47,106,151,115,146,298,321,291,-3.142,3.142,66.0,6.5,4.812940329,24,22,5,1,1,1,1,4.2,1,4.2,2.39,0.65,0.47,-0.47,91.2,158.0,31.818181818181817,4.545454545454546,4.166666666666666,5.79,1.87,0.01,2.19,0.375,1.0,3.272916667,0.322,0.451,-3.272916667,0.062,0.0529999999999999,0.185,0.085,18.2,40.1,8.595048563632425,-3.630945313900416,38.971549097188415,0.4523809523809524,35.93073399327647,33.66964606448322,MIN
Luis Campusano,669134,2026,27,215,248,57,8,21.4,12.1,0.265,0.433,30,93,24,0.239,0.391,0.353,0.327,0.026,0.042,0.026,29.7,63.3,87.3,37.7,8.1,37.7,98.81458963,93.52656118,66.5,29.2,84.8,46.6,26.0,46.6,41.4,37.7,24.1,24.7,SD,25,669134,1002,2.5,0.375,0.375,0.333,0.75,0.479,0.286,0.251,3,8,91.1,10.6,2259,90.1,89.66,0,10,15,-0.3999999999999915,5.96,97,153,123,148,297,321,292,-0.473,0.473,70.1,8.0,,8,7,2,0,0,1,1,12.5,0,0.0,2.06,0.76,0.57,-0.57,93.5,138.0,57.14285714285714,0.0,0.0,5.6,2.44,0.26,2.2,0.375,0.0,1.892,0.251,0.416,-1.892,0.124,0.124,0.334,0.193,0.0,36.0,9.25608987173112,-0.0619338627111947,28.432837625312956,0.5,38.72898422795873,22.534588120218107,SD
Lucas Spence,828599,2026,23,55,63,12,4,34.9,11.1,0.218,0.509,12,28,9,0.197,0.389,0.355,0.305,0.021,0.12,0.05,32.7,52.0,91.9,39.4,12.1,48.5,101.94738,95.727673939,71.3,24.8,70.7,46.4,38.3,46.4,54.5,45.5,24.2,27.3,HOU,21,828599,248,8.5,0.333,0.5,0.5,0.833,0.476,0.38,0.289,2,6,89.7,18.8,2238,90.1,89.85,4,10,11,-0.2999999999999971,6.32,112,149,107,152,287,319,306,-1.028,1.028,73.1,6.6,0.504981149,6,4,0,1,1,0,2,33.3,0,0.0,1.96,0.93,0.66,0.66,95.7,249.0,50.0,25.0,16.666666666666664,5.66,2.77,-0.11,2.36,0.333,1.0,4.895238095,0.289,0.623,-4.895238095,0.044,0.044,0.21,0.096,40.0,37.4,2.6910873076373143,5.9361563965120006,31.289053686430787,0.4,31.768600113381368,27.913993941862817,HOU
Konnor Griffin,804606,2026,20,312,339,85,6,24.2,5.9,0.272,0.404,33,126,43,0.262,0.404,0.32,0.316,0.01,0.0,0.004,55.8,46.6,88.1,33.6,7.0,37.5,100.514009123,94.37599163,68.1,37.6,80.5,46.7,28.9,51.8,38.8,50.9,18.1,27.2,PIT,111,804606,1322,8.4,0.381,0.143,0.421,0.524,0.43,0.484,0.48,8,21,87.7,14.4,2185,86.8,86.81,8,54,57,0.0,6.3,111,153,122,147,306,319,284,-1.937,1.937,71.2,7.6,4.495709554,24,19,6,1,1,0,2,8.3,2,8.3,2.77,0.3,0.38,-0.38,90.8,160.0,15.789473684210526,0.0,0.0,5.52,1.71,-0.19,2.2,0.458,0.0,1.745045045,0.545,0.562,-1.745045045,-0.099,-0.087,-0.038,-0.054,14.8,36.4,8.919617091492364,-1.0866566090973753,35.07213780503805,0.4339622641509434,38.1928518629627,32.69210690591453,PIT
Drew Cavanaugh,701852,2026,24,144,166,33,1,30.1,10.8,0.229,0.292,12,42,9,0.236,0.337,0.28,0.298,-0.007,-0.045,-0.018,4.2,38.5,85.2,42.9,4.1,28.6,97.847087826,92.982145761,67.1,27.0,81.6,47.9,29.2,46.2,28.6,44.9,21.4,26.5,SF,13,701852,660,2.0,0.333,0.333,0.5,0.667,0.42,0.17,0.188,1,3,71.2,27.5,2498,90.6,90.85,2,6,7,0.3000000000000113,6.46,113,145,118,149,293,319,312,-0.064,0.064,68.8,6.6,0.80240022,3,2,0,1,0,0,1,33.3,0,0.0,2.15,0.67,0.08,0.08,88.0,144.0,0.0,0.0,0.0,5.38,2.84,0.06,2.42,0.333,0.0,0.492307692,0.188,0.208,-0.492307692,0.145,0.145,0.459,0.25,33.3,36.0,3.803095162200389,3.021864322671126,41.28729951217528,0.5,37.41753811445823,26.039912426599177,SF
Dane Myers,667472,2026,30,292,334,75,8,24.6,11.1,0.257,0.377,27,110,39,0.236,0.356,0.324,0.309,0.021,0.021,0.015,18.4,50.1,89.2,33.5,4.9,36.3,98.774903,93.702558844,62.5,25.2,82.5,48.2,21.6,43.2,25.9,45.3,24.5,23.6,CIN,96,667472,1385,6.9,0.091,0.0,0.133,0.091,0.132,0.255,0.221,2,22,89.1,6.8,2283,91.0,91.15,12,40,56,0.0999999999999943,6.52,113,154,119,149,305,318,293,3.742,-3.742,70.2,6.9,2.145651752,24,15,2,0,0,0,7,29.2,2,8.3,2.21,0.59,0.53,-0.53,92.2,168.0,35.714285714285715,0.0,0.0,5.64,2.15,0.04,2.33,0.167,0.0,-3.897916667,0.289,0.266,3.897916667,-0.13,-0.1219999999999999,-0.175,-0.123,30.0,36.1,8.594653659043491,11.429333459259809,28.217353928698586,0.5588235294117647,37.68971833081494,23.68706742112696,CIN
Junior Caminero,691406,2026,22,616,702,170,42,18.4,11.3,0.276,0.524,101,323,100,0.273,0.499,0.375,0.364,0.003,0.025,0.011,84.9,62.1,92.7,27.1,13.1,49.7,105.207732408,97.122382367,62.9,30.5,84.5,43.1,24.1,44.4,45.1,48.8,22.2,20.2,TB,96,691406,2761,3.5,0.211,0.105,0.267,0.316,0.309,0.373,0.25,4,19,87.9,20.1,2122,87.7,87.64,11,42,54,-0.1000000000000085,6.35,110,152,128,147,301,330,298,0.889,-0.889,76.0,8.5,2.304265871,24,15,2,2,0,0,4,16.7,5,20.8,2.5,0.53,0.52,-0.52,92.6,147.0,40.0,13.333333333333334,8.333333333333332,6.04,1.79,0.04,2.15,0.375,2.0,-0.926041667,0.38,0.47,0.926041667,-0.039,-0.005,-0.154,-0.064,26.2,42.6,9.39095942956273,-5.013559696641063,27.674513984827797,0.5853658536585366,37.61578311426248,36.30566508262668,TB
Ty France,664034,2026,31,440,500,130,21,21.6,7.4,0.295,0.502,72,221,59,0.248,0.421,0.373,0.327,0.047,0.081,0.046,21.5,47.7,91.5,38.5,9.1,47.4,100.873362,95.076991032,76.9,34.5,83.0,46.6,28.1,54.3,38.8,41.8,25.3,25.9,SD,27,664034,1987,1.4,0.25,0.0,0.333,0.25,0.386,0.467,0.324,1,4,101.0,-0.7,2445,88.2,88.61,4,12,15,0.3999999999999915,6.43,105,152,124,148,307,329,294,-0.632,0.632,68.8,7.9,6.879011676,6,3,1,0,0,0,1,16.7,1,16.7,2.17,0.79,0.22,-0.22,92.9,141.0,66.66666666666666,0.0,0.0,5.68,1.83,-0.09,2.44,0.5,0.0,2.340740741,0.549,0.484,-2.340740741,-0.074,-0.049,-0.234,-0.081,33.3,41.8,11.876172231459703,2.794184759640109,37.59304024949617,0.5454545454545454,34.850975890074245,27.63208473250903,SD
Jose Fernandez,699912,2026,22,204,222,52,3,23.0,5.0,0.255,0.343,16,70,26,0.245,0.342,0.287,0.281,0.01,0.001,0.006,42.9,46.7,87.8,28.5,3.8,38.6,100.3141396,94.264477919,56.4,36.4,86.1,47.0,24.9,45.8,41.1,48.7,11.4,25.3,ARI,29,699912,869,3.3,0.143,0.0,0.25,0.143,0.127,0.193,0.207,1,7,97.3,-5.0,2002,85.7,86.1,6,13,16,0.3999999999999915,6.44,106,151,117,148,305,332,292,0.611,-0.611,72.6,8.3,6.257068354,7,4,1,0,0,0,3,42.9,0,0.0,2.6,0.56,0.68,-0.68,98.1,102.0,75.0,0.0,0.0,5.71,2.29,0.21,2.2,0.143,0.0,-2.106896552,0.207,0.235,2.106896552,-0.064,-0.064,-0.092,-0.066,46.2,30.5,14.353663755977225,-13.216460719894371,34.870109724978164,0.3076923076923077,40.11091339615164,35.975688869448014,ARI
Kaelen Culpepper,701785,2026,23,117,128,32,3,21.9,4.7,0.274,0.393,11,46,15,0.236,0.351,0.32,0.287,0.038,0.042,0.033,36.3,58.6,87.4,35.6,3.4,31.1,97.557599556,92.881340112,67.0,42.8,86.8,46.2,26.4,54.0,42.2,41.1,24.4,24.4,MIN,37,701785,491,7.5,0.125,0.0,0.2,0.125,0.18,0.158,0.093,1,8,80.6,4.8,2241,87.7,88.25,5,20,17,0.5999999999999943,6.59,104,153,122,148,297,325,288,1.127,-1.127,73.1,7.2,5.47959174,9,5,1,0,0,0,3,33.3,0,0.0,2.56,0.45,0.41,-0.41,88.9,171.0,20.0,0.0,0.0,5.73,1.18,0.12,2.08,0.222,0.0,-3.045945946,0.194,0.108,3.045945946,0.032,0.0279999999999999,0.017,0.022,25.0,42.8,11.143523481517272,-9.036867573395098,31.186281444101912,0.5,33.343217113021275,36.473770280299966,MIN
Taylor Walls,670764,2026,29,369,433,82,2,24.2,10.4,0.222,0.298,36,110,60,0.19,0.261,0.278,0.251,0.032,0.037,0.027,1.8,61.6,85.6,32.1,2.2,21.9,95.29496336,91.704933333,62.0,25.6,84.8,48.2,22.0,43.2,41.1,42.5,27.9,19.6,TB,35,670764,1699,2.1,0.25,0.0,0.4,0.25,0.275,0.285,0.244,2,8,88.5,5.0,2099,85.6,85.38,4,18,17,-0.1999999999999886,6.27,107,149,106,146,295,325,285,0.618,-0.618,66.0,7.3,11.812519656,9,5,2,0,0,0,3,33.3,1,11.1,2.73,0.46,0.16,-0.16,91.0,157.0,40.0,0.0,0.0,5.94,1.85,0.19,2.25,0.333,0.0,-1.765714286,0.328,0.29,1.765714286,0.006,0.005,-0.04,-0.01,22.2,44.4,13.94597998679943,-5.557992225041599,31.79096956847881,0.7222222222222222,36.63854302372002,32.323272269928964,TB
Shea Langeliers,669127,2026,28,424,467,111,23,23.3,7.9,0.262,0.474,58,201,58,0.266,0.491,0.347,0.352,-0.004,-0.017,-0.005,52.0,61.8,91.3,37.3,13.3,43.0,102.074391139,95.355812373,71.7,33.1,81.4,44.8,28.9,50.4,40.5,35.8,29.7,25.3,OAK,32,669127,1782,1.8,0.286,0.143,0.4,0.429,0.307,0.326,0.328,2,7,94.6,10.2,2098,87.5,88.18,3,18,14,0.7000000000000028,6.72,101,151,128,148,304,333,302,0.096,-0.096,72.7,7.2,1.449601962,7,5,1,1,0,0,2,28.6,0,0.0,2.39,0.63,0.47,-0.47,93.3,122.0,40.0,0.0,0.0,5.79,1.68,0.12,2.12,0.286,0.0,-0.3,0.328,0.424,0.3,-0.042,-0.042,0.005,-0.019,16.7,46.0,12.771973005942478,-0.965279133907107,30.519567410933323,0.8888888888888888,41.671505499358425,33.66866049683968,OAK
Salvador Perez,521692,2026,36,580,627,133,21,19.0,4.0,0.229,0.383,78,222,50,0.25,0.439,0.285,0.316,-0.021,-0.056,-0.031,18.9,56.9,89.2,35.3,10.7,42.7,100.401931111,94.391887885,72.4,44.6,86.2,41.8,25.0,56.2,40.2,38.5,30.1,25.2,KC,70,521692,2349,3.0,0.235,0.0,0.286,0.235,0.237,0.416,0.337,4,17,94.3,24.5,2296,90.0,90.23,7,37,33,0.2000000000000028,6.5,106,151,125,144,293,326,296,1.253,-1.253,69.8,7.5,3.410904895,18,14,4,0,0,0,3,16.7,1,5.6,2.2,0.66,0.38,-0.38,92.8,193.0,50.0,14.285714285714285,11.11111111111111,5.72,2.04,0.15,2.66,0.278,2.0,-1.79,0.374,0.605,1.79,-0.102,-0.0959999999999999,-0.37,-0.179,18.9,35.5,11.08877250454614,2.043748449011905,35.43668324335163,0.6216216216216216,36.37625937497346,25.628512111128256,KC
Nelson Velázquez,676369,2026,27,101,113,19,6,33.6,8.0,0.188,0.406,18,41,12,0.232,0.486,0.286,0.339,-0.044,-0.08,-0.053,52.0,55.2,94.8,41.5,13.8,61.5,103.143481818,97.125894923,67.3,31.6,73.6,48.5,39.2,48.9,43.1,26.2,36.9,30.8,HOU,17,676369,455,3.7,0.0,0.0,0.0,0.0,0.175,0.21,0.042,0,3,92.7,24.0,2350,87.6,87.38,3,8,9,-0.1999999999999886,6.35,111,152,123,147,299,326,296,0.341,-0.341,73.9,8.2,12.387660428,4,1,0,0,0,0,2,50.0,1,25.0,2.59,0.48,0.22,-0.22,92.2,230.0,0.0,0.0,0.0,6.1,1.93,-0.31,2.26,0.25,0.0,-2.005882353,0.281,0.075,2.005882353,-0.042,-0.031,-0.075,-0.035,37.5,50.4,23.713249765555627,-24.341171814049154,36.35355946437632,0.0,32.33335654071669,42.61504460473272,HOU
Alika Williams,675961,2026,27,215,231,58,4,21.6,4.3,0.27,0.428,16,92,29,0.217,0.299,0.319,0.248,0.053,0.129,0.071,3.1,44.5,84.7,30.8,1.2,32.7,97.052140482,92.554231818,68.5,37.1,88.6,50.7,22.4,52.9,43.8,46.2,23.1,21.9,OAK,15,675961,835,1.8,0.2,0.0,0.2,0.2,0.178,0.29,0.248,1,5,86.6,6.0,2061,84.8,85.37,1,9,6,0.6000000000000085,6.77,103,153,112,149,301,325,289,0.021,-0.021,62.8,6.5,6.242203152,5,5,1,0,0,0,0,0.0,0,0.0,3.08,0.14,0.25,-0.25,91.6,146.0,40.0,0.0,0.0,5.85,1.46,0.04,1.61,0.2,0.0,-0.14,0.248,0.431,0.14,-0.048,-0.0479999999999999,-0.231,-0.112,11.1,49.6,4.9688733402754846,-7.905413067544105,39.81442321811435,0.4444444444444444,35.037686748341365,31.885023083597908,OAK
Ryan McMahon,641857,2026,31,328,360,70,11,29.4,7.8,0.213,0.357,41,117,33,0.23,0.381,0.282,0.297,-0.017,-0.024,-0.015,49.0,50.2,90.5,32.1,9.0,44.8,101.386570182,95.088092055,62.9,28.2,82.3,49.6,30.2,45.5,41.5,41.1,31.3,23.2,NYY,4,641857,1487,0.3,0.0,0.0,0.0,0.0,0.0,0.273,0.303,0,2,76.9,25.0,2286,90.2,90.92,0,2,2,0.7000000000000028,6.98,114,149,111,154,273,323,296,0.544,-0.544,74.5,7.0,,2,2,0,0,0,0,0,0.0,0,0.0,2.36,0.51,0.46,0.46,88.0,243.0,0.0,0.0,0.0,5.57,2.43,-0.39,1.94,0.0,0.0,-13.6,0.303,0.321,13.6,-0.303,-0.303,-0.321,-0.273,0.0,36.6,6.592991810874423,5.190262042923158,38.77860106505794,0.5,32.60675952876676,23.21895688114966,NYY
Miguel Vargas,678246,2026,26,588,704,147,33,17.9,14.3,0.25,0.474,93,279,106,0.263,0.496,0.363,0.378,-0.013,-0.022,-0.015,42.5,65.0,90.1,39.4,13.0,43.8,100.367790769,94.615853953,68.9,20.9,82.4,47.9,21.0,43.9,46.7,30.1,35.4,23.9,CWS,96,678246,2803,3.4,0.25,0.0,0.294,0.25,0.29,0.29,0.231,5,20,87.0,23.1,2230,88.7,88.75,7,36,60,0.0999999999999943,6.35,106,150,124,145,300,323,291,0.818,-0.818,72.8,7.7,1.244116422,25,17,5,0,0,0,4,16.0,4,16.0,2.5,0.44,0.4,-0.4,90.8,150.0,29.411764705882355,0.0,0.0,5.77,1.79,0.22,2.32,0.36,0.0,-0.852083333,0.345,0.275,0.852083333,0.019,0.015,-0.025,0.0,19.4,39.0,12.464165164994965,-1.313096791663293,32.506703353414,0.7222222222222222,34.77718164697572,35.09520873357386,CWS
Pete Crow-Armstrong,691718,2026,24,626,726,175,45,25.8,11.4,0.28,0.57,107,357,119,0.264,0.508,0.4,0.374,0.016,0.062,0.026,53.6,51.3,90.6,38.1,13.3,48.6,102.38778711,95.808047982,68.6,34.2,82.8,46.0,26.3,50.1,51.1,31.3,33.6,23.4,CHC,80,691718,2922,2.7,0.125,0.0,0.182,0.125,0.111,0.166,0.159,2,16,87.0,14.6,2138,87.7,87.75,8,46,34,0.0,6.36,120,145,112,150,289,328,307,2.934,-2.934,73.9,7.7,3.593125315,16,11,2,0,0,0,5,31.3,0,0.0,2.5,0.51,0.7,0.7,92.0,114.0,18.181818181818183,0.0,0.0,5.7,2.49,-0.21,2.03,0.125,0.0,-3.6675,0.159,0.23,3.6675,-0.034,-0.034,-0.105,-0.055,17.4,34.6,17.274894553964955,-14.550111112143918,33.34890456577476,0.5581395348837209,32.362042540885376,42.04635376424136,CHC
Ali Sánchez,645305,2026,29,86,92,21,1,27.2,1.1,0.244,0.302,8,26,7,0.239,0.306,0.258,0.256,0.005,-0.004,0.002,7.4,60.4,83.7,36.5,3.2,28.6,95.22307129,91.77613623,65.6,34.6,84.5,50.6,21.8,50.3,38.1,42.9,17.5,23.8,NYY,7,645305,310,2.3,0.0,0.0,0.0,0.0,0.0,0.006,0.006,0,3,77.2,64.0,2307,90.5,90.63,1,4,3,0.0999999999999943,6.43,100,147,117,145,298,319,283,0.904,-0.904,65.5,6.2,3.815900292,3,2,0,0,0,0,1,33.3,0,0.0,2.09,0.72,0.62,-0.62,88.0,95.0,0.0,0.0,0.0,5.6,1.89,-0.38,2.31,0.0,0.0,-12.914285714,0.006,0.007,12.914285714,-0.006,-0.006,-0.007,-0.006,25.0,27.0,2.331901226880346,12.486556849068611,36.32374207886564,0.5,31.43409737869389,25.18798064108951,NYY
Drew Gilbert,687551,2026,25,340,393,81,11,18.1,9.9,0.238,0.394,43,134,53,0.26,0.4,0.32,0.334,-0.022,-0.006,-0.014,6.3,42.1,86.8,36.5,5.9,37.2,98.388191045,93.199814328,59.6,25.1,88.7,48.6,22.4,41.8,43.4,43.4,20.4,25.5,SF,18,687551,1567,1.1,0.0,0.0,0.0,0.0,0.175,0.187,0.018,0,3,75.8,-35.0,2352,90.3,89.79,2,5,13,-0.5,6.01,115,148,106,152,294,317,297,0.433,-0.433,65.9,7.1,6.523459536,4,1,0,0,0,0,2,50.0,1,25.0,2.12,0.73,0.52,0.52,88.0,116.0,0.0,0.0,0.0,5.62,1.89,-0.27,2.3,0.25,0.0,-2.405555556,0.264,0.019,2.405555556,-0.018,-0.014,-0.019,-0.012,40.0,32.9,3.682839882980275,4.787189589214874,28.266172308765757,0.4,37.47497287896373,24.333513330680013,SF
Teoscar Hernández,606192,2026,33,442,491,118,16,27.5,8.6,0.267,0.425,64,188,66,0.256,0.437,0.332,0.332,0.011,-0.012,0.0,25.2,54.3,90.3,33.5,10.7,44.8,101.503400065,95.079105599,67.1,31.2,77.0,46.8,32.6,48.0,34.5,44.2,28.7,20.3,LAD,79,606192,1951,4.0,0.3,0.15,0.417,0.45,0.359,0.334,0.27,6,20,89.6,9.5,2171,89.1,88.99,16,45,34,-0.0999999999999943,6.23,114,153,122,148,301,327,293,-1.125,1.125,71.9,7.7,3.444149471,22,13,5,0,0,1,7,31.8,2,9.1,2.28,0.63,0.54,-0.54,91.7,144.0,38.46153846153847,7.6923076923076925,4.545454545454546,5.76,2.54,0.2,2.25,0.364,1.0,1.424050633,0.336,0.43,-1.424050633,0.03,0.0279999999999999,0.02,0.025,35.6,37.6,8.456275790394427,6.820102384852196,33.62010479559522,0.5111111111111111,39.641176852183065,28.06525430601927,LAD
Josue De Paula,800543,2026,21,31,42,10,1,11.9,26.2,0.323,0.581,7,18,7,0.311,0.496,0.466,0.437,0.012,0.085,0.029,25.0,49.1,89.2,46.2,11.5,46.2,99.056430769,93.653655385,61.6,18.6,88.9,42.9,19.0,37.1,46.2,34.6,23.1,42.3,LAD,54,800543,170,31.8,0.4,0.3,0.4,0.7,0.518,0.417,0.345,4,10,89.8,4.2,2258,89.6,89.44,1,20,34,-0.1999999999999886,6.22,113,148,123,154,283,317,302,-1.557,1.557,68.0,6.8,3.398815536,13,10,2,1,1,0,0,0.0,3,23.1,2.38,0.49,0.51,0.51,92.0,154.0,50.0,0.0,0.0,5.72,2.39,-0.35,2.1,0.538,0.0,2.883333333,0.496,0.425,-2.883333333,0.055,0.042,0.275,0.101,5.0,33.5,3.7669143627219377,3.037580664438516,37.90021801671511,0.35,34.28368399715937,27.245479799135413,LAD
Scott Bandura,814154,2026,24,29,30,6,0,56.7,3.3,0.207,0.241,1,7,2,0.12,0.147,0.214,0.136,0.087,0.094,0.078,6.8,50.8,81.0,50.0,0.0,25.0,90.658333333,90.59615,64.5,40.9,65.0,48.4,38.8,52.3,41.7,33.3,16.7,33.3,SF,46,814154,128,35.9,0.333,0.083,0.667,0.417,0.328,0.139,0.141,4,12,82.5,26.8,2390,89.9,90.29,12,28,18,0.3999999999999915,6.51,110,147,105,151,285,316,297,-0.208,0.208,64.4,6.4,1.63732734,12,6,3,1,0,0,6,50.0,0,0.0,2.18,0.68,0.12,0.12,89.5,173.0,33.33333333333333,0.0,0.0,5.93,1.45,-0.38,2.21,0.333,0.0,0.452173913,0.141,0.181,-0.452173913,0.192,0.192,0.236,0.189,42.9,47.0,5.546897617265708,-2.313178312539532,33.37774023349395,0.5357142857142857,39.07189032733647,31.730963988941824,SF
A.J. Ewing,805999,2026,21,436,492,110,11,25.4,9.3,0.252,0.376,43,164,55,0.255,0.399,0.311,0.32,-0.003,-0.023,-0.009,12.6,40.6,89.6,35.1,7.5,42.3,100.034776474,94.356587331,67.4,26.7,84.5,47.6,24.6,46.1,31.0,46.1,24.5,25.4,NYM,102,805999,1932,5.3,0.095,0.0,0.143,0.095,0.161,0.222,0.13,2,21,91.1,9.9,2268,87.9,88.17,12,42,60,0.2999999999999971,6.54,114,147,109,151,290,326,300,3.422,-3.422,64.9,6.2,4.01155733,24,14,2,0,0,0,7,29.2,3,12.5,2.44,0.56,0.28,0.28,91.1,142.0,46.15384615384615,15.384615384615383,8.333333333333332,5.83,2.13,-0.16,2.04,0.208,2.0,-3.354901961,0.243,0.226,3.354901961,-0.035,-0.035,-0.131,-0.061,28.6,38.0,11.153255601424048,2.6239637197411807,35.29737375897941,0.5,31.117056893279276,30.31511990799904,NYM
Michael Busch,683737,2026,28,600,710,145,20,23.2,13.0,0.242,0.393,77,236,78,0.233,0.402,0.333,0.331,0.009,-0.009,0.002,5.4,49.6,88.4,34.3,9.1,39.8,98.887664018,93.612834247,64.5,25.0,84.0,47.5,25.7,43.7,39.5,39.8,34.3,21.4,CHC,54,683737,2824,1.9,0.455,0.273,0.444,0.727,0.553,0.489,0.374,5,11,89.5,10.5,2208,88.3,88.23,5,22,32,-0.0999999999999943,6.35,116,146,115,149,287,325,303,-3.477,3.477,67.8,6.9,3.577742394,14,10,4,0,0,1,1,7.1,2,14.3,2.42,0.54,0.59,0.59,90.9,137.0,30.0,10.0,7.142857142857142,5.7,2.22,-0.28,2.14,0.571,1.0,6.438888889,0.508,0.639,-6.438888889,0.081,0.0629999999999999,0.088,0.064,22.7,35.1,12.221551180099656,-2.21057893667834,32.341383453742004,0.5714285714285714,34.19442174954995,33.077612926600544,CHC
Jac Caglianone,695506,2026,23,512,553,148,23,26.0,6.0,0.289,0.494,75,253,72,0.283,0.5,0.36,0.357,0.006,-0.006,0.003,72.8,43.8,93.3,33.9,13.0,54.7,105.528979243,97.619020786,73.0,39.6,82.9,44.7,29.4,54.6,46.1,45.8,22.8,28.7,KC,54,695506,1976,2.7,0.231,0.077,0.375,0.308,0.298,0.322,0.269,3,13,94.2,7.1,2364,89.2,89.4,11,33,21,0.2000000000000028,6.5,115,147,126,150,295,329,304,-0.114,0.114,71.7,7.7,2.358880309,15,8,2,1,0,0,5,33.3,1,6.7,2.46,0.46,0.23,0.23,92.0,120.0,50.0,0.0,0.0,5.71,1.97,-0.15,2.07,0.333,0.0,0.211111111,0.366,0.334,-0.211111111,-0.038,-0.0329999999999999,-0.026,-0.024,33.3,35.4,8.113178478024592,-0.1674896265063836,30.945227693962245,0.3636363636363636,37.8767502228127,29.684813975674054,KC
Andrés Chaparro,665953,2026,27,198,228,52,13,23.2,11.0,0.263,0.525,39,104,36,0.233,0.451,0.383,0.344,0.03,0.074,0.039,44.8,52.2,89.9,29.0,13.1,44.1,101.366810548,95.09789131,71.3,32.0,78.8,44.0,32.4,49.3,50.3,40.7,29.0,18.6,WSH,76,665953,871,8.7,0.278,0.556,0.2,0.833,0.485,0.391,0.223,5,18,94.6,22.5,2073,87.4,87.8,10,33,43,0.3999999999999915,6.57,109,153,126,147,306,325,294,-3.44,3.44,73.7,7.3,6.01456788,20,13,1,1,0,3,5,25.0,2,10.0,2.8,0.25,0.65,-0.65,94.3,197.0,53.84615384615385,30.76923076923077,20.0,5.66,2.14,0.16,2.0,0.35,4.0,4.526315789,0.301,0.636,-4.526315789,0.055,0.0489999999999999,0.197,0.094,30.3,33.7,12.184982649920176,-9.93075034237572,31.236167216717668,0.4848484848484848,39.0537049357054,34.20890889755908,WSH
Chandler Simpson,802415,2026,25,571,612,175,0,7.8,4.2,0.306,0.356,38,203,66,0.261,0.297,0.305,0.263,0.045,0.059,0.042,0.5,35.6,83.7,25.7,0.0,13.6,92.64553498,90.407096826,65.1,31.2,93.2,51.3,10.8,48.5,29.2,61.5,14.1,21.6,TB,84,802415,1951,4.3,0.259,0.037,0.28,0.296,0.245,0.222,0.24,7,27,82.5,-2.3,2152,88.3,88.15,9,47,37,-0.2000000000000028,6.36,104,139,91,141,271,311,288,0.404,-0.404,60.0,6.5,5.19981577,27,25,6,1,0,0,2,7.4,0,0.0,2.48,0.51,0.61,0.61,89.9,85.0,12.0,0.0,0.0,5.77,1.87,-0.01,2.25,0.259,0.0,-0.480952381,0.24,0.266,0.480952381,0.019,0.019,0.03,0.023,19.1,37.4,3.808341646378293,-3.6721576424391063,29.61759516356828,0.3720930232558139,37.249771751804296,26.143094486654068,TB
Brett Sullivan,664954,2026,32,218,237,49,7,16.9,5.5,0.225,0.39,33,85,23,0.235,0.354,0.285,0.281,-0.01,0.036,0.004,4.8,58.8,86.9,32.2,3.8,33.3,96.916041111,92.519100782,69.3,33.3,88.1,51.1,17.5,51.7,50.8,35.5,27.3,25.7,COL,40,664954,830,4.8,0.083,0.0,0.1,0.083,0.074,0.251,0.264,1,12,89.9,11.7,2292,90.1,90.31,3,20,20,0.2000000000000028,6.27,116,143,104,149,292,327,303,2.435,-2.435,65.2,6.8,0.735852937,12,10,1,0,0,0,2,16.7,0,0.0,2.31,0.52,0.44,0.44,91.0,140.0,50.0,0.0,0.0,5.85,2.25,-0.07,2.19,0.083,0.0,-6.0875,0.264,0.308,6.0875,-0.181,-0.181,-0.225,-0.177,15.0,37.8,5.048376094636184,-1.1562548188649018,27.3283851770447,0.5,35.926877346846496,28.029163856220443,COL
Justin Crawford,702222,2026,22,425,465,112,3,17.6,5.8,0.264,0.353,41,150,48,0.257,0.328,0.294,0.284,0.007,0.025,0.01,6.1,39.4,87.1,28.6,2.0,35.1,98.072316272,93.092773145,69.3,37.6,88.0,49.6,17.7,53.3,28.9,58.9,16.4,21.0,PHI,31,702222,1681,1.8,0.222,0.444,0.167,0.667,0.368,0.438,0.294,2,9,86.1,-13.7,2227,89.3,89.69,1,14,17,0.4000000000000057,6.5,117,150,103,151,291,322,304,-0.298,0.298,61.6,6.5,0.624620652,9,7,0,1,0,1,2,22.2,0,0.0,2.04,0.85,0.52,0.52,90.4,128.0,28.57142857142857,28.57142857142857,22.22222222222222,5.78,1.9,-0.11,2.2,0.222,2.0,0.961290323,0.294,0.758,-0.961290323,-0.072,-0.0719999999999999,-0.091,-0.07,7.1,44.6,-3.0202507771973623,-3.764597685252997,30.54705595952461,0.2857142857142857,39.08690531424664,24.932173116906927,PHI
Ben Malgeri,701162,2026,26,120,140,30,5,25.7,12.1,0.25,0.417,20,50,18,0.243,0.354,0.341,0.317,0.007,0.063,0.024,2.9,36.6,90.1,38.8,7.1,42.4,100.28507,94.413937059,66.9,23.8,82.6,48.5,27.0,44.7,35.3,42.4,24.7,28.2,DET,44,701162,530,8.3,0.333,0.333,0.308,0.667,0.423,0.291,0.252,5,15,88.9,5.1,2208,88.1,88.49,1,18,26,0.4000000000000057,6.6,103,151,116,145,306,334,291,-0.753,0.753,68.3,6.4,0.1,15,14,2,2,0,1,1,6.7,0,0.0,2.4,0.58,0.48,-0.48,93.5,124.0,35.714285714285715,14.285714285714285,13.333333333333334,5.32,2.7,0.18,2.35,0.333,2.0,1.711363636,0.252,0.43,-1.711363636,0.081,0.081,0.237,0.132,5.6,33.0,4.341114562651157,7.920940618067259,38.40080158238595,0.5625,34.18416982899094,26.67017541866992,DET
Freddie Freeman,518692,2026,36,579,657,167,16,17.7,10.0,0.288,0.43,70,249,74,0.29,0.463,0.348,0.363,-0.002,-0.033,-0.015,7.5,42.8,89.5,38.7,8.1,41.3,99.86901312,94.167362927,73.3,29.3,82.7,47.2,23.2,50.1,33.4,43.2,26.0,27.7,LAD,73,518692,2732,2.7,0.167,0.0,0.25,0.167,0.148,0.169,0.173,3,18,90.4,21.6,2385,90.1,90.11,13,38,35,0.0,6.3,109,146,126,152,291,324,306,2.739,-2.739,67.6,6.5,2.794538525,18,12,3,0,0,0,6,33.3,0,0.0,2.01,0.82,0.28,0.28,91.4,191.0,41.66666666666667,0.0,0.0,5.88,2.42,-0.24,2.52,0.167,0.0,-3.752054795,0.173,0.218,3.752054795,-0.006,-0.0059999999999999,-0.051,-0.021,34.2,42.6,5.730905531178639,6.578191421762933,41.370355207227846,0.4736842105263157,42.48066553951132,22.577207675898165,LAD
Christian Vázquez,543877,2026,35,242,266,50,7,19.9,6.8,0.207,0.322,25,78,22,0.195,0.267,0.258,0.233,0.012,0.055,0.025,0.5,59.6,85.9,31.3,2.1,22.6,95.312310968,91.672859355,61.4,36.5,89.2,46.9,20.0,48.2,33.8,43.1,24.6,23.6,HOU,10,543877,1030,1.0,0.0,0.0,,0.0,0.0,0.0,,0,2,,,2091,89.9,89.62,1,4,6,-0.3000000000000113,6.28,107,154,127,147,304,323,284,0.526,-0.526,68.6,6.6,1.994961732,2,0,0,0,0,0,2,100.0,0,0.0,1.69,1.16,0.83,-0.83,88.0,165.0,,,,5.61,1.43,-0.41,2.78,0.0,,-5.26,,,5.26,,,,0.0,25.0,41.1,8.469684614435074,0.3449584097324454,24.87747238831717,0.5,30.776973603490163,31.84720379195959,HOU
Zac Veen,691728,2026,24,69,79,16,3,39.2,8.9,0.232,0.435,13,30,10,0.194,0.338,0.327,0.275,0.038,0.097,0.052,25.5,42.2,87.4,37.5,7.5,37.5,100.314036316,94.543508649,76.5,41.8,67.0,39.3,40.5,55.4,40.0,40.0,42.5,17.5,COL,23,691728,304,7.6,0.2,0.0,1.0,0.2,0.178,0.048,0.053,1,5,39.3,-68.0,2200,90.2,89.88,6,9,14,-0.2999999999999971,5.89,117,145,109,152,294,328,308,0.316,-0.316,66.9,7.2,1.881170259,5,1,1,0,0,0,4,80.0,0,0.0,2.35,0.46,0.85,0.85,88.0,8.0,0.0,0.0,0.0,5.83,2.08,-0.38,2.09,0.2,0.0,-1.373913043,0.053,0.054,1.373913043,0.147,0.147,0.146,0.13,66.7,37.2,13.793866967717909,-5.9987349731684265,32.99519422069892,0.375,34.038859978174585,39.49558704299338,COL
Taylor Trammell,666211,2026,28,255,289,49,8,32.2,10.0,0.192,0.341,22,87,29,0.186,0.36,0.28,0.283,0.006,-0.019,-0.003,67.4,52.3,88.5,28.2,12.3,38.0,101.38532275,94.747912063,69.6,29.3,72.9,48.4,38.5,48.8,49.7,42.9,30.1,18.4,HOU,23,666211,1120,2.1,0.0,0.0,0.0,0.0,0.1,0.17,0.091,0,6,82.9,-13.7,2218,89.5,89.04,5,12,11,-0.5,6.23,120,148,114,153,290,328,303,1.114,-1.114,76.9,8.0,4.11708885,7,3,0,0,0,0,3,42.9,1,14.3,2.36,0.55,0.71,0.71,93.7,36.0,33.33333333333333,0.0,0.0,5.65,1.96,-0.24,2.49,0.143,0.0,-4.843478261,0.221,0.098,4.843478261,-0.091,-0.078,-0.098,-0.07,41.7,35.3,9.92798049738521,-14.42128274923273,27.721469745894627,0.5833333333333334,32.198020990573085,35.79689992858887,HOU
Francisco Lindor,596019,2026,32,418,469,94,21,20.3,9.8,0.225,0.423,49,177,63,0.239,0.434,0.322,0.331,-0.014,-0.011,-0.009,28.7,55.5,91.6,28.8,9.0,49.5,100.68996441,95.109438598,66.4,29.5,84.5,44.9,25.0,46.0,45.5,35.0,34.1,22.9,NYM,138,596019,1974,7.0,0.219,0.125,0.231,0.344,0.269,0.322,0.256,7,32,94.2,8.8,2159,89.2,89.62,10,61,77,0.3999999999999915,6.61,111,153,121,146,302,330,294,0.733,-0.733,73.6,7.8,1.978476393,34,27,5,1,0,1,5,14.7,2,5.9,2.14,0.77,0.62,-0.62,93.7,162.0,59.25925925925925,7.4074074074074066,5.88235294117647,6.06,2.04,0.19,2.3,0.265,2.0,-0.53115942,0.3,0.446,0.53115942,-0.037,-0.0349999999999999,-0.102,-0.053,16.4,40.7,11.905895766674607,-3.158970735648317,30.518388600647462,0.6842105263157895,38.10637662731957,31.873598210873844,NYM
Jung Hoo Lee,808982,2026,27,539,579,149,10,9.8,5.0,0.276,0.404,57,218,65,0.288,0.382,0.317,0.315,-0.012,0.022,0.002,3.6,40.4,87.5,36.0,2.3,31.5,96.907185726,92.569166245,64.0,31.1,93.9,50.4,12.5,47.7,37.7,43.6,22.6,29.0,SF,69,808982,2132,3.2,0.118,0.059,0.125,0.176,0.127,0.251,0.256,2,17,81.7,19.9,2424,89.0,89.11,5,34,35,0.0999999999999943,6.32,117,143,104,148,286,313,294,2.577,-2.577,65.8,7.5,3.003833816,17,16,1,1,0,0,1,5.9,0,0.0,2.29,0.62,0.1,0.1,90.1,158.0,18.75,0.0,0.0,6.03,1.57,-0.28,2.12,0.118,0.0,-3.734782609,0.256,0.324,3.734782609,-0.138,-0.138,-0.148,-0.124,14.7,48.3,6.709315870932272,-4.131002962104723,37.474954053045,0.3529411764705882,30.43159897414332,31.86962719756784,SF
Alex Freeland,690976,2026,24,231,269,54,4,27.5,11.9,0.234,0.325,21,75,32,0.22,0.34,0.297,0.297,0.014,-0.015,0.0,9.0,51.7,89.6,34.6,6.2,39.5,99.359352564,93.907805449,59.6,21.7,79.7,48.5,27.7,40.1,34.6,46.9,24.7,23.5,TBD,7,690976,1108,0.6,0.0,0.0,0.0,0.0,0.0,0.123,0.109,0,2,83.3,-6.0,2275,88.6,88.17,1,3,4,-0.3999999999999915,5.96,110,154,119,148,296,318,285,0.518,-0.518,71.0,6.7,1.031778504,2,2,0,0,0,0,0,0.0,0,0.0,2.41,0.5,0.59,-0.59,90.7,151.0,0.0,0.0,0.0,6.04,1.45,-0.35,1.78,0.0,0.0,-7.4,0.109,0.181,7.4,-0.109,-0.109,-0.181,-0.123,33.3,35.0,12.452535938538285,-9.038045340738217,41.11603357372461,0.6666666666666666,27.353372231048013,37.085721008429466,TBD
José Ramírez,608070,2026,33,473,544,111,12,12.7,11.0,0.235,0.368,53,174,71,0.266,0.391,0.301,0.325,-0.031,-0.023,-0.024,11.4,58.3,88.6,35.3,4.1,38.8,99.346632184,93.830361144,65.2,28.5,90.7,46.1,15.3,45.4,49.9,33.8,27.0,27.0,CLE,113,608070,2234,5.1,0.296,0.074,0.308,0.37,0.281,0.253,0.252,8,27,89.3,15.0,2291,89.4,89.21,4,47,66,-0.2000000000000028,6.25,101,151,126,145,291,320,289,0.505,-0.505,72.4,7.4,2.841815116,28,26,6,2,0,0,2,7.1,0,0.0,2.33,0.57,0.44,-0.44,93.2,111.0,42.30769230769231,3.8461538461538463,3.571428571428571,5.73,2.18,0.22,2.25,0.286,1.0,-0.446902655,0.253,0.321,0.446902655,0.044,0.0329999999999999,0.049,0.028,8.5,36.9,6.694894042788544,-5.788378379272277,26.4652565693377,0.5319148936170213,33.416569671375306,33.01243361813164,CLE
Bo Naylor,666310,2026,26,91,98,14,3,24.5,7.1,0.154,0.275,10,25,5,0.216,0.4,0.22,0.293,-0.062,-0.125,-0.073,14.1,49.1,89.1,31.3,11.9,41.5,99.665642353,94.077166716,65.3,26.7,93.8,47.4,14.6,45.1,38.8,34.3,34.3,20.9,TBD,5,666310,426,1.2,0.0,0.0,0.0,0.0,0.0,0.083,0.092,0,1,64.0,0.0,2367,97.3,97.46,0,1,4,0.2000000000000028,6.5,88,138,101,144,290,318,301,0.3,-0.3,68.6,6.1,,1,1,0,0,0,0,0,0.0,0,0.0,1.7,0.71,1.42,1.42,88.0,34.0,0.0,0.0,0.0,5.43,2.25,0.05,1.43,0.0,0.0,-6.0,0.092,0.1,6.0,-0.092,-0.092,-0.1,-0.083,0.0,30.0,-7.088271063679351,15.012041423199037,36.80806851498025,0.0,28.886911289333668,26.157138906083823,TBD
Dustin Harris,687957,2026,26,133,152,39,0,13.2,7.2,0.293,0.383,19,51,24,0.278,0.36,0.326,0.314,0.015,0.023,0.012,3.1,42.1,85.2,39.8,1.7,19.5,95.003306607,91.511742857,65.1,33.2,87.5,48.5,19.3,48.7,50.0,41.5,19.5,31.4,SD,39,687957,532,7.3,0.143,0.0,0.2,0.143,0.232,0.242,0.088,1,7,91.1,20.2,2369,89.4,88.98,5,18,21,-0.4000000000000057,5.98,107,143,110,149,290,321,295,0.678,-0.678,62.0,6.2,3.337000275,10,5,1,0,0,0,3,30.0,1,10.0,2.29,0.59,0.2,0.2,90.4,137.0,20.0,0.0,0.0,5.52,2.38,-0.19,2.24,0.3,0.0,-1.738461538,0.297,0.11,1.738461538,0.055,0.003,0.033,-0.01,27.8,30.5,9.88003440327948,-6.693731600831306,38.00106844727925,0.4117647058823529,33.29336419395567,32.46491963061408,SD
Luisangel Acuña,682668,2026,24,210,224,48,2,19.6,4.0,0.229,0.276,13,58,23,0.247,0.324,0.241,0.269,-0.018,-0.048,-0.028,28.1,64.7,88.5,24.7,3.5,36.5,99.237194699,93.747815152,71.4,34.1,85.6,46.2,25.8,51.3,37.1,58.2,15.9,20.6,CWS,45,682668,779,5.8,0.167,0.25,0.111,0.417,0.28,0.381,0.318,2,12,92.3,-7.9,2119,87.9,87.86,5,23,22,0.0,6.29,101,151,111,148,302,319,288,-0.52,0.52,72.2,7.6,0.839215829,13,10,1,0,0,1,2,15.4,1,7.7,2.63,0.35,0.61,-0.61,92.1,88.0,50.0,10.0,7.6923076923076925,5.78,1.85,0.12,2.05,0.231,1.0,1.155555556,0.37,0.514,-1.155555556,-0.151,-0.1389999999999999,-0.097,-0.101,21.7,38.1,8.45449939934178,1.012214269633577,27.023954783851345,0.4347826086956521,34.95359241191305,31.766803419782807,CWS
Josh Naylor,647304,2026,29,597,650,156,10,12.2,6.9,0.261,0.35,57,209,58,0.269,0.381,0.297,0.31,-0.008,-0.031,-0.013,8.9,44.1,87.0,35.4,4.4,35.6,98.36910393,93.264796654,69.4,37.8,90.3,44.7,16.9,51.9,40.6,45.4,21.0,24.6,SEA,101,647304,2162,4.7,0.194,0.065,0.207,0.258,0.212,0.295,0.263,6,31,87.1,11.0,2226,87.7,88.01,4,48,53,0.2999999999999971,6.49,115,147,112,150,290,323,304,2.391,-2.391,66.9,7.1,0.812029545,32,29,4,2,0,0,2,6.3,1,3.1,2.36,0.65,0.24,0.24,91.5,162.0,39.285714285714285,7.142857142857142,6.25,5.72,2.28,-0.22,2.26,0.219,2.0,-2.367326733,0.287,0.395,2.367326733,-0.069,-0.0679999999999999,-0.137,-0.083,8.3,38.6,2.781749987508232,-2.723957842748504,26.550863001994813,0.4042553191489361,35.92193919764439,24.9509856069589,SEA
Jacob Young,696285,2026,26,421,471,106,10,16.6,7.0,0.252,0.39,50,164,57,0.257,0.383,0.313,0.313,-0.005,0.007,0.0,2.6,61.6,87.7,36.3,5.7,31.4,97.660091228,92.883830587,60.4,27.5,87.7,49.6,20.8,43.8,37.4,39.4,28.0,27.1,WSH,71,696285,1741,4.1,0.167,0.056,0.2,0.222,0.189,0.162,0.131,3,18,88.7,27.2,2171,89.2,89.71,5,33,38,0.5,6.6,99,148,106,144,307,316,286,2.284,-2.284,67.4,6.8,4.273296622,20,15,2,1,0,0,4,20.0,0,0.0,2.44,0.48,0.49,-0.49,91.5,185.0,40.0,0.0,0.0,5.35,2.12,0.03,2.37,0.2,0.0,-3.216901408,0.17,0.184,3.216901408,0.036,0.03,0.038,0.027,15.2,28.5,10.368400990425974,3.488941141296299,29.935502610456474,0.5757575757575758,37.962021021534426,25.391856452208494,WSH
Jake Rogers,668670,2026,31,143,171,23,4,29.8,13.5,0.161,0.287,14,41,17,0.171,0.296,0.259,0.267,-0.01,-0.009,-0.008,4.7,64.5,88.0,30.2,9.4,36.5,97.758656809,92.974029574,60.5,25.6,81.9,47.8,26.8,42.3,44.8,37.5,35.4,17.7,CWS,26,668670,688,3.8,0.0,0.0,0.0,0.0,0.349,0.359,0.021,0,3,70.5,-2.0,2408,85.8,85.4,2,6,20,-0.3999999999999915,6.07,101,150,121,147,304,323,287,-0.359,0.359,65.1,7.6,5.35714488,6,1,0,0,0,0,2,33.3,3,50.0,3.16,0.0,-0.04,0.04,88.0,69.0,0.0,0.0,0.0,6.21,1.41,-0.24,1.88,0.5,0.0,1.380769231,0.511,0.023,-1.380769231,-0.021,-0.011,-0.023,-0.01,33.3,44.9,16.96078278353531,-0.783655164040832,29.143949809987813,1.0,37.54768656195194,31.56506459713649,CWS
Amed Rosario,642708,2026,30,227,244,54,10,23.4,5.7,0.238,0.405,34,92,28,0.25,0.424,0.297,0.309,-0.012,-0.019,-0.012,41.0,50.0,90.2,34.7,10.4,39.3,101.20099,94.834235434,72.2,40.8,82.7,46.3,26.7,55.3,36.4,43.4,25.4,24.9,NYY,38,642708,881,4.3,0.25,0.0,0.273,0.25,0.223,0.289,0.284,3,12,84.5,14.6,2125,88.5,88.55,8,26,12,0.0999999999999943,6.43,107,153,121,149,303,323,285,1.215,-1.215,74.7,7.2,2.200135917,12,11,3,0,0,0,1,8.3,0,0.0,2.29,0.68,0.57,-0.57,90.8,163.0,18.181818181818183,9.090909090909092,8.333333333333332,5.87,1.87,0.56,2.21,0.25,1.0,-3.197368421,0.284,0.388,3.197368421,-0.034,-0.0339999999999999,-0.138,-0.066,30.8,36.7,5.427773920530818,-1.8982029937182872,31.06565532633996,0.4583333333333333,33.43789359649898,30.34660582982279,NYY
Jackson Chourio,694192,2026,22,522,573,152,25,23.4,8.2,0.291,0.487,75,254,96,0.265,0.475,0.361,0.344,0.026,0.012,0.017,46.6,66.4,91.6,33.3,12.3,47.0,102.267018667,95.707575064,63.4,33.8,85.3,47.1,25.1,47.8,30.0,45.1,30.8,19.7,MIL,70,694192,2207,3.2,0.529,0.471,0.538,1.0,0.656,0.57,0.433,9,17,93.1,4.6,2180,88.8,89.09,4,29,41,0.2999999999999971,6.54,112,152,112,147,306,320,285,-5.456,5.456,74.2,7.1,0.620426233,19,15,5,2,0,2,2,10.5,2,10.5,2.29,0.66,0.44,-0.44,93.7,210.0,60.0,20.0,15.789473684210526,5.84,1.94,0.08,2.43,0.579,3.0,7.794285714,0.493,0.874,-7.794285714,0.096,0.0859999999999999,0.126,0.086,13.8,39.7,7.546410380297748,11.99379592918316,26.625399308574316,0.6785714285714286,39.65058887297707,25.879457959874465,MIL
Josh Smith,669701,2026,28,212,243,43,6,23.0,10.3,0.203,0.321,15,68,23,0.204,0.32,0.275,0.276,-0.001,0.001,-0.001,2.7,43.8,85.9,32.5,6.3,30.0,96.888717922,92.448959545,61.3,34.1,88.2,48.0,24.3,47.2,35.0,40.6,31.9,21.3,TOR,9,669701,982,0.9,0.0,0.0,0.0,0.0,0.0,0.152,0.169,0,2,89.1,2.0,2272,86.8,87.7,1,4,5,0.9000000000000057,6.78,120,148,112,153,288,317,303,0.484,-0.484,66.4,6.7,0.658651944,2,1,0,0,0,0,1,50.0,0,0.0,2.43,0.6,0.27,0.27,91.7,114.0,0.0,0.0,0.0,6.27,1.73,-0.37,2.47,0.0,0.0,-5.377777778,0.169,0.184,5.377777778,-0.169,-0.169,-0.184,-0.152,25.0,40.6,9.111130937472431,-5.990582432629804,32.966604374571205,0.25,31.752464690741817,27.67105601245201,TOR
Dominic Smith,642086,2026,31,269,300,68,9,16.0,7.7,0.253,0.383,46,103,40,0.239,0.378,0.304,0.301,0.014,0.005,0.003,6.7,48.5,87.8,34.4,5.8,32.6,97.752079911,92.955381652,67.3,31.0,86.8,47.6,21.5,48.3,36.1,40.5,29.1,24.7,ATL,13,642086,1163,1.1,0.0,0.0,0.0,0.0,0.0,0.202,0.211,0,3,80.3,50.5,2396,91.6,92.12,1,3,10,0.5,6.74,130,147,109,152,288,318,298,0.791,-0.791,59.8,6.9,0.731030352,3,2,0,0,0,0,1,33.3,0,0.0,2.11,0.64,-0.16,-0.16,88.0,157.0,0.0,0.0,0.0,6.26,2.67,-0.41,2.05,0.0,0.0,-6.084615385,0.211,0.253,6.084615385,-0.211,-0.211,-0.253,-0.202,33.3,42.4,3.871823851819555,-9.328059669990136,28.88753483917176,0.0,38.42099082814644,35.75148116937659,ATL
Kyle Tucker,663656,2026,29,540,627,126,17,16.7,12.4,0.233,0.385,70,208,90,0.256,0.393,0.318,0.331,-0.023,-0.008,-0.013,19.3,45.3,88.5,34.2,6.4,36.3,98.257582237,93.315781621,74.3,23.9,86.0,48.8,20.8,48.5,42.0,36.5,34.9,21.8,LAD,62,663656,2465,2.5,0.35,0.5,0.25,0.85,0.513,0.413,0.324,7,20,87.2,25.3,2379,89.1,88.95,0,31,31,-0.0999999999999943,6.18,117,147,125,153,294,322,299,-3.232,3.232,69.3,6.8,,21,19,3,1,0,3,1,4.8,1,4.8,2.35,0.55,0.31,0.31,92.1,169.0,47.368421052631575,15.789473684210526,14.285714285714285,5.83,2.52,-0.08,2.25,0.381,3.0,5.212903226,0.356,0.622,-5.212903226,0.026,0.025,0.228,0.1,0.0,38.0,5.935565837579825,-4.128567380265574,35.923723868617905,0.3548387096774194,33.942217041796155,27.236086598674618,LAD
Dillon Dingler,693307,2026,27,551,607,134,27,22.9,5.6,0.243,0.446,91,246,72,0.266,0.468,0.325,0.344,-0.023,-0.022,-0.019,16.7,55.8,88.8,39.1,10.1,43.4,100.44813399,94.484766322,65.0,33.4,88.0,46.9,22.4,48.2,42.2,37.2,29.0,24.7,DET,47,693307,2346,2.0,0.111,0.0,0.167,0.111,0.208,0.46,0.329,1,9,95.5,15.8,2161,86.9,87.65,6,21,26,0.6999999999999886,6.86,106,149,117,142,301,333,297,0.749,-0.749,72.5,7.7,3.378874121,11,6,1,0,0,0,3,27.3,2,18.2,2.37,0.69,0.4,-0.4,95.4,191.0,66.66666666666666,16.666666666666664,9.090909090909092,5.46,2.61,0.25,2.2,0.273,1.0,-1.593617021,0.451,0.629,1.593617021,-0.218,-0.178,-0.518,-0.252,28.6,32.4,17.452061223649004,-10.83374768673905,37.24065662097989,0.3809523809523809,37.40082529712645,35.42706281300201,DET
Michael Conforto,624424,2026,33,271,314,65,15,25.5,11.1,0.24,0.469,45,127,32,0.238,0.439,0.343,0.332,0.002,0.03,0.011,29.0,52.8,90.0,39.0,11.9,41.5,100.456929897,94.570717474,64.5,27.3,84.5,47.6,26.7,45.0,47.2,36.9,34.4,23.1,CHC,16,624424,1264,1.3,0.25,0.25,0.333,0.5,0.315,0.309,0.205,1,4,82.2,-18.7,2267,89.8,89.82,1,6,10,0.0,6.39,125,148,128,150,291,329,305,-0.858,0.858,67.6,6.9,14.345701236,4,3,0,1,0,0,1,25.0,0,0.0,2.15,0.74,0.47,0.47,92.0,178.0,33.33333333333333,33.33333333333333,25.0,5.77,1.43,-0.21,2.2,0.25,1.0,5.3625,0.205,0.533,-5.3625,0.045,0.045,-0.033,0.006,16.7,43.6,8.608967088655316,4.855860685330407,27.716906162766723,0.2,40.322001215331404,28.16407244984623,CHC
Austin Wells,669224,2026,26,334,388,62,14,26.5,12.4,0.186,0.332,32,111,39,0.211,0.363,0.281,0.302,-0.025,-0.031,-0.021,26.8,51.4,89.3,33.8,7.7,42.7,100.248392609,94.397822435,66.6,28.0,81.0,47.3,27.9,46.3,47.4,33.3,34.2,20.5,NYY,19,669224,1591,1.2,0.0,0.0,0.0,0.0,0.116,0.155,0.047,0,5,81.3,35.0,2290,86.9,87.35,3,10,9,0.3999999999999915,6.56,105,145,112,153,292,322,296,0.883,-0.883,71.1,7.5,8.012457822,6,3,0,0,0,0,2,33.3,1,16.7,2.5,0.56,0.28,0.28,92.5,184.0,33.33333333333333,0.0,0.0,5.9,1.4,0.03,2.08,0.167,0.0,-4.647368421,0.206,0.061,4.647368421,-0.047,-0.0389999999999999,-0.061,-0.039,30.0,46.1,20.722943499386044,-8.034953191682476,32.8149098286176,0.5,31.17249795520487,32.749762462080255,NYY
Bryce Teodosio,669326,2026,27,70,76,15,0,35.5,6.6,0.214,0.243,6,17,8,0.171,0.232,0.234,0.21,0.043,0.011,0.024,2.5,42.1,82.3,20.5,4.5,20.5,94.943635714,91.591553659,71.7,39.7,71.4,49.2,40.6,55.4,25.0,50.0,18.2,13.6,LAA,20,669326,258,7.8,0.333,0.0,0.667,0.333,0.297,0.314,0.336,2,6,82.3,29.0,2125,89.0,89.27,9,14,6,0.2999999999999971,6.35,100,152,113,147,305,318,286,0.235,-0.235,69.9,6.4,1.962965007,6,3,2,0,0,0,3,50.0,0,0.0,1.97,0.92,0.52,-0.52,88.4,196.0,0.0,0.0,0.0,5.76,2.47,0.29,2.73,0.333,0.0,-1.175,0.336,0.381,1.175,-0.003,-0.003,-0.048,-0.017,64.3,37.6,4.927453244140401,3.7560508753570234,31.930073951039407,0.4615384615384615,37.78656572717605,26.0082089673178,LAA
Isaac Collins,686555,2026,28,442,519,94,6,23.1,12.3,0.213,0.321,40,142,47,0.22,0.308,0.293,0.295,-0.007,0.013,-0.002,33.0,35.0,88.1,29.6,5.2,39.3,99.734642671,93.971010248,59.0,22.0,88.1,49.5,21.8,40.4,38.7,41.2,25.6,22.9,KC,61,686555,2077,2.9,0.222,0.0,0.286,0.222,0.323,0.331,0.219,2,9,86.6,25.4,2250,92.1,92.82,6,24,37,0.7000000000000028,6.7,103,154,118,147,295,322,283,-0.182,0.182,66.4,6.6,6.52102357,12,7,2,0,0,0,2,16.7,3,25.0,1.78,0.93,0.6,-0.6,90.3,121.0,42.85714285714285,0.0,0.0,5.63,1.64,0.03,2.42,0.417,0.0,0.298360656,0.414,0.252,-0.298360656,0.003,0.003,-0.03,-0.008,25.0,38.0,1.3119282627104734,-2.4079016093220904,27.64382233033712,0.3333333333333333,36.957815086538346,34.28278535505085,KC
Dominic Canzone,686527,2026,28,477,533,126,23,20.6,9.0,0.264,0.484,77,231,60,0.273,0.491,0.354,0.359,-0.009,-0.007,-0.005,43.4,54.3,91.1,35.7,12.2,44.9,102.30065773,95.598142703,62.0,34.5,83.6,46.7,26.4,47.3,38.9,44.3,27.8,22.4,SEA,137,686527,2021,6.8,0.37,0.185,0.409,0.556,0.44,0.419,0.31,10,27,89.2,5.7,2254,87.8,88.25,9,53,84,0.4000000000000057,6.51,111,145,116,149,295,328,303,-2.922,2.922,71.9,7.2,4.117497759,34,23,8,0,1,1,5,14.7,6,17.6,2.4,0.59,0.08,0.08,91.8,157.0,43.47826086956522,13.043478260869565,8.823529411764707,5.66,2.39,-0.31,2.3,0.471,3.0,2.132846715,0.427,0.562,-2.132846715,0.06,0.0439999999999999,-0.006,0.021,17.0,38.4,10.002628002049798,4.611222193759237,32.32398673016738,0.490566037735849,39.280194909115735,34.041867261914625,SEA
Mike Trout,545361,2026,34,513,634,124,22,26.0,16.9,0.242,0.421,54,216,86,0.255,0.487,0.354,0.381,-0.013,-0.066,-0.027,48.5,42.2,90.1,38.0,16.0,46.3,102.780727771,95.785464011,62.0,20.7,84.2,46.4,25.6,39.8,36.0,36.3,31.4,25.1,LAA,73,545361,2765,2.6,0.235,0.176,0.3,0.412,0.301,0.311,0.231,4,17,90.5,0.2,2232,89.7,89.77,9,29,44,0.0999999999999943,6.3,100,149,120,144,312,326,297,0.299,-0.299,73.4,7.4,1.162318421,19,11,3,0,0,1,6,31.6,2,10.5,2.3,0.56,0.38,-0.38,93.8,149.0,63.63636363636363,27.27272727272727,15.789473684210526,6.13,1.77,0.12,2.4,0.316,3.0,-0.409589041,0.274,0.452,0.409589041,0.004,0.0419999999999999,-0.04,-0.01,31.0,45.0,4.968122576586973,0.6523331562925325,38.36732010023568,0.4285714285714285,33.87744420941286,23.965937196744203,LAA
Moisés Ballesteros,694208,2026,22,317,352,68,9,23.3,8.5,0.215,0.331,35,105,26,0.224,0.361,0.274,0.29,-0.009,-0.03,-0.016,29.0,50.0,90.1,31.0,8.4,45.2,100.76211605,94.800704599,69.4,37.1,83.0,43.2,28.5,51.1,36.4,46.9,26.4,21.8,LAA,49,694208,1356,3.6,0.222,0.0,0.222,0.222,0.247,0.296,0.261,2,9,79.0,11.7,2225,87.5,87.38,6,27,22,-0.0999999999999943,6.23,117,142,118,145,287,300,299,0.713,-0.713,64.4,6.7,5.777155988,13,9,2,0,0,0,2,15.4,1,7.7,2.51,0.51,0.25,0.25,89.1,137.0,11.11111111111111,0.0,0.0,5.55,2.43,-0.08,1.92,0.308,0.0,-1.455102041,0.349,0.289,1.455102041,-0.039,-0.0409999999999999,-0.067,-0.049,22.2,35.9,3.9688691934751352,4.448823052836573,32.36451153113528,0.4615384615384615,39.492776443785466,30.981639315739383,LAA
Nathan Lukes,664770,2026,31,408,450,113,10,14.2,5.6,0.277,0.387,41,158,48,0.258,0.348,0.317,0.293,0.019,0.039,0.024,3.2,43.7,86.9,30.8,2.5,29.1,96.384292965,92.230606851,66.3,34.1,86.8,50.1,15.9,50.2,31.6,54.0,19.5,22.0,TOR,34,664770,1755,1.9,0.571,0.143,0.571,0.714,0.595,0.445,0.36,4,7,81.5,-13.1,2253,89.0,88.93,2,15,19,-0.0999999999999943,6.4,113,149,103,151,286,319,301,-2.077,2.077,57.3,5.6,0.1,9,7,3,1,0,0,0,0.0,1,11.1,2.34,0.58,0.76,0.76,91.7,155.0,28.57142857142857,0.0,0.0,5.8,2.62,0.01,2.36,0.667,0.0,6.108823529,0.502,0.481,-6.108823529,0.211,0.165,0.233,0.15,13.3,31.8,0.5369874645809478,7.015682402230637,28.736103074365158,0.2666666666666666,40.39255796771442,21.964062558257176,TOR
Sal Frelick,686217,2026,26,339,384,78,4,9.9,8.1,0.23,0.319,40,108,36,0.241,0.324,0.275,0.281,-0.011,-0.005,-0.006,3.1,46.3,85.7,27.4,2.3,26.8,96.291650133,92.170939431,59.8,24.6,94.1,51.2,10.1,42.8,38.8,50.8,21.2,19.2,MIL,23,686217,1458,1.6,0.333,0.0,0.333,0.333,0.297,0.31,0.32,2,6,87.6,-2.2,2386,89.6,89.07,0,9,14,-0.5,6.12,95,135,97,137,283,315,297,0.291,-0.291,61.0,6.6,,6,6,2,0,0,0,0,0.0,0,0.0,2.42,0.5,0.34,0.34,89.7,124.0,0.0,0.0,0.0,5.91,2.36,-0.17,2.53,0.333,0.0,-1.265217391,0.32,0.391,1.265217391,0.013,0.013,-0.058,-0.013,0.0,38.4,-0.4114841339560726,7.73447361255173,26.701839286363413,0.25,37.39623794029464,20.66125146812459,MIL
Willson Contreras,575929,2026,34,448,535,123,27,25.2,11.0,0.275,0.516,81,231,68,0.256,0.484,0.391,0.376,0.019,0.032,0.015,71.2,49.8,89.8,32.2,13.3,44.2,102.440550191,95.492075032,67.6,34.2,82.1,43.9,30.8,48.8,49.8,38.2,28.4,22.4,BOS,42,575929,2082,2.0,0.375,0.375,0.333,0.75,0.523,0.553,0.415,3,8,92.3,15.1,2097,87.6,87.91,6,22,20,0.3000000000000113,6.5,103,153,124,147,299,328,293,-3.069,3.069,74.0,7.5,6.651150514,10,7,2,0,0,1,1,10.0,2,20.0,2.51,0.48,0.31,-0.31,95.3,160.0,42.85714285714285,14.285714285714285,10.0,5.88,1.88,0.11,2.17,0.5,1.0,7.307142857,0.532,0.8,-7.307142857,-0.04,-0.032,-0.05,-0.03,27.3,45.8,9.502568562526884,-2.914267011493699,35.08209248388477,0.4285714285714285,35.56276363895995,31.40756044194425,BOS
Rece Hinds,677956,2026,25,63,71,9,0,45.1,7.0,0.143,0.222,6,14,2,0.134,0.174,0.198,0.184,0.009,0.048,0.014,36.6,35.3,88.2,27.3,0.0,36.4,100.54652625,94.586568065,74.2,39.5,65.2,41.8,45.2,54.0,27.3,39.4,24.2,27.3,BAL,61,677956,287,21.3,0.083,0.083,0.167,0.167,0.19,0.25,0.166,1,12,97.6,4.5,2134,86.5,86.5,16,33,28,0.0,6.51,110,151,125,148,303,321,291,1.645,-1.645,70.8,7.6,3.44566981,14,6,0,1,0,0,6,42.9,2,14.3,2.74,0.4,0.36,-0.36,94.3,192.0,83.33333333333334,0.0,0.0,5.44,2.79,0.16,2.21,0.214,0.0,-2.696721311,0.285,0.243,2.696721311,-0.083,-0.0709999999999999,-0.076,-0.06,48.5,26.6,8.128342060983716,-15.456734050232452,40.84835143921107,0.2142857142857142,37.29617685179415,34.25571721852669,BAL
Carson Kelly,608348,2026,31,380,425,98,10,16.5,9.4,0.258,0.376,58,143,57,0.244,0.372,0.32,0.311,0.014,0.004,0.009,8.6,48.8,86.7,31.6,5.2,36.1,98.238746516,93.170265419,67.2,25.2,89.7,48.1,19.8,45.4,39.4,46.1,24.2,21.9,CHC,12,608348,1646,0.7,0.0,0.0,0.0,0.0,0.0,0.177,0.191,0,4,71.4,10.8,2162,91.7,91.74,0,7,5,0.0,6.38,113,150,119,148,307,326,292,1.108,-1.108,67.2,6.4,,4,4,0,0,0,0,0,0.0,0,0.0,2.09,0.67,0.93,-0.93,89.7,134.0,25.0,0.0,0.0,5.44,2.97,0.17,2.83,0.0,0.0,-9.233333333,0.191,0.211,9.233333333,-0.191,-0.191,-0.211,-0.177,0.0,22.4,2.40537937330925,3.6674438520683488,36.03741281728953,0.3333333333333333,34.42003681403823,24.30702572038918,CHC
Christian Encarnacion-Strand,687952,2026,26,195,213,54,11,25.8,5.2,0.277,0.513,39,100,25,0.248,0.483,0.358,0.332,0.029,0.03,0.026,33.8,53.7,89.5,35.7,14.0,37.8,100.754412535,94.581771761,75.9,46.4,81.2,46.1,28.6,60.0,45.5,35.0,31.5,24.5,BAL,44,687952,796,5.5,0.182,0.273,0.143,0.455,0.303,0.224,0.169,2,11,79.3,25.8,2357,90.8,90.67,11,27,17,-0.0999999999999943,6.45,99,150,127,147,305,319,288,0.577,-0.577,69.9,7.0,2.266561784,12,8,1,0,0,1,3,25.0,1,8.3,2.24,0.59,0.31,-0.31,89.6,131.0,25.0,0.0,0.0,5.53,2.62,0.01,2.36,0.25,0.0,-1.311363636,0.238,0.252,1.311363636,0.013,0.012,0.203,0.079,40.7,34.9,10.14906389144276,5.720061438000418,34.06508587413627,0.64,36.56136039932498,24.73602384934317,BAL
Davis Schneider,676914,2026,27,124,156,18,5,32.7,18.6,0.145,0.315,16,39,21,0.155,0.286,0.29,0.287,-0.01,0.029,0.003,10.9,46.9,87.5,25.3,10.8,42.7,100.150108108,94.716781644,58.1,20.8,76.7,47.0,32.5,38.3,44.0,33.3,41.3,14.7,TOR,48,676914,707,6.8,0.167,0.5,0.0,0.667,0.464,0.349,0.1,1,6,80.5,8.3,2286,87.4,86.72,6,23,25,-0.7000000000000028,5.97,117,151,119,143,294,324,294,-0.892,0.892,68.7,6.9,1.602346378,9,4,0,0,0,1,2,22.2,2,22.2,2.56,0.49,0.45,-0.45,91.4,177.0,25.0,25.0,11.11111111111111,6.01,2.51,0.01,2.31,0.444,1.0,1.858333333,0.4,0.316,-1.858333333,0.067,0.0439999999999999,0.351,0.115,26.1,34.1,22.198486834504266,-9.556090982070248,30.507656958670008,0.3,33.27595790678922,36.19094177385003,TOR
Tyler Stephenson,663886,2026,29,411,468,99,15,27.4,10.5,0.241,0.404,54,166,41,0.235,0.426,0.32,0.326,0.006,-0.022,-0.006,7.8,54.3,90.8,39.9,12.4,44.1,100.162882887,94.627044841,67.2,22.3,85.3,50.6,26.5,45.0,36.1,33.7,32.6,28.5,CIN,74,663886,1904,3.9,0.125,0.125,0.182,0.25,0.189,0.203,0.156,2,16,95.0,26.7,2270,89.5,89.96,9,37,37,0.5,6.63,112,153,127,149,307,319,295,2.041,-2.041,68.2,7.3,3.89932594,17,11,0,2,0,0,5,29.4,1,5.9,2.24,0.66,0.5,-0.5,91.5,211.0,45.45454545454545,18.181818181818183,11.76470588235294,5.64,2.23,0.04,2.25,0.176,2.0,-2.758108108,0.206,0.248,2.758108108,-0.031,-0.03,0.002,-0.014,24.3,35.5,10.665318738064986,0.5294633552191443,37.53112419029737,0.5,36.88297184033727,31.06084143326397,CIN
Samad Taylor,669392,2026,27,152,175,48,2,25.7,10.3,0.316,0.408,18,62,26,0.256,0.328,0.356,0.309,0.06,0.08,0.047,5.7,53.6,85.9,33.3,3.6,25.2,95.369150208,91.733521263,59.0,30.2,85.1,48.2,25.2,44.1,33.3,51.4,18.0,27.0,SD,20,669392,683,2.9,0.167,0.0,0.2,0.167,0.148,0.093,0.082,1,6,91.5,44.0,2256,90.9,91.27,0,7,13,0.3999999999999915,6.43,97,144,96,147,302,320,290,0.756,-0.756,71.5,6.8,,6,5,1,0,0,0,1,16.7,0,0.0,1.76,1.0,0.63,-0.63,91.3,279.0,40.0,0.0,0.0,5.68,2.08,0.16,2.36,0.167,0.0,-3.78,0.082,0.138,3.78,0.085,0.085,0.029,0.055,0.0,42.9,13.740701692932385,7.288597286508626,33.610567614112696,1.0,33.7992871008811,29.0212296956011,SD
Jeremiah Jackson,669236,2026,26,277,293,60,10,23.5,3.4,0.217,0.365,45,101,29,0.236,0.385,0.264,0.282,-0.019,-0.02,-0.018,30.5,62.8,89.2,29.7,8.0,37.7,100.146694762,94.308516048,76.5,36.8,81.5,50.0,27.8,56.6,40.6,50.5,23.1,19.3,BAL,65,669236,1064,6.1,0.231,0.308,0.25,0.538,0.35,0.316,0.217,3,13,93.2,28.2,2215,88.9,89.21,10,33,32,0.2999999999999971,6.69,106,150,124,147,301,324,289,-0.652,0.652,73.0,7.7,3.808383315,14,9,1,1,0,1,4,28.6,1,7.1,2.35,0.6,0.65,-0.65,91.1,148.0,44.44444444444444,11.11111111111111,7.142857142857142,5.41,2.74,0.19,2.0,0.286,1.0,1.003076923,0.272,0.463,-1.003076923,0.014,0.0139999999999999,0.075,0.034,30.3,29.9,11.351800202688546,1.8167823594566292,28.463357870702847,0.6060606060606061,41.118472051955926,29.26598082667356,BAL
Denzel Clarke,672016,2026,26,76,87,12,0,33.3,9.2,0.158,0.171,6,13,6,0.166,0.193,0.198,0.209,-0.008,-0.022,-0.011,69.7,39.6,87.2,14.0,2.0,36.0,100.970240435,94.595438043,64.3,26.1,78.7,47.2,33.8,44.1,46.0,76.0,4.0,12.0,OAK,27,672016,356,7.6,0.25,0.0,0.25,0.25,0.381,0.373,0.206,1,4,80.0,15.8,2113,85.3,85.57,3,12,15,0.2999999999999971,6.5,104,149,116,142,306,327,296,-0.196,0.196,70.2,7.1,6.28007042,6,4,1,0,0,0,0,0.0,2,33.3,2.78,0.41,0.16,-0.16,90.9,128.0,25.0,0.0,0.0,5.53,2.28,-0.01,1.94,0.5,0.0,0.725925926,0.47,0.281,-0.725925926,0.044,0.03,-0.031,0.008,25.0,33.3,1.3247560893790675,14.879896004614135,32.661586964683934,0.4166666666666667,35.73491210808581,23.275409873346465,OAK
Braden Montgomery,695731,2026,23,323,365,73,6,19.7,10.4,0.226,0.35,38,113,47,0.255,0.392,0.298,0.325,-0.029,-0.042,-0.027,8.7,49.4,88.9,28.2,4.4,40.9,100.06983808,94.25030544,76.4,27.4,81.0,46.8,30.1,50.4,35.7,59.9,17.9,18.7,CWS,69,695731,1411,4.9,0.059,0.0,0.1,0.059,0.052,0.248,0.212,1,17,92.4,-2.9,2243,85.9,85.83,15,39,30,-0.1000000000000085,6.34,107,148,118,145,301,323,285,3.401,-3.401,65.5,6.9,4.995320913,17,10,1,0,0,0,7,41.2,0,0.0,3.03,0.11,0.17,-0.17,90.1,120.0,10.0,10.0,5.88235294117647,5.53,2.24,0.01,2.09,0.059,1.0,-4.928985507,0.212,0.372,4.928985507,-0.153,-0.153,-0.313,-0.196,38.5,31.4,12.842911446184775,-5.56522927680871,33.783002020987354,0.5526315789473685,33.49507064698511,35.58621235222275,CWS
Royce Lewis,668904,2026,27,463,509,105,15,25.5,7.5,0.227,0.38,57,176,51,0.238,0.397,0.292,0.306,-0.011,-0.017,-0.014,54.5,72.2,89.8,33.4,10.7,40.2,100.584117857,94.480060268,70.2,33.4,79.3,46.5,32.8,50.5,46.7,32.5,29.3,24.3,MIN,104,668904,2000,5.2,0.269,0.192,0.333,0.462,0.313,0.291,0.25,7,26,90.6,25.6,2149,86.7,86.91,14,49,55,0.2000000000000028,6.51,107,152,124,147,298,328,298,0.965,-0.965,74.4,8.0,3.547903332,26,19,4,2,0,1,7,26.9,0,0.0,2.56,0.53,0.46,-0.46,93.4,183.0,42.10526315789473,5.263157894736842,3.8461538461538463,5.79,1.94,0.11,2.06,0.269,1.0,-0.927884615,0.25,0.434,0.927884615,0.019,0.019,0.028,0.022,28.6,39.0,10.75155400081452,-9.730759057909363,28.20815842579988,0.6938775510204082,39.10299688009648,35.46915004020035,MIN
Victor Bericoto,682674,2026,24,112,116,27,5,27.6,3.4,0.241,0.42,15,47,9,0.23,0.446,0.297,0.299,0.011,-0.026,-0.002,48.2,49.1,91.1,31.3,13.8,51.2,101.1710595,95.338224,73.1,41.9,86.4,44.8,31.1,55.9,32.5,48.8,25.0,22.5,SF,83,682674,449,18.5,0.333,0.278,0.357,0.611,0.418,0.421,0.343,6,18,94.4,9.3,2403,91.1,91.29,11,40,43,0.2000000000000028,6.38,110,153,122,147,302,318,286,-1.022,1.022,72.9,7.3,2.730880725,19,15,3,2,0,1,3,15.8,1,5.3,2.05,0.72,0.11,-0.11,94.9,179.0,60.0,20.0,15.789473684210526,6.12,1.84,0.12,2.39,0.368,3.0,1.231325301,0.377,0.611,-1.231325301,-0.01,-0.009,0.0,-0.003,27.5,49.8,11.05783768221782,5.219367369655798,33.78723007767296,0.4358974358974359,33.511618493551595,27.809109808458537,SF
Ryan Waldschmidt,814439,2026,23,250,284,64,3,29.9,7.7,0.256,0.368,22,92,30,0.236,0.356,0.309,0.297,0.02,0.012,0.012,21.8,42.4,86.6,45.6,6.5,29.8,97.453410241,92.72670512,62.2,25.0,80.7,50.0,31.7,43.6,38.0,35.7,27.5,32.7,ARI,30,814439,1115,2.7,0.0,0.0,0.0,0.0,0.116,0.135,0.022,0,5,70.1,13.5,2150,89.6,90.06,4,8,22,0.5,6.7,105,149,107,146,297,327,295,0.964,-0.964,73.5,7.2,4.130342922,6,2,0,0,0,0,3,50.0,1,16.7,2.3,0.58,0.6,-0.6,88.0,111.0,0.0,0.0,0.0,5.92,2.31,0.18,1.94,0.167,0.0,-3.213333333,0.185,0.026,3.213333333,-0.022,-0.0179999999999999,-0.026,-0.019,50.0,43.5,13.643081679857596,-9.429763671925706,39.04354686788338,0.375,38.08265188885344,29.76209451035035,ARI
Brett Baty,683146,2026,26,420,473,100,11,26.4,9.3,0.238,0.374,56,157,53,0.243,0.412,0.304,0.321,-0.005,-0.038,-0.017,56.5,47.9,90.4,36.7,10.3,42.0,101.4330448,95.001666187,69.4,28.8,80.8,50.0,29.3,49.1,35.0,40.0,28.7,26.3,NYM,34,683146,1904,1.8,0.25,0.0,0.286,0.25,0.275,0.406,0.326,2,8,87.1,13.0,2275,89.0,89.2,2,17,17,0.2000000000000028,6.39,114,145,114,149,296,328,304,0.309,-0.309,74.8,7.5,1.370177276,9,7,2,0,0,0,1,11.1,1,11.1,2.0,0.89,0.28,0.28,91.5,154.0,42.85714285714285,28.57142857142857,22.22222222222222,5.88,2.37,-0.09,2.55,0.333,2.0,-0.908823529,0.401,0.545,0.908823529,-0.076,-0.068,-0.295,-0.131,11.8,40.8,7.560829885538643,5.664963952941754,37.94435729659275,0.7058823529411765,40.966919509813145,23.651336422537533,NYM
Kyle Stowers,669065,2026,28,447,512,107,21,31.4,10.2,0.239,0.459,65,205,57,0.227,0.437,0.341,0.329,0.012,0.022,0.012,55.2,55.1,92.5,33.2,12.8,56.4,103.41265375,96.673495417,76.5,33.7,76.1,45.0,35.6,53.0,46.0,37.0,33.2,22.1,MIA,33,669065,1941,1.7,0.4,0.2,0.5,0.6,0.511,0.458,0.296,2,5,94.7,31.3,2356,89.4,88.42,5,16,17,-1.0,5.86,118,149,119,154,292,321,299,-0.929,0.929,73.3,6.5,3.969882307,7,4,1,1,0,0,1,14.3,1,14.3,2.13,0.77,0.22,0.22,90.4,180.0,50.0,25.0,14.285714285714285,5.81,1.77,-0.29,2.03,0.571,1.0,2.815151515,0.497,0.555,-2.815151515,0.104,0.0739999999999999,0.045,0.053,31.3,40.1,13.738707719496432,-0.533316617089346,36.48952947344951,0.5625,36.37923447243728,34.38389233484676,MIA
Angel Genao,694197,2026,22,127,139,27,2,15.1,7.9,0.213,0.291,6,37,15,0.239,0.333,0.261,0.286,-0.026,-0.042,-0.025,24.4,42.1,90.8,19.8,4.7,51.9,100.531471698,94.899928491,65.8,26.7,86.4,45.1,23.0,44.3,37.7,69.8,12.3,15.1,CLE,31,694197,519,6.0,0.125,0.0,0.2,0.125,0.176,0.276,0.195,1,8,96.3,20.0,2256,90.2,90.04,8,15,16,-0.2000000000000028,6.27,104,153,110,146,300,322,287,1.138,-1.138,74.0,7.4,2.270291035,9,5,1,0,0,0,3,33.3,1,11.1,2.35,0.48,0.27,-0.27,94.0,199.0,60.0,20.0,11.11111111111111,5.73,2.02,-0.06,2.13,0.222,1.0,-3.670967742,0.285,0.332,3.670967742,-0.07,-0.0629999999999999,-0.207,-0.1,53.3,34.9,8.591106298981293,-0.6429412993541961,31.50047621648671,0.5333333333333333,35.19914389541253,31.383757354821952,CLE
David Hamilton,666152,2026,28,339,387,83,4,22.2,8.3,0.245,0.336,26,114,49,0.225,0.316,0.293,0.276,0.02,0.02,0.017,4.9,39.9,86.8,29.3,3.4,27.9,96.675573879,92.356657316,61.5,29.6,86.3,49.3,21.9,45.3,34.2,48.5,23.7,23.3,MIL,38,666152,1542,2.5,0.0,0.0,0.0,0.0,0.073,0.11,0.043,0,9,79.9,2.3,2268,87.9,88.11,6,16,22,0.1999999999999886,6.54,105,145,91,150,286,317,293,1.95,-1.95,52.2,5.6,1.900446993,10,4,0,0,0,0,5,50.0,0,0.0,2.41,0.58,0.33,0.33,88.8,76.0,0.0,0.0,0.0,5.61,2.49,-0.28,2.25,0.1,0.0,-5.131578947,0.138,0.051,5.131578947,-0.043,-0.038,-0.051,-0.037,37.5,30.7,5.191221377582272,-20.203335026816905,29.476858017874378,0.4375,37.35605223130098,29.705621970487165,MIL
Lazaro Montes,703155,2026,21,52,59,11,4,40.7,11.9,0.212,0.481,11,25,7,0.195,0.446,0.334,0.313,0.017,0.035,0.021,57.5,51.4,90.0,35.7,17.9,42.9,103.180821429,96.121418929,69.6,26.8,64.4,49.6,44.6,48.0,39.3,35.7,42.9,17.9,SEA,41,703155,256,16.0,0.1,0.0,0.143,0.1,0.089,0.152,0.15,1,10,83.8,25.7,2208,85.5,85.72,6,16,25,0.2000000000000028,6.3,106,141,126,149,300,335,305,2.114,-2.114,71.6,7.9,2.673144967,10,7,1,0,0,0,3,30.0,0,0.0,2.74,0.4,0.2,0.2,92.7,154.0,28.57142857142857,0.0,0.0,5.74,2.29,-0.24,2.1,0.1,0.0,-5.156097561,0.15,0.197,5.156097561,-0.05,-0.0499999999999999,-0.097,-0.063,37.5,39.1,14.1839142051702,-0.2829935889538033,37.92312180944639,0.4285714285714285,33.8454252238134,32.52404097434232,SEA
Adael Amador,691182,2026,23,83,95,23,4,12.6,10.5,0.277,0.482,16,40,17,0.207,0.311,0.365,0.274,0.07,0.171,0.091,7.3,39.8,83.2,23.6,6.9,25.0,96.024202778,92.169791268,76.6,24.7,88.4,51.9,16.2,51.6,51.4,51.4,19.4,20.8,COL,95,691182,374,25.4,0.211,0.053,0.267,0.263,0.274,0.275,0.221,4,19,81.3,6.5,2270,88.3,88.16,11,55,40,-0.0999999999999943,6.13,110,151,112,147,299,326,291,0.826,-0.826,67.5,6.8,3.052699372,22,15,3,1,0,0,4,18.2,3,13.6,2.54,0.43,0.25,-0.25,90.6,140.0,13.333333333333334,0.0,0.0,5.75,2.17,0.34,2.54,0.318,0.0,-0.869473684,0.327,0.255,0.869473684,-0.01,-0.009,0.008,-0.001,20.0,37.0,1.702671236938013,4.616518946829574,24.92822836102424,0.3269230769230769,36.02905989017608,29.282530583485528,COL
Bryan Torres,663494,2026,28,166,189,38,4,20.6,9.5,0.229,0.331,19,55,17,0.229,0.329,0.289,0.288,0.0,0.002,0.001,1.0,53.4,86.5,35.4,3.1,26.2,95.647026349,91.92324296,61.6,27.0,87.1,50.0,21.8,44.3,48.5,46.2,23.1,26.2,STL,14,663494,756,1.9,0.0,0.0,0.0,0.0,0.243,0.351,0.107,0,2,78.5,16.0,2453,88.9,88.43,1,3,11,-0.5,6.07,113,148,104,151,279,314,296,0.189,-0.189,53.9,6.0,3.916999488,3,2,0,0,0,0,0,0.0,0,0.0,2.46,0.48,0.05,0.05,92.3,181.0,50.0,0.0,0.0,5.44,1.49,-0.12,2.49,0.333,0.0,-1.35,0.405,0.286,1.35,-0.107,-0.072,-0.286,-0.108,33.3,46.1,1.3592853323430203,13.367301603139191,28.923995103683964,0.6666666666666666,39.67295780884111,24.126099268476143,STL
Luis Lara,800325,2026,21,191,212,47,1,21.7,8.5,0.246,0.325,26,62,25,0.256,0.331,0.286,0.293,-0.01,-0.006,-0.007,16.8,28.5,88.0,34.7,3.4,41.5,98.840899189,93.57850966,61.9,24.7,88.2,46.8,17.0,42.1,30.6,51.0,15.0,29.9,MIL,52,800325,886,5.9,0.176,0.059,0.214,0.235,0.179,0.233,0.252,3,17,84.0,8.6,2223,89.1,89.34,4,25,27,0.2000000000000028,6.57,101,144,101,141,305,315,276,2.257,-2.257,71.3,6.9,1.430169925,17,14,2,1,0,0,3,17.6,0,0.0,2.21,0.74,0.4,-0.4,91.8,119.0,35.714285714285715,0.0,0.0,5.93,1.73,-0.22,2.38,0.176,0.0,-4.340384615,0.252,0.28,4.340384615,-0.076,-0.076,-0.045,-0.054,16.0,41.0,1.4987680866953152,4.8709023743119335,24.56788791171364,0.32,35.784085524167786,29.084005643368105,MIL
Nick Gonzales,693304,2026,27,551,608,167,6,16.3,7.1,0.303,0.388,61,214,72,0.282,0.386,0.339,0.327,0.021,0.002,0.012,12.0,47.5,86.4,34.4,3.1,34.0,97.617289778,92.87303882,75.7,31.2,85.4,48.1,22.7,52.5,36.0,51.7,21.6,23.8,PIT,67,693304,2219,3.0,0.353,0.118,0.4,0.471,0.409,0.392,0.315,6,17,88.9,5.8,2136,86.2,86.45,8,34,33,0.2999999999999971,6.43,110,152,119,149,306,317,281,-1.609,1.609,70.8,7.5,2.924700909,20,15,4,2,0,0,2,10.0,3,15.0,2.76,0.36,0.49,-0.49,91.3,117.0,40.0,6.666666666666667,5.0,5.36,1.84,0.16,2.48,0.45,1.0,2.401492537,0.418,0.474,-2.401492537,0.038,0.032,-0.003,0.017,23.5,31.2,11.187845493824076,1.998566500525096,36.11728645705429,0.4242424242424242,38.11394963907091,27.867344502188665,PIT
Roman Anthony,701350,2026,22,212,242,52,5,27.3,12.0,0.245,0.396,15,84,24,0.259,0.424,0.326,0.341,-0.014,-0.028,-0.015,54.6,46.7,92.0,38.4,11.7,46.6,102.442735205,95.858888345,55.6,23.7,82.3,50.1,29.0,39.7,41.8,48.6,23.3,26.7,BOS,122,701350,956,12.8,0.233,0.133,0.273,0.367,0.299,0.317,0.257,7,30,86.7,-7.5,2229,88.2,88.67,15,53,69,0.5,6.6,114,147,124,153,287,327,309,0.954,-0.954,70.9,7.4,4.253802864,33,23,5,1,0,1,7,21.2,3,9.1,2.37,0.59,0.19,0.19,91.5,100.0,26.08695652173913,8.695652173913043,6.0606060606060606,5.75,1.71,-0.27,2.02,0.303,2.0,-0.781967213,0.324,0.394,0.781967213,-0.024,-0.021,-0.027,-0.018,28.3,42.2,13.995391394048449,-0.9041251861450146,34.35353223153401,0.4230769230769231,35.576584857571206,38.91656192235316,BOS
Tommy White,695720,2026,23,189,195,48,3,17.9,2.6,0.254,0.328,10,62,19,0.263,0.383,0.264,0.291,-0.009,-0.055,-0.027,12.8,60.5,85.9,30.3,7.1,32.3,97.142154872,92.609868194,69.7,42.4,87.0,46.9,21.9,55.2,29.0,49.7,23.2,23.9,OAK,37,695720,703,5.3,0.273,0.0,0.375,0.273,0.243,0.185,0.195,3,11,90.3,5.0,2181,86.7,87.07,4,25,12,0.3999999999999915,6.6,108,153,124,148,308,327,291,0.98,-0.98,67.1,7.4,2.293387224,11,8,3,0,0,0,3,27.3,0,0.0,2.81,0.27,0.19,-0.19,91.1,162.0,50.0,0.0,0.0,5.54,2.22,0.06,1.88,0.273,0.0,-2.648648649,0.195,0.232,2.648648649,0.078,0.078,0.041,0.058,16.0,36.2,7.582004151930501,3.6996297434826415,34.841727991984065,0.64,31.93916554801083,28.799243211497668,OAK
Ezequiel Tovar,678662,2026,24,465,506,102,13,25.5,5.7,0.219,0.353,44,164,57,0.227,0.371,0.27,0.281,-0.008,-0.018,-0.011,22.1,49.5,87.3,35.5,7.0,33.2,98.504437798,93.327897642,81.6,43.7,80.3,45.9,29.3,61.1,36.4,37.9,31.5,22.0,COL,83,678662,1884,4.4,0.286,0.286,0.25,0.571,0.394,0.383,0.305,6,21,87.8,18.3,2134,89.2,89.46,14,45,38,0.2999999999999971,6.28,105,148,110,144,305,330,293,-2.003,2.003,71.7,7.7,2.407728571,23,18,4,0,0,2,3,13.0,2,8.7,2.39,0.49,0.51,-0.51,92.5,177.0,44.44444444444444,11.11111111111111,8.695652173913043,5.64,2.02,0.08,2.18,0.348,2.0,2.413253012,0.366,0.521,-2.413253012,-0.019,-0.018,0.05,0.011,31.1,33.4,14.380836249301796,-4.664932533554762,35.35866342805428,0.5348837209302325,34.94370284341389,32.42480855736208,COL
Nick Loftin,679845,2026,27,371,426,89,8,17.1,9.6,0.24,0.388,45,144,42,0.228,0.335,0.315,0.293,0.012,0.053,0.022,5.7,52.6,86.8,35.9,4.2,29.7,96.863698054,92.517021275,57.3,25.4,90.8,48.6,17.6,40.9,43.5,41.2,29.1,23.9,KC,61,679845,1613,3.8,0.188,0.25,0.182,0.438,0.288,0.238,0.188,3,16,87.8,24.8,2214,89.2,89.54,8,28,33,0.2999999999999971,6.62,109,152,119,145,293,321,284,1.015,-1.015,66.4,7.0,6.123167355,17,12,1,1,0,1,4,23.5,1,5.9,2.33,0.6,0.38,-0.38,92.0,157.0,58.333333333333336,8.333333333333332,5.88235294117647,5.61,2.5,-0.21,2.2,0.235,1.0,-1.663934426,0.235,0.302,1.663934426,0.0,0.0,0.136,0.05,28.6,35.3,9.917817835772418,-8.035976472035914,31.751431878049026,0.4230769230769231,34.00002807791216,32.52034756832949,KC
Masyn Winn,691026,2026,24,470,532,109,5,21.8,9.0,0.232,0.317,56,149,54,0.245,0.329,0.283,0.297,-0.013,-0.012,-0.014,15.3,42.8,88.3,33.0,3.3,34.9,98.548306592,93.333175698,58.4,24.0,85.0,50.0,23.7,41.2,29.9,44.0,21.1,26.6,STL,51,691026,2139,2.4,0.0,0.0,0.0,0.0,0.116,0.293,0.184,0,10,91.0,7.7,2316,89.1,89.22,7,19,32,0.1000000000000085,6.5,114,153,116,148,304,319,288,1.081,-1.081,69.6,7.6,2.531070927,12,6,0,0,0,0,4,33.3,2,16.7,2.48,0.44,0.36,-0.36,91.9,165.0,33.33333333333333,0.0,0.0,5.41,2.52,0.01,2.36,0.167,0.0,-2.119607843,0.32,0.319,2.119607843,-0.184,-0.153,-0.319,-0.177,36.8,30.1,9.987116802046549,-1.4952816170303804,34.32402257807197,0.3333333333333333,31.051856199001133,34.64493677805859,STL
Weston Wilson,642215,2026,31,164,183,33,4,31.7,9.8,0.201,0.305,14,50,24,0.187,0.273,0.269,0.251,0.014,0.032,0.018,19.6,47.8,84.8,34.0,3.8,32.1,96.982246792,92.551328286,67.1,25.6,77.8,49.0,33.1,46.0,47.2,46.2,26.4,20.8,SEA,100,642215,781,12.8,0.19,0.0,0.267,0.19,0.194,0.173,0.149,4,21,79.6,12.0,2153,85.0,85.17,13,51,49,0.2000000000000028,6.42,104,151,121,147,305,329,297,2.208,-2.208,68.2,7.4,2.086601545,22,15,4,0,0,0,6,27.3,1,4.5,2.69,0.52,0.23,-0.23,89.9,139.0,6.666666666666667,0.0,0.0,5.51,2.64,0.03,2.31,0.227,0.0,-2.208,0.187,0.187,2.208,0.041,0.04,0.003,0.021,25.5,33.3,9.623242552902845,-1.1057853626289935,36.25741710675891,0.5098039215686274,36.24432551096446,28.75889306788628,SEA
Christian Walker,572233,2026,35,571,635,129,29,23.1,8.0,0.226,0.427,87,244,73,0.227,0.396,0.316,0.305,-0.001,0.031,0.011,43.7,47.6,89.0,31.9,9.6,40.7,101.069259249,94.709357676,73.1,31.6,83.5,45.4,29.1,50.4,41.2,42.9,28.1,21.3,HOU,35,572233,2482,1.4,0.125,0.375,0.0,0.5,0.275,0.305,0.17,1,8,95.7,18.8,1996,86.6,86.35,8,17,18,-0.1999999999999886,6.26,112,153,123,147,300,330,295,-1.023,1.023,71.4,7.5,4.963803756,11,6,0,0,0,1,3,27.3,2,18.2,2.36,0.74,0.74,-0.74,93.1,177.0,33.33333333333333,16.666666666666664,9.090909090909092,5.62,1.9,0.39,2.33,0.273,1.0,2.922857143,0.241,0.514,-2.922857143,-0.045,0.032,-0.014,-0.03,47.1,35.5,11.299232653441084,-10.7699457233649,28.854579032966612,0.625,36.40135122343388,33.28357344744846,HOU
Miguel Amaya,665804,2026,27,215,254,51,6,26.4,9.1,0.237,0.377,28,81,36,0.204,0.335,0.324,0.295,0.033,0.042,0.029,9.4,57.0,87.8,37.5,7.9,34.2,97.6572044,93.021388523,66.8,32.0,82.9,43.0,27.3,46.9,38.2,33.6,32.9,21.7,CHC,26,665804,1018,2.6,0.429,0.286,0.429,0.714,0.427,0.463,0.333,3,7,88.6,30.7,1988,87.4,87.18,2,17,9,-0.2000000000000028,6.23,105,153,127,145,293,328,290,-0.6,0.6,65.4,7.4,1.826220468,8,7,1,2,0,0,1,12.5,0,0.0,2.3,0.72,0.71,-0.71,90.8,235.0,28.57142857142857,28.57142857142857,25.0,5.83,1.64,0.2,2.2,0.375,2.0,2.307692308,0.313,0.867,-2.307692308,0.096,0.062,-0.153,-0.036,11.8,43.1,9.4469545560326,-8.69505639621015,32.70670123498502,0.5882352941176471,37.57439117186911,27.97331829447468,CHC
Max Muncy,571970,2026,35,488,561,123,29,25.0,11.6,0.252,0.49,76,239,81,0.242,0.47,0.361,0.349,0.01,0.02,0.012,14.0,49.7,89.9,35.8,12.9,45.8,101.023217371,94.921257221,65.7,25.8,81.0,47.8,29.2,44.9,51.3,37.5,32.7,22.6,LAD,8,691777,1110,0.7,0.333,0.0,0.5,0.333,0.297,0.204,0.219,1,3,93.9,22.5,2034,86.2,86.25,2,4,4,0.0999999999999943,6.63,110,153,122,147,299,334,296,-0.16,0.16,73.7,7.6,5.071179936,3,2,1,0,0,0,1,33.3,0,0.0,2.9,0.25,0.73,-0.73,95.7,201.0,50.0,0.0,0.0,5.11,3.38,-0.19,2.03,0.333,0.0,2.0,0.219,0.25,-2.0,0.114,0.114,0.083,0.093,50.0,20.0,15.058525903736736,-11.952999262284113,31.343886256623676,0.5,35.32914907661711,36.90911791411363,LAD
Max Muncy,571970,2026,35,488,561,123,29,25.0,11.6,0.252,0.49,76,239,81,0.242,0.47,0.361,0.349,0.01,0.02,0.012,14.0,49.7,89.9,35.8,12.9,45.8,101.023217371,94.921257221,65.7,25.8,81.0,47.8,29.2,44.9,51.3,37.5,32.7,22.6,LAD,56,571970,2295,2.4,0.286,0.286,0.375,0.571,0.388,0.277,0.184,4,14,87.1,21.9,2275,89.7,89.46,7,25,31,-0.2000000000000028,6.25,119,147,128,154,295,328,300,-0.178,0.178,68.4,6.9,4.68354071,15,9,2,1,0,1,5,33.3,0,0.0,2.26,0.61,0.62,0.62,91.1,164.0,33.33333333333333,11.11111111111111,6.666666666666667,5.69,2.55,-0.43,2.17,0.333,1.0,0.317857143,0.238,0.399,-0.317857143,0.102,0.095,0.172,0.111,28.0,32.6,17.56924551456236,-6.506183370960598,35.66382834898418,0.4166666666666667,40.05234940022704,40.827263316825686,LAD
Ramón Urías,602104,2026,32,86,100,13,4,18.0,9.0,0.151,0.326,9,28,14,0.191,0.381,0.265,0.302,-0.04,-0.055,-0.037,5.8,76.7,88.5,27.5,10.1,34.8,98.388988857,93.362815362,71.1,25.8,81.3,49.7,23.4,48.3,31.9,39.1,36.2,13.0,TBD,5,602104,362,1.4,0.0,0.0,,0.0,0.0,0.0,,0,1,,,2445,91.6,90.96,0,2,3,-0.5999999999999943,6.14,117,154,127,147,302,324,281,0.26,-0.26,71.3,8.1,,1,0,0,0,0,0,1,100.0,0,0.0,2.19,0.6,0.04,-0.04,88.0,231.0,,,,5.37,1.85,0.1,2.46,0.0,,-5.2,,,5.2,,,,0.0,0.0,40.4,12.002456401511273,-0.0875975153369665,28.263444637531045,0.5,41.58513141138834,30.024143246207306,TBD
Andy Pages,681624,2026,25,511,574,140,23,19.7,8.5,0.274,0.468,85,239,75,0.274,0.442,0.352,0.343,0.0,0.026,0.009,28.5,44.7,88.9,37.4,7.9,42.3,99.860630297,94.161986015,65.9,31.6,88.9,45.5,22.1,47.2,37.6,37.6,27.5,26.7,LAD,23,681624,2334,1.0,0.4,0.0,0.5,0.4,0.356,0.394,0.429,2,5,83.1,21.0,2134,92.1,91.98,1,12,11,-0.0999999999999943,6.17,99,140,120,134,301,328,298,-0.155,0.155,70.1,7.8,0.522776256,5,4,2,0,0,0,1,20.0,0,0.0,1.89,0.81,1.05,-1.05,89.2,180.0,25.0,0.0,0.0,5.77,2.29,0.47,2.44,0.4,0.0,0.673913043,0.429,0.481,-0.673913043,-0.029,-0.0289999999999999,-0.081,-0.038,8.3,39.1,3.5548194199499386,2.605193217531176,39.0698064464741,0.1666666666666666,39.14552569978752,24.951421075175595,LAD
Vladimir Guerrero Jr.,665489,2026,27,542,609,141,9,13.3,9.2,0.26,0.356,57,193,72,0.28,0.4,0.305,0.331,-0.02,-0.044,-0.026,62.4,30.3,90.3,28.7,6.9,44.3,102.693695855,95.562990899,67.3,30.6,86.9,45.4,20.1,47.2,35.1,48.6,19.3,25.3,TOR,37,665489,2201,1.7,0.333,0.444,0.286,0.778,0.49,0.444,0.344,3,9,81.9,0.1,2203,88.0,88.17,3,16,21,0.2000000000000028,6.49,114,151,123,148,305,330,292,-2.31,2.31,78.3,7.9,0.690188622,10,8,1,1,0,1,1,10.0,1,10.0,2.4,0.6,0.56,-0.56,91.4,192.0,37.5,12.5,10.0,5.74,2.47,0.22,2.15,0.4,1.0,6.243243243,0.41,0.638,-6.243243243,-0.011,-0.0099999999999999,0.14,0.046,18.8,26.7,-0.1651640675042691,-3.916393378073862,30.249557437056676,0.2666666666666666,40.48982313817152,34.6226071155876,TOR
Angel Martínez,682657,2026,24,389,416,99,18,21.9,3.1,0.254,0.465,62,181,49,0.251,0.401,0.326,0.299,0.003,0.064,0.027,18.1,50.4,87.5,35.1,7.2,35.5,98.989455168,93.585370839,66.8,42.8,88.7,47.8,20.7,54.3,43.9,41.6,25.6,24.9,CLE,76,682657,1497,5.1,0.391,0.478,0.353,0.87,0.539,0.345,0.262,9,23,89.5,14.0,2121,88.7,88.65,9,45,31,-0.1000000000000085,6.23,101,150,114,144,292,323,287,-3.776,3.776,71.2,7.3,3.327891443,24,20,4,2,0,3,3,12.5,1,4.2,2.34,0.6,0.53,-0.53,92.2,157.0,50.0,10.0,8.333333333333332,5.83,1.93,0.31,2.24,0.417,2.0,4.968421053,0.293,0.526,-4.968421053,0.129,0.124,0.344,0.194,20.0,38.4,9.57169225813083,-5.328676265277288,30.157518679127627,0.6222222222222222,33.97458616976736,39.12922789578345,CLE
Jackson Merrill,701538,2026,23,613,664,156,26,24.1,6.2,0.254,0.44,87,270,86,0.27,0.491,0.32,0.347,-0.016,-0.051,-0.027,31.7,46.7,91.5,39.8,12.4,48.7,101.402458194,95.327540397,77.9,37.6,81.6,45.8,27.6,56.1,38.0,37.0,29.8,27.8,SD,37,701538,2556,1.4,0.286,0.429,0.222,0.714,0.42,0.422,0.316,4,14,94.3,13.8,2295,89.7,89.81,4,28,9,0.0999999999999943,6.3,110,148,112,153,286,323,306,-0.706,0.706,73.7,7.4,2.914266723,14,11,2,0,0,2,3,21.4,0,0.0,2.1,0.75,0.32,0.32,92.9,182.0,63.63636363636363,18.181818181818183,14.285714285714285,5.76,2.12,-0.21,2.4,0.286,2.0,1.908108108,0.316,0.697,-1.908108108,-0.03,-0.03,0.017,-0.002,14.3,38.6,11.188732613320289,-0.3871270514637368,37.03701716424976,0.5652173913043478,37.07597469832282,31.391696746353,SD
Alejandro Osuna,696030,2026,23,204,233,53,1,15.9,8.2,0.26,0.304,25,62,27,0.252,0.309,0.303,0.301,0.008,-0.005,0.002,22.8,31.9,86.8,33.9,0.6,29.2,97.972907439,93.067395828,64.4,32.4,87.4,50.1,17.5,48.4,26.2,49.4,14.9,28.6,TEX,7,696030,836,0.8,0.0,0.0,0.0,0.0,0.0,0.008,0.009,0,1,62.0,56.0,2627,88.9,90.07,1,5,2,1.1999999999999886,6.99,114,150,111,153,276,309,292,0.26,-0.26,68.0,6.7,0.93541122,1,1,0,0,0,0,0,0.0,0,0.0,2.18,0.71,-0.44,-0.44,88.0,181.0,0.0,0.0,0.0,5.81,3.66,-0.55,2.49,0.0,0.0,-3.714285714,0.009,0.009,3.714285714,-0.009,-0.009,-0.009,-0.008,20.0,31.5,1.1993180846186675,8.813664640035524,21.95679503568525,0.2,38.63322742475849,24.55183330140944,TEX
Henry Bolte,703607,2026,22,415,473,115,11,28.1,8.2,0.277,0.405,38,168,57,0.246,0.375,0.341,0.317,0.031,0.03,0.024,70.2,42.7,91.0,27.7,8.1,48.6,104.45817,96.694969321,73.6,28.4,79.6,48.0,32.8,50.0,31.9,62.1,14.7,19.6,OAK,26,703607,1770,1.5,0.125,0.125,0.25,0.25,0.158,0.168,0.158,1,8,91.4,39.0,2119,89.5,90.19,5,14,12,0.7000000000000028,6.64,105,152,113,149,308,330,294,1.174,-1.174,71.8,7.0,1.14988725,8,4,0,1,0,0,4,50.0,0,0.0,2.12,0.75,0.43,-0.43,92.4,208.0,75.0,0.0,0.0,5.7,1.99,0.05,2.46,0.125,0.0,-4.515384615,0.158,0.236,4.515384615,-0.033,-0.033,0.014,-0.01,35.7,42.9,3.2911801876893305,12.07646475654738,31.86345589445995,0.3571428571428571,37.26945606024078,25.447237687134944,OAK
Austin Riley,663586,2026,29,566,630,124,19,31.9,7.6,0.219,0.364,72,206,64,0.213,0.396,0.29,0.299,0.006,-0.032,-0.009,59.1,47.5,91.3,34.3,12.4,44.3,102.087666649,95.389412865,68.6,32.3,78.8,45.4,31.9,48.8,39.5,36.8,30.0,24.1,ATL,52,663586,2544,2.0,0.25,0.25,0.286,0.5,0.319,0.291,0.211,3,12,87.8,7.0,2113,87.9,88.42,5,22,30,0.5,6.46,115,153,123,148,311,325,295,0.515,-0.515,73.2,7.2,1.347774606,12,8,2,0,0,1,4,33.3,0,0.0,2.31,0.65,0.39,-0.39,93.0,158.0,50.0,25.0,16.666666666666664,6.07,1.81,0.35,2.67,0.25,2.0,-0.990384615,0.211,0.485,0.990384615,0.039,0.039,0.015,0.028,22.7,41.7,6.723030352174024,3.86656051553912,30.28072913368365,0.3809523809523809,38.26496348664533,30.553579196255104,ATL
Brady House,691781,2026,23,320,355,79,10,25.6,8.2,0.247,0.397,46,127,44,0.265,0.434,0.313,0.333,-0.018,-0.037,-0.02,33.4,47.8,90.1,31.0,9.5,47.8,102.255890517,95.508442857,70.8,34.2,78.5,44.8,29.8,50.6,30.6,46.6,26.7,22.8,WSH,90,691781,1293,7.0,0.4,0.067,0.5,0.467,0.482,0.415,0.295,6,15,93.3,9.8,2174,89.1,89.62,7,38,52,0.5,6.64,109,152,125,148,312,323,292,-2.415,2.415,73.3,7.5,2.78177737,22,12,5,1,0,0,3,13.6,7,31.8,2.34,0.58,0.44,-0.44,92.8,164.0,50.0,0.0,0.0,5.6,2.08,-0.09,2.3,0.591,0.0,2.683333333,0.519,0.364,-2.683333333,0.105,0.0719999999999999,0.103,0.067,18.4,33.8,10.461968940750616,1.9661558540472612,37.56762994914686,0.4054054054054054,35.42510879091259,28.73248596868855,WSH
Austin Martin,668885,2026,27,302,358,69,3,19.0,12.6,0.228,0.315,24,95,42,0.23,0.314,0.303,0.303,-0.002,0.001,0.0,4.1,51.6,86.8,34.2,3.0,28.3,96.379876724,92.254509397,62.5,18.0,88.0,49.5,20.0,40.0,40.1,47.7,22.8,23.6,MIN,77,668885,1396,5.5,0.0,0.0,0.0,0.0,0.112,0.211,0.11,0,16,81.7,13.6,2209,86.8,87.19,7,29,48,0.4000000000000057,6.59,102,149,114,146,299,323,288,3.052,-3.052,67.5,6.9,7.45583518,19,10,0,0,0,0,6,31.6,2,10.5,2.63,0.44,0.27,-0.27,89.5,140.0,10.0,0.0,0.0,5.92,1.58,0.18,2.35,0.158,0.0,-3.963636364,0.251,0.165,3.963636364,-0.11,-0.093,-0.165,-0.099,24.1,43.9,12.555503048528818,-6.439114173654229,40.40533041737064,0.3571428571428571,35.11654757387352,35.688334623447645,MIN
Seiya Suzuki,673548,2026,31,545,634,147,26,24.4,12.8,0.27,0.473,86,258,96,0.246,0.427,0.366,0.34,0.024,0.046,0.026,36.4,47.9,88.6,36.9,10.7,38.9,100.235200558,94.190827557,59.6,22.5,86.1,47.6,23.5,40.2,41.0,35.9,30.8,24.9,CHC,62,673548,2748,2.3,0.364,0.0,0.571,0.364,0.404,0.382,0.306,4,11,95.3,-6.6,2173,88.3,88.18,4,22,40,-0.0999999999999943,6.29,107,153,124,147,300,328,296,-1.016,1.016,71.0,6.9,2.872928907,14,7,4,0,0,0,4,28.6,3,21.4,2.46,0.51,0.59,-0.59,92.6,94.0,71.42857142857143,0.0,0.0,5.73,2.26,0.04,2.15,0.5,0.0,1.638709677,0.454,0.369,-1.638709677,0.058,0.0459999999999999,-0.005,0.022,18.2,36.5,4.114985936447456,2.586470614133977,33.081134686655965,0.2,38.53606183484523,31.310858333152616,CHC
Tommy Edman,669242,2026,31,291,331,72,8,20.2,6.6,0.247,0.385,42,112,44,0.24,0.347,0.32,0.303,0.007,0.038,0.017,14.3,58.7,87.3,29.4,5.3,32.0,98.478885179,93.248303304,64.5,30.4,91.0,46.8,23.0,46.4,42.1,45.6,28.5,20.2,LAD,63,669242,1210,5.2,0.176,0.176,0.143,0.353,0.252,0.221,0.176,3,17,85.6,34.2,2216,88.6,88.4,4,23,40,-0.1999999999999886,6.3,114,154,115,149,299,319,288,-0.331,0.331,71.8,7.1,2.417544606,18,15,2,0,0,1,2,11.1,1,5.6,2.35,0.6,0.54,-0.54,91.5,190.0,14.285714285714285,7.142857142857142,5.555555555555555,5.6,2.49,0.05,2.41,0.222,1.0,0.525396825,0.225,0.27,-0.525396825,0.0,-0.003,0.083,0.031,17.4,33.7,6.127563383293095,6.043030643926073,24.28246081845825,0.6521739130434783,39.51066916661333,24.41617378991098,LAD
Sung-Mun Song,823550,2026,29,131,154,25,1,20.1,12.3,0.191,0.244,17,32,22,0.183,0.267,0.25,0.253,0.008,-0.023,-0.003,14.5,60.4,87.3,26.0,3.8,27.9,97.188634286,92.609704898,62.6,23.6,84.5,49.4,21.9,42.8,41.3,44.2,26.0,16.3,SD,5,823550,634,0.8,0.0,0.0,,0.0,0.0,0.0,,0,1,,,2236,95.3,93.94,1,2,3,-1.3999999999999917,5.48,88,103,88,106,281,313,294,0.355,-0.355,60.9,8.0,2.096771232,1,0,0,0,0,0,1,100.0,0,0.0,2.25,0.28,0.87,0.87,88.0,195.0,,,,5.59,1.55,0.22,1.7,0.0,,-7.1,,,7.1,,,,0.0,50.0,16.6,8.595335630040932,-6.902042244673137,24.509405154979383,0.5,46.6476395385929,31.38166891836334,SD
Daniel Schneemann,682177,2026,29,262,286,55,7,29.4,8.4,0.21,0.332,30,87,30,0.225,0.372,0.272,0.292,-0.015,-0.04,-0.02,11.3,56.8,88.0,33.7,8.4,38.4,98.794739888,93.514708652,66.8,33.4,83.0,49.0,31.5,49.7,47.2,43.3,29.8,22.5,CLE,8,682177,1137,0.7,0.333,1.0,0.0,1.333,0.683,0.746,0.425,1,3,93.5,30.3,2340,88.2,88.6,0,4,4,0.3999999999999915,6.3,130,148,122,153,294,322,300,-0.598,0.598,71.6,6.9,,3,3,0,0,0,1,0,0.0,0,0.0,2.52,0.4,0.29,0.29,96.8,343.0,66.66666666666666,66.66666666666666,66.66666666666666,5.82,1.71,0.04,2.42,0.333,2.0,7.475,0.425,1.397,-7.475,-0.092,-0.0919999999999999,-0.064,-0.063,0.0,37.9,16.631110600751576,-0.7460955420198716,32.439727004314804,1.0,29.055564411037007,31.671435679089,CLE
Juan Soto,665742,2026,27,400,482,110,27,13.5,16.2,0.275,0.515,68,206,63,0.295,0.574,0.385,0.411,-0.02,-0.059,-0.026,29.0,67.3,92.6,32.0,14.0,48.1,102.453819701,96.079954685,62.7,20.9,85.4,47.3,20.9,40.7,39.8,39.2,32.9,19.3,NYM,116,665742,1929,6.0,0.323,0.194,0.32,0.516,0.373,0.435,0.336,10,31,94.5,11.5,2151,90.3,90.59,11,59,57,0.2999999999999971,6.57,120,149,124,151,299,331,304,-3.267,3.267,72.1,7.0,0.579999972,35,27,8,0,0,2,4,11.4,3,8.6,2.27,0.57,0.67,0.67,95.0,162.0,59.25925925925925,18.51851851851852,14.285714285714285,5.9,2.21,-0.01,2.36,0.4,5.0,2.81637931,0.356,0.666,-2.81637931,-0.013,0.044,-0.15,-0.062,18.6,37.1,12.426735650078571,0.6211916751139106,27.891750824540843,0.7592592592592593,35.58003081924614,25.94543810097555,NYM
Heriberto Hernández,681715,2026,26,448,505,102,25,26.5,10.3,0.228,0.442,67,198,51,0.242,0.475,0.329,0.348,-0.014,-0.033,-0.019,46.6,63.4,91.5,32.1,12.7,48.6,101.890099177,95.562362984,69.6,23.9,78.0,46.6,32.5,45.2,46.0,40.0,31.7,20.6,MIA,54,681715,2012,2.7,0.077,0.0,0.1,0.077,0.068,0.242,0.163,1,13,99.0,25.9,2114,87.5,87.29,7,27,27,-0.2000000000000028,6.29,115,154,122,148,308,314,292,2.89,-2.89,70.3,7.6,5.592792432,13,10,1,0,0,0,3,23.1,0,0.0,2.24,0.8,0.59,-0.59,96.4,199.0,80.0,10.0,7.6923076923076925,5.86,1.96,-0.22,2.06,0.077,1.0,-5.351851852,0.163,0.417,5.351851852,-0.086,-0.086,-0.34,-0.174,25.9,41.3,13.736297362412422,-4.028309595056999,25.749536461010848,0.5185185185185185,37.34943508485069,34.91582372655038,MIA
Dylan Crews,686611,2026,24,404,443,90,13,24.2,6.8,0.223,0.374,44,151,55,0.241,0.419,0.294,0.317,-0.018,-0.045,-0.023,38.7,47.1,90.3,33.9,9.4,43.3,101.188552703,94.814070441,73.4,32.1,82.1,47.4,29.4,51.7,33.6,39.6,27.5,25.5,WSH,61,686611,1627,3.7,0.15,0.05,0.167,0.2,0.152,0.29,0.248,3,20,85.3,21.3,2183,87.7,88.4,3,29,32,0.7000000000000028,6.66,110,152,122,149,311,322,293,3.005,-3.005,73.8,7.5,2.703383772,20,18,2,1,0,0,2,10.0,0,0.0,2.67,0.34,0.37,-0.37,91.7,171.0,33.33333333333333,5.555555555555555,5.0,5.24,2.25,0.04,2.35,0.15,1.0,-4.926229508,0.248,0.431,4.926229508,-0.098,-0.098,-0.231,-0.138,10.3,27.5,8.361427975104476,1.0711064506917205,30.838603547078275,0.64,36.84154394847574,28.94951189545566,WSH
Andrés Giménez,665926,2026,27,468,508,114,9,18.5,3.3,0.244,0.359,59,168,38,0.237,0.333,0.286,0.276,0.007,0.026,0.01,4.2,50.8,85.4,29.9,3.4,24.9,95.861947351,91.931251541,73.3,43.9,84.8,47.7,24.2,57.9,39.9,45.4,23.1,22.3,TOR,43,665926,1878,2.3,0.154,0.077,0.182,0.231,0.166,0.195,0.183,2,13,78.0,18.3,2358,89.2,88.99,6,29,14,-0.2000000000000028,6.34,120,146,98,150,274,318,300,1.6,-1.6,62.8,6.5,1.267487964,13,11,1,1,0,0,2,15.4,0,0.0,2.23,0.7,0.43,0.43,90.2,148.0,18.181818181818183,0.0,0.0,5.99,2.26,-0.25,2.29,0.154,0.0,-3.720930233,0.183,0.27,3.720930233,-0.029,-0.0289999999999999,-0.039,-0.029,20.7,33.0,5.614046193865145,10.825222791125556,31.982539635068864,0.5862068965517241,37.520215918030594,29.192462887156683,TOR
Randy Arozarena,668227,2026,31,572,670,161,26,21.6,10.1,0.281,0.484,79,277,113,0.258,0.419,0.379,0.348,0.023,0.065,0.031,22.2,58.6,90.8,36.0,8.1,43.5,100.588190372,94.755039419,63.3,30.6,76.7,46.7,26.3,45.9,36.2,48.5,23.7,23.4,SEA,148,668227,2759,5.4,0.385,0.538,0.429,0.923,0.575,0.397,0.247,10,26,93.1,12.5,2124,86.8,87.11,18,74,74,0.2999999999999971,6.5,101,151,121,146,307,330,299,-7.484,7.484,68.0,7.2,4.153484296,32,18,4,2,0,4,8,25.0,4,12.5,2.56,0.51,0.27,-0.27,92.5,133.0,55.55555555555556,22.22222222222222,12.5,5.75,2.24,0.04,2.36,0.5,4.0,5.056756757,0.373,0.55,-5.056756757,0.138,0.127,0.373,0.178,24.3,40.7,10.395496465684747,-4.809361212537706,26.99712033086356,0.6521739130434783,33.454240819621035,34.9942406424631,SEA
Ryan Kreidler,668952,2026,28,243,267,53,8,22.8,7.9,0.218,0.379,29,92,33,0.221,0.382,0.293,0.295,-0.003,-0.003,-0.002,39.1,64.6,88.3,26.2,8.2,37.2,99.404474111,93.790732067,75.4,28.3,79.0,50.0,30.4,51.8,41.5,50.3,26.8,14.8,MIN,25,668952,1001,2.5,0.429,1.0,0.25,1.429,0.757,0.615,0.37,3,7,95.5,22.3,2119,88.5,88.71,2,12,13,0.2000000000000028,6.51,97,152,113,147,298,331,293,-2.055,2.055,75.6,8.1,1.808204478,8,6,0,1,0,2,1,12.5,1,12.5,1.95,1.01,0.77,-0.77,94.9,218.0,50.0,33.33333333333333,25.0,5.94,1.87,-0.2,2.47,0.5,2.0,8.22,0.448,1.089,-8.22,0.059,0.0519999999999999,0.34,0.142,16.7,39.7,15.675089351956956,-5.112823845833886,33.46260146879779,0.5,38.39452184302756,35.34960763293425,MIN
Garrett Mitchell,669003,2026,27,461,531,121,11,31.5,11.3,0.262,0.416,65,192,74,0.268,0.447,0.34,0.353,-0.006,-0.031,-0.013,80.6,57.2,93.2,31.5,11.7,52.7,104.76725527,97.131320712,66.2,22.7,74.6,48.6,35.8,43.9,32.6,56.0,15.4,26.2,MIL,49,669003,2145,2.3,0.091,0.0,0.143,0.091,0.178,0.286,0.173,1,11,91.0,-6.4,2298,90.1,90.18,4,20,29,0.1000000000000085,6.49,114,148,105,150,287,320,302,1.306,-1.306,77.4,7.3,1.945665648,13,7,1,0,0,0,4,30.8,1,7.7,2.23,0.64,0.61,0.61,92.4,133.0,57.14285714285714,14.285714285714285,7.6923076923076925,5.77,2.33,-0.01,2.48,0.231,1.0,-2.665306122,0.3,0.311,2.665306122,-0.082,-0.0689999999999999,-0.22,-0.108,20.0,33.1,8.816805692383568,4.228090994387963,28.983173936094943,0.55,38.06345725649159,30.251108665034955,MIL
Travis d'Arnaud,518595,2026,37,76,84,12,1,28.6,7.1,0.158,0.237,3,18,7,0.152,0.281,0.221,0.234,0.006,-0.044,-0.013,15.5,60.6,86.7,32.7,9.6,30.8,96.800458077,92.454145,65.8,33.3,81.1,50.8,31.0,49.8,25.0,46.2,34.6,13.5,LAA,14,518595,317,4.4,0.0,0.0,0.0,0.0,0.0,0.168,0.132,0,5,73.9,-8.8,2372,90.2,89.56,2,6,8,-0.6000000000000085,5.94,106,154,127,147,313,328,298,1.314,-1.314,75.7,8.5,1.78365963,5,4,0,0,0,0,1,20.0,0,0.0,2.22,0.6,0.38,-0.38,90.3,172.0,25.0,0.0,0.0,5.98,1.46,0.44,2.27,0.0,0.0,-9.385714286,0.132,0.261,9.385714286,-0.132,-0.132,-0.261,-0.168,33.3,42.3,18.04270803918944,-9.835880335378826,37.25118324560522,0.6666666666666666,39.592197682474016,37.21707121403618,LAA
Daulton Varsho,662139,2026,29,484,526,107,12,20.3,7.4,0.221,0.355,40,172,51,0.228,0.354,0.281,0.283,-0.007,0.001,-0.002,28.2,55.0,86.7,32.0,6.9,36.5,98.36044754,93.211984706,72.4,36.5,85.4,46.2,21.9,53.1,38.1,39.4,28.8,22.0,HOU,21,662139,2007,1.0,0.0,0.0,0.0,0.0,0.0,0.121,0.129,0,8,83.6,32.3,2098,91.0,90.77,4,15,6,-0.2000000000000028,6.26,115,147,101,153,290,325,295,2.101,-2.101,73.2,7.7,1.395439968,8,6,0,0,0,0,2,25.0,0,0.0,1.8,0.98,0.9,0.9,89.9,113.0,33.33333333333333,0.0,0.0,5.86,1.35,0.01,2.28,0.0,0.0,-10.004761905,0.129,0.15,10.004761905,-0.129,-0.129,-0.15,-0.121,26.7,42.6,14.092852435220085,-4.695359593769929,30.043751984559844,0.7857142857142857,34.162281927240755,27.829014218755106,HOU
Josh Rojas,668942,2026,32,106,115,24,2,14.8,4.3,0.226,0.321,14,34,11,0.189,0.261,0.26,0.22,0.037,0.06,0.04,3.3,53.8,86.1,31.5,1.1,28.3,95.932095333,92.04715618,70.4,30.4,90.3,49.9,19.2,50.4,32.6,39.1,34.8,17.4,KC,1,668942,413,0.2,0.0,0.0,0.0,0.0,0.0,0.08,0.083,0,1,98.8,-42.0,1980,91.8,92.4,0,1,0,0.6000000000000085,6.7,112,148,104,151,270,317,295,0.284,-0.284,65.9,5.9,,1,1,0,0,0,0,0,0.0,0,0.0,2.31,0.4,1.04,1.04,98.8,3.0,100.0,0.0,0.0,5.47,2.55,-0.08,2.47,0.0,0.0,-28.4,0.083,0.091,28.4,-0.083,-0.083,-0.091,-0.08,0.0,32.3,-8.106148897242479,26.155862737782613,34.304759212876405,0.0,38.16075118607934,11.3776287976313,KC
Andrew Knizner,668800,2026,31,73,80,16,2,17.5,5.0,0.219,0.356,4,26,8,0.212,0.33,0.288,0.274,0.007,0.026,0.014,7.2,60.8,87.0,23.7,5.1,32.2,98.388085333,93.282077288,61.8,39.4,80.2,45.0,25.7,49.5,33.9,35.6,32.2,16.9,SF,80,668800,291,27.5,0.318,0.091,0.368,0.409,0.334,0.224,0.207,7,22,85.6,21.7,2214,89.9,90.2,9,44,36,0.2999999999999971,6.43,109,154,123,148,302,318,287,0.262,-0.262,69.0,7.1,1.657589129,23,19,5,2,0,0,3,13.0,1,4.3,2.08,0.77,0.4,-0.4,92.2,154.0,36.84210526315789,0.0,0.0,6.03,1.87,0.29,2.48,0.348,0.0,-0.3275,0.241,0.261,0.3275,0.111,0.1069999999999999,0.148,0.11,20.5,45.0,7.753667053219016,-2.781124896201224,25.034938538133577,0.6046511627906976,36.71635969940653,33.06520382972327,SF
Rafael Flores Jr.,804668,2026,25,148,163,39,11,27.6,9.2,0.264,0.527,25,78,17,0.247,0.506,0.367,0.35,0.017,0.021,0.017,39.3,60.8,90.7,35.0,14.6,45.6,101.474261731,95.313841262,61.2,27.7,77.8,52.2,30.7,45.2,46.6,44.7,36.9,17.5,PIT,85,804668,653,13.0,0.368,0.368,0.417,0.737,0.491,0.355,0.231,7,19,87.3,8.3,2156,88.1,88.17,13,41,44,0.1000000000000085,6.29,105,152,125,149,305,318,290,-2.643,2.643,73.9,7.4,2.261128844,21,14,4,1,0,2,5,23.8,2,9.5,2.51,0.46,0.46,-0.46,91.2,144.0,28.57142857142857,14.285714285714285,9.523809523809524,5.65,1.71,-0.07,2.35,0.429,2.0,3.109411765,0.304,0.536,-3.109411765,0.137,0.125,0.201,0.136,31.7,36.9,16.680767612221448,-0.1054422814225084,37.31235962416231,0.5365853658536586,38.01477893469393,32.16748937701828,PIT
Brandon Lockridge,663604,2026,29,101,113,28,0,29.2,9.7,0.277,0.327,12,33,13,0.216,0.263,0.308,0.258,0.061,0.064,0.05,40.5,45.7,85.8,18.8,1.5,33.3,99.04790875,93.64841873,59.0,32.1,79.0,50.0,29.1,45.5,27.5,71.0,11.6,14.5,TBD,6,663604,468,1.3,0.5,0.5,1.0,1.0,0.631,0.221,0.19,1,2,100.2,18.0,2086,87.1,87.75,1,4,2,0.7999999999999972,6.65,111,154,100,150,305,312,283,-0.449,0.449,74.1,7.0,,2,1,0,1,0,0,1,50.0,0,0.0,2.44,0.62,0.08,-0.08,92.2,205.0,100.0,0.0,0.0,5.33,1.18,-0.01,2.28,0.5,0.0,7.483333333,0.19,0.333,-7.483333333,0.31,0.31,0.667,0.41,25.0,38.3,4.354452637014921,11.44958738054068,25.788452418720944,0.5,44.345134273892576,24.218847806876106,TBD
Paul Goldschmidt,502671,2026,38,345,380,87,18,22.6,7.6,0.252,0.452,52,156,44,0.238,0.414,0.33,0.311,0.014,0.038,0.019,14.3,49.5,86.8,35.1,9.9,35.9,98.632345115,93.426887557,65.5,32.2,77.0,48.5,26.4,48.3,32.4,43.1,29.4,20.6,NYY,44,502671,1504,2.9,0.091,0.091,0.1,0.182,0.163,0.203,0.163,1,11,82.8,18.3,2168,88.3,88.43,5,23,21,0.1000000000000085,6.43,111,154,127,148,305,325,287,1.444,-1.444,71.5,7.7,2.144087042,12,10,0,1,0,0,1,8.3,1,8.3,2.13,0.83,0.36,-0.36,90.0,147.0,20.0,0.0,0.0,5.86,1.83,0.02,2.32,0.167,0.0,-3.281818182,0.232,0.199,3.281818182,-0.072,-0.065,-0.017,-0.04,21.7,40.8,12.34390215003802,2.018787451554178,31.53869710703853,0.3478260869565217,42.40347558295069,20.44551559924399,NYY
Alan Roden,702176,2026,26,79,94,23,1,12.8,12.8,0.291,0.392,14,31,7,0.297,0.419,0.343,0.361,-0.006,-0.027,-0.018,10.6,48.1,87.4,32.9,4.3,42.9,99.092939412,93.564461029,65.9,24.9,92.7,49.1,15.7,45.0,34.3,48.6,22.9,24.3,MIN,27,702176,340,7.9,0.4,0.6,0.333,1.0,0.606,0.296,0.197,2,5,75.1,16.5,2171,88.0,88.04,3,12,15,0.0,6.4,99,144,118,153,281,316,303,-1.096,1.096,62.5,6.9,7.470815856,6,4,1,0,0,1,1,16.7,1,16.7,2.26,0.74,0.4,0.4,91.9,186.0,25.0,0.0,0.0,5.69,2.15,-0.31,1.96,0.5,0.0,4.059259259,0.331,0.305,-4.059259259,0.203,0.1689999999999999,0.695,0.31,25.0,33.5,14.998103750179729,-6.357462221637764,31.503659462506377,0.4166666666666667,35.523311326395486,37.09814449239517,MIN
Iván Herrera,671056,2026,26,605,717,146,19,19.2,10.6,0.241,0.382,69,231,98,0.249,0.39,0.329,0.336,-0.008,-0.008,-0.007,40.3,46.0,89.4,31.6,6.2,40.6,100.671085171,94.557141432,61.6,28.4,87.4,47.8,20.8,44.2,37.7,48.5,20.1,22.7,STL,80,671056,2901,2.8,0.333,0.467,0.333,0.8,0.504,0.519,0.329,5,15,94.4,25.1,2270,89.8,89.79,5,32,48,0.0,6.34,107,151,124,148,306,322,293,-2.744,2.744,74.6,7.6,1.268345338,17,11,2,1,0,2,4,23.5,1,5.9,2.45,0.42,0.44,-0.44,95.6,197.0,45.45454545454545,27.27272727272727,17.647058823529413,5.55,2.33,0.14,2.27,0.412,3.0,3.43,0.408,0.86,-3.43,0.004,0.004,-0.06,-0.015,15.6,34.0,9.20651783733542,-1.5080346269393687,33.73922199138958,0.5625,36.5064791664251,31.443994827970798,STL
Bo Bichette,666182,2026,28,638,696,166,18,18.2,7.0,0.26,0.39,78,249,76,0.28,0.423,0.309,0.33,-0.02,-0.033,-0.021,14.5,29.0,89.5,37.3,6.4,41.7,100.748372471,94.697541238,67.6,40.9,89.9,45.9,19.5,53.1,26.3,46.7,23.7,27.0,NYM,135,666182,2606,5.2,0.214,0.25,0.19,0.464,0.338,0.384,0.268,6,28,88.4,4.7,2120,90.1,90.5,12,76,59,0.4000000000000057,6.59,107,150,123,147,308,328,292,-1.036,1.036,66.7,6.6,2.138675198,32,23,3,1,0,2,5,15.6,4,12.5,2.17,0.67,0.6,-0.6,90.8,174.0,34.78260869565217,8.695652173913043,6.25,6.04,2.01,0.18,2.41,0.313,2.0,0.767407407,0.359,0.53,-0.767407407,-0.054,-0.0459999999999999,-0.066,-0.046,15.8,41.5,-4.291856860219228,13.304748509779849,41.74102426545104,0.2702702702702703,35.2159710065506,18.045027690205032,NYM
Joe Mack,691788,2026,23,303,330,71,14,24.8,5.8,0.234,0.403,52,122,40,0.225,0.396,0.299,0.292,0.009,0.007,0.007,43.4,57.4,88.8,26.9,8.4,38.3,99.584000631,94.018511081,68.7,28.1,83.1,49.1,25.5,48.0,47.6,50.2,24.7,19.4,MIA,19,691788,1284,1.5,0.2,0.0,0.2,0.2,0.178,0.211,0.23,1,5,92.2,10.8,2307,88.7,88.11,4,14,5,-0.6000000000000085,5.98,108,145,101,151,291,312,299,0.573,-0.573,68.6,7.1,3.736611189,5,5,1,0,0,0,0,0.0,0,0.0,2.57,0.38,0.0,0.0,90.7,94.0,20.0,0.0,0.0,5.68,1.49,-0.07,2.17,0.2,0.0,-3.015789474,0.23,0.254,3.015789474,-0.03,-0.03,-0.054,-0.033,28.6,39.9,5.4986377939549405,-8.308776548775604,31.91662601071401,0.5714285714285714,38.2457146147328,31.59884739563337,MIA
Travis Bazzana,683953,2026,23,449,517,110,15,20.7,10.8,0.245,0.408,57,183,56,0.224,0.347,0.328,0.299,0.021,0.061,0.029,12.2,50.1,87.6,30.0,5.2,36.2,98.286642849,93.307251628,65.8,27.3,86.2,48.1,23.2,45.9,38.9,40.6,28.8,20.5,CLE,139,683953,2091,6.6,0.179,0.143,0.2,0.321,0.23,0.153,0.131,5,28,79.1,27.8,2308,89.3,89.45,13,76,63,0.1000000000000085,6.4,108,147,110,150,284,323,300,1.635,-1.635,66.3,7.0,3.708554875,29,21,3,1,0,1,7,24.1,1,3.4,2.32,0.58,0.31,0.31,90.1,130.0,19.047619047619047,0.0,0.0,5.74,2.03,-0.28,2.23,0.207,0.0,-1.176258993,0.161,0.179,1.176258993,0.048,0.0459999999999999,0.142,0.077,17.1,37.9,12.697205772766027,-1.4519956010010944,33.50351257241076,0.5555555555555556,33.130912120164474,34.866939222558585,CLE
Michael Harris II,671739,2026,25,591,621,174,26,19.2,3.7,0.294,0.491,87,290,79,0.29,0.477,0.349,0.342,0.004,0.014,0.007,49.9,46.6,90.5,31.9,10.3,47.6,103.130943957,95.926012511,69.9,45.1,88.8,45.5,24.6,56.4,35.6,44.9,22.9,26.4,ATL,79,671739,2202,3.6,0.409,0.045,0.474,0.455,0.395,0.355,0.352,9,22,87.3,11.7,2210,90.8,91.11,10,43,36,0.2999999999999971,6.47,117,147,108,151,300,326,301,-0.823,0.823,72.1,7.9,3.914972723,23,19,8,1,0,0,3,13.0,1,4.3,2.03,0.76,0.6,0.6,91.8,167.0,36.84210526315789,0.0,0.0,6.03,1.95,0.06,2.26,0.435,0.0,1.041772152,0.38,0.432,-1.041772152,0.057,0.0549999999999999,0.023,0.04,23.3,42.9,5.764128345805287,2.6922196524010187,31.560752506525343,0.5348837209302325,36.99157987322073,29.18602847399512,ATL
Osleivis Basabe,678545,2026,25,129,143,26,5,20.3,6.3,0.202,0.341,13,44,13,0.229,0.343,0.271,0.283,-0.027,-0.002,-0.012,36.7,60.4,87.6,34.3,6.9,34.3,97.9189726,93.015601919,59.0,34.5,81.0,48.3,23.3,46.3,40.2,45.1,29.4,20.6,SF,57,678545,555,10.3,0.111,0.0,0.143,0.111,0.249,0.331,0.21,1,9,84.9,19.9,2252,90.7,90.51,5,23,34,-0.2000000000000028,6.16,107,153,111,146,305,321,289,0.874,-0.874,68.1,7.1,5.084777928,12,7,1,0,0,0,2,16.7,3,25.0,2.02,0.78,0.52,-0.52,90.2,168.0,28.57142857142857,0.0,0.0,5.79,2.21,0.21,2.22,0.333,0.0,-1.533333333,0.408,0.277,1.533333333,-0.099,-0.0749999999999999,-0.166,-0.082,21.7,40.4,3.3283254779821925,-23.97068566838124,27.94673927458536,0.6818181818181818,36.95268601860444,31.03993914932508,SF
Brandon Valenzuela,678218,2026,25,239,271,53,9,25.5,10.7,0.222,0.372,23,89,29,0.24,0.377,0.303,0.313,-0.018,-0.005,-0.01,22.0,50.9,88.4,37.8,7.0,38.4,99.463470941,93.870578639,71.4,28.5,85.5,48.6,25.8,49.4,43.0,41.9,23.8,26.2,TOR,29,678218,1109,2.6,0.25,0.375,0.2,0.625,0.404,0.386,0.294,2,8,92.1,1.2,2214,91.9,91.74,5,17,12,-0.2000000000000028,6.38,110,152,121,147,303,323,288,-1.583,1.583,72.8,7.3,0.621515103,9,6,1,0,0,1,2,22.2,1,11.1,1.76,0.97,0.97,-0.97,94.1,149.0,50.0,16.666666666666664,11.11111111111111,5.94,2.39,0.17,2.8,0.333,1.0,5.45862069,0.373,0.524,-5.45862069,-0.044,-0.0399999999999999,0.101,0.018,29.4,28.7,1.035595163241653,6.8382083673509655,29.046291841905795,0.3125,41.11551254020855,25.02432083679338,TOR
Victor Scott II,687363,2026,25,166,195,32,2,23.6,8.2,0.193,0.253,9,42,19,0.222,0.296,0.243,0.271,-0.029,-0.043,-0.028,3.4,43.2,86.6,31.3,1.6,23.7,96.063542857,92.068093694,69.4,22.6,85.8,52.5,24.6,47.2,35.9,55.0,16.8,22.9,STL,18,687363,716,2.5,0.0,0.0,0.0,0.0,0.0,0.044,0.045,0,5,81.7,-0.3,2381,87.5,88.19,4,10,8,0.7000000000000028,6.74,112,148,102,152,290,315,297,1.386,-1.386,66.7,6.6,4.797591906,5,3,0,0,0,0,2,40.0,0,0.0,2.49,0.52,-0.03,-0.03,89.0,128.0,0.0,0.0,0.0,5.34,2.45,-0.55,2.07,0.0,0.0,-7.7,0.045,0.054,7.7,-0.045,-0.045,-0.054,-0.044,40.0,27.2,7.892770296413997,-0.636814013261569,32.14428531557844,0.6,37.427037942009605,30.016666085237866,STL
Jeff McNeil,643446,2026,34,478,520,126,9,11.3,6.0,0.264,0.368,59,176,52,0.271,0.358,0.301,0.299,-0.007,0.01,0.002,3.8,39.2,86.3,38.0,1.7,29.5,96.173945545,92.112438365,84.0,36.1,91.2,48.5,15.8,59.2,41.3,41.7,21.9,29.2,OAK,39,643446,1800,2.2,0.222,0.0,0.286,0.222,0.248,0.265,0.233,2,9,72.0,5.3,2269,88.4,88.77,8,28,11,0.3999999999999915,6.44,117,147,110,152,283,317,292,0.564,-0.564,63.9,6.9,2.449926103,10,7,2,0,0,0,2,20.0,1,10.0,2.29,0.66,0.16,0.16,89.0,142.0,14.285714285714285,0.0,0.0,5.78,1.79,-0.27,2.32,0.3,0.0,-1.446153846,0.31,0.268,1.446153846,-0.011,-0.01,-0.046,-0.017,28.6,39.8,2.664254297965842,4.041772062839334,32.48455829910258,0.25,36.129362369290654,24.273066217373863,OAK
Carter Jensen,695600,2026,22,527,603,126,27,28.2,10.8,0.239,0.467,81,246,80,0.217,0.423,0.341,0.318,0.022,0.044,0.023,37.4,48.8,91.5,33.0,12.7,44.8,102.069247033,95.57430843,67.5,24.1,80.4,47.4,29.7,44.7,41.8,32.7,38.7,19.5,KC,56,695600,2485,2.3,0.308,0.231,0.429,0.538,0.363,0.327,0.243,4,13,83.4,5.1,2237,89.9,90.08,10,26,30,0.1999999999999886,6.46,111,141,111,144,287,325,301,-0.695,0.695,68.1,6.8,2.422600029,15,8,3,0,0,1,6,40.0,0,0.0,2.19,0.67,0.46,0.46,90.9,164.0,25.0,12.5,6.666666666666667,5.69,2.26,-0.3,2.29,0.333,1.0,1.241071429,0.281,0.502,-1.241071429,0.065,0.0519999999999999,0.036,0.036,38.5,35.4,3.1253331013554746,6.023604804904547,26.09588774901575,0.48,34.59010882044724,31.32268555341518,KC
J.P. Crawford,641487,2026,31,412,489,91,14,19.8,13.1,0.221,0.352,40,145,54,0.234,0.359,0.312,0.319,-0.013,-0.007,-0.007,17.8,45.8,87.7,32.8,6.3,34.7,97.972608726,93.060590096,56.3,19.7,88.3,50.7,17.2,38.2,37.5,47.5,22.5,20.9,SEA,130,641487,2077,6.3,0.286,0.214,0.3,0.5,0.373,0.288,0.207,8,28,87.4,15.7,2204,87.4,87.67,9,47,83,0.2999999999999971,6.52,111,147,104,151,287,322,302,-2.522,2.522,66.9,7.3,4.364970021,31,22,6,0,0,2,6,19.4,2,6.5,2.31,0.73,0.22,0.22,91.5,153.0,36.36363636363637,13.636363636363637,9.67741935483871,5.67,2.49,-0.27,2.31,0.355,3.0,1.94,0.283,0.366,-1.94,0.079,0.072,0.134,0.085,19.1,38.4,7.6083814561700125,-6.826954843750349,30.227706671598188,0.391304347826087,36.826575418255,43.20336350932587,SEA
Henry Davis,680779,2026,26,256,298,44,10,21.1,9.4,0.172,0.313,38,80,33,0.199,0.342,0.267,0.29,-0.027,-0.029,-0.023,42.7,60.9,90.3,27.8,8.6,40.9,100.662878211,94.625487368,75.3,32.3,84.2,48.1,25.6,53.0,52.5,36.9,25.8,19.7,PIT,41,680779,1121,3.7,0.25,0.375,0.2,0.625,0.367,0.293,0.147,2,8,93.3,45.2,2089,86.6,86.35,7,21,20,-0.1999999999999886,6.14,107,152,117,148,306,317,291,-0.732,0.732,69.1,7.1,2.722002182,9,6,1,0,0,1,2,22.2,0,0.0,2.69,0.41,0.7,-0.7,92.3,247.0,20.0,20.0,11.11111111111111,5.34,1.88,0.04,2.47,0.25,1.0,1.785365854,0.147,0.571,-1.785365854,0.103,0.103,0.054,0.074,33.3,31.2,12.38119532045976,-15.382429092209415,30.623666026726248,0.6190476190476191,39.124488103398726,33.81643390455503,PIT
Héctor Rodríguez,699302,2026,22,144,152,33,6,25.7,4.6,0.229,0.41,17,59,16,0.198,0.329,0.295,0.251,0.031,0.081,0.044,51.8,56.9,88.2,26.7,6.7,34.3,99.171249615,93.590612788,72.1,42.8,82.0,44.1,27.2,55.7,41.0,52.4,29.5,12.4,CIN,48,699302,560,8.6,0.077,0.0,0.1,0.077,0.068,0.155,0.113,1,13,88.6,21.2,2321,91.5,91.34,8,29,19,-0.2000000000000028,6.37,118,149,114,154,290,315,300,2.65,-2.65,73.7,7.7,4.921828055,13,10,1,0,0,0,3,23.1,0,0.0,2.04,0.72,0.44,0.44,91.4,174.0,40.0,0.0,0.0,5.75,1.94,-0.27,2.21,0.077,0.0,-5.520833333,0.113,0.254,5.520833333,-0.036,-0.036,-0.177,-0.087,27.6,41.1,10.309106888913664,-6.020363306996767,30.893785785184107,0.5172413793103449,35.95034500536681,33.979659911650444,CIN
Nick Allen,669397,2026,27,145,162,41,3,19.8,6.2,0.283,0.393,14,57,26,0.219,0.273,0.316,0.246,0.064,0.12,0.07,1.7,60.6,85.6,24.4,1.7,26.9,96.232175893,92.122615625,66.0,26.8,81.8,52.1,23.9,47.2,40.3,49.6,20.2,18.5,HOU,19,669397,576,3.3,0.0,0.0,0.0,0.0,0.0,0.065,0.071,0,5,75.3,16.3,2139,88.1,87.49,5,9,10,-0.5999999999999943,6.08,98,151,113,147,297,325,294,1.349,-1.349,69.3,6.5,1.000533415,5,3,0,0,0,0,2,40.0,0,0.0,2.24,0.76,0.94,-0.94,88.4,89.0,0.0,0.0,0.0,5.7,1.74,0.21,2.06,0.0,0.0,-7.1,0.071,0.082,7.1,-0.071,-0.071,-0.082,-0.065,55.6,39.3,3.577549913895174,0.3780524867153443,25.308644753218605,0.4444444444444444,36.890334609034255,30.92800098823777,HOU
Bryan De La Cruz,650559,2026,29,75,86,21,2,20.9,8.1,0.28,0.413,12,31,10,0.24,0.346,0.335,0.299,0.04,0.067,0.036,15.5,42.7,88.8,32.2,5.1,40.7,99.112513,93.744663898,69.2,32.8,88.0,46.0,25.0,49.6,39.0,54.2,13.6,28.8,PHI,55,650559,339,16.2,0.0,0.0,0.0,0.0,0.107,0.289,0.221,0,11,94.4,-5.6,2256,88.9,89.28,7,26,29,0.3999999999999915,6.58,109,151,124,146,316,326,300,2.203,-2.203,64.5,6.7,2.706549593,13,7,0,0,0,0,4,30.8,2,15.4,2.34,0.6,0.43,-0.43,90.8,126.0,57.14285714285714,0.0,0.0,5.51,2.33,-0.05,2.39,0.154,0.0,-4.005454545,0.341,0.275,4.005454545,-0.221,-0.187,-0.275,-0.182,26.9,31.3,2.688049627137563,15.40478103173234,41.06419820551479,0.3461538461538461,34.68423467063107,20.6908355378494,PHI
Mike Yastrzemski,573262,2026,35,361,408,81,12,24.0,10.0,0.224,0.38,41,137,51,0.235,0.368,0.306,0.309,-0.011,0.012,-0.003,8.2,63.9,90.4,31.3,6.8,43.0,99.641426412,94.32237855,59.5,26.4,84.4,49.1,23.2,42.6,44.5,39.2,29.8,23.8,ATL,18,573262,1738,1.0,0.25,0.75,0.0,1.0,0.512,0.208,0.114,1,4,90.2,44.3,2283,87.6,87.48,3,9,9,-0.0999999999999943,6.25,118,146,110,150,289,318,298,-0.186,0.186,67.6,7.1,1.388467452,4,3,0,0,0,1,1,25.0,0,0.0,2.43,0.56,-0.1,-0.1,91.0,217.0,33.33333333333333,0.0,0.0,5.97,2.56,-0.15,2.31,0.25,0.0,1.033333333,0.114,0.392,-1.033333333,0.136,0.136,0.608,0.304,33.3,38.4,8.646193305976087,2.4414730052942897,31.888535702156734,0.5555555555555556,33.3424087369499,28.99982967722042,ATL
Nathaniel Lowe,663993,2026,30,381,429,96,17,23.1,8.9,0.252,0.444,64,169,38,0.268,0.437,0.329,0.335,-0.016,0.007,-0.006,43.8,54.9,89.6,39.3,8.4,41.4,101.026614056,94.719806842,65.4,27.3,86.8,49.3,22.0,46.1,36.2,37.9,25.9,30.0,CLE,24,663993,1773,1.4,0.2,0.0,0.167,0.2,0.148,0.214,0.255,1,5,81.8,24.2,2294,90.7,90.74,2,11,13,0.0,6.36,117,146,130,151,287,324,302,0.847,-0.847,71.6,7.2,2.028910638,6,6,1,0,0,0,0,0.0,0,0.0,2.25,0.56,0.36,0.36,89.2,129.0,16.666666666666664,0.0,0.0,5.73,1.91,0.05,1.95,0.167,0.0,-3.529166667,0.226,0.276,3.529166667,-0.055,-0.059,-0.076,-0.066,18.2,40.1,4.379845743081091,4.097009611763333,31.21764265926349,0.6363636363636364,35.602794885428075,28.90577367872409,CLE
Ronald Acuña Jr.,660670,2026,28,408,469,104,20,22.0,11.3,0.255,0.451,55,184,61,0.261,0.495,0.348,0.366,-0.006,-0.044,-0.018,58.6,54.5,89.6,34.7,13.0,43.5,102.06326039,95.280739838,75.6,28.6,77.7,44.2,29.0,49.4,37.0,41.2,27.9,23.1,ATL,70,660670,1875,3.7,0.308,0.308,0.333,0.615,0.414,0.327,0.204,4,13,83.1,14.3,2164,89.2,89.65,12,37,33,0.5,6.46,118,153,123,148,314,326,298,-1.141,1.141,70.9,7.3,1.712605731,14,10,2,1,0,1,3,21.4,1,7.1,2.18,0.71,0.44,-0.44,90.5,178.0,30.0,20.0,14.285714285714285,6.08,1.67,-0.2,2.57,0.357,2.0,1.63,0.261,0.508,-1.63,0.104,0.0959999999999999,0.107,0.087,32.4,42.2,6.787533411108967,8.454400517039897,36.79397480531648,0.4594594594594595,34.69964399422064,24.97959556274317,ATL
Brandon Lowe,664040,2026,31,583,655,152,35,28.7,9.5,0.261,0.494,96,288,94,0.24,0.445,0.355,0.331,0.021,0.049,0.024,38.7,46.6,91.0,35.1,12.4,45.8,101.348135373,95.153058955,70.8,33.6,79.5,45.7,35.4,50.6,46.3,36.1,33.6,23.4,PIT,80,664040,2626,3.0,0.286,0.286,0.333,0.571,0.395,0.44,0.279,6,21,94.3,-1.2,2378,88.2,88.49,16,41,39,0.2999999999999971,6.47,117,146,121,152,295,319,291,-0.397,0.397,69.3,7.3,6.760211984,23,14,4,0,0,2,7,30.4,1,4.3,2.58,0.39,0.16,0.16,95.0,138.0,71.42857142857143,28.57142857142857,17.391304347826086,5.34,1.79,-0.34,2.17,0.348,4.0,0.49625,0.342,0.718,-0.49625,0.007,0.0059999999999999,-0.147,-0.045,39.0,34.6,18.974106268086704,-6.145770064751215,35.12237370623379,0.3414634146341463,35.37410768848733,36.22887299201941,PIT
Nick Madrigal,663611,2026,29,54,63,15,0,4.8,11.1,0.278,0.315,3,17,8,0.238,0.291,0.313,0.293,0.04,0.024,0.02,1.0,44.9,88.1,30.8,0.0,26.9,96.477529615,92.324574423,68.5,30.4,96.5,51.9,7.5,50.2,30.8,51.9,21.2,25.0,TBD,19,663611,239,7.9,0.167,0.167,0.143,0.333,0.18,0.235,0.204,1,6,81.5,12.0,2158,86.5,86.37,0,10,9,-0.0999999999999943,6.21,106,148,103,146,300,317,287,0.759,-0.759,68.0,6.8,,7,7,0,1,0,0,0,0.0,0,0.0,2.55,0.53,0.5,-0.5,90.6,181.0,28.57142857142857,0.0,0.0,5.96,1.57,0.18,1.97,0.143,0.0,-3.994736842,0.212,0.265,3.994736842,-0.037,-0.069,0.068,-0.055,0.0,46.5,6.230584426737536,-1.8192561517538015,30.069829541531227,0.5,32.9531658755306,31.305967922484434,TBD
Tommy Troy,694371,2026,24,129,143,28,4,23.8,9.1,0.217,0.349,9,45,23,0.229,0.393,0.285,0.304,-0.012,-0.044,-0.019,23.3,52.3,84.9,31.3,9.4,30.2,98.007827021,93.060625699,63.2,27.7,81.9,48.6,25.9,45.0,32.3,47.9,22.9,22.9,ARI,8,694371,577,1.4,0.0,0.0,0.0,0.0,0.0,0.103,0.106,0,3,91.0,26.0,2267,88.8,88.95,2,5,3,0.2000000000000028,6.46,104,147,113,150,300,328,294,0.823,-0.823,71.2,6.6,0.911943072,3,2,0,0,0,0,1,33.3,0,0.0,2.11,0.81,0.78,-0.78,91.8,59.0,50.0,0.0,0.0,5.83,2.17,-0.03,2.0,0.0,0.0,-10.2875,0.106,0.119,10.2875,-0.106,-0.106,-0.119,-0.103,40.0,45.4,14.056892800144746,-2.242904974161285,33.03281781918072,0.4,34.82700501318114,32.51189005198085,ARI
Matthew Lugo,683090,2026,25,14,15,2,0,40.0,6.7,0.143,0.143,0,2,0,0.089,0.105,0.165,0.125,0.054,0.038,0.04,50.0,50.0,83.9,12.5,0.0,12.5,91.132795,89.9284025,76.2,40.0,75.0,37.5,46.7,53.6,50.0,50.0,12.5,12.5,KC,24,683090,56,42.9,0.0,0.0,0.0,0.0,0.0,0.104,0.111,0,6,86.3,0.3,2231,88.4,89.37,7,13,11,1.0,6.97,109,154,124,144,283,317,284,1.607,-1.607,72.5,7.8,6.851277274,6,3,0,0,0,0,3,50.0,0,0.0,2.46,0.53,0.4,-0.4,90.0,124.0,33.33333333333333,0.0,0.0,5.67,2.6,-0.14,1.93,0.0,0.0,-6.695833333,0.111,0.127,6.695833333,-0.111,-0.111,-0.127,-0.104,53.8,33.5,14.63876841944442,-11.229858746541764,34.32328289872111,0.4615384615384615,34.54999199641156,34.52349919401464,KC
Caleb Durbin,702332,2026,26,508,586,126,13,13.5,8.7,0.248,0.378,64,192,74,0.234,0.316,0.317,0.291,0.014,0.062,0.026,6.1,62.0,83.1,29.5,2.7,25.0,95.122217783,91.603408774,64.6,28.2,89.2,49.7,16.4,46.3,40.9,48.6,19.3,21.4,BOS,83,702332,2159,3.8,0.211,0.158,0.188,0.368,0.345,0.341,0.214,4,19,82.9,8.9,2030,88.9,89.11,9,39,44,0.1999999999999886,6.54,98,153,111,147,290,316,286,-1.503,1.503,66.5,6.7,2.327724624,24,17,3,0,0,1,2,8.3,3,12.5,1.97,0.95,0.71,-0.71,90.9,153.0,35.294117647058826,5.88235294117647,4.166666666666666,5.71,1.7,-0.03,2.33,0.375,1.0,1.810843373,0.378,0.349,-1.810843373,-0.003,-0.003,0.019,0.004,23.1,43.6,6.044221852212986,8.307264804597335,30.69092757321829,0.4871794871794871,35.57641106902588,25.23476732808373,BOS
Yainer Diaz,673237,2026,27,344,361,98,14,15.8,3.3,0.285,0.459,45,158,38,0.272,0.416,0.334,0.312,0.013,0.043,0.022,23.3,56.0,89.3,29.4,6.9,38.8,99.752823724,94.074011696,74.5,42.1,88.5,47.1,22.3,57.4,37.0,54.7,17.3,21.8,HOU,39,673237,1160,3.4,0.615,0.462,0.583,1.077,0.723,0.421,0.328,8,13,94.4,14.3,2001,86.4,86.26,4,26,13,-0.1000000000000085,6.25,110,153,123,147,302,328,292,-4.794,4.794,72.7,7.5,1.169689605,13,13,4,3,0,1,0,0.0,0,0.0,2.34,0.76,0.6,-0.6,92.8,162.0,46.15384615384615,15.384615384615383,15.384615384615383,5.73,1.93,0.45,2.5,0.615,2.0,12.292307692,0.328,0.669,-12.292307692,0.287,0.287,0.408,0.302,15.4,36.9,10.086452662146074,1.5886466800788313,29.868672978758724,0.3846153846153846,41.677185907937286,32.19793788322153,HOU
Christian Franklin,681047,2026,26,50,59,9,0,25.4,11.9,0.18,0.22,1,11,6,0.192,0.315,0.256,0.291,-0.012,-0.095,-0.035,39.1,30.7,85.4,14.3,8.6,34.3,97.938457778,93.130864286,60.9,21.6,79.1,44.2,28.9,39.0,14.3,62.9,14.3,11.4,BAL,23,681047,249,9.2,0.25,0.0,0.25,0.25,0.318,0.343,0.268,1,4,77.7,10.5,2231,87.1,87.46,2,9,14,0.4000000000000057,6.76,107,147,116,148,299,316,287,-0.006,0.006,66.2,6.7,1.625415372,5,4,1,0,0,0,0,0.0,1,20.0,2.47,0.59,0.25,-0.25,90.9,97.0,0.0,0.0,0.0,5.12,3.19,0.2,2.03,0.4,0.0,0.026086957,0.415,0.31,-0.026086957,-0.018,-0.0149999999999999,-0.06,-0.025,22.2,25.0,5.157741156001824,-5.65579976136789,40.10879680867077,0.2222222222222222,32.853912081571615,32.05100727904972,BAL
Jake McCarthy,664983,2026,28,547,596,159,15,15.9,5.0,0.291,0.475,83,260,80,0.274,0.41,0.349,0.321,0.017,0.065,0.028,15.8,50.3,85.3,37.2,5.4,28.1,97.079708165,92.561288575,79.3,37.8,87.2,47.0,21.3,57.3,38.5,45.9,21.0,27.3,COL,107,664983,1959,5.5,0.387,0.258,0.429,0.645,0.46,0.343,0.268,12,31,82.8,6.4,2236,90.2,90.59,11,57,50,0.3999999999999915,6.36,103,143,95,149,289,326,305,-4.368,4.368,68.2,6.8,4.738886592,34,28,8,0,4,0,3,8.8,2,5.9,2.43,0.39,0.51,0.51,91.2,119.0,28.57142857142857,10.714285714285714,8.823529411764707,5.71,2.15,-0.05,2.29,0.441,3.0,4.082242991,0.333,0.453,-4.082242991,0.119,0.1079999999999999,0.192,0.117,19.3,36.3,4.4449096545008,-0.187158148011683,31.833409110997703,0.3859649122807017,36.52007209895649,28.9118813768627,COL
Jake Bauers,641343,2026,30,477,578,127,26,27.0,16.3,0.266,0.484,86,231,93,0.253,0.467,0.381,0.371,0.013,0.017,0.01,68.0,48.2,92.1,38.6,14.0,51.9,103.241504938,96.516969938,62.0,21.7,82.1,46.8,29.8,40.6,41.0,41.0,29.9,25.6,MIL,50,641343,2421,2.1,0.267,0.467,0.222,0.733,0.434,0.361,0.231,4,15,91.2,16.9,2279,91.1,91.49,9,24,26,0.4000000000000057,6.6,117,144,114,146,286,317,296,-1.909,1.909,71.3,7.7,3.609556766,16,11,1,1,0,2,4,25.0,1,6.3,2.03,0.75,0.49,0.49,96.0,181.0,63.63636363636363,18.181818181818183,12.5,5.89,2.02,-0.45,2.33,0.313,2.0,3.818,0.279,0.579,-3.818,0.036,0.0339999999999999,0.154,0.073,37.5,41.4,11.801513193504704,-0.9741018417975242,34.79188605094517,0.5833333333333334,37.65412175920086,28.529225054280253,MIL
LaMonte Wade Jr.,664774,2026,32,127,146,26,4,24.7,13.0,0.205,0.346,19,44,18,0.188,0.286,0.296,0.268,0.017,0.06,0.028,10.3,57.1,86.4,28.6,3.3,31.9,97.382950222,92.810518427,59.1,20.9,83.1,47.8,24.4,39.2,41.8,38.5,29.7,24.2,HOU,5,664774,669,0.7,0.5,0.5,0.5,1.0,0.631,0.355,0.388,1,2,78.8,-23.0,2205,88.6,87.96,0,2,3,-0.5999999999999943,5.96,104,148,123,154,296,323,297,-0.562,0.562,68.0,6.1,,2,2,0,1,0,0,0,0.0,0,0.0,2.6,0.35,0.84,0.84,90.6,75.0,0.0,0.0,0.0,5.53,2.06,-0.28,2.59,0.5,0.0,11.24,0.388,0.414,-11.24,0.112,0.1119999999999999,0.586,0.276,0.0,42.7,-5.344040021710773,21.876697160662765,31.74958862138122,0.0,37.6141725590346,23.09431747083582,HOU
Ezequiel Duran,677649,2026,27,539,597,140,17,23.6,7.7,0.26,0.419,83,226,71,0.243,0.369,0.324,0.3,0.017,0.05,0.024,27.8,44.1,89.0,34.1,6.0,38.8,99.527392222,93.948516937,70.1,35.5,83.8,47.1,26.2,51.8,37.5,46.9,23.0,23.2,TEX,67,677649,2343,2.9,0.231,0.0,0.3,0.231,0.271,0.364,0.315,3,13,93.7,-1.2,2170,88.5,88.76,10,40,27,0.2999999999999971,6.48,104,151,112,145,306,329,287,-0.674,0.674,68.0,6.8,2.083254772,15,10,3,0,0,0,3,20.0,2,13.3,2.33,0.62,0.59,-0.59,91.3,144.0,60.0,0.0,0.0,5.68,2.27,0.01,2.39,0.333,0.0,1.005970149,0.406,0.401,-1.005970149,-0.084,-0.073,-0.17,-0.093,25.0,33.7,3.3132883952389367,-0.4262854876933521,33.77125084626526,0.325,35.68388799500326,26.7719017359879,TEX
Lourdes Gurriel Jr.,666971,2026,32,186,201,39,2,18.9,5.0,0.21,0.29,22,54,13,0.234,0.312,0.243,0.273,-0.024,-0.022,-0.03,10.9,50.4,87.3,31.8,4.6,33.8,97.317038289,92.728770066,68.0,40.5,88.2,44.7,24.2,52.8,39.1,42.4,21.9,23.8,TBD,4,666971,727,0.6,0.5,0.0,0.5,0.5,0.445,0.42,0.467,1,2,80.8,25.0,2141,91.3,91.8,0,2,2,0.5,6.83,87,153,126,150,301,333,302,-0.069,0.069,72.2,7.3,,2,2,1,0,0,0,0,0.0,0,0.0,1.69,1.08,0.55,-0.55,88.0,264.0,0.0,0.0,0.0,5.69,1.76,-0.3,2.24,0.5,0.0,1.725,0.467,0.504,-1.725,0.033,0.0329999999999999,-0.004,0.025,0.0,46.2,3.917552870310397,-0.4433963808458578,44.5706691238035,0.5,33.8257428890097,27.033499329443785,TBD
Carlos Cortes,666126,2026,29,343,381,86,10,16.5,8.1,0.251,0.397,43,136,30,0.242,0.368,0.315,0.301,0.009,0.029,0.014,12.6,43.0,88.4,36.0,6.0,35.8,98.824277305,93.581776121,66.2,27.9,84.2,48.9,22.1,46.6,30.0,45.2,21.6,25.4,OAK,8,666126,1534,0.5,0.0,0.0,,0.0,0.0,0.0,,0,2,,,2224,87.5,87.9,5,6,2,0.4000000000000057,6.46,104,149,111,152,289,328,303,0.537,-0.537,69.4,7.7,5.116364129,2,0,0,0,0,0,2,100.0,0,0.0,2.61,0.37,-0.18,-0.18,,,,,,5.43,2.58,-0.6,1.5,0.0,,-6.7125,,,6.7125,,,,0.0,83.3,30.5,15.40296567655797,-19.758816520628088,28.879776330129975,0.1666666666666666,39.796076802535424,41.66759281140168,OAK
Justin Foscue,679822,2026,27,225,247,61,11,25.1,6.9,0.271,0.484,34,109,26,0.245,0.435,0.354,0.325,0.026,0.049,0.029,10.8,56.2,89.3,34.1,10.4,42.1,99.414065,93.903911646,62.7,27.8,86.6,52.6,20.3,46.1,44.5,36.6,31.1,20.7,TEX,87,679822,995,8.7,0.316,0.053,0.5,0.368,0.34,0.253,0.21,6,19,90.5,14.9,2195,87.3,87.45,9,44,43,0.1000000000000085,6.41,109,152,119,145,306,327,285,-0.434,0.434,67.9,7.0,1.683667425,21,12,5,1,0,0,7,33.3,1,4.8,2.37,0.68,0.39,-0.39,91.2,128.0,50.0,0.0,0.0,5.69,2.21,0.09,2.42,0.381,0.0,0.498850575,0.285,0.259,-0.498850575,0.106,0.096,0.109,0.087,20.5,36.0,14.145939341597058,-3.017090117295383,28.316116274278308,0.3863636363636363,37.57876307259724,33.06852656889512,TEX
Corbin Carroll,682998,2026,25,582,671,139,22,22.5,10.9,0.239,0.467,78,272,91,0.249,0.446,0.341,0.341,-0.01,0.021,0.0,57.9,65.3,91.7,30.3,12.2,47.6,101.887905392,95.42745629,64.5,29.7,79.0,45.8,27.2,45.6,42.4,40.5,29.2,21.2,ARI,63,682998,2645,2.4,0.286,0.357,0.333,0.643,0.411,0.508,0.408,4,14,94.1,7.8,2258,90.7,90.93,7,25,38,0.2000000000000028,6.46,113,146,118,153,296,335,306,-2.169,2.169,74.8,7.3,4.342714929,15,10,1,2,0,1,4,26.7,1,6.7,2.09,0.71,0.4,0.4,95.2,180.0,70.0,30.0,20.0,5.82,2.17,-0.09,2.14,0.333,3.0,3.442857143,0.447,0.755,-3.442857143,-0.122,-0.1139999999999999,-0.112,-0.097,28.0,36.5,8.260262786733499,3.5062280074526218,25.28991422489614,0.4583333333333333,40.44070334077973,33.589336599913906,ARI
Jorge Barrosa,678489,2026,25,145,174,28,2,26.4,9.8,0.193,0.331,12,48,30,0.164,0.25,0.277,0.238,0.029,0.081,0.039,3.0,54.1,87.1,33.0,4.6,23.9,95.604165,91.863784615,61.1,29.3,81.3,45.9,26.6,43.9,45.0,44.0,30.3,17.4,HOU,25,678489,746,3.4,0.25,0.25,0.333,0.5,0.392,0.399,0.349,1,4,82.8,34.7,2211,87.2,87.28,1,9,16,0.0999999999999943,6.57,105,153,110,147,297,322,284,-0.355,0.355,66.9,7.6,0.325722708,5,3,0,1,0,0,1,20.0,1,20.0,2.22,0.85,0.56,-0.56,88.7,130.0,0.0,0.0,0.0,5.5,2.9,0.05,2.27,0.4,0.0,1.42,0.48,0.397,-1.42,-0.099,-0.0799999999999999,0.103,-0.007,11.1,29.8,16.15880365297547,-8.424749906032055,29.298160042345124,0.4444444444444444,36.35526258255814,38.33466152939302,HOU
Petey Halpin,690984,2026,24,178,195,40,4,17.9,4.6,0.225,0.326,14,58,27,0.252,0.377,0.264,0.295,-0.027,-0.051,-0.031,4.5,49.9,85.5,38.3,5.4,25.5,96.649568841,92.330029928,81.3,38.6,80.5,47.7,25.1,59.0,36.2,34.9,33.6,20.8,CLE,29,690984,663,4.4,0.444,0.333,0.375,0.778,0.524,0.489,0.408,4,9,82.1,18.7,2435,90.8,90.33,1,14,15,-0.5,6.17,105,148,100,148,286,321,305,-2.364,2.364,68.0,7.1,0.1,9,9,3,0,0,1,0,0.0,0,0.0,2.42,0.41,0.49,0.49,90.9,193.0,22.22222222222222,11.11111111111111,11.11111111111111,5.73,2.07,-0.3,2.02,0.444,1.0,8.151724138,0.408,0.739,-8.151724138,0.036,0.036,0.039,0.035,7.1,31.8,10.917084315711016,-2.417239495002386,35.047307557934246,0.4285714285714285,32.37003783422463,32.853722528855656,CLE
Michael Arroyo,703197,2026,21,35,41,13,1,14.6,12.2,0.371,0.514,4,18,5,0.323,0.433,0.414,0.375,0.048,0.081,0.039,37.1,58.7,88.8,33.3,3.3,33.3,98.209815333,93.104907667,88.1,27.7,86.5,47.6,15.7,56.5,53.3,40.0,23.3,30.0,SEA,63,703197,124,50.8,0.467,0.067,0.5,0.533,0.458,0.426,0.403,7,15,92.5,7.7,2195,85.9,86.1,3,30,33,0.1999999999999886,6.43,97,150,119,147,308,331,297,-2.531,2.531,73.9,7.6,1.013734032,19,14,6,1,0,0,2,10.5,3,15.8,2.68,0.47,0.46,-0.46,92.6,149.0,42.85714285714285,0.0,0.0,5.57,2.44,0.07,2.31,0.526,0.0,4.017460317,0.492,0.449,-4.017460317,0.064,0.034,0.084,0.032,10.0,32.3,9.647679550549412,-1.470695816617306,38.421407575556216,0.4666666666666667,32.903255114117094,31.62495957435346,SEA
Gunnar Henderson,683002,2026,25,623,702,140,24,22.2,9.5,0.225,0.403,59,251,88,0.246,0.401,0.313,0.322,-0.021,0.002,-0.009,41.6,49.1,89.2,32.6,7.7,43.3,100.503316128,94.513387015,66.2,30.4,85.6,47.8,23.3,47.5,42.6,44.1,26.0,23.2,BAL,61,683002,2794,2.2,0.214,0.214,0.375,0.429,0.296,0.378,0.3,3,14,87.5,14.7,2330,88.9,89.0,7,23,38,0.0999999999999943,6.53,122,150,126,154,296,323,302,0.205,-0.205,70.2,7.3,6.440651915,15,8,1,1,1,0,6,40.0,1,6.7,2.44,0.5,0.22,0.22,92.8,152.0,50.0,25.0,13.333333333333334,5.48,2.45,-0.41,2.04,0.267,2.0,-0.336065574,0.346,0.534,0.336065574,-0.086,-0.0789999999999999,-0.105,-0.082,30.4,32.1,9.692580898031297,-4.171477108070381,34.600834178801065,0.4347826086956521,33.50389852549633,32.401257153964714,BAL
César Prieto,693409,2026,27,38,39,3,0,12.8,2.6,0.079,0.132,0,5,2,0.229,0.356,0.104,0.262,-0.15,-0.224,-0.158,0.0,61.5,88.2,27.3,3.1,33.3,98.298458125,93.688513871,70.6,37.7,94.4,45.5,22.0,52.7,42.4,60.6,21.2,15.2,STL,5,693409,112,4.5,0.0,0.0,,0.0,0.0,0.0,,0,1,,,2840,93.0,93.16,3,3,2,0.2000000000000028,6.36,124,152,121,152,286,310,304,0.262,-0.262,70.5,7.6,2.973493788,1,0,0,0,0,0,1,100.0,0,0.0,2.38,0.27,0.51,0.51,,,,,,5.34,1.88,-1.11,1.1,0.0,,-5.24,,,5.24,,,,0.0,100.0,32.3,15.41204894090892,-12.946204274824858,31.716038997480517,0.6666666666666666,39.40455991514901,35.904720738291665,STL
Josh Lowe,666139,2026,28,311,343,65,12,30.6,7.3,0.209,0.36,29,112,32,0.209,0.372,0.279,0.284,0.0,-0.012,-0.005,35.5,45.0,88.8,32.9,9.0,37.1,99.069517767,93.808854293,77.7,36.0,72.0,47.6,32.2,55.9,34.3,34.8,33.8,23.3,LAA,16,666139,1465,1.1,0.333,0.333,1.0,0.667,0.42,0.263,0.161,1,3,99.2,26.0,2303,84.1,84.03,4,6,10,-0.0999999999999943,6.26,97,140,100,146,295,319,298,-0.005,0.005,59.8,6.5,0.875150457,3,1,0,1,0,0,2,66.7,0,0.0,2.81,0.46,-0.15,-0.15,93.6,368.0,100.0,100.0,33.33333333333333,5.43,1.73,-0.07,2.7,0.333,1.0,0.03125,0.161,0.478,-0.03125,0.172,0.172,0.189,0.157,66.7,38.4,1.1790669771040698,-0.7695621196214848,32.118056074711475,0.6666666666666666,41.49209991536036,27.762851522851324,LAA
José Caballero,676609,2026,29,411,456,95,14,24.3,6.4,0.231,0.365,51,150,50,0.227,0.333,0.29,0.278,0.004,0.032,0.012,6.7,52.0,83.8,31.7,4.2,25.6,95.732982153,91.957054306,67.5,37.0,78.7,46.2,27.9,51.1,43.4,46.3,20.4,21.7,NYY,29,676609,1856,1.6,0.0,0.0,0.0,0.0,0.14,0.165,0.035,0,4,68.9,-17.5,2220,90.4,90.28,4,18,11,-0.1000000000000085,6.41,109,152,110,146,289,317,281,0.656,-0.656,67.3,6.5,0.889734372,5,2,0,0,0,0,2,40.0,1,20.0,2.22,0.63,0.46,-0.46,88.0,125.0,0.0,0.0,0.0,5.7,2.07,-0.05,2.41,0.2,0.0,-2.262068966,0.228,0.039,2.262068966,-0.035,-0.0279999999999999,-0.039,-0.025,22.2,28.9,5.841025775879113,7.643811525829752,31.39928124036133,0.5,33.20643379770023,28.63735254449453,NYY
George Springer,543807,2026,36,462,517,115,15,18.4,9.1,0.249,0.405,54,187,59,0.238,0.381,0.32,0.306,0.011,0.024,0.014,35.7,57.0,88.6,30.4,6.5,38.5,99.548886216,93.977721355,72.9,25.5,85.4,48.2,23.5,48.3,42.5,45.0,26.0,22.2,TOR,53,543807,2034,2.6,0.231,0.308,0.286,0.538,0.323,0.326,0.299,3,13,89.6,19.1,2236,89.3,88.77,10,26,27,-0.5,6.17,113,153,122,147,300,327,293,-1.137,1.137,74.8,7.7,0.863871297,13,8,1,1,0,1,5,38.5,0,0.0,2.34,0.57,0.62,-0.62,92.3,187.0,50.0,0.0,0.0,5.95,2.35,-0.04,2.34,0.231,0.0,2.145283019,0.299,0.462,-2.145283019,-0.068,-0.0679999999999999,0.076,-0.003,38.5,31.7,13.00754188110158,-0.6597846494822307,34.67687384935133,0.52,37.108651957317726,24.27562862280468,TOR
Luke Maile,571912,2026,35,44,48,7,1,29.2,8.3,0.159,0.273,5,12,2,0.137,0.209,0.228,0.195,0.022,0.064,0.033,3.0,53.7,83.4,23.3,3.3,26.7,96.241328667,92.187807333,56.5,30.4,85.4,48.0,26.3,42.9,43.3,36.7,33.3,16.7,KC,12,571912,177,6.8,0.5,0.25,0.5,0.75,0.57,0.301,0.186,2,4,88.5,27.0,2303,90.0,90.88,0,6,6,0.9000000000000057,6.9,93,150,107,144,286,319,286,-0.792,0.792,51.2,5.2,,5,4,1,1,0,0,0,0.0,1,20.0,2.28,0.57,0.61,-0.61,93.0,120.0,50.0,0.0,0.0,5.96,1.7,-0.31,1.39,0.6,0.0,6.6,0.349,0.28,-6.6,0.314,0.251,0.47,0.269,0.0,38.9,0.8177068297754793,-60.92338421808231,48.63527948884287,0.3333333333333333,34.03192319983245,33.050623940972194,KC
Christian Koss,683766,2026,28,203,221,44,4,26.7,4.1,0.217,0.305,12,62,27,0.206,0.278,0.251,0.235,0.011,0.027,0.016,6.3,57.9,84.1,29.1,4.0,26.5,96.216977143,92.149313381,71.1,39.5,79.9,46.7,30.1,54.2,40.4,53.0,18.5,19.9,SF,89,683766,765,11.6,0.059,0.0,0.111,0.059,0.12,0.169,0.111,1,17,77.3,8.2,2271,90.3,90.26,17,48,41,0.0,6.26,102,151,109,146,302,318,284,3.215,-3.215,68.8,7.1,1.64706397,19,9,1,0,0,0,8,42.1,2,10.5,2.04,0.8,0.49,-0.49,89.5,122.0,22.22222222222222,0.0,0.0,5.89,1.88,0.11,2.36,0.158,0.0,-3.612359551,0.204,0.137,3.612359551,-0.052,-0.0459999999999999,-0.078,-0.049,35.4,43.2,11.498321027459983,0.5793619105375638,27.592988483452988,0.5434782608695652,37.31067169012949,26.576407112339613,SF
J.T. Realmuto,592663,2026,35,414,467,85,11,21.4,7.9,0.205,0.331,51,137,52,0.249,0.387,0.275,0.317,-0.044,-0.056,-0.042,32.5,55.4,89.5,35.6,5.7,40.0,99.623141132,94.21920959,64.9,29.9,84.1,48.2,24.1,46.8,42.5,42.5,26.9,25.9,PHI,79,592663,1854,4.3,0.0,0.0,0.0,0.0,0.112,0.306,0.214,0,16,90.8,21.7,2211,89.4,89.75,9,36,43,0.3999999999999915,6.54,114,153,127,148,307,324,297,3.348,-3.348,73.3,7.6,2.700898614,19,11,0,0,0,0,5,26.3,2,10.5,2.22,0.68,0.58,-0.58,92.1,170.0,36.36363636363637,0.0,0.0,5.63,2.26,0.13,2.28,0.158,0.0,-4.237974684,0.338,0.317,4.237974684,-0.214,-0.18,-0.317,-0.194,25.0,37.5,14.60661753678366,0.2055639498297141,32.89679642086956,0.6285714285714286,38.63590936377544,28.205071414170856,PHI
Tristan Peters,671976,2026,26,437,491,116,12,18.3,7.5,0.265,0.437,56,191,63,0.248,0.384,0.34,0.314,0.017,0.053,0.026,7.3,56.2,87.5,33.1,5.4,34.1,98.255124545,93.229307788,74.7,32.6,83.5,49.9,23.0,53.6,51.3,40.8,28.6,22.4,CWS,50,671976,1771,2.8,0.0,0.0,0.0,0.0,0.285,0.414,0.216,0,6,83.6,35.0,2289,88.7,88.79,4,19,31,0.0999999999999943,6.45,117,148,112,151,285,319,294,0.424,-0.424,65.4,6.7,1.601556762,10,4,0,0,0,0,2,20.0,2,20.0,2.38,0.57,0.25,0.25,89.2,133.0,25.0,0.0,0.0,5.42,2.2,0.22,2.21,0.4,0.0,-0.848,0.529,0.283,0.848,-0.216,-0.129,-0.283,-0.129,21.1,36.8,12.048249126435811,-1.491145281276787,32.17418980943108,0.5,36.40321119071329,27.555206251781605,CWS
Oswald Peraza,672724,2026,26,341,370,77,7,30.0,4.6,0.226,0.334,25,114,33,0.224,0.33,0.276,0.272,0.002,0.004,0.004,27.4,46.1,87.5,32.3,6.1,36.2,99.402264159,93.746132667,74.1,38.6,82.4,47.2,30.4,55.4,34.5,51.3,20.3,23.7,LAA,52,672724,1416,3.7,0.111,0.0,0.2,0.111,0.208,0.269,0.181,1,9,93.8,2.8,2371,86.6,86.27,9,27,25,-0.2999999999999971,6.16,102,147,111,141,308,325,295,1.101,-1.101,67.8,7.3,4.803557932,11,5,1,0,0,0,4,36.4,2,18.2,2.7,0.42,0.19,-0.19,92.8,128.0,60.0,0.0,0.0,5.93,1.63,-0.15,2.1,0.273,0.0,-2.117307692,0.33,0.226,2.117307692,-0.07,-0.0569999999999999,-0.115,-0.061,33.3,43.5,5.721362176899702,-2.945566618268698,29.732459645134327,0.3703703703703703,35.746708581653245,29.66006601071054,LAA
Jose Trevino,624431,2026,33,152,156,33,5,18.6,0.6,0.217,0.336,19,51,12,0.213,0.295,0.24,0.222,0.004,0.041,0.018,2.6,64.0,85.8,30.2,2.4,29.4,96.674777333,92.415685583,60.9,37.6,88.3,51.7,21.5,49.6,32.5,56.3,20.6,17.5,CIN,25,624431,544,4.6,0.0,0.0,0.0,0.0,0.0,0.146,0.151,0,7,78.8,-2.3,2289,90.6,90.71,3,13,12,0.1000000000000085,6.57,103,153,123,148,298,309,283,2.077,-2.077,67.5,6.8,0.983647416,7,6,0,0,0,0,1,14.3,0,0.0,2.12,0.7,0.44,-0.44,90.1,185.0,0.0,0.0,0.0,5.33,2.08,-0.01,2.35,0.0,0.0,-8.308,0.151,0.18,8.308,-0.151,-0.151,-0.18,-0.146,23.1,36.3,5.625207333542667,8.194250524133658,24.847650301214447,0.5384615384615384,38.85825654198176,23.51633593335644,CIN
JJ Bleday,668709,2026,28,466,545,101,24,22.2,13.2,0.217,0.416,58,194,61,0.24,0.421,0.326,0.34,-0.023,-0.005,-0.014,32.0,53.7,88.4,39.4,9.5,40.1,99.80397093,94.061260465,70.0,22.8,82.0,49.2,26.5,46.1,46.6,28.4,33.6,27.6,CIN,79,668709,2152,3.7,0.316,0.211,0.333,0.526,0.408,0.373,0.278,6,19,89.6,33.3,2423,90.2,90.5,5,35,44,0.2999999999999971,6.56,111,146,113,153,289,315,298,-2.687,2.687,71.4,7.0,1.316467104,22,16,4,1,0,1,3,13.6,3,13.6,2.12,0.72,0.16,0.16,92.5,193.0,50.0,6.25,4.545454545454546,5.67,1.9,-0.29,2.29,0.409,1.0,3.401265823,0.376,0.475,-3.401265823,0.038,0.0329999999999999,0.051,0.035,14.3,40.3,12.52652485569223,-7.3973019578910355,31.000105095395455,0.6764705882352942,36.52830331585592,31.93066587195521,CIN
Riley Greene,682985,2026,25,511,592,143,21,26.5,12.0,0.28,0.474,75,242,79,0.262,0.497,0.366,0.369,0.018,-0.023,-0.003,59.0,42.5,89.9,39.8,14.8,46.0,102.260968,95.510780139,68.9,26.0,81.2,46.9,29.9,46.1,38.7,35.7,34.0,25.9,DET,82,682985,2489,3.3,0.2,0.333,0.182,0.533,0.37,0.443,0.259,3,15,81.8,18.5,2330,88.7,88.94,9,33,49,0.2000000000000028,6.56,116,147,128,151,295,332,303,-1.87,1.87,73.6,7.1,2.430841884,18,12,1,0,1,1,3,16.7,2,11.1,2.26,0.69,0.35,0.35,90.8,164.0,25.0,16.666666666666664,11.11111111111111,5.43,2.47,-0.2,2.44,0.333,2.0,2.280487805,0.383,0.681,-2.280487805,-0.059,-0.0499999999999999,-0.148,-0.073,27.3,31.0,16.214671835161308,-2.6348471482542277,43.84686562820495,0.59375,32.80978687585629,34.26594273522786,DET
Pedro Ramírez,699393,2026,22,241,266,63,6,18.4,7.5,0.261,0.402,32,97,36,0.242,0.342,0.315,0.284,0.019,0.06,0.031,22.3,44.0,89.0,29.7,4.1,39.0,99.586362371,93.950119948,68.7,33.0,88.8,48.2,20.2,50.2,41.0,45.1,23.1,23.1,CHC,22,699393,1002,2.2,0.5,0.125,0.571,0.625,0.491,0.276,0.278,4,8,89.9,-10.9,2025,88.3,88.33,1,13,9,0.0,6.33,100,151,119,144,296,326,296,-1.678,1.678,69.1,7.1,,8,7,3,1,0,0,1,12.5,0,0.0,2.01,0.95,0.81,-0.81,92.3,89.0,42.85714285714285,0.0,0.0,5.67,1.27,-0.06,1.98,0.5,0.0,7.627272727,0.278,0.351,-7.627272727,0.222,0.2219999999999999,0.274,0.215,7.7,44.6,1.993185283953716,1.964627509802977,28.3186500614736,0.2307692307692307,36.23083004645889,30.341435294707093,CHC
Alec Burleson,676475,2026,27,605,670,169,26,18.1,8.2,0.279,0.473,116,286,89,0.289,0.522,0.353,0.374,-0.01,-0.049,-0.021,37.6,52.5,92.0,34.6,11.3,50.0,102.344379671,95.865822963,72.6,38.1,83.4,44.9,22.5,53.6,48.6,44.7,26.6,22.5,STL,52,676475,2498,2.1,0.25,0.125,0.333,0.375,0.294,0.201,0.175,4,16,81.2,2.6,2289,88.9,88.62,6,31,21,-0.3000000000000113,6.21,119,147,118,150,297,323,302,0.334,-0.334,72.3,7.9,7.056613718,17,12,2,2,0,0,4,23.5,1,5.9,2.59,0.35,0.27,0.27,91.4,119.0,16.666666666666664,0.0,0.0,5.57,2.21,-0.32,2.23,0.294,0.0,-0.642307692,0.223,0.226,0.642307692,0.075,0.0709999999999999,0.149,0.093,19.4,36.3,18.777956967571757,-5.510195066064606,37.11413824903747,0.3548387096774194,30.709952852483266,34.92542242585047,STL
Chase DeLauter,800050,2026,24,495,559,142,16,14.7,10.7,0.287,0.457,67,226,62,0.277,0.427,0.359,0.346,0.01,0.03,0.013,18.5,44.6,91.4,35.1,6.3,46.3,101.342521401,95.083377367,65.4,21.1,91.2,47.8,15.0,42.3,37.7,43.8,19.5,27.4,CLE,86,800050,2153,4.0,0.261,0.217,0.313,0.478,0.332,0.287,0.26,6,23,93.9,6.8,2310,87.3,87.34,6,37,49,0.0,6.32,116,144,124,148,283,322,300,-0.676,0.676,71.2,7.2,4.815463476,24,17,3,2,0,1,6,25.0,0,0.0,2.57,0.46,0.14,0.14,92.6,148.0,56.25,6.25,4.166666666666666,5.83,2.06,-0.27,2.17,0.292,1.0,0.786046512,0.292,0.361,-0.786046512,0.001,0.0,0.117,0.045,16.2,38.9,6.532092031649114,-2.773080453661928,28.101458089007732,0.3783783783783784,37.14909777921868,31.04364680441072,CLE
Jonny DeLuca,676356,2026,27,350,370,93,11,21.1,4.6,0.266,0.429,50,150,44,0.232,0.325,0.317,0.261,0.034,0.104,0.056,33.9,59.4,85.8,28.7,3.6,30.2,97.922432463,92.971243172,71.1,35.9,85.5,48.3,24.9,52.9,44.7,43.3,21.5,21.1,TB,91,676356,1346,6.8,0.28,0.08,0.438,0.36,0.279,0.231,0.247,7,25,88.6,4.6,2089,87.5,87.51,12,48,43,0.0,6.38,107,150,112,145,299,325,288,1.172,-1.172,72.0,7.7,3.48856837,25,16,5,2,0,0,9,36.0,0,0.0,2.38,0.64,0.56,-0.56,90.9,115.0,37.5,0.0,0.0,5.87,1.81,0.16,2.27,0.28,0.0,-1.287912088,0.247,0.28,1.287912088,0.033,0.033,0.08,0.048,25.0,40.5,6.837778230051155,-3.791134506857221,26.457716658945536,0.5416666666666666,37.518142512672895,31.820417271452204,TB
Walker Jenkins,805805,2026,21,84,93,19,4,20.4,7.5,0.226,0.393,10,33,14,0.242,0.394,0.303,0.31,-0.016,-0.001,-0.007,20.0,54.5,86.1,30.3,7.6,27.3,96.544744242,92.338979385,70.8,25.6,82.4,49.4,23.9,47.9,37.9,43.9,27.3,22.7,MIN,41,805805,340,12.1,0.231,0.0,0.25,0.231,0.205,0.271,0.283,3,13,83.5,15.9,2214,88.0,88.54,2,19,22,0.5,6.64,105,146,110,150,294,320,300,1.389,-1.389,64.0,6.1,0.649956396,13,12,3,0,0,0,1,7.7,0,0.0,2.24,0.74,0.31,0.31,89.8,168.0,8.333333333333332,0.0,0.0,5.66,1.64,-0.08,2.42,0.231,0.0,-3.387804878,0.283,0.332,3.387804878,-0.052,-0.0519999999999999,-0.101,-0.066,10.5,38.9,0.7507154406281513,6.960945980868068,33.51377585264803,0.4736842105263157,36.22004698650012,24.44019831252333,MIN
Sam Antonacci,803011,2026,23,480,557,133,8,14.7,7.7,0.277,0.396,48,190,81,0.284,0.399,0.345,0.348,-0.007,-0.003,-0.003,7.1,47.2,87.5,38.0,5.0,33.6,97.500539045,92.834841231,63.0,21.8,90.1,50.1,14.7,42.5,31.8,49.6,21.6,25.6,CWS,44,803011,2177,2.0,0.2,0.1,0.25,0.3,0.334,0.361,0.268,2,10,86.1,11.5,2294,88.1,88.03,4,20,24,-0.0999999999999943,6.35,116,146,104,152,281,310,299,-0.061,0.061,65.1,6.8,1.784054151,13,8,1,1,0,0,2,15.4,0,0.0,2.43,0.56,0.21,0.21,90.5,154.0,37.5,0.0,0.0,5.49,2.39,-0.27,2.09,0.385,0.0,0.138636364,0.437,0.305,-0.138636364,-0.068,-0.0519999999999999,-0.005,-0.027,20.0,32.8,7.323538807365868,8.516923440301394,40.20819303951573,0.5,38.520404303343376,32.41815964922454,CWS
Kevin McGonigle,805808,2026,21,605,707,168,18,14.1,13.4,0.278,0.43,72,260,97,0.264,0.445,0.357,0.355,0.014,-0.015,0.002,16.0,49.8,87.8,36.3,7.3,37.6,98.454122638,93.40873561,67.2,19.6,89.0,49.1,16.2,42.9,37.1,33.8,35.6,22.8,DET,63,805808,2837,2.2,0.313,0.063,0.417,0.375,0.345,0.301,0.204,5,16,77.1,3.5,2333,88.4,88.68,6,28,35,0.2999999999999971,6.49,113,147,112,151,291,329,301,-0.902,0.902,66.8,6.6,4.038091141,18,12,4,1,0,0,4,22.2,2,11.1,2.37,0.59,0.18,0.18,90.5,164.0,41.66666666666667,0.0,0.0,5.43,2.31,-0.06,2.08,0.389,0.0,1.431746032,0.292,0.393,-1.431746032,0.109,0.097,-0.018,0.044,21.4,33.4,11.041272525774756,7.506847286633917,36.860485601024685,0.3214285714285714,33.74843361413823,31.528870284101053,DET
Luis Torrens,620443,2026,30,255,281,60,9,21.0,6.4,0.235,0.396,41,101,37,0.23,0.363,0.304,0.289,0.005,0.033,0.015,6.7,51.6,88.7,30.5,5.6,40.5,98.903307959,93.704207026,66.2,32.4,86.6,47.1,21.6,48.3,31.5,52.5,22.0,21.0,NYM,36,620443,1105,3.3,0.143,0.0,0.143,0.143,0.199,0.249,0.195,1,7,87.6,13.4,2158,86.5,86.83,4,20,16,0.2999999999999971,6.55,115,152,123,148,301,326,288,0.668,-0.668,68.9,6.8,1.011006099,8,7,1,0,0,0,0,0.0,1,12.5,2.4,0.72,0.67,-0.67,90.2,120.0,28.57142857142857,0.0,0.0,5.68,2.37,0.09,2.41,0.25,0.0,-1.855555556,0.295,0.229,1.855555556,-0.052,-0.0449999999999999,-0.086,-0.05,20.0,32.1,3.846143247029007,15.568172531000574,30.45008475542734,0.4,41.03625462110919,19.60702410028909,NYM
Coby Mayo,691723,2026,24,412,454,94,24,30.4,7.9,0.228,0.461,63,190,64,0.235,0.478,0.328,0.336,-0.007,-0.017,-0.008,58.3,48.2,91.3,34.5,13.5,47.3,103.504519203,96.350757345,63.5,31.3,83.4,46.9,29.6,46.4,50.9,34.5,35.3,20.0,BAL,58,691723,1880,3.1,0.364,0.0,0.4,0.364,0.404,0.525,0.353,4,11,91.7,16.6,2235,86.7,86.87,4,23,35,0.2000000000000028,6.57,108,150,128,148,302,324,291,-1.001,1.001,72.9,6.7,7.435336116,14,10,4,0,0,0,1,7.1,3,21.4,2.62,0.5,0.31,-0.31,92.8,174.0,50.0,20.0,14.285714285714285,5.35,2.84,0.18,2.14,0.5,2.0,1.725862069,0.492,0.783,-1.725862069,0.011,0.008,-0.419,-0.121,17.4,29.6,7.94404225684354,-7.233335301488487,38.34804660327261,0.4090909090909091,36.16160621745581,34.80228626550968,BAL
Colton Cowser,681297,2026,26,341,392,77,13,30.9,11.7,0.226,0.37,40,126,41,0.221,0.4,0.307,0.315,0.005,-0.03,-0.008,47.9,40.3,87.9,33.0,9.4,41.1,100.438488468,94.32395819,60.3,29.6,79.5,47.7,32.6,44.2,38.4,42.0,30.4,23.2,BAL,39,681297,1678,2.3,0.2,0.0,0.333,0.2,0.178,0.13,0.138,2,10,76.4,6.0,2364,89.6,89.4,5,17,22,-0.1999999999999886,6.35,122,147,114,153,290,322,298,1.264,-1.264,67.9,7.1,8.204759673,10,6,2,0,0,0,4,40.0,0,0.0,2.27,0.62,0.19,0.19,89.0,124.0,16.666666666666664,0.0,0.0,5.43,2.41,0.13,2.53,0.2,0.0,-3.241025641,0.138,0.155,3.241025641,0.062,0.062,0.045,0.048,29.4,32.9,9.743935225367911,-4.6471397074269465,38.41970129603176,0.3529411764705882,34.71065704382584,34.49420070034582,BAL
Richie Palacios,680700,2026,29,345,399,81,10,17.0,11.5,0.235,0.374,57,129,51,0.243,0.334,0.316,0.306,-0.008,0.04,0.01,4.3,52.8,86.2,33.1,4.0,28.8,96.521348897,92.287697638,64.2,32.5,85.4,44.0,20.7,46.6,39.1,41.6,19.9,27.0,TB,36,680700,1536,2.3,0.222,0.111,0.25,0.333,0.323,0.342,0.275,2,9,90.5,1.6,2203,91.6,91.58,2,17,19,0.0,6.51,105,134,95,139,283,317,291,0.08,-0.08,68.7,7.1,1.921016916,11,8,1,1,0,0,1,9.1,2,18.2,1.85,0.92,0.71,0.71,91.1,127.0,25.0,0.0,0.0,5.96,2.16,-0.24,2.03,0.364,0.0,-0.222222222,0.407,0.333,0.222222222,-0.053,-0.0429999999999999,0.0,-0.019,11.8,39.4,4.321804263554901,-1.7076413321591026,25.56358076497643,0.4375,32.751001786195395,28.43511501656597,TB
Jo Adell,666176,2026,27,603,660,145,23,23.8,5.2,0.24,0.401,94,242,70,0.257,0.444,0.307,0.329,-0.017,-0.043,-0.022,72.4,48.5,90.4,32.2,8.9,44.9,102.495962813,95.565465638,73.9,35.3,82.4,46.4,28.2,53.2,41.0,40.8,26.6,23.3,CLE,84,666176,2579,3.3,0.391,0.304,0.412,0.696,0.492,0.411,0.282,9,23,97.3,13.7,2152,89.0,89.09,10,45,39,0.0999999999999943,6.39,105,148,124,142,293,323,291,-3.74,3.74,77.8,7.8,2.31231982,26,19,6,1,0,2,4,15.4,3,11.5,2.25,0.67,0.49,-0.49,94.7,145.0,68.42105263157895,10.526315789473683,7.6923076923076925,5.78,2.07,0.11,2.23,0.462,2.0,4.452380952,0.365,0.613,-4.452380952,0.109,0.097,0.083,0.081,22.2,37.7,9.240469958145033,-2.6306685858651413,36.823639439159024,0.5777777777777777,36.23283514730785,27.976330712196635,CLE
Jazz Chisholm Jr.,665862,2026,28,471,532,109,19,29.5,10.5,0.231,0.399,55,188,69,0.216,0.366,0.312,0.294,0.015,0.033,0.018,28.3,59.4,90.4,29.9,8.2,42.8,100.204570455,94.436904935,64.3,29.4,76.7,46.9,30.9,45.8,50.9,42.1,28.9,20.1,NYY,12,665862,2180,0.6,0.0,0.0,0.0,0.0,0.233,0.43,0.322,0,2,102.1,6.0,2186,88.9,89.27,1,5,7,0.3999999999999915,6.7,87,133,114,141,277,321,296,0.448,-0.448,66.0,7.4,1.540111176,3,1,0,0,0,0,1,33.3,1,33.3,2.76,0.17,0.17,0.17,91.5,31.0,100.0,0.0,0.0,5.83,2.69,-0.27,2.0,0.333,0.0,-3.733333333,0.548,0.356,3.733333333,-0.322,-0.215,-0.356,-0.197,20.0,35.7,13.033702292817484,-4.598253441605426,30.83979994486536,0.4,33.23583731546999,30.79151240691863,NYY
Sean Murphy,669221,2026,31,110,121,20,3,30.6,9.1,0.182,0.3,10,33,11,0.206,0.332,0.252,0.273,-0.024,-0.032,-0.021,29.1,51.5,87.8,26.0,8.2,41.1,100.957310811,94.726213288,67.0,34.3,80.8,48.3,31.9,50.1,49.3,56.2,23.3,16.4,ATL,43,669221,451,9.5,0.0,0.0,0.0,0.0,0.0,0.035,0.031,0,11,90.0,6.8,2131,87.9,88.42,10,22,21,0.5,6.6,112,154,121,147,313,327,303,2.843,-2.843,70.5,8.0,3.499018312,11,5,0,0,0,0,6,54.5,0,0.0,2.43,0.54,0.45,-0.45,91.5,148.0,20.0,0.0,0.0,6.04,1.8,-0.06,2.14,0.0,0.0,-6.611627907,0.031,0.054,6.611627907,-0.031,-0.031,-0.054,-0.035,45.5,42.6,15.99044823943004,-7.476624916670365,29.135253760136603,0.3636363636363636,43.95613586377651,32.610734190962944,ATL
Matt Shaw,807713,2026,24,173,202,41,5,17.3,10.4,0.237,0.41,24,71,25,0.231,0.353,0.325,0.303,0.006,0.057,0.022,7.4,61.8,86.8,30.8,4.2,34.3,97.547695362,92.811021022,60.8,32.5,87.2,46.7,20.1,45.7,31.5,39.9,28.7,21.7,CHC,52,807713,797,6.5,0.364,0.091,0.333,0.455,0.402,0.407,0.357,4,11,87.4,27.5,2088,86.2,86.26,2,21,31,0.0999999999999943,6.33,104,153,119,146,295,324,293,-0.952,0.952,71.7,7.5,0.748255164,15,12,3,1,0,0,0,0.0,3,20.0,2.55,0.56,0.65,-0.65,91.4,166.0,25.0,0.0,0.0,5.65,2.11,0.04,2.03,0.467,0.0,1.830769231,0.471,0.425,-1.830769231,0.007,-0.0039999999999999,0.03,-0.005,9.5,36.4,14.126282125318628,-0.4277293124442378,27.336837422833494,0.5714285714285714,38.96660214572865,30.16825668001144,CHC
Mauricio Dubón,643289,2026,31,572,619,158,12,11.8,5.7,0.276,0.399,73,228,66,0.268,0.375,0.317,0.304,0.008,0.024,0.013,4.7,38.6,86.5,36.5,4.0,29.4,96.554878032,92.283650542,72.5,37.6,89.9,46.0,15.3,53.7,31.2,40.3,25.8,25.8,ATL,55,643289,2266,2.4,0.4,0.067,0.429,0.467,0.401,0.178,0.153,6,15,79.0,13.1,2074,88.6,89.19,3,29,26,0.6000000000000085,6.54,107,153,113,148,310,323,285,-0.266,0.266,66.7,7.5,0.984328248,16,14,5,1,0,0,1,6.3,1,6.3,2.22,0.71,0.44,-0.44,88.5,117.0,0.0,0.0,0.0,6.1,1.59,-0.06,2.41,0.438,0.0,0.483636364,0.206,0.175,-0.483636364,0.247,0.232,0.292,0.223,10.3,42.9,3.6391168904353934,-4.01878652511087,33.18036311935887,0.4482758620689655,34.928789807602506,30.678115025908664,ATL
Ryan Jeffers,680777,2026,29,317,369,81,14,17.9,12.5,0.256,0.461,56,146,49,0.247,0.43,0.353,0.344,0.009,0.031,0.009,40.5,53.0,88.6,35.8,10.2,40.9,100.699453622,94.550549016,56.3,26.2,89.4,47.3,17.3,40.5,39.4,38.6,28.7,23.6,MIN,74,680777,1533,4.8,0.211,0.0,0.308,0.211,0.213,0.215,0.193,4,19,83.9,13.6,2210,88.7,88.85,9,32,42,0.2000000000000028,6.44,102,153,125,147,300,327,299,2.133,-2.133,70.4,7.2,2.87165333,21,13,4,0,0,0,6,28.6,2,9.5,2.26,0.69,0.41,-0.41,91.3,168.0,38.46153846153847,0.0,0.0,5.92,1.91,0.2,2.24,0.286,0.0,-2.882432432,0.234,0.245,2.882432432,0.018,0.0519999999999999,-0.034,-0.002,28.1,40.0,7.225814058225421,-1.0629677095884302,27.70419129063584,0.59375,36.57064127770168,29.871565570718875,MIN
Munetaka Murakami,808959,2026,26,454,553,94,35,35.4,16.6,0.207,0.478,77,217,82,0.204,0.469,0.356,0.351,0.003,0.009,0.005,49.8,44.3,93.9,30.5,20.5,56.8,104.390023411,97.318357821,61.8,22.2,66.6,46.6,42.3,40.7,46.3,41.3,38.6,15.4,CWS,108,808959,2454,4.4,0.176,0.235,0.182,0.412,0.393,0.547,0.339,3,17,94.4,19.2,2338,87.0,87.17,13,42,66,0.2000000000000028,6.49,114,145,125,150,292,327,303,-1.017,1.017,72.4,7.8,3.074261204,25,12,1,1,0,1,5,20.0,7,28.0,2.63,0.44,0.0,0.0,92.4,200.0,58.333333333333336,25.0,12.0,5.56,2.26,-0.28,2.08,0.44,3.0,0.941666667,0.551,0.798,-0.941666667,-0.163,-0.111,-0.386,-0.154,31.0,32.2,19.520055506301706,1.8007373173097243,36.37405634846479,0.4761904761904761,35.94672614057901,33.284089085936344,CWS
Joshua Báez,695491,2026,23,100,108,23,7,30.6,3.7,0.23,0.51,18,51,18,0.212,0.446,0.335,0.303,0.018,0.064,0.032,74.1,58.9,92.1,35.3,11.8,47.1,101.884043529,95.475688088,70.5,39.6,74.6,49.7,35.2,55.0,47.1,32.4,39.7,17.6,STL,12,695491,382,3.1,0.4,0.2,0.667,0.6,0.43,0.512,0.41,2,5,97.1,10.7,2430,87.0,86.18,2,7,5,-0.7999999999999972,5.88,107,153,123,146,304,324,300,-0.379,0.379,76.3,8.2,2.35916592,5,3,1,1,0,0,2,40.0,0,0.0,3.01,0.05,-0.01,0.01,95.4,203.0,66.66666666666666,33.33333333333333,20.0,5.56,2.83,0.26,2.33,0.4,1.0,3.158333333,0.41,0.795,-3.158333333,-0.01,-0.0099999999999999,-0.195,-0.082,28.6,28.2,14.018484576353355,-9.622418625090766,28.71643540529201,0.4285714285714285,40.1226844712465,31.970725145857735,STL
Brian Navarreto,640459,2026,31,52,61,7,1,34.4,3.3,0.135,0.25,3,13,8,0.124,0.186,0.199,0.172,0.011,0.064,0.027,17.3,58.6,84.6,22.2,5.6,22.2,95.86946875,92.200719032,69.9,39.4,81.0,47.1,32.6,53.8,50.0,55.6,19.4,11.1,MIA,10,640459,240,4.2,0.333,0.333,0.5,0.667,0.42,0.21,0.126,1,3,94.4,29.5,2121,85.4,85.19,1,6,4,-0.2000000000000028,6.12,116,155,120,148,300,317,293,-0.188,0.188,72.7,7.3,2.673643272,3,2,0,1,0,0,1,33.3,0,0.0,2.89,0.32,0.86,-0.86,90.6,257.0,50.0,0.0,0.0,5.39,2.42,0.6,2.19,0.333,0.0,1.88,0.126,0.372,-1.88,0.207,0.207,0.295,0.21,16.7,22.9,9.35488396440768,-3.1625449202943194,28.68439665016424,0.5,39.25832336007331,33.31538348020072,MIA
Alex Bregman,608324,2026,32,608,702,161,28,14.5,10.8,0.265,0.464,93,282,92,0.252,0.391,0.357,0.327,0.013,0.073,0.03,3.3,66.4,88.2,32.8,6.4,37.7,98.028401406,93.162387221,60.1,23.3,90.3,49.6,15.6,41.6,48.4,37.5,27.7,23.2,CHC,61,608324,2781,2.2,0.182,0.091,0.182,0.273,0.332,0.413,0.296,2,11,86.1,17.3,2055,88.1,88.09,1,19,42,0.0,6.34,109,151,123,144,297,327,302,0.172,-0.172,71.1,7.1,0.459876036,15,11,1,1,0,0,0,0.0,3,20.0,2.3,0.68,0.84,-0.84,91.9,186.0,27.27272727272727,9.090909090909092,6.666666666666667,5.66,2.05,0.2,1.95,0.4,1.0,-0.281967213,0.484,0.417,0.281967213,-0.114,-0.0839999999999999,-0.144,-0.081,5.3,36.0,14.049948752281535,-4.538259001747056,30.317199906340207,0.6842105263157895,34.931780589119604,31.810288148527864,CHC
Bryce Harper,547180,2026,33,577,693,155,29,21.4,15.4,0.269,0.485,87,280,93,0.271,0.481,0.375,0.379,-0.002,0.004,-0.004,45.4,43.3,90.0,37.5,10.3,42.8,101.134831567,94.786960576,73.1,32.4,80.7,42.9,30.7,49.9,39.4,43.5,26.1,25.9,PHI,108,547180,2747,3.9,0.2,0.1,0.286,0.3,0.231,0.209,0.187,6,30,83.2,4.3,2359,88.6,88.79,26,67,41,0.2000000000000028,6.51,114,146,127,151,298,328,306,2.904,-2.904,71.7,7.0,3.315900368,31,21,3,3,0,0,9,29.0,1,3.2,2.43,0.53,0.13,0.13,89.6,158.0,19.047619047619047,4.761904761904762,3.225806451612903,5.67,2.2,-0.37,2.04,0.226,1.0,-2.688888889,0.214,0.261,2.688888889,0.013,0.012,0.039,0.022,38.8,36.6,8.147983801105697,4.232120337956485,37.21788108740703,0.3283582089552239,38.82878335505414,30.23485600773149,PHI
Wyatt Langford,694671,2026,24,411,471,98,17,22.7,11.7,0.238,0.421,44,173,64,0.231,0.387,0.333,0.319,0.007,0.034,0.014,27.2,53.0,88.6,32.5,7.9,36.4,99.42584634,93.857821902,68.3,26.2,82.7,48.2,25.3,46.5,43.0,33.1,30.5,23.3,TEX,84,694671,1888,4.4,0.143,0.0,0.25,0.143,0.215,0.28,0.102,2,14,81.8,19.6,2198,89.5,89.79,12,38,46,0.2999999999999971,6.53,108,146,123,143,307,331,289,1.055,-1.055,71.8,6.7,2.742076353,18,8,2,0,0,0,7,38.9,3,16.7,2.03,0.85,0.6,-0.6,90.7,155.0,25.0,25.0,11.11111111111111,5.75,2.13,0.13,2.53,0.278,2.0,-1.255952381,0.283,0.235,1.255952381,0.041,-0.0049999999999999,-0.092,-0.065,31.6,36.7,14.17864671001264,-6.748218420134951,29.47206499810533,0.6666666666666666,34.17760062925136,33.10569547052716,TEX
Elly De La Cruz,682829,2026,24,559,636,158,30,27.5,11.3,0.283,0.515,79,288,99,0.281,0.506,0.38,0.376,0.002,0.009,0.004,61.1,50.8,94.7,36.2,16.3,53.7,105.414008947,97.793114908,57.6,25.1,79.7,46.5,28.1,40.2,34.6,47.3,26.4,24.3,CIN,116,682829,2638,4.4,0.174,0.043,0.308,0.217,0.193,0.218,0.181,4,23,93.2,11.3,2363,89.3,89.54,16,43,73,0.2000000000000028,6.56,109,152,126,147,306,322,295,2.384,-2.384,76.0,7.2,2.962431924,25,13,3,1,0,0,10,40.0,2,8.0,2.53,0.39,0.19,-0.19,92.9,125.0,53.84615384615385,7.6923076923076925,4.0,5.63,2.32,0.21,2.27,0.24,1.0,-2.055172414,0.215,0.278,2.055172414,-0.007,0.0249999999999999,-0.061,-0.025,37.2,33.8,8.45886352855821,3.844810909730632,33.32187048596101,0.5121951219512195,38.340399317379216,36.6008506341218,CIN
Edmundo Sosa,624641,2026,30,231,250,57,9,21.6,2.8,0.247,0.429,44,99,31,0.277,0.444,0.307,0.328,-0.03,-0.015,-0.021,27.8,58.8,87.8,33.7,7.2,39.2,99.999948444,94.149401444,71.3,52.8,85.7,45.8,27.5,61.2,41.4,46.4,20.4,25.4,PHI,22,624641,899,2.4,0.444,0.444,0.5,0.889,0.566,0.323,0.268,4,9,97.3,25.1,2364,89.5,89.6,3,15,7,0.0999999999999943,6.44,113,153,122,147,310,326,303,-2.613,2.613,73.3,7.6,5.805165776,9,7,2,1,0,1,2,22.2,0,0.0,2.19,0.71,0.47,-0.47,93.9,223.0,57.14285714285714,14.285714285714285,11.11111111111111,5.66,2.7,-0.04,2.45,0.444,1.0,11.877272727,0.268,0.492,-11.877272727,0.176,0.176,0.397,0.243,20.0,32.6,7.662711649384512,2.027725135510707,31.8092173376417,0.5333333333333333,37.529235779658485,27.590315545522984,PHI
Jase Bowen,687749,2026,25,96,103,14,2,39.8,2.9,0.146,0.25,7,24,14,0.194,0.321,0.196,0.244,-0.048,-0.071,-0.048,28.9,36.1,87.7,28.1,8.9,33.3,99.5591316,93.8467474,62.1,43.7,75.2,46.2,36.6,52.2,45.6,45.6,29.8,22.8,SD,15,687749,366,4.1,0.0,0.0,0.0,0.0,0.0,0.109,0.11,0,4,80.7,-6.5,2274,86.5,86.52,5,8,7,0.0,6.15,110,151,120,146,295,322,292,0.995,-0.995,73.4,8.2,3.418465298,4,2,0,0,0,0,2,50.0,0,0.0,2.92,0.16,0.25,-0.25,88.0,50.0,0.0,0.0,0.0,5.44,2.35,0.1,2.01,0.0,0.0,-6.633333333,0.11,0.128,6.633333333,-0.11,-0.11,-0.128,-0.109,62.5,32.8,25.0006237329908,-15.146214562667442,39.21410805723343,0.1428571428571428,33.239224054949,42.67810550117716,SD
Austin Hedges,595978,2026,33,215,247,53,6,18.2,10.1,0.247,0.377,25,81,25,0.224,0.314,0.313,0.28,0.023,0.063,0.033,7.6,61.2,85.8,26.7,4.5,32.4,97.388293605,92.724417485,64.5,25.4,85.7,48.9,24.1,44.5,47.7,47.7,22.7,19.9,CLE,88,595978,934,9.4,0.222,0.333,0.25,0.556,0.405,0.357,0.244,4,18,83.8,11.2,2234,90.3,90.61,12,34,54,0.2999999999999971,6.46,103,152,121,144,294,323,289,-2.791,2.791,66.0,7.3,5.87625559,23,13,0,3,0,1,5,21.7,5,21.7,2.07,0.75,0.63,-0.63,92.0,161.0,38.46153846153847,7.6923076923076925,4.3478260869565215,5.75,2.09,0.26,2.52,0.391,1.0,3.171590909,0.408,0.37,-3.171590909,-0.022,-0.0169999999999999,0.186,0.048,35.3,36.3,9.555110534111147,-7.5250846005438525,27.825302937417646,0.5,35.48610328145869,36.35182555728656,CLE
Otto Lopez,672640,2026,27,627,687,191,11,13.0,5.8,0.305,0.437,71,274,94,0.281,0.417,0.342,0.327,0.024,0.02,0.015,23.5,45.3,89.1,30.4,6.0,40.8,100.262247259,94.353564593,62.2,31.2,90.1,48.8,19.5,46.3,34.1,51.4,22.6,21.9,MIA,66,672640,2522,2.6,0.429,0.0,0.462,0.429,0.403,0.324,0.322,6,14,85.1,9.9,2164,89.0,88.71,8,34,32,-0.2999999999999971,6.26,108,151,108,147,310,314,287,-0.83,0.83,69.4,6.6,2.378806896,15,13,6,0,0,0,1,6.7,1,6.7,2.24,0.71,0.56,-0.56,90.7,128.0,15.384615384615383,0.0,0.0,5.85,2.13,0.22,2.23,0.467,0.0,1.257575758,0.367,0.359,-1.257575758,0.107,0.1,0.07,0.079,23.5,39.8,1.7217200623576443,3.3359565004624403,29.378117330312563,0.3235294117647059,40.56369347588012,28.499042401543548,MIA
Cole Carrigg,694249,2026,24,333,372,93,12,23.9,7.5,0.279,0.477,53,159,50,0.25,0.407,0.352,0.316,0.029,0.07,0.036,34.7,50.5,88.1,37.2,6.4,37.6,99.173843115,93.743895615,74.0,36.3,85.3,45.3,25.2,53.4,48.4,37.6,28.8,26.8,COL,112,694249,1452,7.7,0.269,0.077,0.412,0.346,0.268,0.262,0.226,7,26,92.4,15.9,2299,87.7,87.9,20,74,38,0.2000000000000028,6.37,105,151,115,147,303,328,293,0.888,-0.888,70.8,7.7,3.194484227,26,17,5,2,0,0,9,34.6,0,0.0,2.66,0.36,0.24,-0.24,91.5,163.0,47.05882352941176,11.76470588235294,7.6923076923076925,5.72,2.15,0.03,2.37,0.269,2.0,-0.792857143,0.226,0.393,0.792857143,0.043,0.043,-0.047,0.006,27.0,34.8,11.657082746793783,-3.210292694900463,33.6098617520401,0.5694444444444444,35.02811252750709,33.87015708109965,COL
Xavier Edwards,669364,2026,26,518,595,145,6,13.9,11.4,0.28,0.371,52,192,61,0.258,0.356,0.325,0.311,0.022,0.015,0.014,2.4,44.7,86.8,36.3,3.2,28.4,96.430260463,92.25030956,65.5,24.4,89.3,47.1,17.6,43.8,28.6,48.2,22.7,24.8,MIA,20,669364,2321,0.9,0.333,0.0,0.333,0.333,0.397,0.423,0.308,1,3,94.0,3.0,2203,90.1,89.25,2,10,10,-0.7999999999999972,5.98,111,153,109,149,304,317,285,-0.255,0.255,66.5,6.1,1.154710692,4,3,1,0,0,0,0,0.0,1,25.0,1.73,1.12,0.57,-0.57,90.6,170.0,33.33333333333333,0.0,0.0,5.83,1.25,0.45,2.24,0.5,0.0,1.275,0.481,0.466,-1.275,0.025,0.019,-0.133,-0.026,20.0,52.6,-8.672259243829876,4.742787949493676,27.283996670258883,0.0,33.144284560006284,28.64877302534276,MIA
Jared Triolo,669707,2026,28,324,362,77,3,19.9,7.7,0.238,0.302,29,98,34,0.241,0.316,0.278,0.284,-0.003,-0.014,-0.006,4.7,47.3,86.3,32.9,2.4,32.9,97.382690726,92.701064274,64.5,25.7,86.9,50.0,22.1,45.1,38.4,51.0,18.4,27.1,PIT,38,669707,1345,2.8,0.154,0.0,0.182,0.154,0.137,0.271,0.28,2,13,83.7,14.5,2210,86.3,86.09,2,16,22,-0.2000000000000028,6.2,103,151,110,146,307,315,282,1.898,-1.898,65.1,7.7,8.03266329,13,11,2,0,0,0,2,15.4,0,0.0,2.82,0.31,0.36,-0.36,90.3,170.0,18.181818181818183,0.0,0.0,5.72,1.72,0.1,2.42,0.154,0.0,-4.994736842,0.28,0.345,4.994736842,-0.126,-0.126,-0.191,-0.134,12.5,37.3,6.319095775110975,-2.7974822742941843,39.53766636857501,0.3333333333333333,36.75033554315444,27.388134309811782,PIT
Cody Bellinger,641355,2026,30,496,562,131,17,15.8,10.5,0.264,0.429,73,213,73,0.271,0.411,0.336,0.335,-0.007,0.018,0.001,4.1,61.6,89.2,38.2,6.6,37.8,98.486220194,93.510838881,64.9,30.3,86.8,48.6,20.0,47.1,45.2,36.2,30.2,24.9,NYY,61,641355,2102,2.9,0.235,0.176,0.214,0.412,0.301,0.318,0.267,4,17,91.3,12.5,2289,89.9,90.03,4,30,31,0.0999999999999943,6.41,110,146,124,153,294,325,293,-1.359,1.359,69.1,7.6,1.786612494,18,15,3,0,0,1,2,11.1,1,5.6,2.1,0.76,0.39,0.39,92.3,166.0,53.333333333333336,6.666666666666667,5.555555555555555,5.8,1.94,-0.33,2.45,0.278,1.0,2.227868852,0.307,0.424,-2.227868852,-0.032,-0.0289999999999999,-0.012,-0.017,13.3,38.4,11.363062406219028,1.470817819052428,33.5248208307539,0.5172413793103449,30.14120693891313,28.482754148343176,NYY
Taylor Ward,621493,2026,32,498,607,112,7,21.4,16.3,0.225,0.311,37,155,71,0.241,0.36,0.312,0.334,-0.016,-0.049,-0.022,3.0,47.2,88.7,35.3,5.1,38.3,98.776249027,93.58431897,54.1,14.9,87.0,49.7,19.5,34.4,32.9,38.8,26.7,27.0,SEA,47,621493,2529,1.9,0.2,0.0,0.286,0.2,0.265,0.277,0.191,2,10,90.9,18.3,2161,87.5,87.74,2,13,34,0.2000000000000028,6.51,102,145,114,139,312,329,298,-0.389,0.389,69.5,6.9,0.71292777,12,7,2,0,0,0,3,25.0,2,16.7,2.3,0.72,0.49,-0.49,93.6,178.0,57.14285714285714,0.0,0.0,5.79,2.04,0.17,2.37,0.333,0.0,0.827659574,0.326,0.261,-0.827659574,0.009,0.007,-0.061,-0.012,15.4,40.3,6.019084085494139,3.048687727577528,33.55755900555411,0.5,36.29029195930428,29.97504087264309,SEA
Zack Gelof,680869,2026,26,394,435,101,22,24.6,7.1,0.256,0.475,55,187,76,0.236,0.437,0.346,0.323,0.02,0.038,0.023,32.1,62.4,89.7,29.3,10.8,42.8,100.062189716,94.348921388,67.3,25.3,75.8,51.2,29.2,46.7,39.3,43.4,30.7,18.6,OAK,62,680869,1696,3.7,0.364,0.636,0.25,1.0,0.598,0.491,0.338,4,11,91.5,27.6,2219,87.2,87.37,6,28,34,0.2000000000000028,6.46,101,152,118,147,301,328,302,-3.875,3.875,72.9,7.4,3.44038568,14,10,1,1,0,2,1,7.1,2,14.3,2.59,0.46,0.14,-0.14,90.7,139.0,40.0,20.0,14.285714285714285,5.71,2.08,-0.22,1.91,0.5,2.0,6.25,0.479,0.686,-6.25,0.026,0.021,0.314,0.107,21.4,40.5,17.364650278184648,-4.767292466493307,32.51280692009211,0.3928571428571428,39.11645667250641,31.51944884999597,OAK
Sal Stewart,701398,2026,22,623,700,164,32,22.1,9.0,0.263,0.457,112,285,87,0.256,0.466,0.339,0.343,0.007,-0.009,-0.004,26.6,54.8,90.5,35.4,12.2,41.6,100.796886111,94.787875589,69.1,32.1,78.8,47.3,27.0,49.6,32.2,45.0,27.8,22.8,CIN,88,701398,2763,3.2,0.136,0.0,0.25,0.136,0.146,0.264,0.231,3,22,97.5,10.0,2344,90.2,90.34,17,47,41,0.0999999999999943,6.48,110,153,127,148,307,320,294,3.521,-3.521,72.4,7.5,1.602884527,23,12,3,0,0,0,10,43.5,1,4.3,2.33,0.52,0.29,-0.29,94.0,165.0,83.33333333333334,8.333333333333332,4.3478260869565215,5.56,2.29,-0.04,2.13,0.174,1.0,-4.001136364,0.264,0.335,4.001136364,-0.095,-0.09,-0.199,-0.118,36.2,33.1,9.63432480953642,11.104394367461868,34.451523930435066,0.3333333333333333,38.45720067526051,26.446751901385056,CIN
Leody Taveras,665750,2026,27,429,482,94,8,25.7,8.5,0.219,0.345,56,148,58,0.214,0.32,0.282,0.273,0.005,0.025,0.009,29.2,39.6,88.0,28.8,4.1,32.6,98.966147671,93.538008356,67.5,32.0,86.0,46.5,24.3,48.5,36.7,42.7,25.6,23.4,BAL,49,665750,1883,2.6,0.1,0.0,0.143,0.1,0.132,0.318,0.255,1,10,87.2,10.7,2190,88.0,87.85,3,24,25,-0.0999999999999943,6.5,98,150,104,147,300,320,286,1.668,-1.668,66.1,6.7,0.591538742,12,7,1,0,0,0,4,33.3,1,8.3,2.29,0.74,0.34,-0.34,89.5,195.0,28.57142857142857,0.0,0.0,5.47,2.52,0.11,2.37,0.167,0.0,-3.404081633,0.355,0.287,3.404081633,-0.155,-0.1879999999999999,-0.187,-0.186,12.5,30.1,-1.4809186104816725,-3.4586122949191838,32.35186728640876,0.2608695652173913,39.34151896268539,27.94571519374775,BAL
Jake Mangum,663968,2026,30,435,479,120,5,19.4,5.2,0.276,0.363,33,158,56,0.247,0.331,0.31,0.285,0.029,0.032,0.025,4.4,36.1,86.0,27.2,2.3,27.8,96.465453598,92.286667774,73.2,45.1,83.2,46.7,21.4,58.3,29.8,58.2,16.9,20.6,PIT,48,663968,1739,2.8,0.231,0.308,0.2,0.538,0.323,0.45,0.377,3,13,90.4,7.8,2302,88.0,88.2,7,25,23,0.2000000000000028,6.39,100,146,98,149,303,314,275,0.153,-0.153,68.4,7.1,2.472649869,13,11,1,1,0,1,2,15.4,0,0.0,2.62,0.37,0.3,-0.3,92.3,191.0,45.45454545454545,18.181818181818183,15.384615384615383,5.8,1.47,0.0,2.2,0.231,2.0,-0.31875,0.377,0.689,0.31875,-0.146,-0.146,-0.151,-0.127,28.0,39.7,7.679182206574151,-6.590901192160546,26.979630369079075,0.56,36.74992883063576,32.189215326425284,PIT
Jonah Cox,813841,2026,24,151,169,38,4,38.5,5.9,0.252,0.384,16,58,26,0.209,0.319,0.3,0.256,0.043,0.065,0.044,5.5,49.6,88.3,34.4,5.4,35.5,98.945106923,93.713279091,71.0,33.8,68.9,50.3,37.3,52.5,21.5,50.5,22.6,23.7,SF,132,813841,639,20.7,0.148,0.037,0.25,0.185,0.217,0.256,0.201,4,27,82.3,4.8,2292,91.7,91.74,26,68,64,0.0,6.31,102,150,104,145,305,318,283,2.82,-2.82,66.3,6.3,1.596697486,31,16,3,1,0,0,11,35.5,4,12.9,1.85,0.89,0.47,-0.47,89.6,129.0,12.5,0.0,0.0,5.97,1.86,0.24,2.34,0.258,0.0,-2.136363636,0.304,0.237,2.136363636,-0.053,-0.0459999999999999,-0.052,-0.039,38.2,45.4,6.613667472967032,14.178934647404756,35.049614910542104,0.4328358208955223,34.01051418514,23.612217618233878,SF
Ozzie Albies,645277,2026,29,615,683,146,22,15.4,6.7,0.237,0.392,73,241,85,0.221,0.337,0.298,0.273,0.016,0.055,0.025,5.1,57.2,87.1,32.3,3.8,27.7,96.575292846,92.322715692,78.7,38.1,86.2,44.3,21.2,56.1,45.8,35.5,32.8,23.3,ATL,91,645277,2549,3.6,0.15,0.0,0.176,0.15,0.185,0.189,0.146,3,20,84.0,22.8,2170,87.8,88.21,10,51,40,0.4000000000000057,6.46,114,153,118,146,302,321,291,2.625,-2.625,68.7,6.9,1.057844436,22,17,3,0,0,0,3,13.6,2,9.1,2.46,0.53,0.28,-0.28,91.0,127.0,23.52941176470588,0.0,0.0,5.98,1.9,0.2,2.28,0.227,0.0,-2.884615385,0.223,0.17,2.884615385,0.004,0.004,-0.02,-0.004,19.6,42.9,8.526179028331645,-6.269545791783155,31.11186581318885,0.5918367346938775,26.17741925651889,38.34841123892269,ATL
Jahmai Jones,663330,2026,28,160,181,33,6,32.0,9.4,0.206,0.369,16,59,20,0.229,0.428,0.299,0.328,-0.023,-0.059,-0.029,34.9,55.9,90.6,34.3,10.8,43.1,101.81520451,95.26841396,71.9,29.7,76.8,45.7,34.7,49.0,52.9,32.4,29.4,26.5,BOS,122,663330,694,17.6,0.16,0.12,0.214,0.28,0.227,0.285,0.17,4,25,85.0,32.7,2134,87.0,87.27,19,62,60,0.2999999999999971,6.52,99,153,119,146,288,325,299,2.778,-2.778,70.7,7.5,7.073444132,27,15,3,0,0,1,10,37.0,2,7.4,2.53,0.52,0.21,-0.21,92.7,145.0,26.666666666666668,13.333333333333334,7.4074074074074066,5.8,1.78,-0.03,2.06,0.222,2.0,-2.27704918,0.232,0.429,2.27704918,-0.01,-0.01,-0.149,-0.058,30.6,41.8,15.53389156216398,-9.536866205024555,29.83333726493872,0.5892857142857143,35.97772994068499,35.2426234983654,BOS
Michael Massey,686681,2026,28,423,452,116,13,16.6,4.6,0.274,0.43,50,182,49,0.257,0.414,0.318,0.307,0.017,0.016,0.011,13.0,59.4,89.3,36.5,6.2,39.0,98.938369885,93.697569454,68.9,38.8,88.0,48.7,19.5,53.5,50.0,39.6,29.8,26.1,KC,48,686681,1643,2.9,0.154,0.0,0.167,0.154,0.137,0.219,0.216,2,13,85.3,6.7,2314,89.8,90.23,6,29,19,0.4000000000000057,6.6,115,147,104,151,280,325,300,2.065,-2.065,69.4,6.9,2.910202245,13,12,2,0,0,0,1,7.7,0,0.0,2.32,0.56,0.44,0.44,90.9,111.0,41.66666666666667,0.0,0.0,5.66,2.59,0.06,2.34,0.154,0.0,-4.302083333,0.216,0.29,4.302083333,-0.062,-0.062,-0.136,-0.082,20.7,30.4,14.078675158132736,3.260123033243133,32.05143440472874,0.7586206896551724,36.745761758829325,28.379032618878053,KC
Victor Caratini,605170,2026,32,327,382,72,7,20.9,8.9,0.22,0.315,44,103,28,0.224,0.356,0.285,0.306,-0.004,-0.041,-0.021,12.9,53.5,89.3,36.5,6.3,38.0,98.339714453,93.569243294,58.7,25.9,88.3,48.9,22.9,41.9,37.3,45.9,22.0,26.3,MIN,42,605170,1464,2.9,0.091,0.0,0.25,0.091,0.135,0.133,0.076,1,11,89.9,8.0,2396,86.0,86.25,8,20,22,0.2000000000000028,6.58,108,152,123,149,301,325,298,1.948,-1.948,68.8,7.5,8.459049803,12,4,1,0,0,0,7,58.3,0,0.0,2.91,0.24,0.09,-0.09,91.5,150.0,25.0,0.0,0.0,5.58,2.03,0.05,1.97,0.167,0.0,-4.638095238,0.153,0.104,4.638095238,0.015,0.014,-0.013,0.002,40.0,38.3,18.67177174068066,-10.404623991733304,37.57187664708268,0.5,34.9138514257686,37.049119051886095,MIN
Julio Rodríguez,677594,2026,25,596,654,147,22,22.2,7.2,0.247,0.401,71,239,69,0.264,0.439,0.31,0.334,-0.017,-0.038,-0.024,67.2,50.2,90.1,31.6,8.8,43.7,102.316356211,95.508712313,68.8,38.6,85.2,44.3,26.5,52.0,39.1,42.6,25.5,24.6,SEA,94,677594,2434,3.9,0.261,0.043,0.375,0.304,0.315,0.285,0.207,6,23,87.0,18.0,2083,86.0,86.1,11,51,43,0.0999999999999943,6.4,103,150,120,144,310,330,299,0.624,-0.624,73.2,7.7,3.265127793,28,16,5,1,0,0,7,25.0,5,17.9,2.45,0.71,0.43,-0.43,91.4,152.0,31.25,6.25,3.571428571428571,5.75,2.45,0.1,2.3,0.393,1.0,-0.663829787,0.325,0.292,0.663829787,0.054,0.068,0.012,0.03,21.6,37.8,7.531467991763975,-2.9850384938014587,33.82803730181965,0.4117647058823529,38.82238958357964,32.4763299671775,SEA
Wade Meckler,685133,2026,26,300,337,90,3,18.7,9.5,0.3,0.387,27,116,43,0.263,0.359,0.341,0.314,0.037,0.028,0.027,2.2,46.2,86.9,33.9,2.9,33.5,96.774560086,92.481747662,65.9,23.1,89.3,48.9,20.8,44.0,33.5,53.6,18.8,25.9,LAA,67,685133,1213,5.5,0.313,0.0,0.357,0.313,0.325,0.303,0.268,5,16,82.2,-2.0,2290,90.2,89.93,3,28,39,-0.2999999999999971,6.21,114,146,100,150,286,316,299,-0.894,0.894,64.7,6.1,7.515608418,18,14,5,0,0,0,2,11.1,2,11.1,2.14,0.71,0.53,0.53,90.0,107.0,15.384615384615383,0.0,0.0,5.84,2.39,-0.26,2.21,0.389,0.0,1.334328358,0.354,0.306,-1.334328358,0.045,0.035,0.007,0.022,10.7,42.8,4.989851811440421,1.6927355485880653,39.17924967438312,0.2592592592592592,33.85730515690163,27.63239818003481,LAA
Victor Mesa Jr.,683748,2026,24,235,262,61,14,20.2,8.8,0.26,0.498,34,117,37,0.249,0.439,0.355,0.329,0.011,0.059,0.026,38.8,63.7,89.4,31.9,10.8,42.2,100.402323596,94.536340734,77.2,34.9,80.6,47.6,25.5,55.0,37.8,33.0,30.8,23.2,TB,69,683748,943,7.3,0.353,0.176,0.357,0.529,0.43,0.414,0.324,6,17,90.0,7.3,2241,89.5,89.19,8,38,31,-0.2999999999999971,6.26,111,145,102,148,286,325,299,-1.477,1.477,66.5,7.5,3.082727109,20,15,5,0,0,1,2,10.0,3,15.0,2.3,0.6,0.38,0.38,92.3,146.0,53.333333333333336,6.666666666666667,5.0,5.75,1.99,-0.33,2.17,0.45,1.0,2.14057971,0.426,0.527,-2.14057971,0.029,0.024,0.002,0.016,21.1,38.5,3.630763496226008,3.5185099902828854,28.49295220989384,0.4864864864864865,40.36082400180552,24.219722367741635,TB
Ian Happ,664023,2026,31,546,636,119,24,29.7,12.7,0.218,0.412,68,225,89,0.208,0.39,0.325,0.313,0.01,0.022,0.012,17.9,46.1,89.3,31.8,11.1,42.2,100.488835922,94.517880196,65.0,23.9,78.1,47.9,30.3,43.6,45.7,41.5,31.2,20.9,CHC,19,664023,2745,0.7,0.0,0.0,,0.0,0.0,0.0,,0,4,,,1976,86.2,86.28,6,10,9,0.0999999999999943,6.43,110,154,126,145,303,326,289,1.11,-1.11,73.1,7.6,4.168041108,4,0,0,0,0,0,4,100.0,0,0.0,2.33,0.81,1.0,-1.0,88.0,118.0,,,,5.96,1.26,0.28,1.95,0.0,,-5.842105263,,,5.842105263,,,,0.0,60.0,45.7,16.013358866013636,-19.399063952938683,35.55698967956468,0.5,38.30768927864021,40.31889858147508,CHC
JJ Wetherholt,802139,2026,23,537,619,130,17,16.8,10.3,0.242,0.365,51,196,89,0.255,0.435,0.318,0.347,-0.013,-0.07,-0.029,19.2,63.6,89.7,34.9,7.4,44.9,99.375158009,94.023919118,63.0,21.2,85.4,49.7,20.2,42.0,36.3,45.3,29.2,22.1,STL,34,802139,2460,1.4,0.222,0.0,0.286,0.222,0.198,0.233,0.246,2,9,76.6,-8.0,2390,90.9,90.88,4,14,20,0.0,6.42,118,148,110,152,292,317,298,0.959,-0.959,66.1,7.3,0.45867374,9,7,2,0,0,0,2,22.2,0,0.0,2.29,0.53,0.35,0.35,90.0,140.0,28.57142857142857,0.0,0.0,5.54,2.06,-0.15,2.53,0.222,0.0,-2.820588235,0.246,0.295,2.820588235,-0.024,-0.0239999999999999,-0.073,-0.035,28.6,36.1,11.8444471995959,9.61412221044188,29.405182039128853,0.5,37.356133736856165,27.74316510149264,STL
Trevor Story,596115,2026,33,251,266,59,5,32.3,4.1,0.235,0.351,29,88,24,0.211,0.317,0.272,0.248,0.024,0.034,0.024,13.3,48.0,87.1,29.3,5.4,36.5,98.525292771,93.305662831,69.6,43.6,77.0,46.5,31.8,55.7,43.7,46.1,24.6,20.4,BOS,69,596115,984,7.0,0.278,0.167,0.444,0.444,0.352,0.296,0.234,5,18,88.3,13.6,2079,87.5,87.97,14,37,32,0.5,6.62,106,152,122,147,293,323,294,-0.465,0.465,70.3,7.1,1.48923543,21,10,4,0,0,1,8,38.1,2,9.5,2.23,0.79,0.35,-0.35,91.0,146.0,30.0,10.0,4.761904761904762,5.87,1.51,-0.07,2.18,0.381,1.0,0.673913043,0.31,0.342,-0.673913043,0.044,0.071,0.102,0.056,37.8,46.4,7.9835141980346656,6.052564880822628,30.7653167450856,0.3333333333333333,39.29744267900255,31.697001057671624,BOS
Isaac Paredes,670623,2026,27,562,659,147,25,13.4,10.8,0.262,0.447,94,251,69,0.245,0.373,0.355,0.323,0.017,0.074,0.032,6.6,52.6,86.0,38.7,4.8,29.3,96.56219225,92.297062688,62.0,27.0,90.3,46.8,14.7,43.4,49.3,27.2,30.6,27.9,HOU,78,670623,2929,2.7,0.2,0.4,0.1,0.6,0.376,0.37,0.265,3,15,83.9,25.8,2087,86.8,86.68,5,33,45,-0.0999999999999943,6.28,107,152,122,146,294,326,298,-2.087,2.087,65.3,7.7,2.42582425,17,12,1,0,0,2,3,17.6,2,11.8,2.37,0.71,0.54,-0.54,91.0,173.0,41.66666666666667,8.333333333333332,5.88235294117647,5.79,2.17,0.31,2.24,0.294,1.0,2.675641026,0.352,0.509,-2.675641026,-0.065,-0.0579999999999999,0.091,0.006,15.2,37.4,13.30374639038456,-11.01455797887959,34.06024686529266,0.5454545454545454,36.10981876991949,35.69339750727676,HOU
Spencer Jones,682987,2026,25,261,289,64,11,36.3,8.7,0.245,0.429,40,112,36,0.238,0.455,0.323,0.328,0.007,-0.026,-0.005,71.7,43.6,94.1,43.9,15.9,55.1,104.238740633,97.083013248,77.0,35.3,73.0,43.2,38.7,53.2,35.0,26.8,39.5,28.0,NYY,53,682987,1237,4.3,0.308,0.231,0.429,0.538,0.363,0.425,0.33,4,13,94.6,33.5,2360,89.4,89.52,8,28,25,0.0999999999999943,6.48,115,146,124,150,289,325,298,-0.546,0.546,72.8,7.2,2.306656617,13,8,3,0,0,1,5,38.5,0,0.0,2.17,0.74,0.27,0.27,92.9,209.0,62.5,25.0,15.384615384615383,5.91,1.91,-0.19,2.44,0.308,2.0,1.030188679,0.33,0.674,-1.030188679,-0.022,-0.022,-0.136,-0.062,28.6,42.0,7.429153368389307,6.940759659701075,45.85820574926856,0.3846153846153846,34.21079122605797,15.46376987534056,NYY
Denzer Guzman,694203,2026,22,283,304,62,8,25.7,5.6,0.219,0.336,33,95,33,0.225,0.327,0.267,0.265,-0.006,0.009,0.002,45.6,41.1,86.7,34.3,4.8,34.8,98.32811,93.190886195,73.4,33.6,79.6,49.4,27.0,53.3,43.5,45.9,22.2,25.1,LAA,116,694203,1135,10.2,0.192,0.154,0.211,0.346,0.263,0.265,0.208,5,26,86.9,18.9,2128,88.7,88.59,14,64,52,-0.1000000000000085,6.24,105,152,121,147,304,325,295,1.794,-1.794,75.0,8.0,1.677639519,28,20,3,1,0,1,6,21.4,2,7.1,2.32,0.62,0.59,-0.59,91.1,151.0,45.0,0.0,0.0,5.87,2.12,0.14,2.26,0.25,0.0,-1.546551724,0.264,0.333,1.546551724,-0.016,-0.014,0.013,-0.002,21.9,41.8,6.63420373032664,-5.101799057056134,33.90366952470897,0.4444444444444444,36.59721820325238,30.94593893648416,LAA
Austin Hays,669720,2026,30,100,105,28,3,25.7,3.8,0.28,0.4,15,40,16,0.278,0.383,0.304,0.295,0.002,0.017,0.009,25.3,59.4,87.5,35.1,4.1,41.9,99.166541622,93.922986164,74.4,36.6,76.9,45.5,33.8,53.8,51.4,51.4,14.9,31.1,SD,26,669720,400,6.5,0.6,0.4,0.625,1.0,0.687,0.479,0.422,6,10,95.3,1.0,2227,87.2,86.73,8,19,7,-0.5,5.85,104,153,119,149,301,327,296,-3.139,3.139,74.0,7.4,3.351720392,10,9,4,1,0,1,1,10.0,0,0.0,2.7,0.32,0.42,-0.42,95.0,148.0,55.55555555555556,11.11111111111111,10.0,5.45,2.6,-0.11,1.82,0.6,1.0,12.073076923,0.422,0.697,-12.073076923,0.178,0.178,0.303,0.208,42.1,28.2,16.42347853047185,-9.287565585135797,31.993461222631176,0.7368421052631579,39.3260938117703,36.3595800416612,SD
Agustín Ramírez,682663,2026,24,226,255,53,5,23.9,10.2,0.235,0.354,24,80,31,0.227,0.32,0.3,0.285,0.008,0.034,0.015,58.3,54.4,89.9,26.5,4.2,41.6,102.266998795,95.305171928,70.2,29.8,79.5,47.7,29.8,49.1,44.6,52.4,15.7,22.9,MIA,64,682663,1009,6.3,0.308,0.0,0.444,0.308,0.353,0.401,0.329,4,13,95.9,1.0,2037,88.0,87.81,9,29,35,-0.2000000000000028,6.23,109,154,122,148,309,320,292,-0.077,0.077,75.3,7.5,3.2740145,16,9,4,0,0,0,4,25.0,3,18.8,2.49,0.51,0.46,-0.46,96.3,168.0,55.55555555555556,0.0,0.0,5.8,2.06,0.12,2.16,0.438,0.0,0.1203125,0.455,0.441,-0.1203125,-0.021,-0.017,-0.133,-0.048,31.0,39.1,8.75408603002726,-0.4332289634537453,22.879326081707955,0.5862068965517241,43.01863117278004,33.97253490909748,MIA
Brett Bateman,703520,2026,24,158,181,52,2,19.3,9.9,0.329,0.424,11,67,28,0.268,0.338,0.368,0.312,0.061,0.086,0.056,2.7,43.0,84.7,34.9,1.6,19.8,94.543693051,91.311951453,56.9,28.3,92.2,50.0,14.7,42.6,32.5,58.7,12.7,27.8,TOR,59,703520,721,8.2,0.286,0.071,0.4,0.357,0.281,0.238,0.254,4,14,86.5,-2.6,2347,90.5,90.36,4,29,30,-0.0999999999999943,6.32,118,147,99,149,275,315,301,0.838,-0.838,59.5,6.4,5.277130974,14,10,3,1,0,0,4,28.6,0,0.0,2.03,0.79,0.52,0.52,89.5,132.0,30.0,0.0,0.0,5.94,2.19,-0.03,2.44,0.286,0.0,-1.420338983,0.254,0.286,1.420338983,0.032,0.0319999999999999,0.071,0.043,13.8,34.6,0.4953494753681446,10.209298198253276,33.14252313464,0.3214285714285714,35.89747480874118,24.092094278448336,TOR
Matt McLain,680574,2026,26,437,496,81,15,28.0,9.7,0.185,0.334,40,146,59,0.212,0.361,0.272,0.293,-0.027,-0.027,-0.021,12.0,58.8,87.8,35.3,9.0,35.6,98.618121507,93.445306873,63.0,26.8,81.2,48.0,28.4,44.2,38.0,35.6,35.3,19.8,CIN,50,680574,2012,2.5,0.273,0.091,0.5,0.364,0.277,0.239,0.214,3,11,84.0,26.3,2221,89.0,89.42,10,29,21,0.4000000000000057,6.6,109,153,117,149,305,321,291,0.836,-0.836,69.1,6.9,1.883880624,11,6,2,1,0,0,5,45.5,0,0.0,2.31,0.62,0.34,-0.34,91.0,141.0,50.0,16.666666666666664,9.090909090909092,5.69,1.79,0.12,2.43,0.273,1.0,-1.672,0.214,0.345,1.672,0.059,0.059,0.019,0.038,34.5,37.6,13.175610430330584,-2.447388402007386,32.76706113009876,0.6785714285714286,34.52090711673683,34.74120368589378,CIN
Jake Burger,669394,2026,30,556,620,127,28,26.9,9.0,0.228,0.421,90,234,71,0.227,0.42,0.316,0.314,0.001,0.001,0.002,62.2,59.5,90.1,29.3,12.3,45.3,102.402481173,95.51435624,67.0,35.5,80.1,45.0,34.2,49.6,44.3,43.5,29.3,18.8,TEX,86,669394,2338,3.7,0.211,0.105,0.267,0.316,0.291,0.31,0.181,4,19,90.4,18.4,2117,86.5,86.69,9,37,49,0.2000000000000028,6.46,111,152,126,145,309,330,294,-0.132,0.132,75.8,7.6,2.936194268,22,15,2,2,0,0,4,18.2,3,13.6,2.54,0.55,0.58,-0.58,92.4,141.0,33.33333333333333,13.333333333333334,9.090909090909092,5.72,2.32,0.02,2.23,0.318,2.0,0.153488372,0.293,0.415,-0.153488372,0.03,0.025,-0.099,-0.019,24.3,34.8,10.890920447141832,-7.145398246445343,26.62793582405088,0.5405405405405406,41.409547037482376,31.335319268134192,TEX
Will Banfield,677943,2026,26,20,21,3,0,33.3,0.0,0.15,0.2,1,4,1,0.149,0.191,0.145,0.151,0.001,0.009,-0.006,31.7,41.5,83.5,21.4,0.0,14.3,91.833835714,90.122459286,78.1,51.2,68.0,43.8,39.1,63.0,35.7,21.4,28.6,21.4,CIN,16,677943,73,21.9,0.0,0.0,0.0,0.0,0.0,0.008,0.006,0,4,84.3,52.5,2236,92.2,93.34,7,12,4,1.0999999999999943,6.86,116,153,123,148,309,321,294,1.153,-1.153,73.9,6.8,2.095267974,4,2,0,0,0,0,2,50.0,0,0.0,2.02,0.69,0.47,-0.47,92.4,206.0,0.0,0.0,0.0,5.47,2.29,-0.18,2.91,0.0,0.0,-7.20625,0.006,0.011,7.20625,-0.006,-0.006,-0.011,-0.008,58.3,24.2,-0.040348442651303,-5.406187346155991,22.98004223163645,0.1666666666666666,35.05774957334283,29.18811546865163,CIN
John Peck,807726,2026,23,68,80,11,0,20.0,11.3,0.162,0.176,7,12,3,0.221,0.346,0.224,0.31,-0.059,-0.17,-0.086,15.9,64.7,88.6,32.1,7.7,37.7,99.010478846,93.583440385,76.0,32.2,79.6,46.4,26.7,52.5,24.5,43.4,18.9,28.3,DET,35,807726,279,12.5,0.2,0.0,0.286,0.2,0.225,0.258,0.209,2,10,92.8,7.0,2222,88.0,88.17,6,20,15,0.2000000000000028,6.6,112,153,120,149,305,332,294,0.651,-0.651,69.5,7.2,3.410241577,11,7,2,0,0,0,3,27.3,1,9.1,2.21,0.8,0.25,-0.25,92.8,163.0,42.85714285714285,0.0,0.0,5.67,2.02,-0.1,2.02,0.273,0.0,-1.86,0.281,0.289,1.86,-0.009,-0.008,-0.089,-0.033,30.0,41.5,10.743659188317858,-9.693616351105987,32.38541105129347,0.55,37.43347415996697,32.69043662816089,DET
Ethan Salas,806956,2026,20,39,40,10,2,22.5,2.5,0.256,0.462,5,18,6,0.188,0.316,0.316,0.227,0.068,0.146,0.089,17.5,59.4,90.1,23.3,3.3,33.3,98.854162,94.235776,64.5,31.5,89.8,51.0,19.4,48.3,20.0,36.7,43.3,13.3,SD,13,806956,149,8.7,0.333,0.0,0.333,0.333,0.297,0.396,0.415,1,3,85.8,22.3,2578,89.2,89.02,1,6,7,-0.2000000000000028,6.24,123,148,119,150,284,315,301,-0.035,0.035,57.0,6.2,0.105800016,3,3,1,0,0,0,0,0.0,0,0.0,2.27,0.62,-0.37,-0.37,90.2,221.0,0.0,0.0,0.0,5.99,2.44,-0.35,2.49,0.333,0.0,0.269230769,0.415,0.496,-0.269230769,-0.082,-0.0819999999999999,-0.163,-0.099,16.7,46.5,6.405465553107836,19.08611640129304,26.7312807361478,0.4,39.30666409230496,24.900489395005312,SD
Jarren Duran,680776,2026,29,551,608,114,20,27.1,6.7,0.207,0.361,69,199,66,0.237,0.388,0.274,0.301,-0.03,-0.027,-0.027,50.9,42.9,89.6,31.6,9.1,39.9,101.406714352,94.830670364,69.0,34.4,80.6,47.7,33.5,51.0,38.9,45.7,22.7,21.2,BOS,36,680776,2251,1.6,0.111,0.0,0.167,0.111,0.099,0.192,0.209,1,9,83.1,16.5,2215,87.0,87.86,6,21,15,0.9000000000000057,6.96,111,148,108,153,280,316,306,1.736,-1.736,68.8,7.1,0.320007148,9,6,1,0,0,0,3,33.3,0,0.0,2.64,0.41,0.0,0.0,90.6,81.0,33.33333333333333,0.0,0.0,5.91,1.52,-0.19,2.1,0.111,0.0,-4.822222222,0.209,0.228,4.822222222,-0.098,-0.0979999999999999,-0.117,-0.093,28.6,44.2,3.049287997764609,-1.509643620834311,27.26733958590622,0.45,40.02298420329445,32.16645841239585,BOS
Wilyer Abreu,677800,2026,27,597,681,148,24,20.7,10.4,0.248,0.446,76,266,81,0.253,0.468,0.335,0.346,-0.005,-0.022,-0.011,36.3,51.0,89.8,36.2,12.5,43.5,100.851443463,94.713825411,67.8,29.9,82.4,46.4,24.6,47.5,35.8,33.2,35.8,22.4,BOS,120,677800,2752,4.4,0.241,0.103,0.28,0.345,0.268,0.344,0.286,7,29,87.9,20.0,2246,88.5,88.88,10,53,67,0.4000000000000057,6.56,112,147,121,152,284,323,305,1.484,-1.484,71.9,7.3,4.498903515,30,25,4,3,0,0,4,13.3,1,3.3,2.27,0.68,0.15,0.15,91.7,171.0,36.0,12.0,10.0,5.84,1.59,-0.28,2.2,0.267,3.0,-1.236666667,0.31,0.488,1.236666667,-0.045,-0.0429999999999999,-0.143,-0.076,18.9,44.6,8.298993135950102,0.7604960026369026,32.47991477583451,0.6226415094339622,37.93520176914029,28.157703449463916,BOS
Jeremy Peña,665161,2026,28,447,483,124,22,24.0,5.0,0.277,0.477,56,213,82,0.268,0.431,0.347,0.326,0.009,0.046,0.021,16.3,61.3,88.6,35.0,7.2,39.2,99.832845689,93.995355988,74.5,39.3,81.5,45.5,31.8,55.3,48.2,43.4,25.7,24.0,HOU,87,665161,1776,4.9,0.35,0.05,0.438,0.4,0.33,0.241,0.236,7,20,92.5,9.4,1964,88.3,88.12,10,49,38,-0.2000000000000028,6.28,108,153,121,147,302,329,291,-0.094,0.094,73.3,7.8,3.404958302,20,16,6,1,0,0,4,20.0,0,0.0,2.23,0.74,0.8,-0.8,91.0,122.0,37.5,0.0,0.0,5.85,2.08,0.21,2.15,0.35,0.0,0.108045977,0.236,0.329,-0.108045977,0.114,0.1139999999999999,0.071,0.089,20.4,40.1,13.539289736338002,-6.108492877759612,33.021729927651464,0.5416666666666666,38.429942808511456,31.80945222192637,HOU
Fernando Tatis Jr.,665487,2026,27,626,704,181,25,18.5,9.1,0.289,0.47,83,294,96,0.296,0.5,0.358,0.379,-0.007,-0.03,-0.021,64.6,55.6,92.9,32.2,12.7,53.9,104.706101084,97.191219378,67.6,26.4,85.8,47.6,25.9,46.1,33.4,51.3,21.1,23.5,SD,43,665487,2559,1.7,0.429,0.429,0.4,0.857,0.592,0.522,0.315,3,7,92.9,-3.3,2075,89.1,89.2,1,11,32,0.1000000000000085,6.3,103,152,119,147,300,332,297,-1.891,1.891,73.5,7.1,0.216706872,10,6,2,0,0,1,1,10.0,3,30.0,2.2,0.68,0.81,-0.81,92.9,146.0,50.0,16.666666666666664,10.0,5.69,2.46,0.27,2.23,0.6,1.0,4.397674419,0.52,0.761,-4.397674419,0.114,0.0799999999999999,0.096,0.07,9.1,34.8,5.815747893444231,7.895849686192129,29.618800101293477,0.6363636363636364,40.84721757578623,28.612536758638893,SD
Nasim Nuñez,683083,2026,25,431,493,90,1,20.1,9.9,0.209,0.244,37,105,55,0.221,0.274,0.251,0.268,-0.012,-0.03,-0.017,3.3,42.2,85.2,28.9,0.9,22.2,95.081777107,91.558154732,68.2,25.9,85.2,50.1,21.6,47.1,32.1,53.1,18.7,23.0,WSH,56,683083,1972,2.8,0.2,0.1,0.2,0.3,0.296,0.331,0.251,2,10,94.7,0.8,2110,88.6,88.91,4,19,37,0.3000000000000113,6.52,100,150,102,148,305,313,282,0.555,-0.555,67.5,6.7,3.046142892,12,10,1,1,0,0,0,0.0,2,16.7,2.78,0.19,0.7,-0.7,92.6,108.0,50.0,0.0,0.0,5.54,2.08,0.0,2.22,0.333,0.0,-0.991071429,0.387,0.332,0.991071429,-0.051,-0.0539999999999999,-0.032,-0.035,21.1,29.3,1.7460342333030343,8.222869617941784,27.03283902893201,0.3333333333333333,36.58916682018886,26.44225194462019,WSH
Drake Baldwin,686948,2026,25,549,615,156,25,21.5,8.9,0.284,0.459,79,252,85,0.279,0.505,0.358,0.37,0.005,-0.046,-0.012,56.8,46.5,91.5,37.5,12.9,50.6,102.266130048,95.835253771,70.5,34.4,83.7,46.5,24.4,51.2,30.8,44.2,26.3,24.8,ATL,85,686948,2388,3.6,0.286,0.095,0.462,0.381,0.325,0.28,0.224,6,21,93.3,-3.2,2315,89.1,89.62,10,41,44,0.5,6.52,114,149,127,152,305,325,306,-0.073,0.073,73.3,6.9,2.628147901,23,13,4,2,0,0,8,34.8,2,8.7,2.25,0.64,0.3,0.3,93.2,151.0,53.84615384615385,0.0,0.0,6.04,1.84,-0.34,2.31,0.348,0.0,0.085882353,0.291,0.335,-0.085882353,0.062,0.0569999999999999,0.046,0.045,24.4,43.6,5.466828768932632,12.19454282628879,33.379149881807955,0.2926829268292683,40.53799125440904,25.84993261183032,ATL
Mickey Moniak,666160,2026,28,404,436,96,23,27.5,5.0,0.238,0.48,65,194,49,0.212,0.392,0.322,0.279,0.026,0.088,0.043,45.4,52.0,89.7,32.0,9.6,41.6,99.875625205,94.179652165,76.4,44.0,82.0,46.4,30.3,59.0,48.1,34.0,36.8,20.3,COL,14,666160,1516,0.9,0.2,0.4,0.25,0.6,0.319,0.215,0.225,1,5,83.2,29.0,2353,90.7,90.51,3,10,4,-0.2000000000000028,6.04,127,148,107,154,296,328,304,0.034,-0.034,70.5,7.6,4.03404972,5,4,0,0,1,0,1,20.0,0,0.0,2.45,0.34,0.36,0.36,92.3,157.0,25.0,0.0,0.0,5.83,2.0,0.09,2.43,0.2,0.0,-0.242857143,0.225,0.271,0.242857143,-0.025,-0.0249999999999999,0.329,0.104,30.0,31.2,11.778822103559683,-2.5521420575693203,32.473684907953164,0.7,37.67516356391434,29.66602687142048,COL
Keibert Ruiz,660688,2026,27,332,354,93,10,10.5,4.5,0.28,0.443,48,147,44,0.247,0.374,0.328,0.289,0.033,0.069,0.039,0.8,57.2,88.1,33.9,5.0,36.6,98.084002838,93.093035608,66.6,38.7,93.3,50.0,14.2,52.6,58.7,37.9,28.9,23.2,WSH,21,660688,1131,1.9,0.6,0.0,0.6,0.6,0.567,0.465,0.431,3,5,96.5,13.0,2207,86.1,86.2,1,9,12,0.1000000000000085,6.37,107,153,120,150,302,316,286,-1.344,1.344,66.2,7.2,0.84005082,6,5,3,0,0,0,0,0.0,0,0.0,2.69,0.44,0.14,-0.14,94.1,149.0,60.0,0.0,0.0,5.79,2.18,0.34,2.3,0.667,0.0,6.4,0.526,0.52,-6.4,0.169,0.141,0.08,0.102,11.1,39.5,8.71546816388259,-10.73698547899732,31.17452938826127,0.5555555555555556,38.96612422035821,38.97493463572527,WSH
Trea Turner,607208,2026,33,645,700,156,19,21.0,6.9,0.242,0.378,58,244,101,0.242,0.363,0.298,0.293,0.0,0.015,0.005,19.0,63.0,88.5,31.7,6.0,39.3,98.94390884,93.571458357,68.9,34.6,84.6,46.4,27.7,50.5,33.7,45.3,25.3,21.4,PHI,110,607208,2653,4.1,0.185,0.0,0.238,0.185,0.202,0.276,0.245,5,27,87.8,11.7,2170,87.4,87.72,16,51,59,0.2999999999999971,6.5,107,153,124,147,308,327,297,2.183,-2.183,71.1,7.6,2.032751806,29,21,5,0,0,0,6,20.7,2,6.9,2.57,0.45,0.46,-0.46,92.8,131.0,38.095238095238095,4.761904761904762,3.4482758620689653,5.64,2.22,0.13,2.07,0.241,1.0,-1.984545455,0.299,0.322,1.984545455,-0.06,-0.0579999999999999,-0.137,-0.074,31.4,35.6,8.374478764416258,-6.424601365222797,23.511752932084946,0.6938775510204082,39.438690710614765,31.76568617657993,PHI
Jake Cronenworth,630105,2026,32,377,425,85,7,22.8,8.9,0.225,0.321,41,121,46,0.213,0.308,0.287,0.275,0.012,0.013,0.012,18.4,41.1,87.2,30.7,3.9,29.7,97.164133824,92.599836434,63.7,29.0,89.6,48.4,21.3,45.8,30.4,48.4,22.3,21.2,SD,42,630105,1744,2.4,0.4,0.0,0.4,0.4,0.39,0.327,0.296,4,10,91.6,14.6,2313,89.7,89.51,1,19,23,-0.2000000000000028,6.15,105,146,100,150,286,321,300,-0.61,0.61,58.8,5.6,1.082658336,11,10,4,0,0,0,0,0.0,0,0.0,2.17,0.69,0.23,0.23,91.5,158.0,40.0,0.0,0.0,5.62,2.33,-0.14,2.49,0.455,0.0,1.452380952,0.36,0.363,-1.452380952,0.104,0.095,0.037,0.063,5.3,31.7,8.01900490388502,-2.1519747217981404,26.27762753088801,0.2777777777777778,41.72537025608469,22.750146383049817,SD
Bo Davidson,815589,2026,23,20,22,7,0,31.8,4.5,0.35,0.35,1,7,2,0.266,0.324,0.315,0.266,0.084,0.026,0.049,21.1,50.0,85.2,28.6,0.0,42.9,99.722735714,93.861367857,64.3,41.7,77.8,53.8,31.0,53.8,14.3,57.1,21.4,21.4,SF,36,815589,78,46.2,0.5,0.0,0.75,0.5,0.445,0.294,0.313,6,12,81.2,-4.4,2438,92.1,92.25,7,22,14,0.2000000000000028,6.36,122,149,106,153,289,317,301,-0.976,0.976,68.8,7.3,4.924204999,12,8,6,0,0,0,4,33.3,0,0.0,2.06,0.65,0.16,0.16,92.4,97.0,50.0,0.0,0.0,6.21,1.83,-0.09,2.42,0.5,0.0,2.711111111,0.313,0.359,-2.711111111,0.187,0.187,0.141,0.151,31.8,49.0,13.83323874609572,4.210681636446998,32.311121836731736,0.5454545454545454,40.81111591690805,31.53019971401913,SF
Brice Matthews,694728,2026,24,214,233,43,7,31.8,6.9,0.201,0.332,22,71,23,0.193,0.338,0.26,0.261,0.008,-0.006,-0.001,29.9,52.7,86.7,30.1,8.5,36.4,99.48979209,93.878187068,68.1,25.5,74.7,49.6,36.0,46.6,34.3,50.3,23.8,18.2,HOU,11,694728,961,1.1,0.0,0.0,0.0,0.0,0.0,0.041,0.045,0,3,79.8,-6.0,2132,93.1,92.55,4,6,5,-0.5999999999999943,6.07,112,153,116,147,295,328,296,0.785,-0.785,75.2,7.6,3.093178585,3,1,0,0,0,0,2,66.7,0,0.0,1.73,0.94,0.81,-0.81,88.0,73.0,0.0,0.0,0.0,5.91,1.99,0.19,2.55,0.0,0.0,-7.136363636,0.045,0.054,7.136363636,-0.045,-0.045,-0.054,-0.041,66.7,40.1,17.327764999385053,-9.752414748796603,36.22350902738841,0.5,34.028721928907046,37.37406470858907,HOU
Jose Altuve,514888,2026,36,524,573,131,16,19.9,7.2,0.25,0.395,50,207,70,0.224,0.325,0.308,0.271,0.026,0.07,0.037,9.1,54.7,85.6,32.0,4.1,31.3,96.847195792,92.445465658,64.0,37.2,86.8,44.7,22.1,49.2,42.4,46.7,21.7,23.6,HOU,47,514888,2036,2.3,0.308,0.385,0.273,0.692,0.44,0.333,0.272,4,13,87.6,23.5,2073,87.8,87.73,4,22,25,-0.0999999999999943,6.36,105,153,104,146,296,326,290,-1.011,1.011,66.3,7.5,1.788218916,14,12,1,2,0,1,1,7.1,1,7.1,2.28,0.72,0.62,-0.62,91.4,192.0,33.33333333333333,8.333333333333332,7.142857142857142,5.76,2.02,-0.03,1.97,0.357,1.0,2.15106383,0.324,0.441,-2.15106383,0.036,0.0329999999999999,0.251,0.107,18.2,37.4,14.9339238187852,-2.428954689461376,28.858460592171944,0.5714285714285714,40.366110116679614,28.180198516959152,HOU
Jakob Marsee,805300,2026,25,516,616,119,11,20.5,12.7,0.231,0.359,41,185,83,0.233,0.334,0.321,0.314,-0.002,0.025,0.007,5.8,45.6,87.3,33.5,3.8,34.5,97.82960178,92.989467585,60.1,22.2,91.9,49.1,18.0,40.9,40.3,37.0,22.7,28.7,MIA,72,805300,2384,3.0,0.25,0.0,0.4,0.25,0.301,0.332,0.279,4,16,89.8,14.2,2315,90.5,90.18,5,34,38,-0.2999999999999971,6.24,110,146,102,151,289,314,297,0.207,-0.207,62.9,6.1,3.111299439,19,10,4,0,0,0,6,31.6,1,5.3,2.07,0.76,0.41,0.41,89.8,116.0,20.0,0.0,0.0,5.87,2.04,-0.03,2.14,0.368,0.0,-0.2875,0.392,0.31,0.2875,-0.029,-0.024,-0.06,-0.031,14.7,42.2,1.6482467043643887,-2.443074107299042,35.35631801380241,0.3636363636363636,38.35119302444084,27.02126049902203,MIA
Samuel Basallo,694212,2026,21,360,399,80,18,26.6,8.0,0.222,0.406,54,146,40,0.234,0.439,0.303,0.318,-0.012,-0.033,-0.015,44.5,53.0,90.4,30.7,12.1,42.8,102.043554531,95.284916523,69.8,39.9,79.1,43.4,31.5,52.9,43.6,44.7,27.6,22.2,BAL,33,694212,1462,2.3,0.0,0.0,0.0,0.0,0.087,0.176,0.091,0,7,87.1,35.8,2501,88.8,88.48,6,18,15,-0.2999999999999971,6.25,119,148,133,152,295,319,299,1.498,-1.498,65.1,7.0,4.184513858,8,4,0,0,0,0,3,37.5,1,12.5,2.52,0.43,-0.24,-0.24,89.0,150.0,25.0,0.0,0.0,5.35,2.6,-0.5,2.17,0.125,0.0,-4.539393939,0.205,0.145,4.539393939,-0.091,-0.0799999999999999,-0.145,-0.089,33.3,32.1,4.608727116921764,-9.605258352835747,36.421593626976346,0.6111111111111112,37.6407690976086,37.00055594109714,BAL
Miguel Rojas,500743,2026,37,225,252,60,4,10.7,6.3,0.267,0.391,23,88,23,0.277,0.386,0.306,0.309,-0.01,0.005,-0.003,5.7,45.2,87.3,36.2,4.8,36.2,98.290682475,93.175374851,68.3,32.4,91.2,45.6,17.0,48.8,35.3,44.0,23.2,24.2,LAD,47,500743,881,5.3,0.214,0.286,0.167,0.5,0.35,0.358,0.261,3,14,92.1,13.4,2097,88.8,89.03,3,21,26,0.2000000000000028,6.43,109,153,119,149,298,318,286,-1.857,1.857,67.0,7.3,2.079129148,16,13,1,1,0,1,1,6.3,2,12.5,2.22,0.71,0.69,-0.69,93.6,171.0,46.15384615384615,7.6923076923076925,6.25,5.52,2.77,0.33,2.29,0.313,1.0,3.95106383,0.353,0.469,-3.95106383,-0.047,-0.0399999999999999,0.031,-0.008,14.3,35.0,7.357961785200134,-7.629824631740501,26.81603663434448,0.6666666666666666,39.19243805157621,37.10278937579958,LAD
Brandon Marsh,669016,2026,28,524,568,136,18,25.0,6.0,0.26,0.408,62,214,71,0.251,0.401,0.308,0.301,0.009,0.007,0.007,16.3,43.1,89.2,40.8,8.0,42.6,99.77357526,94.128250573,69.2,36.3,87.2,47.9,24.9,52.1,38.5,42.1,27.2,26.7,PHI,18,669016,2131,0.8,0.2,0.2,0.333,0.4,0.252,0.183,0.159,1,5,91.5,-7.7,2209,85.9,86.38,3,11,7,0.5,6.54,123,150,115,153,294,324,306,0.137,-0.137,70.4,7.4,1.735844082,5,3,0,1,0,0,2,40.0,0,0.0,2.14,0.97,0.11,0.11,90.6,119.0,66.66666666666666,0.0,0.0,5.79,1.88,-0.35,2.11,0.2,0.0,-0.761111111,0.159,0.27,0.761111111,0.041,0.041,0.13,0.069,27.3,50.0,12.649688246284557,1.4328407296976282,34.7803134792978,0.6363636363636364,42.56935556505859,28.674877936518914,PHI
Christopher Morel,666624,2026,27,98,105,17,1,33.3,5.7,0.173,0.245,6,24,6,0.173,0.234,0.216,0.211,0.0,0.011,0.005,62.4,74.0,87.2,25.4,3.2,38.1,99.574998438,93.995871746,64.9,34.7,71.3,48.6,35.1,49.4,57.1,46.0,22.2,19.0,NYM,22,666624,387,5.7,0.0,0.0,0.0,0.0,0.0,0.118,0.128,0,6,79.6,-9.8,2354,88.5,88.21,5,11,11,-0.2999999999999971,6.17,110,154,123,146,300,329,292,1.605,-1.605,76.5,8.4,6.452467773,6,5,0,0,0,0,1,16.7,0,0.0,2.56,0.38,0.1,-0.1,93.5,19.0,40.0,0.0,0.0,6.41,1.87,-0.17,1.8,0.0,0.0,-7.295454545,0.128,0.144,7.295454545,-0.128,-0.128,-0.144,-0.118,45.5,46.4,17.361201333612748,-15.357262104794726,26.28269414790329,0.7,36.4582831739644,40.29257053184835,NYM
Luis Arraez,650333,2026,29,596,655,185,6,4.3,5.2,0.31,0.419,64,250,67,0.289,0.377,0.331,0.307,0.021,0.042,0.024,0.1,52.6,86.4,39.3,1.2,19.4,94.068574724,91.077369275,63.2,33.1,94.2,51.5,7.1,48.6,31.0,37.6,30.8,26.9,PHI,101,650333,2464,4.1,0.296,0.111,0.296,0.407,0.332,0.308,0.292,8,27,86.1,10.3,2332,90.9,91.21,0,42,59,0.2999999999999971,6.55,116,149,111,151,271,306,297,-0.076,0.076,60.6,5.8,,29,27,5,3,0,0,0,0.0,2,6.9,2.02,0.77,0.59,0.59,89.9,130.0,18.51851851851852,0.0,0.0,5.75,2.12,-0.13,2.22,0.345,0.0,0.075247525,0.34,0.352,-0.075247525,0.004,0.0049999999999999,0.055,0.024,0.0,38.8,6.29630197152452,1.8504590181595943,36.116749755688986,0.525,36.07270698069173,33.91119299820194,PHI
Leo Bernal,699024,2026,22,95,102,27,5,24.5,6.9,0.284,0.474,21,45,12,0.27,0.487,0.351,0.347,0.014,-0.013,0.004,31.5,50.9,92.6,41.4,10.0,55.7,102.009491143,95.893565143,66.9,29.2,84.3,46.1,26.2,46.6,40.0,31.4,35.7,30.0,STL,88,699024,393,22.4,0.222,0.056,0.4,0.278,0.266,0.268,0.215,4,18,91.2,10.9,2332,88.8,88.58,13,37,51,-0.2000000000000028,6.23,116,153,124,147,308,324,296,0.894,-0.894,74.2,7.6,3.984348355,20,10,3,1,0,0,8,40.0,2,10.0,2.63,0.31,0.27,-0.27,91.5,163.0,60.0,0.0,0.0,5.59,2.05,-0.04,2.2,0.3,0.0,-1.015909091,0.294,0.296,1.015909091,0.007,0.006,-0.018,-0.002,35.1,37.6,10.567744808219048,-1.3764964668237627,28.83611684146149,0.5405405405405406,39.350041538767975,30.05047837396035,STL
Kyle Teel,691019,2026,24,119,144,25,5,35.4,13.2,0.21,0.361,26,43,21,0.211,0.375,0.317,0.321,-0.001,-0.014,-0.004,29.1,40.5,85.7,41.4,11.4,47.1,100.879383824,94.639000588,64.4,31.3,76.8,42.6,35.6,45.4,40.0,38.6,30.0,27.1,CWS,93,691019,612,15.2,0.286,0.071,0.5,0.357,0.408,0.387,0.244,4,14,90.3,17.0,2281,88.9,88.86,9,36,57,0.0,6.4,114,146,118,152,284,313,300,-1.668,1.668,67.8,6.6,2.057232484,20,8,3,1,0,0,6,30.0,5,25.0,2.47,0.47,0.44,0.44,91.0,112.0,50.0,12.5,5.0,5.5,2.16,-0.22,2.15,0.5,1.0,1.793548387,0.471,0.338,-1.793548387,0.042,0.029,0.019,0.021,25.0,32.3,12.480912227097036,5.731141328589802,38.556764646521934,0.4444444444444444,35.408802396713554,28.841596897723303,CWS
Charles McAdoo,807727,2026,24,97,106,25,3,23.6,6.6,0.258,0.392,14,38,12,0.245,0.367,0.303,0.289,0.013,0.025,0.014,36.5,40.7,85.5,29.7,5.4,25.7,96.549836216,92.274918108,67.0,32.5,82.8,48.1,21.5,49.1,24.3,39.2,25.7,25.7,TOR,48,807727,397,12.1,0.273,0.091,0.333,0.364,0.253,0.233,0.259,3,11,85.4,12.2,2192,89.6,89.36,5,21,27,-0.1999999999999886,6.32,110,151,117,144,296,323,290,0.225,-0.225,73.5,7.1,0.891017926,12,9,2,1,0,0,3,25.0,0,0.0,2.17,0.71,0.64,-0.64,90.0,197.0,11.11111111111111,0.0,0.0,5.83,2.74,-0.09,2.43,0.25,0.0,-0.46875,0.245,0.313,0.46875,0.014,0.005,0.051,0.02,23.8,28.4,3.8645530858500914,3.477035859708263,30.5446281780497,0.45,39.43601534967876,26.320406313314773,TOR
Connor Wong,657136,2026,30,210,238,49,4,23.9,7.1,0.233,0.348,25,73,22,0.219,0.327,0.295,0.281,0.014,0.021,0.014,29.1,49.1,85.9,24.7,4.4,34.8,99.018654737,93.54581298,64.9,32.0,86.9,48.5,24.6,47.9,41.1,46.8,24.7,19.6,BOS,10,657136,899,1.1,0.25,0.0,0.333,0.25,0.223,0.292,0.311,1,4,93.5,15.3,2150,88.4,89.35,2,5,5,1.0,6.8,88,145,107,147,289,317,288,0.47,-0.47,73.3,7.0,1.748766906,4,3,1,0,0,0,1,25.0,0,0.0,2.19,0.75,0.37,-0.37,93.5,184.0,33.33333333333333,0.0,0.0,5.7,1.53,0.01,2.22,0.25,0.0,-4.7,0.311,0.353,4.7,-0.061,-0.061,-0.103,-0.069,40.0,38.2,9.404081496914037,3.3981379937088327,30.06498153141452,0.2,37.04757336771088,32.30485162415335,BOS
Evan Carter,694497,2026,23,391,455,76,9,25.1,10.3,0.194,0.315,40,123,52,0.205,0.32,0.274,0.28,-0.011,-0.005,-0.006,23.0,46.5,87.6,28.7,4.8,34.9,98.726085185,93.426463755,61.5,21.5,80.8,50.4,29.1,41.7,39.8,40.8,29.8,20.1,TEX,21,694497,1833,1.1,0.2,0.0,0.5,0.2,0.178,0.137,0.147,1,5,75.3,43.0,2427,88.7,87.95,5,9,12,-0.7999999999999972,5.88,114,146,96,150,283,317,285,0.662,-0.662,42.4,5.0,2.961368004,5,2,1,0,0,0,3,60.0,0,0.0,2.43,0.52,-0.09,-0.09,88.0,158.0,0.0,0.0,0.0,5.8,1.62,-0.47,2.4,0.2,0.0,-3.152380952,0.147,0.163,3.152380952,0.053,0.053,0.037,0.041,55.6,33.8,4.745290898294195,-3.7097219499939458,26.103790661066235,0.4285714285714285,38.86326978860088,32.4889477242435,TEX
Carlos Jorge,699115,2026,22,46,50,10,1,26.0,8.0,0.217,0.326,2,15,5,0.239,0.329,0.271,0.282,-0.022,-0.003,-0.011,3.4,48.3,81.8,33.3,6.1,15.2,92.587212667,90.658588667,76.8,34.5,71.2,52.2,31.1,56.6,36.4,42.4,21.2,27.3,CIN,8,699115,183,4.4,0.333,0.0,0.5,0.333,0.297,0.322,0.349,1,3,76.7,33.0,2121,89.8,89.51,3,5,3,-0.2999999999999971,6.13,105,143,97,152,269,312,288,0.178,-0.178,64.9,7.3,2.269080756,3,2,1,0,0,0,1,33.3,0,0.0,2.76,0.09,0.11,0.11,89.0,212.0,0.0,0.0,0.0,6.02,1.98,-0.41,1.55,0.333,0.0,-2.225,0.349,0.387,2.225,-0.016,-0.0159999999999999,-0.054,-0.025,60.0,36.3,12.969549723191983,-2.88210303465735,33.27501568429537,0.4,34.6184253788202,31.87074953423309,CIN
Bobby Witt Jr.,677951,2026,26,558,632,157,18,17.2,10.6,0.281,0.441,54,246,94,0.302,0.504,0.345,0.378,-0.021,-0.063,-0.033,41.9,45.3,92.2,37.3,11.4,50.3,103.195144375,96.21586125,67.2,33.8,86.4,44.4,24.8,48.6,31.3,36.0,26.7,28.3,KC,68,677951,2374,2.9,0.467,0.067,0.538,0.533,0.456,0.368,0.318,7,15,94.3,-0.9,2181,89.6,90.03,10,44,24,0.4000000000000057,6.58,105,152,126,144,295,328,297,-1.355,1.355,71.9,6.8,1.828557077,19,13,6,1,0,0,2,10.5,4,21.1,2.31,0.58,0.26,-0.26,92.1,127.0,61.53846153846154,7.6923076923076925,5.263157894736842,5.62,2.35,-0.01,2.3,0.579,1.0,1.992647059,0.36,0.487,-1.992647059,0.149,0.2189999999999999,0.046,0.088,22.7,31.7,3.811364265708782,4.712089355864604,31.583441509437733,0.4318181818181818,32.51143940299475,25.615319031980963,KC
Brian Serven,661531,2026,31,80,85,14,5,24.7,4.7,0.175,0.375,14,30,8,0.22,0.371,0.261,0.278,-0.045,0.004,-0.017,7.0,58.5,87.5,35.6,8.5,30.5,98.142667667,93.187857119,67.1,31.6,75.9,51.9,30.4,50.0,39.0,45.8,30.5,22.0,OAK,9,661531,322,2.8,0.0,0.0,0.0,0.0,0.349,0.509,0.349,0,1,87.7,3.0,2184,85.9,85.92,1,4,5,0.0,6.42,111,154,126,148,300,323,290,0.064,-0.064,72.2,8.0,7.358335068,2,1,0,0,0,0,0,0.0,1,50.0,2.85,0.3,-0.11,0.11,98.8,218.0,0.0,0.0,0.0,5.73,2.29,-0.48,1.66,0.5,0.0,-0.711111111,0.674,0.393,0.711111111,-0.349,-0.174,-0.393,-0.16,25.0,35.8,21.83723470675245,-15.70852692879562,32.0094843068201,0.25,32.638950794037925,37.95292541708453,OAK
Ke'Bryan Hayes,663647,2026,29,227,242,32,5,19.8,5.4,0.141,0.225,9,51,19,0.236,0.371,0.191,0.287,-0.095,-0.146,-0.096,5.5,54.4,90.4,36.3,6.9,38.5,99.502539885,93.92032431,62.3,30.9,89.0,48.7,23.4,46.2,30.7,34.6,31.3,29.1,CIN,51,663647,872,5.8,0.077,0.0,0.091,0.077,0.068,0.14,0.145,1,13,88.0,19.0,2308,90.3,90.31,6,30,21,0.0,6.42,118,151,124,149,308,321,294,2.414,-2.414,69.0,6.7,1.534720188,13,11,1,0,0,0,2,15.4,0,0.0,2.33,0.53,0.37,-0.37,89.9,165.0,18.181818181818183,0.0,0.0,5.63,1.88,0.03,2.24,0.077,0.0,-4.733333333,0.145,0.186,4.733333333,-0.068,-0.0679999999999999,-0.109,-0.072,20.0,35.0,4.639664677836151,2.314754279260677,27.457846748067503,0.4666666666666667,35.22160041849994,35.184456127355624,CIN
Joey Ortiz,687401,2026,27,371,415,100,9,19.8,8.4,0.27,0.402,47,149,49,0.243,0.346,0.321,0.297,0.027,0.056,0.024,33.3,36.4,89.2,29.2,4.0,37.6,99.747955517,94.078216747,57.5,32.8,90.7,48.8,19.9,44.8,32.9,50.3,20.1,23.2,MIL,57,687401,1607,3.5,0.231,0.154,0.273,0.385,0.291,0.258,0.224,3,13,90.6,19.1,2237,89.9,89.86,4,27,30,0.0,6.31,103,149,108,146,308,322,285,0.437,-0.437,71.2,7.3,2.950766802,14,11,2,0,1,0,2,14.3,1,7.1,2.09,0.77,0.43,-0.43,91.6,157.0,36.36363636363637,0.0,0.0,6.01,2.07,-0.02,2.4,0.286,0.0,-0.766666667,0.279,0.297,0.766666667,0.007,0.0069999999999999,0.088,0.033,14.8,38.8,3.7338837006617336,-3.124072582884221,30.52317324863586,0.4814814814814814,32.49817260687949,27.555540199800117,MIL
Lars Nootbaar,663457,2026,28,285,334,68,8,21.0,13.8,0.239,0.379,33,108,39,0.247,0.437,0.32,0.343,-0.008,-0.058,-0.023,34.6,52.9,92.0,34.9,10.1,49.5,101.741653981,95.613341163,53.7,20.7,87.3,50.6,19.1,37.4,39.9,46.8,28.4,21.6,ARI,27,663457,1398,1.9,0.0,0.0,0.0,0.0,0.279,0.373,0.168,0,3,92.5,5.0,2515,87.7,87.18,1,7,20,-0.5,6.11,113,148,125,154,293,330,304,0.146,-0.146,70.9,6.7,8.150502048,5,1,0,0,0,0,2,40.0,2,40.0,2.44,0.58,0.02,0.02,90.1,173.0,0.0,0.0,0.0,5.67,1.99,-0.27,1.9,0.4,0.0,-0.540740741,0.501,0.191,0.540740741,-0.168,-0.1009999999999999,-0.191,-0.094,14.3,38.5,9.13575861872614,-1.7929861465480863,28.35072784895592,0.2857142857142857,38.0526013168008,31.18430815673696,ARI
Mark Vientos,668901,2026,26,274,295,58,13,24.1,5.1,0.212,0.394,41,108,28,0.231,0.433,0.283,0.304,-0.019,-0.039,-0.021,34.5,62.0,89.8,31.1,9.7,43.7,100.784554369,94.654892913,74.4,35.2,79.7,47.8,31.1,53.9,37.4,43.7,29.6,17.5,NYM,85,668901,1068,8.0,0.059,0.059,0.083,0.118,0.16,0.229,0.156,1,17,89.6,1.2,2168,88.6,88.76,12,44,41,0.2000000000000028,6.49,107,151,123,146,305,331,292,2.562,-2.562,73.6,7.7,3.923181706,21,12,0,1,0,0,6,28.6,3,14.3,2.46,0.49,0.51,-0.51,91.1,153.0,33.33333333333333,0.0,0.0,6.17,1.86,-0.02,2.17,0.19,0.0,-3.014117647,0.27,0.211,3.014117647,-0.097,-0.08,-0.093,-0.069,27.3,43.0,11.75858329148457,-1.2375616296962986,30.679067110475547,0.7045454545454546,38.08024516010427,29.818724211952222,NYM
Cal Raleigh,663728,2026,29,451,530,82,23,30.9,13.6,0.182,0.368,69,166,49,0.191,0.396,0.297,0.312,-0.009,-0.028,-0.015,51.4,46.0,90.1,33.3,14.1,40.0,100.527092466,94.597682955,69.9,35.8,77.4,42.6,31.7,50.4,51.5,26.5,43.3,17.5,SEA,137,663728,2284,6.0,0.28,0.28,0.333,0.56,0.4,0.412,0.28,7,25,95.2,22.1,2089,86.7,86.97,22,62,75,0.2999999999999971,6.45,105,150,121,144,305,330,297,-2.337,2.337,70.5,7.8,4.41861317,32,17,4,1,0,2,9,28.1,6,18.8,2.49,0.6,0.49,-0.49,94.1,180.0,64.70588235294117,17.647058823529413,9.375,5.68,2.31,0.06,2.33,0.406,3.0,1.705839416,0.391,0.604,-1.705839416,0.0,0.015,-0.044,-0.012,35.5,39.3,15.04695352279404,-5.902118813748058,34.16385101851411,0.4590163934426229,33.64825321012828,35.36096731003902,SEA
Gabriel Arias,672356,2026,26,140,149,34,5,40.3,5.4,0.243,0.371,14,52,14,0.22,0.371,0.284,0.272,0.023,0.0,0.012,45.1,46.8,89.3,35.8,9.9,42.0,102.05587575,95.327717375,69.4,38.6,68.2,45.6,45.3,52.7,33.3,55.6,18.5,21.0,CHC,11,672356,570,1.9,0.0,0.0,0.0,0.0,0.0,0.038,0.065,0,1,80.3,6.5,1810,86.6,86.63,1,7,4,0.0,6.34,97,122,106,119,304,326,290,0.517,-0.517,77.4,7.8,0.1,2,2,0,0,0,0,0,0.0,0,0.0,1.97,1.1,1.04,-1.04,89.4,159.0,0.0,0.0,0.0,5.81,0.95,0.23,1.7,0.0,0.0,-4.7,0.038,0.072,4.7,-0.065,-0.038,-0.072,-0.038,14.3,48.1,10.099359536800607,0.6858296569611002,35.453796553419885,0.8571428571428571,43.69611530980314,34.29134453541814,CHC
Jared Serna,691858,2026,24,28,32,6,0,25.0,9.4,0.214,0.321,4,9,3,0.17,0.224,0.267,0.23,0.044,0.097,0.037,12.3,78.9,87.8,28.6,4.8,38.1,97.341674545,92.893258095,74.1,31.1,83.7,48.7,25.8,52.1,33.3,42.9,19.0,23.8,MIA,39,691858,119,32.8,0.0,0.0,0.0,0.0,0.0,0.044,0.041,0,11,86.6,24.8,2063,88.3,88.15,8,24,15,-0.0999999999999943,6.3,112,153,109,149,305,313,289,2.948,-2.948,71.6,7.3,1.607970798,11,6,0,0,0,0,5,45.5,0,0.0,2.08,0.89,0.75,-0.75,89.2,115.0,16.666666666666664,0.0,0.0,5.76,2.08,0.18,2.43,0.0,0.0,-7.558974359,0.041,0.066,7.558974359,-0.041,-0.041,-0.066,-0.044,33.3,38.3,11.394792000460242,2.852210826627274,21.219177440748545,0.8333333333333334,37.932513504152446,29.99820010572828,MIA
Drew Romo,691011,2026,24,180,206,26,7,22.8,9.7,0.144,0.294,16,53,17,0.188,0.294,0.243,0.262,-0.044,0.0,-0.019,5.1,49.1,84.4,26.5,5.9,26.5,95.617195606,91.855851364,72.2,34.4,82.6,44.4,30.2,51.2,39.0,40.4,29.4,17.6,TBD,8,691011,737,1.1,0.333,0.333,0.333,0.667,0.42,0.226,0.187,1,3,88.5,20.7,2197,88.9,89.23,1,4,4,0.4000000000000057,6.5,115,150,117,145,293,315,289,-0.119,0.119,69.7,6.6,3.237078768,3,3,0,1,0,0,0,0.0,0,0.0,2.33,0.57,0.34,-0.34,94.5,173.0,33.33333333333333,0.0,0.0,5.66,2.48,0.12,2.23,0.333,0.0,1.4875,0.187,0.355,-1.4875,0.146,0.146,0.312,0.194,25.0,25.7,6.801312605040562,-0.0454983692354744,31.299628949725594,0.75,33.59512726261856,29.81951937702717,TBD
Brenton Doyle,686668,2026,28,210,223,49,6,32.7,5.4,0.233,0.362,16,76,35,0.203,0.307,0.28,0.245,0.03,0.055,0.035,20.1,58.4,89.1,26.8,6.7,35.5,99.562287273,93.941207348,74.0,34.9,82.2,50.1,32.5,54.5,37.0,50.7,25.4,21.0,CWS,77,686668,775,9.9,0.4,0.55,0.455,0.95,0.565,0.341,0.26,8,20,98.9,13.4,2254,88.3,88.4,12,45,32,0.1000000000000085,6.34,108,153,120,148,302,322,288,-4.467,4.467,73.6,7.4,2.533089397,20,14,4,0,1,3,6,30.0,0,0.0,2.53,0.44,0.32,-0.32,93.4,153.0,64.28571428571429,7.142857142857142,5.0,5.81,1.79,0.05,2.28,0.4,1.0,5.801298701,0.26,0.552,-5.801298701,0.14,0.14,0.398,0.224,26.7,38.9,15.804035996415722,0.5442315664766928,31.53094310246497,0.4888888888888889,37.21051769930452,28.64404474158509,CWS
Thomas Saggese,695336,2026,24,162,180,38,4,27.2,7.2,0.235,0.352,14,57,25,0.238,0.399,0.286,0.309,-0.003,-0.047,-0.023,22.6,41.3,90.7,37.1,9.6,43.1,100.738247931,94.993078261,68.1,35.4,79.0,48.0,28.0,51.1,29.3,42.2,28.4,26.7,STL,60,695336,712,8.4,0.071,0.0,0.167,0.071,0.106,0.198,0.129,1,14,92.6,26.8,2409,90.0,90.03,11,27,33,0.0,6.36,111,153,113,148,309,321,292,2.859,-2.859,71.0,7.0,1.284256871,15,6,1,0,0,0,8,53.3,1,6.7,2.35,0.52,0.21,-0.21,90.4,205.0,33.33333333333333,16.666666666666664,6.666666666666667,5.6,2.09,0.01,2.29,0.133,1.0,-4.765,0.187,0.257,4.765,-0.058,-0.0539999999999999,-0.186,-0.092,40.7,38.9,8.153242319144475,5.2110768112944665,36.86713888450455,0.5185185185185185,36.17139931805981,25.9424034274798,STL
Jackson Holliday,702616,2026,22,315,354,72,7,23.7,9.6,0.229,0.34,30,107,45,0.236,0.352,0.284,0.293,-0.007,-0.012,-0.009,6.2,53.6,87.0,36.4,6.4,33.1,97.252535641,92.656907564,64.3,26.8,81.8,48.5,26.9,45.0,33.9,44.1,24.2,25.4,BAL,14,702616,1348,1.0,0.0,0.0,0.0,0.0,0.0,0.059,0.063,0,3,82.6,24.5,2310,87.0,86.46,3,7,7,-0.5,6.06,121,150,112,154,285,321,294,0.781,-0.781,65.0,7.2,5.940170808,3,2,0,0,0,0,1,33.3,0,0.0,2.76,0.32,0.02,0.02,88.3,173.0,0.0,0.0,0.0,5.88,2.45,-0.32,2.29,0.0,0.0,-5.578571429,0.063,0.073,5.578571429,-0.063,-0.063,-0.073,-0.059,42.9,30.1,12.466120005228632,-6.421681985340513,28.71101684354884,0.4285714285714285,36.208779546572366,33.87238560851806,BAL
Nick Sogard,686765,2026,28,239,277,61,5,20.2,11.2,0.255,0.385,19,92,29,0.251,0.355,0.325,0.311,0.004,0.03,0.014,4.7,50.8,86.8,38.1,4.8,28.6,96.712474831,92.356740899,56.7,24.5,87.9,47.9,20.4,39.9,43.9,39.2,22.8,28.0,BOS,105,686765,1127,9.3,0.259,0.037,0.333,0.296,0.261,0.295,0.279,7,27,90.0,19.0,2165,86.9,87.16,10,53,52,0.2999999999999971,6.55,101,153,115,148,286,317,288,1.843,-1.843,68.4,6.9,1.566611354,28,21,6,1,0,0,6,21.4,1,3.6,2.44,0.62,0.26,-0.26,91.2,173.0,28.57142857142857,4.761904761904762,3.571428571428571,5.85,1.67,0.0,2.23,0.286,1.0,-1.755238095,0.305,0.367,1.755238095,-0.02,-0.019,-0.071,-0.034,18.9,43.4,8.441357973146314,2.633257845574377,26.83954056498969,0.5490196078431373,37.38143451112552,34.66109174761259,BOS
Connor Norby,681393,2026,26,329,383,80,7,28.2,10.4,0.243,0.377,34,124,36,0.22,0.367,0.323,0.31,0.023,0.01,0.013,9.7,42.1,87.4,35.3,7.6,36.2,97.877602857,93.052188969,75.4,28.1,80.9,47.7,29.0,50.6,41.1,36.6,37.1,20.5,COL,91,681393,1474,6.2,0.478,0.174,0.55,0.652,0.505,0.395,0.297,11,23,90.2,15.4,2184,88.8,89.19,6,49,42,0.4000000000000057,6.37,106,151,118,147,303,330,292,-4.768,4.768,70.5,7.1,5.734089314,28,20,7,4,0,0,4,14.3,2,7.1,2.5,0.41,0.35,-0.35,91.9,189.0,55.00000000000001,10.0,7.142857142857142,5.73,1.85,-0.15,2.17,0.536,2.0,5.23956044,0.387,0.546,-5.23956044,0.181,0.149,0.106,0.11,12.2,37.4,14.759622786874257,1.969324539955427,37.47171632999399,0.5,32.25921131217061,32.23577835914666,COL
Cedric Mullins,656775,2026,31,439,502,90,15,19.3,8.6,0.205,0.344,48,151,56,0.192,0.311,0.281,0.264,0.013,0.033,0.017,9.3,63.7,88.1,24.4,4.3,33.1,97.797109518,93.028805106,71.7,31.2,83.2,45.9,22.1,49.8,45.7,33.2,31.8,18.5,TB,44,656775,1968,2.2,0.25,0.0,0.333,0.25,0.275,0.267,0.22,2,8,94.1,3.8,2195,88.6,88.66,5,21,23,0.1000000000000085,6.42,110,141,98,151,286,323,294,0.461,-0.461,65.9,7.4,3.689114523,9,6,2,0,0,0,2,22.2,1,11.1,2.37,0.58,0.13,0.13,92.1,156.0,50.0,0.0,0.0,5.72,1.89,-0.48,2.16,0.333,0.0,-1.047727273,0.306,0.276,1.047727273,0.03,0.027,-0.026,0.008,23.8,37.9,10.53493951215238,-4.053683780207165,29.39345536469655,0.5,35.5834991317052,28.87878539592808,TB
Cooper Pratt,806198,2026,21,228,266,64,3,18.0,9.8,0.281,0.368,34,84,33,0.266,0.362,0.32,0.315,0.015,0.006,0.005,8.5,39.8,87.0,41.1,3.2,27.4,96.569258681,92.330532155,63.1,29.8,86.9,49.9,21.8,46.4,33.2,47.9,21.1,28.9,MIL,42,806198,1041,4.0,0.3,0.0,0.375,0.3,0.306,0.34,0.305,3,10,88.3,6.1,2291,89.7,89.86,5,20,22,0.2000000000000028,6.47,107,152,104,146,307,322,281,0.404,-0.404,68.5,6.7,1.561014282,11,8,3,0,0,0,2,18.2,1,9.1,2.06,0.82,0.41,-0.41,91.1,144.0,37.5,0.0,0.0,5.79,1.82,0.17,2.72,0.364,0.0,-0.961904762,0.368,0.4,0.961904762,-0.005,-0.004,-0.1,-0.034,25.0,35.7,5.705469605157277,0.736513252282075,35.6622914977723,0.25,30.942048931136352,30.642799231198254,MIL
Freddy Fermin,666023,2026,31,232,265,47,4,21.1,7.9,0.203,0.315,24,73,22,0.211,0.315,0.265,0.27,-0.008,0.0,-0.005,6.2,53.9,87.5,35.0,3.8,29.0,96.85415191,92.569154068,71.7,34.0,85.2,47.3,26.6,51.8,39.3,39.3,27.3,25.1,SD,4,666023,1018,0.4,0.5,0.5,0.5,1.0,0.631,0.3,0.314,1,2,88.5,45.5,1972,90.4,90.83,0,2,2,0.3999999999999915,6.55,106,151,118,149,293,325,287,-0.471,0.471,72.4,8.1,,2,2,0,1,0,0,0,0.0,0,0.0,1.88,0.93,0.72,-0.72,91.2,83.0,0.0,0.0,0.0,5.05,2.59,0.09,1.84,0.5,0.0,11.775,0.314,0.37,-11.775,0.186,0.186,0.63,0.331,0.0,26.1,19.884637305675557,-12.043284506470034,38.59162864101303,0.5,32.78626484950348,34.54808448536362,SD
Mickey Gasper,681508,2026,30,191,225,48,10,17.3,12.0,0.251,0.466,24,89,26,0.249,0.444,0.361,0.353,0.002,0.022,0.008,14.2,58.4,88.9,31.8,10.4,37.7,99.00274974,93.70203817,57.8,21.0,93.6,47.4,18.1,38.5,44.2,42.2,31.2,20.1,BOS,19,681508,860,2.2,0.0,0.0,0.0,0.0,0.233,0.234,0.002,0,2,81.9,72.0,2005,82.9,83.64,2,8,11,0.6999999999999886,6.93,101,154,128,147,283,307,281,0.114,-0.114,73.8,7.0,1.884229824,3,1,0,0,0,0,1,33.3,1,33.3,3.3,0.06,0.34,-0.34,88.7,45.0,0.0,0.0,0.0,6.04,1.16,-0.09,1.93,0.333,0.0,-0.6,0.334,0.002,0.6,-0.002,-0.001,-0.002,-0.001,25.0,48.6,10.144424149446891,-17.755742579414086,22.09446096180486,0.875,37.86814792682628,40.05943570863402,BOS
Brandon Nimmo,607043,2026,33,593,655,154,14,22.7,7.8,0.26,0.405,62,240,65,0.267,0.441,0.32,0.338,-0.007,-0.036,-0.018,28.5,52.2,92.1,34.2,8.9,50.4,101.759062902,95.658360626,72.5,29.0,82.8,51.2,23.9,51.2,32.8,42.0,26.6,27.9,TEX,81,607043,2568,3.2,0.3,0.05,0.462,0.35,0.323,0.255,0.221,6,20,88.6,10.5,2269,89.7,89.69,19,43,38,0.0,6.39,112,146,121,150,296,329,300,0.014,-0.014,69.9,7.0,2.055192668,22,13,5,1,0,0,7,31.8,2,9.1,2.21,0.67,0.48,0.48,91.5,150.0,30.76923076923077,0.0,0.0,5.7,2.15,-0.37,2.07,0.364,0.0,-0.017283951,0.292,0.267,0.017283951,0.079,0.072,0.083,0.068,44.2,35.3,7.78845290357358,4.445768824553166,28.69177119338849,0.6410256410256411,40.083571354820045,29.668200819093077,TEX
Alec Bohm,664761,2026,29,567,629,141,15,14.0,7.6,0.249,0.383,88,217,58,0.265,0.412,0.309,0.327,-0.016,-0.029,-0.018,14.0,45.7,90.6,33.7,6.0,43.8,100.305319174,94.542656273,66.3,26.0,88.7,49.5,16.6,46.0,28.7,47.3,23.1,24.8,PHI,82,664761,2316,3.5,0.381,0.095,0.4,0.476,0.403,0.488,0.437,8,21,93.5,12.1,2165,88.8,89.24,3,33,49,0.4000000000000057,6.56,113,153,127,149,312,325,296,-2.458,2.458,71.2,7.2,5.598488364,23,20,6,2,0,0,1,4.3,2,8.7,2.23,0.7,0.64,-0.64,94.6,195.0,55.00000000000001,10.0,8.695652173913043,5.77,2.25,0.08,2.29,0.435,2.0,2.997560976,0.486,0.652,-2.997560976,-0.056,-0.0509999999999999,-0.176,-0.085,9.1,39.7,8.592032278867766,3.2836490778960954,28.687507043124512,0.5,40.16326548855532,28.92968549545849,PHI
Harry Ford,695670,2026,23,100,118,19,3,23.7,14.4,0.19,0.35,10,35,17,0.192,0.332,0.302,0.296,-0.002,0.018,0.006,4.6,51.5,84.9,31.9,9.7,34.7,98.298077222,93.261197083,66.4,18.7,80.0,48.9,25.5,42.0,36.1,50.0,30.6,13.9,WSH,71,695670,525,13.5,0.273,0.091,0.375,0.364,0.389,0.406,0.301,3,11,94.9,14.6,2130,88.2,88.67,6,27,44,0.5,6.55,112,153,124,147,308,320,287,-0.911,0.911,67.3,6.7,3.779692358,15,8,2,1,0,0,3,20.0,4,26.7,2.73,0.25,0.52,-0.52,92.0,145.0,50.0,0.0,0.0,5.53,1.86,-0.02,2.08,0.467,0.0,1.283098592,0.487,0.389,-1.283098592,-0.028,-0.0199999999999999,-0.025,-0.017,22.2,32.3,16.333153695606562,-0.9438215074989174,36.54059051631995,0.5925925925925926,33.44433434312787,38.78428578717269,WSH
Brock Rodden,801126,2026,26,61,72,12,0,33.3,13.9,0.197,0.279,4,17,8,0.135,0.227,0.271,0.233,0.062,0.052,0.038,1.7,36.4,88.0,36.8,5.3,36.8,97.780007895,93.176905,65.1,31.9,72.0,44.1,39.8,46.5,52.6,28.9,47.4,21.1,SEA,6,801126,286,2.1,,,,,0.698,0.698,,0,0,,,1690,71.5,69.8,1,2,4,-1.7000000000000028,4.98,114,150,118,144,305,327,311,-0.421,0.421,67.1,8.3,1.121051952,1,0,0,0,0,0,0,0.0,1,100.0,3.12,1.36,0.73,-0.73,88.0,125.0,,,,5.63,2.81,0.67,2.49,1.0,,7.016666667,1.0,,-7.016666667,,0.0,,0.0,50.0,33.4,21.260970831972067,-29.94719331183748,29.72383052478727,0.5,36.346097957022295,50.649533689317096,SEA
Luis García Jr.,671277,2026,26,516,543,143,30,17.9,4.6,0.277,0.521,92,269,69,0.276,0.486,0.355,0.341,0.001,0.035,0.014,45.4,63.8,91.4,33.0,12.2,46.1,102.267913349,95.535729017,70.2,38.4,87.6,44.7,20.8,52.6,41.8,43.7,23.5,25.4,NYY,17,671277,1985,0.9,0.25,0.0,0.5,0.25,0.318,0.202,0.086,1,4,88.8,-27.0,2250,91.7,91.78,3,7,10,0.2000000000000028,6.48,108,144,120,149,287,324,295,-0.023,0.023,69.0,7.2,9.84453288,5,2,1,0,0,0,2,40.0,1,20.0,2.3,0.45,0.25,0.25,92.5,44.0,50.0,0.0,0.0,5.74,2.37,-0.52,2.27,0.4,0.0,0.135294118,0.269,0.086,-0.135294118,0.164,0.131,0.164,0.116,42.9,31.6,11.406183496760695,-0.0218866348219988,23.867107466626575,0.4285714285714285,39.31712111391898,32.80995733094896,NYY
Ryan O'Hearn,656811,2026,32,407,451,108,18,22.0,7.8,0.265,0.44,76,179,58,0.247,0.396,0.336,0.314,0.018,0.044,0.022,8.7,45.6,89.1,33.8,6.8,42.1,99.097516731,93.913570965,63.7,31.5,86.6,47.8,22.5,46.9,40.2,42.4,28.3,23.8,PIT,74,656811,1738,4.3,0.176,0.118,0.25,0.294,0.253,0.286,0.229,3,17,88.7,4.3,2288,88.4,88.53,8,27,47,0.0999999999999943,6.38,114,147,121,152,293,317,295,1.486,-1.486,67.3,6.9,5.430922097,19,12,1,2,0,0,5,26.3,2,10.5,2.54,0.42,0.43,0.43,91.7,156.0,33.33333333333333,0.0,0.0,5.47,1.84,-0.18,2.18,0.263,0.0,-2.008108108,0.31,0.317,2.008108108,-0.053,-0.0469999999999999,-0.023,-0.033,29.6,33.2,9.043678172616447,3.03996032011042,32.36077229643304,0.4230769230769231,39.48177548630348,27.00975092528487,PIT
Troy Johnston,687859,2026,29,397,449,110,4,18.5,8.2,0.277,0.393,50,156,41,0.276,0.375,0.329,0.323,0.001,0.018,0.006,5.4,44.2,89.7,39.7,2.2,36.9,98.35935121,93.374621342,70.6,36.2,85.7,47.4,24.7,52.5,38.1,40.6,23.8,32.2,COL,41,687859,1637,2.5,0.167,0.083,0.25,0.25,0.179,0.236,0.244,2,12,90.6,21.4,2354,89.0,88.7,9,23,18,-0.2999999999999971,5.96,111,146,105,152,291,322,307,1.682,-1.682,70.6,6.7,4.516411681,12,8,1,1,0,0,4,33.3,0,0.0,2.63,0.28,0.35,0.35,91.2,172.0,37.5,0.0,0.0,5.87,2.26,-0.11,2.42,0.167,0.0,-4.102439024,0.244,0.293,4.102439024,-0.077,-0.0769999999999999,-0.043,-0.057,39.1,39.3,11.630309903050051,-4.45121560889484,33.171937641788965,0.5,33.86814013999221,33.96507878804943,COL
Enrique Hernández,571771,2026,34,90,96,20,4,29.2,6.3,0.222,0.4,12,36,12,0.22,0.367,0.293,0.279,0.002,0.033,0.014,15.1,52.2,89.0,27.4,8.1,40.3,99.942196452,94.153412419,73.1,33.1,87.7,48.8,25.0,52.6,27.4,43.5,22.6,25.8,LAD,50,571771,342,14.6,0.167,0.083,0.25,0.25,0.219,0.233,0.197,2,12,87.7,12.9,2035,88.5,88.61,5,26,24,0.0999999999999943,6.38,112,153,119,148,300,321,290,0.831,-0.831,70.9,7.8,1.02690595,13,8,1,1,0,0,4,30.8,1,7.7,2.3,0.63,0.78,-0.78,90.2,158.0,12.5,0.0,0.0,5.47,2.83,0.21,2.15,0.231,0.0,-1.662,0.259,0.252,1.662,-0.03,-0.0279999999999999,-0.002,-0.014,19.2,32.5,10.356180251608707,-1.6448024833918735,30.11993585625237,0.5833333333333334,43.4874506684071,31.597220206996973,LAD
Isiah Kiner-Falefa,643396,2026,31,161,183,39,2,14.8,10.4,0.242,0.311,16,50,23,0.256,0.319,0.29,0.297,-0.014,-0.008,-0.007,3.7,40.2,82.5,32.8,2.2,25.5,94.66774,91.634413462,66.2,31.8,91.2,46.5,17.7,47.8,39.4,50.4,16.1,23.4,BOS,53,643396,663,8.0,0.1,0.0,0.167,0.1,0.191,0.284,0.219,1,10,81.0,-6.0,2156,89.6,90.06,5,24,29,0.5,6.66,104,149,115,145,282,313,284,1.054,-1.054,65.0,6.6,1.673384441,12,6,1,0,0,0,4,33.3,2,16.7,1.98,0.9,0.58,-0.58,88.4,133.0,16.666666666666664,0.0,0.0,5.74,1.45,0.01,2.29,0.25,0.0,-1.988679245,0.349,0.243,1.988679245,-0.119,-0.0989999999999999,-0.143,-0.093,20.8,41.3,3.15441596184732,3.463093245883589,31.247257626630525,0.3333333333333333,34.66512191647822,26.82936652151937,BOS
Tyrone Taylor,621438,2026,32,219,241,61,11,17.0,5.8,0.279,0.502,38,110,36,0.245,0.416,0.355,0.309,0.034,0.086,0.046,16.0,57.5,86.8,33.7,8.7,34.2,98.054869667,93.068828659,63.8,34.7,88.1,48.5,20.6,48.8,53.3,36.4,33.7,21.2,CHC,43,621438,895,4.8,0.231,0.077,0.231,0.308,0.267,0.277,0.222,3,13,88.1,19.4,2010,86.5,86.55,4,22,21,0.0999999999999943,6.35,102,152,122,145,296,326,295,0.778,-0.778,72.8,7.8,3.940317066,14,13,2,1,0,0,0,0.0,1,7.1,2.49,0.59,0.73,-0.73,93.3,200.0,38.46153846153847,0.0,0.0,5.66,2.16,0.16,2.01,0.286,0.0,-1.809302326,0.277,0.35,1.809302326,0.009,0.0089999999999999,-0.042,-0.01,18.2,35.8,14.117453929343004,-10.51368408322717,35.164160980907376,0.55,38.458066084219055,33.160242521650936,CHC
Heliot Ramos,671218,2026,26,404,442,99,13,27.4,7.0,0.245,0.411,46,166,48,0.256,0.446,0.312,0.329,-0.011,-0.035,-0.017,29.0,50.8,92.2,34.4,13.8,48.4,103.254738156,96.13377,69.2,33.1,82.6,47.9,29.3,50.4,34.0,50.5,23.9,23.2,NYY,63,671218,1746,3.6,0.385,0.231,0.556,0.615,0.476,0.433,0.303,5,13,98.5,11.4,2229,91.1,91.17,7,25,38,0.1000000000000085,6.42,109,152,123,147,306,326,287,-1.7,1.7,72.2,6.7,1.759451328,16,9,3,1,1,0,4,25.0,3,18.8,1.95,0.83,0.52,-0.52,94.1,163.0,55.55555555555556,11.11111111111111,6.25,5.8,2.11,0.13,2.69,0.5,1.0,2.698412698,0.434,0.569,-2.698412698,0.082,0.066,0.046,0.043,28.0,38.1,5.251724128598435,9.417353587128542,32.64591118591098,0.64,36.72506166020504,26.02383844966651,NYY
Braxton Fulford,690924,2026,27,74,85,13,1,40.0,9.4,0.176,0.27,7,20,12,0.138,0.226,0.242,0.209,0.038,0.044,0.033,24.6,52.7,87.6,23.8,7.1,35.7,98.356051429,93.304319024,66.7,28.6,78.4,43.5,35.2,45.2,28.6,33.3,40.5,14.3,COL,17,690924,352,4.8,0.0,0.0,0.0,0.0,0.233,0.234,0.002,0,2,95.2,48.0,2284,90.3,90.68,1,5,12,0.4000000000000057,6.09,124,154,122,148,305,334,300,0.332,-0.332,76.2,6.5,0.394188156,3,1,0,0,0,0,1,33.3,1,33.3,1.94,0.82,0.57,-0.57,90.4,245.0,100.0,0.0,0.0,5.85,2.6,0.61,2.83,0.333,0.0,-1.952941176,0.334,0.004,1.952941176,-0.002,-0.001,-0.004,-0.001,20.0,40.9,6.792864286509292,-0.0357735088653443,34.33687426657679,0.6,34.670996889505226,30.941159624885373,COL
Esmerlyn Valdez,699013,2026,22,241,287,56,17,37.6,14.6,0.232,0.51,47,123,40,0.2,0.44,0.368,0.332,0.032,0.07,0.036,50.9,51.8,91.9,34.6,19.9,49.3,102.626347206,95.946204412,64.8,21.0,67.4,46.3,40.2,41.3,37.5,34.6,39.7,19.9,PIT,19,699013,1267,1.5,0.0,0.0,0.0,0.0,0.0,0.132,0.145,0,3,91.2,5.0,1762,83.2,83.02,3,8,11,-0.2000000000000028,6.07,113,153,123,150,305,321,298,0.793,-0.793,74.1,8.2,4.465126664,3,1,0,0,0,0,2,66.7,0,0.0,2.99,0.34,0.53,-0.53,88.6,109.0,0.0,0.0,0.0,5.47,1.29,-0.2,2.11,0.0,0.0,-4.173684211,0.145,0.159,4.173684211,-0.145,-0.145,-0.159,-0.132,37.5,37.1,22.321352063711988,-13.609042136958092,41.70144350986099,0.375,36.87209538345249,37.30316622244692,PIT
Shohei Ohtani,660271,2026,31,523,618,144,30,24.6,13.1,0.275,0.512,81,268,89,0.286,0.552,0.377,0.397,-0.011,-0.04,-0.02,49.0,49.5,93.3,38.0,16.4,52.1,103.764505323,96.745585269,66.0,30.0,77.2,45.9,31.7,46.6,47.9,42.8,30.3,23.7,LAD,23,660271,2418,1.0,0.4,0.0,0.667,0.4,0.413,0.257,0.158,2,5,95.2,31.5,2235,89.5,89.39,4,9,14,-0.0999999999999943,6.21,122,147,142,154,297,332,315,-0.371,0.371,71.8,7.1,1.104495633,6,3,2,0,0,0,2,33.3,1,16.7,2.2,0.68,0.44,0.44,92.8,183.0,50.0,0.0,0.0,5.66,2.7,-0.08,2.6,0.5,0.0,1.613043478,0.326,0.179,-1.613043478,0.242,0.174,0.221,0.156,44.4,37.7,3.844238623157473,17.75952876357937,36.91455576234792,0.0,36.65857717962312,18.016811799557107,LAD
Adley Rutschman,668939,2026,28,364,410,88,13,16.6,9.5,0.242,0.426,60,155,44,0.254,0.412,0.323,0.327,-0.012,0.014,-0.004,11.9,45.1,88.9,39.5,7.0,38.5,99.111210667,93.73713699,57.0,25.7,89.5,46.9,16.3,40.4,37.9,39.9,30.6,24.9,BOS,88,668939,1700,5.2,0.217,0.217,0.222,0.435,0.294,0.25,0.203,5,23,88.3,22.2,2147,87.7,87.89,4,41,47,0.2000000000000028,6.54,105,154,126,147,288,317,288,0.421,-0.421,68.3,7.2,7.573546256,24,19,2,2,0,1,4,16.7,1,4.2,2.38,0.64,0.31,-0.31,90.6,189.0,26.31578947368421,5.263157894736842,4.166666666666666,5.77,1.61,0.03,2.18,0.25,1.0,-0.478409091,0.236,0.341,0.478409091,0.014,0.014,0.094,0.044,9.8,43.6,7.975258023011949,-7.61948757154002,34.42758557333394,0.475,34.548282386374446,30.89159675838256,BOS
Andrew Vaughn,683734,2026,28,288,331,88,6,16.0,10.6,0.306,0.444,43,128,33,0.264,0.38,0.368,0.329,0.042,0.064,0.039,13.0,50.8,90.1,30.4,5.1,43.5,99.521519328,94.307560675,55.4,23.5,87.7,47.0,19.5,38.3,32.1,45.1,24.1,24.9,MIL,27,683734,1357,2.0,0.286,0.143,0.333,0.429,0.356,0.352,0.286,2,7,94.7,14.2,2234,89.4,89.72,2,10,17,0.2999999999999971,6.61,103,150,121,146,307,325,287,-0.176,0.176,70.4,6.8,0.287172788,8,6,1,1,0,0,1,12.5,1,12.5,2.23,0.69,0.48,-0.48,95.0,131.0,66.66666666666666,0.0,0.0,5.74,1.93,0.06,2.54,0.375,0.0,0.651851852,0.375,0.42,-0.651851852,0.0,0.0,0.009,0.004,20.0,38.9,6.061769639113413,3.408239956609391,28.420066973635564,0.8,36.7705201672996,26.24852582241248,MIL
Jonathan Aranda,666018,2026,28,580,668,159,22,24.4,10.3,0.274,0.434,92,252,73,0.254,0.438,0.348,0.343,0.02,-0.004,0.005,12.9,52.9,91.1,38.8,9.9,46.0,100.602724528,94.760901038,66.2,29.0,81.8,47.5,22.5,46.7,30.1,37.2,31.3,27.5,TB,81,666018,2683,3.0,0.308,0.154,0.444,0.462,0.4,0.374,0.239,4,13,82.5,9.7,2201,90.9,90.83,7,33,48,-0.1000000000000085,6.42,116,149,125,151,285,323,298,-1.088,1.088,65.6,6.9,2.209372239,16,9,2,2,0,0,4,25.0,3,18.8,2.09,0.71,0.59,0.59,90.6,197.0,44.44444444444444,11.11111111111111,6.25,6.13,2.07,-0.27,2.37,0.438,1.0,1.343209877,0.382,0.47,-1.343209877,0.069,0.0559999999999999,-0.008,0.026,21.2,43.0,5.5957937166673855,12.245649800275174,34.228292734672095,0.4242424242424242,40.38131602058371,23.76069765932091,TB
Grant McCray,687529,2026,25,77,91,11,2,30.8,12.1,0.143,0.273,4,21,14,0.21,0.35,0.236,0.291,-0.067,-0.077,-0.055,16.5,40.6,87.4,25.0,11.5,30.8,99.367162083,93.804508298,62.5,27.3,77.3,44.9,36.1,43.1,34.6,46.2,23.1,21.2,SF,26,687529,394,6.6,0.2,0.2,0.333,0.4,0.252,0.221,0.202,1,5,100.0,13.0,2400,86.6,86.98,5,11,15,0.4000000000000057,6.63,113,149,105,153,284,313,294,0.336,-0.336,72.9,7.2,1.662578563,5,3,0,1,0,0,2,40.0,0,0.0,2.48,0.6,0.04,0.04,102.0,257.0,66.66666666666666,33.33333333333333,20.0,5.25,1.89,-0.26,2.01,0.2,1.0,-1.292307692,0.202,0.313,1.292307692,-0.002,-0.002,0.087,0.031,45.5,38.3,8.899979454270433,-2.0673529402330155,33.806827446307736,0.625,37.0326697006948,31.423624617293164,SF
Yordan Alvarez,670541,2026,29,566,691,179,42,17.2,15.8,0.316,0.602,106,341,105,0.318,0.636,0.429,0.442,-0.002,-0.034,-0.013,61.8,43.5,94.4,40.0,16.0,53.8,104.94496,97.265576156,62.4,29.0,89.2,43.7,19.9,43.6,41.4,30.3,37.6,26.8,HOU,57,670541,2752,2.1,0.167,0.0,0.2,0.167,0.229,0.333,0.236,2,12,94.8,10.7,2195,87.2,87.0,5,23,34,-0.2000000000000028,6.27,110,147,132,153,295,331,305,1.138,-1.138,75.3,7.8,3.687220212,15,10,2,0,0,0,2,13.3,2,13.3,2.44,0.64,0.58,0.58,93.9,136.0,60.0,10.0,6.666666666666667,5.62,2.07,-0.47,2.15,0.333,1.0,-1.996491228,0.345,0.391,1.996491228,-0.069,-0.0119999999999999,-0.224,-0.104,21.7,34.8,9.550680224189422,-8.766352071385255,36.34097601419362,0.5217391304347826,38.78118230844556,40.13361196395453,HOU
Rudy Martin Jr.,657675,2026,30,2,3,0,0,33.3,33.3,0.0,0.0,0,0,0,0.049,0.053,0.233,0.263,-0.049,-0.053,-0.03,0.0,0.0,85.5,0.0,0.0,0.0,85.53802,88.0,33.3,25.0,50.0,60.0,66.7,30.0,0.0,100.0,0.0,0.0,TOR,3,657675,10,30.0,0.0,0.0,,0.0,0.0,0.0,,0,1,,,2278,89.9,89.9,2,2,1,0.0,6.27,101,146,96,148,280,312,295,0.259,-0.259,72.8,7.2,7.650041178,1,0,0,0,0,0,1,100.0,0,0.0,2.46,0.37,0.26,0.26,,,,,,6.02,2.61,-0.6,1.67,0.0,,-8.633333333,,,8.633333333,,,,0.0,100.0,36.5,11.230480838568823,0.1591045133131992,32.34002056894628,0.0,42.29265411549316,34.6683710262768,TOR
Graham Pauley,688363,2026,25,142,154,30,4,24.0,5.2,0.211,0.373,25,53,15,0.194,0.311,0.274,0.243,0.017,0.062,0.031,19.6,54.3,84.4,34.3,6.5,25.9,96.051487358,92.035940755,66.8,30.8,86.3,46.9,22.3,47.7,54.6,40.7,28.7,18.5,MIA,5,688363,630,0.8,0.0,0.0,,0.0,0.0,0.0,,0,1,,,2551,87.0,87.16,1,3,2,0.2000000000000028,6.26,85,131,81,138,287,309,286,0.332,-0.332,48.4,5.3,0.967505184,1,0,0,0,0,0,1,100.0,0,0.0,2.67,0.35,-0.86,-0.86,88.0,54.0,,,,5.98,1.91,-0.42,2.38,0.0,,-6.64,,,6.64,,,,0.0,33.3,48.0,15.573186241397584,2.3546036946218005,28.26581690353505,0.3333333333333333,40.055248272960014,28.590075685018583,MIA
Christian Moore,695681,2026,23,134,147,25,2,32.7,7.5,0.187,0.276,18,37,5,0.194,0.313,0.239,0.254,-0.007,-0.037,-0.015,24.4,42.2,88.4,29.9,9.3,39.1,99.553087209,93.829094186,70.2,31.1,81.9,50.0,31.7,50.7,25.3,47.1,25.3,20.7,LAA,70,695681,598,11.7,0.267,0.067,0.4,0.333,0.313,0.345,0.221,4,15,94.5,15.3,2114,88.2,88.19,10,36,34,0.0,6.32,105,151,119,147,310,323,292,-0.409,0.409,71.5,7.4,2.94364375,17,10,3,1,0,0,5,29.4,2,11.8,2.34,0.64,0.52,-0.52,91.8,156.0,60.0,20.0,11.76470588235294,6.02,1.9,0.05,2.19,0.353,2.0,0.584285714,0.313,0.494,-0.584285714,0.046,0.0399999999999999,-0.161,-0.032,27.8,44.3,7.794580717822148,-1.7821176321384495,32.48781122808664,0.4117647058823529,35.36958728504192,33.1678941834516,LAA
Ceddanne Rafaela,678882,2026,25,541,576,154,16,20.3,3.8,0.285,0.444,70,240,67,0.249,0.362,0.332,0.285,0.036,0.082,0.047,6.9,50.7,86.3,34.5,5.4,31.9,96.938008578,92.469893389,71.6,45.3,84.9,47.2,24.8,57.7,34.3,43.8,25.9,25.2,BOS,19,678882,2106,0.9,0.75,0.0,1.0,0.75,0.674,0.652,0.53,3,4,91.7,13.3,2196,85.6,86.16,1,7,12,0.6000000000000085,6.79,107,154,122,150,293,320,289,-1.4,1.4,67.7,7.6,5.061369276,5,3,3,0,0,0,1,20.0,1,20.0,3.17,-0.01,0.06,-0.06,91.9,129.0,33.33333333333333,33.33333333333333,20.0,5.74,2.21,0.07,2.47,0.8,1.0,7.368421053,0.624,0.95,-7.368421053,0.22,0.176,-0.2,0.022,14.3,41.1,16.81877690657145,-11.924975718186436,32.881718881821435,0.4285714285714285,30.95151230660883,36.960732768501984,BOS
Dylan Beavers,687637,2026,24,324,363,74,9,27.3,9.6,0.228,0.373,44,121,41,0.219,0.369,0.302,0.295,0.009,0.004,0.007,21.3,46.9,87.8,38.3,8.4,38.3,99.418492655,93.865557644,60.5,23.8,83.2,49.7,25.3,42.0,40.1,35.2,32.2,24.7,BAL,56,687637,1507,3.7,0.067,0.0,0.125,0.067,0.059,0.131,0.112,1,15,85.3,8.1,2438,87.9,87.71,11,27,29,-0.2000000000000028,6.32,115,147,108,153,286,319,294,3.306,-3.306,63.2,6.8,3.369096643,15,8,1,0,0,0,7,46.7,0,0.0,2.42,0.61,0.03,0.03,90.3,208.0,25.0,12.5,6.666666666666667,5.48,2.73,-0.23,2.19,0.067,1.0,-5.903571429,0.112,0.195,5.903571429,-0.045,-0.045,-0.128,-0.072,40.7,29.4,5.1694370182747695,1.7856116035797658,39.85058224223092,0.4615384615384615,37.115906270227065,27.549389513854525,BAL
Anthony Volpe,683011,2026,25,220,246,54,2,22.8,10.2,0.245,0.336,28,74,24,0.232,0.334,0.297,0.291,0.013,0.002,0.006,14.0,56.5,87.9,33.3,4.9,37.0,98.213619268,93.220690982,66.5,25.7,83.2,49.4,25.2,45.9,32.7,43.0,23.0,27.3,NYY,40,683011,979,4.1,0.333,0.083,0.4,0.417,0.356,0.282,0.232,4,12,89.5,16.0,2170,88.8,88.97,4,21,19,0.2000000000000028,6.55,104,153,114,147,304,324,286,0.018,-0.018,69.1,6.9,2.073298172,13,10,3,1,0,0,2,15.4,1,7.7,2.17,0.77,0.42,-0.42,91.6,212.0,50.0,0.0,0.0,5.74,1.88,0.01,2.21,0.385,0.0,-0.045,0.291,0.346,0.045,0.101,0.094,0.071,0.074,19.0,39.8,11.241730709713668,2.9688079066898525,37.16577291058484,0.6666666666666666,38.1124648128411,26.144832324891944,NYY
José Barrero,676480,2026,28,6,6,1,0,50.0,0.0,0.167,0.167,0,1,0,0.08,0.1,0.148,0.077,0.087,0.067,0.071,25.0,41.7,90.6,0.0,0.0,0.0,92.598975,91.065983333,66.7,63.6,83.3,45.0,46.2,65.0,100.0,33.3,33.3,0.0,BAL,9,676480,20,45.0,0.0,0.0,,0.0,0.0,0.0,,0,2,,,2289,84.0,84.03,3,6,3,0.0,6.58,101,146,123,148,293,327,287,0.634,-0.634,71.2,7.4,3.011929732,2,0,0,0,0,0,2,100.0,0,0.0,2.69,0.6,0.24,-0.24,88.0,168.0,,,,5.22,2.62,0.63,2.54,0.0,,-7.044444444,,,7.044444444,,,,0.0,50.0,26.6,5.000176642383581,-2.650919534178919,30.44898142018516,0.3333333333333333,43.04774978290594,29.1440656876957,BAL
Brewer Hicklen,676551,2026,30,39,47,10,0,34.0,17.0,0.256,0.385,3,15,9,0.207,0.32,0.348,0.306,0.049,0.065,0.042,28.9,62.8,89.9,30.4,8.7,39.1,99.804775,94.192042174,73.8,27.7,71.2,46.0,43.5,48.9,60.9,43.5,21.7,30.4,ATL,17,676551,174,9.8,0.0,0.0,0.0,0.0,0.14,0.2,0.084,0,4,93.6,38.3,2304,88.7,88.89,2,6,11,0.2000000000000028,6.39,118,154,114,147,317,330,294,-0.039,0.039,73.6,7.7,3.459984042,5,3,0,0,0,0,1,20.0,1,20.0,2.13,0.8,0.39,-0.39,92.2,151.0,33.33333333333333,0.0,0.0,6.15,2.03,0.16,2.05,0.2,0.0,0.229411765,0.267,0.095,-0.229411765,-0.084,-0.067,-0.095,-0.06,33.3,45.3,14.347551120011603,-3.0557262355556576,27.016312729807822,0.5,38.75682514715014,33.691123132163774,ATL
George Lombard Jr.,806146,2026,21,152,166,36,7,26.5,6.0,0.237,0.414,22,63,23,0.24,0.388,0.303,0.298,-0.003,0.026,0.005,26.2,54.8,87.1,33.3,8.2,35.1,99.125989074,93.611228241,66.2,27.2,82.5,50.3,25.6,46.8,36.9,49.5,24.3,20.7,NYY,45,806146,653,6.9,0.273,0.545,0.125,0.818,0.474,0.53,0.372,3,11,90.1,19.0,2232,87.9,87.94,7,26,19,0.0,6.41,101,152,121,145,304,325,285,-1.761,1.761,73.8,7.4,0.926287128,12,10,1,0,0,2,1,8.3,1,8.3,2.27,0.73,0.3,-0.3,94.5,154.0,40.0,20.0,16.666666666666664,5.83,2.07,-0.3,2.47,0.333,2.0,3.913333333,0.424,0.852,-3.913333333,-0.099,-0.0909999999999999,-0.034,-0.056,26.9,40.7,13.103355046490572,-0.1820737952852276,33.784649853123746,0.5769230769230769,36.55729143249227,35.83600842880728,NYY
Brett Harris,695391,2026,28,44,51,6,0,31.4,5.9,0.136,0.182,2,8,3,0.171,0.244,0.207,0.243,-0.035,-0.062,-0.036,5.6,47.2,87.3,37.9,3.4,31.0,96.85209,92.539986071,65.2,22.8,81.7,47.7,27.7,43.0,31.0,51.7,20.7,20.7,SF,80,695391,194,41.2,0.19,0.095,0.25,0.286,0.227,0.253,0.214,4,21,90.3,3.4,2370,90.2,90.5,11,39,41,0.2999999999999971,6.38,105,150,113,145,301,316,286,2.195,-2.195,67.3,7.1,3.577453511,22,16,2,2,0,0,5,22.7,1,4.5,2.19,0.64,0.15,-0.15,93.7,137.0,37.5,6.25,4.545454545454546,6.02,1.86,0.1,2.33,0.227,1.0,-2.74375,0.25,0.325,2.74375,-0.024,-0.0229999999999999,-0.039,-0.026,28.2,44.2,2.9597697864301304,2.670667487964358,28.838467205091817,0.4358974358974359,34.529155838658305,20.401220863346992,SF
Spencer Torkelson,679529,2026,26,526,612,121,26,31.7,11.6,0.23,0.435,77,229,66,0.211,0.392,0.337,0.314,0.019,0.043,0.023,25.5,50.9,89.5,40.8,12.2,42.0,100.004777083,94.454666358,65.0,21.5,79.9,47.8,32.4,42.3,47.9,31.5,36.0,25.3,DET,59,679529,2595,2.3,0.182,0.0,0.5,0.182,0.277,0.294,0.145,2,11,100.8,34.3,2183,88.5,88.85,11,21,38,0.2999999999999971,6.57,103,152,122,144,299,332,299,0.935,-0.935,69.5,7.1,2.512929542,14,4,2,0,0,0,7,50.0,3,21.4,2.4,0.55,0.41,-0.41,94.8,181.0,75.0,25.0,7.142857142857142,5.5,2.39,-0.01,2.07,0.357,1.0,-1.584745763,0.328,0.287,1.584745763,0.037,0.0289999999999999,-0.105,-0.017,52.4,31.7,7.035805462149064,3.38542543434289,38.55514227716263,0.4,35.549986096490635,25.585477966691364,DET
Daylen Lile,695734,2026,23,602,655,148,22,19.4,6.1,0.246,0.429,89,258,81,0.255,0.442,0.312,0.324,-0.009,-0.013,-0.012,12.8,54.9,88.6,37.8,9.6,38.0,99.074034958,93.689429833,76.2,38.5,85.5,45.9,23.6,55.8,40.7,32.4,38.2,23.0,WSH,75,695734,2407,3.1,0.222,0.056,0.267,0.278,0.197,0.255,0.245,4,18,92.5,30.7,2230,87.5,87.99,11,49,26,0.5,6.59,119,142,118,147,286,314,300,2.173,-2.173,70.0,7.3,1.876197271,20,15,3,1,0,0,5,25.0,0,0.0,2.54,0.49,0.2,0.2,92.9,184.0,46.66666666666666,6.666666666666667,5.0,5.27,2.39,-0.2,2.18,0.2,1.0,-2.897333333,0.232,0.363,2.897333333,-0.023,-0.032,-0.085,-0.058,22.4,26.0,10.756395860692676,0.176607997708297,36.84270013723295,0.5957446808510638,35.2415264229467,29.8454991524315,WSH
Tommy Pham,502054,2026,38,30,35,3,1,31.4,14.3,0.1,0.2,3,6,5,0.236,0.354,0.209,0.317,-0.136,-0.154,-0.108,27.5,70.6,93.6,26.3,5.3,52.6,102.714876,96.074524211,60.9,22.9,81.0,49.6,34.5,41.7,63.2,57.9,21.1,15.8,CWS,67,502054,139,48.2,0.154,0.231,0.125,0.385,0.337,0.417,0.28,2,13,94.5,19.7,2113,88.0,87.99,9,25,42,0.0,6.37,106,152,123,146,300,325,288,-0.731,0.731,74.4,7.6,2.435957296,17,9,1,0,0,1,4,23.5,4,23.5,2.58,0.41,0.63,-0.63,93.5,121.0,66.66666666666666,11.11111111111111,5.88235294117647,5.8,2.04,0.02,2.04,0.353,1.0,1.091044776,0.449,0.501,-1.091044776,-0.126,-0.096,-0.116,-0.08,36.0,35.7,16.400059407360462,-7.623052668453365,31.00923690587384,0.68,37.671191967827255,37.05195716840888,CWS
Gleyber Torres,650402,2026,29,358,420,93,8,19.3,13.6,0.26,0.363,38,130,57,0.252,0.368,0.328,0.325,0.008,-0.005,0.003,3.4,53.8,86.2,38.4,6.1,32.3,96.706167857,92.398034014,66.7,18.9,84.2,48.7,22.5,42.2,27.2,45.2,24.7,26.9,DET,79,650402,1785,4.4,0.2,0.0,0.25,0.2,0.327,0.451,0.369,2,10,83.5,24.3,2213,88.8,89.3,7,30,49,0.5,6.59,112,152,120,145,303,332,293,-0.456,0.456,67.4,6.9,1.959650228,14,8,2,0,0,0,2,14.3,4,28.6,2.17,0.75,0.76,-0.76,89.5,202.0,12.5,0.0,0.0,5.37,2.79,0.27,2.49,0.429,0.0,0.57721519,0.549,0.427,-0.57721519,-0.169,-0.12,-0.227,-0.124,23.3,27.4,6.101890971268183,12.557870619659733,36.191651716187536,0.2333333333333333,37.97601764854898,25.335541312211863,DET
Alex Call,669743,2026,31,163,195,38,1,17.9,11.8,0.233,0.307,20,50,25,0.202,0.261,0.305,0.277,0.031,0.046,0.028,3.2,43.6,83.6,27.7,2.3,16.2,92.892612923,90.615784574,61.2,24.3,89.5,49.5,17.2,42.6,36.2,43.8,24.6,19.2,TBD,19,669743,848,2.2,0.0,0.0,0.0,0.0,0.175,0.214,0.031,0,3,90.1,52.5,2348,88.3,88.2,1,7,12,-0.0999999999999943,6.23,109,153,118,150,296,319,288,0.44,-0.44,69.0,7.1,,4,2,0,0,0,0,1,25.0,1,25.0,2.3,0.65,0.17,-0.17,89.8,223.0,50.0,0.0,0.0,5.8,2.35,0.13,2.55,0.25,0.0,-2.315789474,0.273,0.104,2.315789474,-0.031,-0.023,-0.104,-0.039,14.3,43.6,12.93501825886698,-1.1190358159071998,34.7550026838529,0.5714285714285714,36.8321545661217,31.230717496159752,TBD
James Wood,695578,2026,23,513,623,136,30,28.7,16.4,0.265,0.503,77,258,106,0.271,0.548,0.383,0.403,-0.006,-0.045,-0.02,68.8,43.1,95.4,36.7,18.6,58.9,106.450190888,98.576997389,56.8,21.3,81.8,46.0,30.1,37.6,34.0,47.6,24.6,26.0,WSH,95,695578,2642,3.6,0.182,0.045,0.308,0.227,0.222,0.247,0.217,4,22,97.6,-3.6,2275,89.6,90.18,14,37,58,0.6000000000000085,6.63,120,147,131,151,298,325,308,2.07,-2.07,74.0,7.2,2.251087273,24,13,3,1,0,0,9,37.5,2,8.3,2.33,0.55,0.45,0.45,95.2,64.0,61.53846153846154,0.0,0.0,5.37,2.27,-0.16,2.31,0.25,0.0,-2.178947368,0.282,0.253,2.178947368,-0.035,-0.0319999999999999,-0.026,-0.025,37.8,29.9,7.309126588556268,1.1952897922145778,36.99566028574475,0.3513513513513513,37.4954631731504,34.751757636359265,WSH
Zach McKinstry,656716,2026,31,371,423,74,4,16.3,9.9,0.199,0.294,26,109,42,0.23,0.31,0.265,0.284,-0.031,-0.016,-0.019,4.3,40.4,85.8,37.1,2.0,22.5,95.167032583,91.585102086,67.0,28.0,90.6,51.8,17.0,48.2,39.1,40.1,28.0,26.4,DET,11,656716,1622,0.7,0.0,0.0,0.0,0.0,0.0,0.257,0.279,0,3,79.7,7.3,2252,89.9,89.73,0,7,4,-0.2000000000000028,6.33,117,146,108,153,274,312,290,0.804,-0.804,64.6,6.4,,3,3,0,0,0,0,0,0.0,0,0.0,2.54,0.31,0.33,0.33,88.9,147.0,0.0,0.0,0.0,5.76,2.19,-0.31,2.33,0.0,0.0,-7.309090909,0.279,0.297,7.309090909,-0.279,-0.279,-0.297,-0.257,0.0,34.4,5.3491915915746695,4.668295581653356,33.36343137716297,0.5,37.3114619306737,24.674443467487144,DET
Nolan Gorman,669357,2026,26,266,302,49,9,32.5,10.9,0.184,0.308,33,82,26,0.193,0.351,0.26,0.278,-0.009,-0.043,-0.018,32.7,46.6,89.3,35.1,9.9,42.1,100.669585581,94.503463216,68.7,31.4,73.5,47.2,37.8,49.0,45.6,32.7,37.4,22.2,STL,19,669357,1253,1.5,0.2,0.0,0.5,0.2,0.178,0.183,0.203,1,5,72.9,38.5,2452,92.2,92.16,5,9,10,0.0,6.4,127,150,127,154,292,317,301,0.648,-0.648,70.5,7.8,4.452698323,5,2,1,0,0,0,3,60.0,0,0.0,2.15,0.57,0.47,0.47,88.0,167.0,0.0,0.0,0.0,5.41,2.7,-0.37,2.02,0.2,0.0,-3.410526316,0.203,0.213,3.410526316,-0.003,-0.003,-0.013,-0.005,55.6,28.6,18.86943231668124,-13.817332040378789,32.894038385659776,0.2222222222222222,35.183857362841806,37.73347081821706,STL
Jorbit Vivas,678391,2026,25,311,364,74,3,14.6,11.3,0.238,0.322,31,100,32,0.236,0.309,0.298,0.292,0.002,0.013,0.006,4.0,42.6,82.9,34.3,3.0,21.5,94.277617252,91.318865649,74.1,29.1,91.0,45.4,18.1,49.5,38.1,44.2,21.9,26.8,WSH,65,678391,1318,4.9,0.25,0.083,0.333,0.333,0.317,0.235,0.17,3,12,74.8,-5.0,2303,88.6,89.35,11,36,29,0.7000000000000028,6.75,112,148,118,151,286,315,301,-0.725,0.725,68.3,7.3,1.515105427,14,9,2,1,0,0,3,21.4,2,14.3,2.45,0.5,0.24,0.24,89.0,125.0,0.0,0.0,0.0,5.33,2.39,-0.43,2.19,0.357,0.0,1.115384615,0.289,0.192,-1.115384615,0.08,0.068,0.141,0.082,30.6,29.9,0.7178370721241989,-2.210429159193204,31.105019552938412,0.2571428571428571,35.87781945582161,29.74333992824977,WSH
Jhonny Pereda,640902,2026,30,90,101,27,2,19.8,8.9,0.3,0.389,8,35,12,0.304,0.398,0.338,0.345,-0.004,-0.009,-0.007,6.1,45.8,90.0,46.5,2.9,45.7,99.588680571,94.204503429,71.5,24.2,79.7,49.9,22.3,47.9,32.4,39.4,12.7,42.3,SEA,45,640902,431,10.4,0.6,0.4,0.75,1.0,0.601,0.417,0.302,3,5,88.7,21.0,2188,87.2,88.42,8,23,22,1.2000000000000028,6.63,107,152,121,148,306,328,291,-1.69,1.69,68.9,6.9,1.369582393,8,4,1,2,0,0,2,25.0,2,25.0,2.36,0.7,0.35,-0.35,88.8,213.0,25.0,0.0,0.0,5.51,2.61,0.16,2.7,0.625,0.0,3.755555556,0.503,0.383,-3.755555556,0.298,0.122,0.617,0.184,34.8,34.5,2.217613744585231,7.803014652718718,30.07300174344408,0.2631578947368421,34.72856088272605,23.632277161512867,SEA
Matt Olson,621566,2026,32,625,698,157,41,24.5,9.2,0.251,0.502,93,314,99,0.247,0.503,0.351,0.351,0.004,-0.001,0.0,50.0,48.9,92.5,32.0,14.2,52.0,103.596081565,96.543594466,66.8,27.9,80.8,48.7,25.4,46.9,37.8,37.0,35.4,20.0,ATL,74,621566,2928,2.5,0.333,0.333,0.357,0.667,0.437,0.39,0.313,7,21,88.9,12.0,2374,88.7,89.04,15,41,33,0.2999999999999971,6.48,112,147,130,153,304,327,304,-3.125,3.125,70.7,7.6,4.676417655,22,16,4,1,0,2,5,22.7,1,4.5,2.31,0.61,0.09,0.09,93.8,169.0,62.5,12.5,9.090909090909092,6.02,1.84,-0.3,2.24,0.364,2.0,4.222972973,0.344,0.571,-4.222972973,0.02,0.02,0.096,0.047,36.6,41.8,10.11356608571252,-5.8625814237360085,31.61239097453505,0.5365853658536586,41.08804063685947,37.4553279816238,ATL
James McCann,543510,2026,36,156,166,44,7,25.3,3.6,0.282,0.455,28,71,17,0.24,0.431,0.332,0.303,0.042,0.024,0.029,23.4,45.6,89.9,37.6,11.1,43.6,100.840190351,94.985217544,64.4,39.9,86.0,47.2,30.2,51.5,31.6,46.2,26.5,23.9,ARI,13,543510,612,2.1,0.0,0.0,0.0,0.0,0.0,0.213,0.132,0,4,81.7,-3.7,2085,89.8,89.59,4,8,5,-0.2000000000000028,6.2,113,153,125,150,306,332,295,0.993,-0.993,66.2,7.2,1.545925614,4,3,0,0,0,0,1,25.0,0,0.0,2.34,0.52,0.9,-0.9,90.7,145.0,33.33333333333333,33.33333333333333,25.0,5.82,1.86,0.61,2.32,0.0,1.0,-7.638461538,0.132,0.379,7.638461538,-0.132,-0.132,-0.379,-0.213,50.0,43.1,11.310994912039812,-4.122724212950882,34.94863349236496,0.5,40.59618546846484,37.474781364587145,ARI
Chase Meidroth,805367,2026,24,566,643,156,16,21.9,9.5,0.276,0.415,63,235,90,0.239,0.348,0.339,0.301,0.037,0.067,0.038,1.0,60.2,87.2,34.1,4.6,34.6,97.389329665,92.822576483,55.5,28.9,86.1,49.2,19.7,42.0,41.0,49.5,21.7,24.4,CWS,89,805367,2649,3.4,0.571,0.571,0.529,1.143,0.725,0.536,0.428,12,21,90.8,6.1,2182,87.7,87.55,5,39,50,-0.2000000000000028,6.23,104,150,111,146,299,320,284,-6.856,6.856,66.6,6.8,1.327829748,23,20,6,3,0,3,1,4.3,2,8.7,2.59,0.41,0.39,-0.39,93.5,140.0,55.00000000000001,15.0,13.043478260869565,5.69,2.11,0.08,2.12,0.609,3.0,7.703370787,0.477,0.802,-7.703370787,0.143,0.132,0.341,0.189,12.8,35.7,14.86249469510004,-0.0847564744546096,29.8083010354254,0.6052631578947368,40.34648681739446,33.58942992006888,CWS
Esteury Ruiz,665923,2026,27,213,255,46,6,32.2,10.2,0.216,0.366,17,78,38,0.175,0.288,0.317,0.275,0.041,0.078,0.042,18.7,38.7,82.7,39.6,7.5,23.9,95.310644921,91.745599762,68.2,31.5,74.8,45.8,32.4,48.3,51.5,31.3,26.1,26.9,MIA,87,665923,1029,8.5,0.067,0.0,0.1,0.067,0.168,0.214,0.118,1,15,68.8,27.2,2203,89.2,88.82,13,39,48,-0.4000000000000057,6.16,99,148,105,145,302,315,284,1.431,-1.431,68.2,7.3,3.075466053,18,10,1,0,0,0,5,27.8,2,11.1,2.26,0.68,0.53,-0.53,88.2,142.0,0.0,0.0,0.0,5.85,1.83,0.08,2.32,0.222,0.0,-1.644827586,0.265,0.143,1.644827586,-0.051,-0.043,-0.076,-0.046,33.3,40.0,8.885346367660972,0.6301464691971481,35.35481237402043,0.3421052631578947,39.02137073439118,26.29657505446921,MIA
TJ Friedl,670770,2026,30,239,272,41,4,23.2,8.1,0.172,0.255,13,61,20,0.191,0.268,0.236,0.25,-0.019,-0.013,-0.014,11.8,62.8,87.3,26.9,2.9,28.0,96.910295,92.496872453,63.0,24.1,86.9,49.0,25.0,43.2,39.6,44.0,25.3,20.3,TBD,6,670770,1010,0.6,0.5,0.0,1.0,0.5,0.445,0.429,0.465,1,2,81.5,20.0,2377,90.6,89.73,1,2,4,-0.7999999999999972,5.98,119,149,100,154,280,309,294,-0.277,0.277,71.4,6.3,1.327622436,2,1,1,0,0,0,1,50.0,0,0.0,2.51,0.35,0.26,0.26,88.0,243.0,0.0,0.0,0.0,5.62,2.41,-0.03,2.1,0.5,0.0,4.616666667,0.465,0.518,-4.616666667,0.035,0.0349999999999999,-0.018,0.016,50.0,43.4,-4.223583658261692,20.13027832127289,32.033087230856225,0.0,38.35322033760229,24.0880511288447,TBD
Cole Young,702284,2026,22,577,638,142,17,17.1,6.9,0.246,0.381,66,220,76,0.259,0.39,0.308,0.316,-0.013,-0.009,-0.008,21.6,48.0,88.3,33.1,5.1,37.5,99.048189106,93.636134222,66.7,30.6,85.7,48.6,19.6,48.1,41.7,42.8,26.3,22.0,SEA,93,702284,2425,3.8,0.182,0.136,0.25,0.318,0.271,0.379,0.264,4,22,93.6,20.1,2279,87.3,87.6,13,49,44,0.2999999999999971,6.5,115,146,109,150,292,323,301,1.512,-1.512,68.5,7.0,3.780995353,25,16,2,1,1,0,6,24.0,2,8.0,2.4,0.64,0.12,0.12,92.3,190.0,62.5,12.5,8.0,5.59,2.26,-0.23,2.18,0.28,2.0,-1.625806452,0.352,0.524,1.625806452,-0.082,-0.0719999999999999,-0.206,-0.108,26.5,35.2,6.634279467666444,-0.6109452159975867,28.090891563068944,0.4693877551020408,34.34320943172675,30.29323558325856,SEA
José Fermín,665877,2026,27,327,370,81,6,13.5,8.1,0.248,0.355,41,116,33,0.248,0.336,0.294,0.291,0.0,0.019,0.003,2.2,63.1,86.1,34.6,2.1,31.5,96.327228662,92.213290528,56.6,22.1,90.1,51.0,13.9,39.7,48.3,39.5,23.4,25.9,STL,80,665877,1541,5.2,0.235,0.0,0.308,0.235,0.209,0.223,0.225,4,17,83.3,22.2,2358,89.0,89.03,4,31,49,0.0,6.27,111,153,115,147,303,319,295,1.599,-1.599,64.6,7.2,2.186720724,17,13,4,0,0,0,4,23.5,0,0.0,2.53,0.39,0.21,-0.21,90.0,177.0,23.07692307692308,0.0,0.0,5.66,2.02,-0.06,2.18,0.235,0.0,-1.99875,0.225,0.292,1.99875,0.01,0.0099999999999999,-0.057,-0.014,12.9,37.2,6.275549796315856,0.7668945494763704,32.033597134579914,0.5806451612903226,39.45496498552958,23.31675475513196,STL
Donovan Walton,622268,2026,32,230,268,60,9,17.2,10.4,0.261,0.448,32,103,36,0.245,0.371,0.356,0.322,0.016,0.077,0.034,0.7,51.2,86.8,39.0,4.8,31.6,96.726321868,92.483504451,73.8,28.8,82.9,48.8,26.9,50.8,49.2,43.3,27.3,26.2,OAK,10,622268,1024,1.0,0.0,0.0,0.0,0.0,0.349,0.547,0.423,0,1,97.8,1.0,2286,85.2,85.49,2,5,5,0.2999999999999971,6.55,97,149,124,153,269,315,298,0.03,-0.03,63.6,7.4,6.811791162,2,1,0,0,0,0,0,0.0,1,50.0,2.83,0.35,-0.21,-0.21,91.3,74.0,100.0,0.0,0.0,5.22,2.54,-0.98,1.83,0.5,0.0,-0.3,0.712,0.474,0.3,-0.423,-0.2119999999999999,-0.474,-0.198,40.0,21.2,17.17561198595906,-13.005706471857524,34.561430697013726,0.6,40.701633649616895,42.007993769251954,OAK
Ben Williamson,810938,2026,25,261,286,62,3,18.9,7.7,0.238,0.318,26,83,32,0.246,0.325,0.28,0.286,-0.008,-0.007,-0.006,11.7,34.8,87.3,30.8,1.9,33.2,97.971571667,93.035610542,55.2,31.8,90.1,47.9,17.6,42.9,27.4,56.3,13.0,26.4,TB,52,810938,1109,4.7,0.083,0.0,0.111,0.083,0.122,0.186,0.13,1,12,86.8,-0.7,2083,88.0,88.04,7,24,28,0.0,6.55,107,148,118,146,299,322,280,2.128,-2.128,68.3,7.0,2.649633,13,9,1,0,0,0,3,23.1,1,7.7,2.66,0.35,0.65,-0.65,90.9,127.0,33.33333333333333,11.11111111111111,7.6923076923076925,5.69,1.85,0.14,2.02,0.154,1.0,-4.092307692,0.197,0.206,4.092307692,-0.047,-0.043,-0.123,-0.064,29.2,32.9,1.916229503022817,1.1396939575225495,29.165648838563506,0.375,40.38748398593439,29.234115459671884,TB
Tim Tawa,694374,2026,27,313,351,75,11,23.9,7.7,0.24,0.393,42,123,41,0.247,0.418,0.302,0.315,-0.007,-0.025,-0.013,37.1,58.6,90.5,35.4,10.5,43.8,100.77373087,94.791945895,69.0,31.4,80.5,46.7,28.0,49.0,36.7,43.3,26.3,23.3,ARI,42,694374,1400,3.0,0.333,0.556,0.333,0.889,0.527,0.663,0.451,3,9,95.1,15.4,2306,87.2,87.11,8,21,21,-0.1000000000000085,6.27,110,152,118,148,301,334,297,-1.108,1.108,74.4,7.4,3.543669389,10,7,0,2,0,1,2,20.0,1,10.0,2.48,0.58,0.57,-0.57,94.3,231.0,57.14285714285714,42.85714285714285,30.0,5.5,2.13,0.21,2.43,0.4,3.0,2.638095238,0.506,1.135,-2.638095238,-0.118,-0.1059999999999999,-0.246,-0.136,38.1,31.0,16.250391123802242,-15.359106894569864,30.80725052151138,0.5238095238095238,34.88556635521366,39.30479881096958,ARI
Max Muncy,691777,2026,23,256,284,59,9,32.0,7.4,0.23,0.387,30,99,31,0.218,0.366,0.3,0.288,0.012,0.021,0.012,45.5,53.5,89.1,33.3,10.7,43.5,101.562068929,95.003906131,68.8,33.2,81.1,47.1,32.4,50.0,44.0,41.1,22.6,22.0,LAD,8,691777,1110,0.7,0.333,0.0,0.5,0.333,0.297,0.204,0.219,1,3,93.9,22.5,2034,86.2,86.25,2,4,4,0.0999999999999943,6.63,110,153,122,147,299,334,296,-0.16,0.16,73.7,7.6,5.071179936,3,2,1,0,0,0,1,33.3,0,0.0,2.9,0.25,0.73,-0.73,95.7,201.0,50.0,0.0,0.0,5.11,3.38,-0.19,2.03,0.333,0.0,2.0,0.219,0.25,-2.0,0.114,0.114,0.083,0.093,50.0,20.0,15.058525903736736,-11.952999262284113,31.343886256623676,0.5,35.32914907661711,36.90911791411363,LAD
Max Muncy,691777,2026,23,256,284,59,9,32.0,7.4,0.23,0.387,30,99,31,0.218,0.366,0.3,0.288,0.012,0.021,0.012,45.5,53.5,89.1,33.3,10.7,43.5,101.562068929,95.003906131,68.8,33.2,81.1,47.1,32.4,50.0,44.0,41.1,22.6,22.0,LAD,56,571970,2295,2.4,0.286,0.286,0.375,0.571,0.388,0.277,0.184,4,14,87.1,21.9,2275,89.7,89.46,7,25,31,-0.2000000000000028,6.25,119,147,128,154,295,328,300,-0.178,0.178,68.4,6.9,4.68354071,15,9,2,1,0,1,5,33.3,0,0.0,2.26,0.61,0.62,0.62,91.1,164.0,33.33333333333333,11.11111111111111,6.666666666666667,5.69,2.55,-0.43,2.17,0.333,1.0,0.317857143,0.238,0.399,-0.317857143,0.102,0.095,0.172,0.111,28.0,32.6,17.56924551456236,-6.506183370960598,35.66382834898418,0.4166666666666667,40.05234940022704,40.827263316825686,LAD
Tyler Tolbert,686475,2026,28,130,148,37,3,20.9,8.1,0.285,0.392,8,51,32,0.24,0.307,0.329,0.287,0.045,0.085,0.042,2.9,43.4,84.7,35.6,2.9,24.0,95.341905417,91.71171,71.9,27.3,81.3,50.0,29.8,49.6,34.6,49.0,21.2,22.1,KC,36,686475,521,6.9,0.125,0.0,0.333,0.125,0.111,0.225,0.236,1,8,83.1,10.3,2227,90.2,90.95,9,19,17,0.7999999999999972,6.79,95,147,107,144,290,319,284,1.616,-1.616,65.1,6.6,5.340706022,8,3,1,0,0,0,5,62.5,0,0.0,2.13,0.7,0.66,-0.66,88.1,149.0,0.0,0.0,0.0,5.78,1.72,-0.02,2.16,0.125,0.0,-4.488888889,0.236,0.273,4.488888889,-0.111,-0.1109999999999999,-0.148,-0.114,47.4,38.5,8.912883553090497,-10.074549996468704,30.84797814359212,0.3333333333333333,32.912620923574075,34.36724121922495,KC
Hunter Feduccia,676439,2026,29,217,251,48,3,23.9,11.2,0.221,0.313,19,68,21,0.237,0.367,0.286,0.312,-0.016,-0.054,-0.026,13.3,52.8,89.4,36.4,7.4,37.9,99.025957821,93.73099871,62.2,24.4,85.7,46.6,22.2,42.0,32.1,38.3,32.1,26.5,LAD,13,676439,1018,1.3,0.0,0.0,0.0,0.0,0.0,0.156,0.168,0,5,80.8,6.5,2206,89.0,88.89,0,4,9,-0.0999999999999943,6.28,113,150,110,153,284,316,297,1.356,-1.356,68.1,6.7,,5,4,0,0,0,0,1,20.0,0,0.0,2.18,0.71,0.68,0.68,88.7,108.0,0.0,0.0,0.0,5.31,2.51,-0.05,2.42,0.0,0.0,-10.430769231,0.168,0.192,10.430769231,-0.168,-0.168,-0.192,-0.156,0.0,31.6,4.484990820931126,6.431903603157405,38.146567798823966,0.5,31.727780863286934,27.159334308675348,LAD
Patrick Bailey,672275,2026,27,310,345,64,10,26.7,8.1,0.206,0.335,37,104,31,0.24,0.398,0.271,0.307,-0.034,-0.063,-0.036,30.1,39.4,90.5,36.6,7.7,42.4,100.12206633,94.504192064,69.6,31.2,84.1,47.8,26.8,49.6,36.2,42.4,26.8,25.0,CLE,19,672275,1363,1.4,0.0,0.0,0.0,0.0,0.0,0.237,0.19,0,5,94.1,16.7,2262,88.6,88.38,1,8,11,-0.1999999999999886,6.16,112,153,126,145,296,317,287,1.339,-1.339,72.5,7.3,0.71511864,5,3,0,0,0,0,2,40.0,0,0.0,2.36,0.57,0.26,-0.26,94.9,207.0,66.66666666666666,0.0,0.0,5.73,2.45,-0.18,2.37,0.0,0.0,-7.047368421,0.19,0.37,7.047368421,-0.19,-0.19,-0.37,-0.237,12.5,33.5,5.914234107497495,-1.0464567787416517,29.13838904817014,0.5,34.053886193167074,28.10134912575801,CLE
Bryce Eldridge,805811,2026,21,386,448,104,17,26.6,13.2,0.269,0.461,57,178,50,0.26,0.467,0.361,0.359,0.009,-0.006,0.002,34.4,42.8,92.7,36.7,11.5,52.2,102.568509037,96.138444275,64.7,24.6,82.1,46.3,27.1,43.1,37.8,39.3,30.4,26.3,SF,57,805811,1881,3.0,0.25,0.083,0.375,0.333,0.342,0.345,0.263,3,12,95.6,3.1,2372,89.0,89.12,10,26,31,0.0999999999999943,6.33,117,146,129,151,298,326,304,-0.441,0.441,70.1,7.2,3.781938381,15,8,2,1,0,0,4,26.7,3,20.0,2.46,0.45,0.31,0.31,93.2,129.0,50.0,0.0,0.0,5.9,1.63,-0.23,2.35,0.4,0.0,0.773684211,0.411,0.327,-0.773684211,-0.013,-0.0109999999999999,0.006,-0.003,38.5,41.1,10.351643832233062,-3.5780453426956527,38.004828182680775,0.48,36.28518981203933,27.898096162920854,SF
Ildemaro Vargas,545121,2026,34,453,486,115,9,10.1,5.6,0.254,0.377,67,171,62,0.268,0.363,0.295,0.297,-0.014,0.014,-0.002,17.0,52.5,87.4,30.7,3.2,35.0,98.067283881,93.061632394,63.1,39.2,91.8,47.6,15.2,50.6,40.3,43.7,20.9,26.3,ARI,38,545121,1716,2.2,0.462,0.077,0.545,0.538,0.439,0.275,0.269,6,13,89.4,24.5,2104,88.5,88.88,4,19,19,0.4000000000000057,6.52,104,148,108,146,296,323,295,-1.117,1.117,70.8,7.4,2.814958071,13,11,5,1,0,0,2,15.4,0,0.0,2.34,0.62,0.54,-0.54,92.1,122.0,36.36363636363637,9.090909090909092,7.6923076923076925,5.7,2.52,0.19,2.35,0.462,1.0,2.939473684,0.269,0.364,-2.939473684,0.193,0.193,0.174,0.164,21.1,33.2,7.083092080895567,-17.08545050603528,28.32633330683839,0.6842105263157895,34.43657447735524,35.383740882591205,ARI
Andruw Monasterio,655316,2026,29,313,347,73,6,19.6,7.5,0.233,0.371,43,116,35,0.23,0.352,0.293,0.287,0.003,0.019,0.006,3.7,56.4,87.4,36.8,6.4,31.2,97.261394919,92.699092996,66.4,26.6,88.8,51.4,18.9,47.1,36.4,33.6,31.2,23.6,BOS,57,655316,1495,3.8,0.1,0.0,0.143,0.1,0.191,0.255,0.177,1,10,81.6,11.4,2266,89.8,89.9,5,24,33,0.1000000000000085,6.48,106,152,116,148,282,313,287,1.309,-1.309,70.3,7.2,1.038288984,12,7,1,0,0,0,3,25.0,2,16.7,2.1,0.77,0.53,-0.53,91.7,132.0,28.57142857142857,0.0,0.0,5.6,1.74,0.09,2.36,0.25,0.0,-2.296491228,0.314,0.208,2.296491228,-0.077,-0.064,-0.108,-0.064,20.8,40.1,12.821795584158888,-8.456355732503201,35.492631492304426,0.5,31.470868138427072,34.56419994067721,BOS
Abimelec Ortiz,694673,2026,24,128,136,24,5,26.5,5.1,0.188,0.344,14,44,16,0.211,0.382,0.246,0.271,-0.023,-0.038,-0.025,62.2,54.6,89.7,39.8,7.5,38.7,99.94839,94.273607419,66.4,37.1,85.0,45.8,23.4,50.5,44.1,35.5,32.3,25.8,WSH,7,694673,596,1.2,0.0,0.0,0.0,0.0,0.0,0.202,0.221,0,1,80.1,5.0,2339,85.4,85.67,1,5,2,0.2999999999999971,6.57,123,148,142,153,304,324,300,0.26,-0.26,76.9,7.7,3.565805964,1,1,0,0,0,0,0,0.0,0,0.0,2.96,0.23,0.1,0.1,93.8,144.0,0.0,0.0,0.0,4.81,3.49,-0.45,1.98,0.0,0.0,-3.714285714,0.221,0.244,3.714285714,-0.221,-0.221,-0.244,-0.202,20.0,27.6,13.04398918978046,-22.0524273980442,29.84477554093261,0.2,36.98716250034786,47.07378255604234,WSH
Ryan Vilade,668723,2026,27,245,278,60,11,23.4,9.4,0.245,0.429,43,105,28,0.252,0.421,0.327,0.327,-0.007,0.008,0.0,65.5,38.8,89.2,29.9,7.1,39.9,101.456915444,94.922178667,70.9,27.4,83.2,48.9,23.6,48.7,35.3,40.8,28.8,20.1,TB,88,668723,1102,8.0,0.235,0.0,0.333,0.235,0.323,0.358,0.268,4,17,80.6,17.7,2122,86.8,86.85,11,42,46,0.0,6.4,103,149,119,147,305,325,291,-1.047,1.047,75.1,7.8,3.984467203,22,12,4,0,0,0,5,22.7,3,13.6,2.68,0.42,0.49,-0.49,90.2,148.0,36.36363636363637,0.0,0.0,5.96,1.72,0.06,2.22,0.409,0.0,1.189772727,0.442,0.297,-1.189772727,-0.033,-0.033,-0.062,-0.035,26.2,40.6,6.334014399961132,-8.13924462468565,31.71446132447445,0.3902439024390244,35.66109999521966,34.99359894524797,TB
Nate Eaton,681987,2026,29,50,60,8,1,26.7,13.3,0.16,0.26,6,13,4,0.186,0.299,0.268,0.289,-0.026,-0.039,-0.021,22.5,50.0,87.0,38.2,5.9,32.4,97.907528824,92.983453235,70.8,29.1,75.3,46.0,31.7,48.3,52.9,29.4,23.5,35.3,BOS,58,681987,261,22.2,0.2,0.0,0.286,0.2,0.265,0.261,0.186,2,10,78.3,37.3,2118,87.9,87.99,8,31,27,0.0999999999999943,6.44,97,147,111,144,292,319,291,0.595,-0.595,70.5,7.3,3.625609955,12,7,2,0,0,0,3,25.0,2,16.7,2.38,0.61,0.5,-0.5,89.9,184.0,14.285714285714285,0.0,0.0,5.72,1.84,0.09,2.28,0.333,0.0,-1.025862069,0.322,0.212,1.025862069,0.014,0.011,-0.012,0.004,25.8,42.5,11.314223052761866,-12.304422752574611,29.854724816330197,0.6666666666666666,36.15093094885076,39.37562656471866,BOS
Rafael Marchán,665561,2026,27,91,95,9,2,15.8,2.1,0.099,0.165,6,15,5,0.176,0.241,0.139,0.202,-0.077,-0.076,-0.063,0.0,51.5,82.9,31.6,2.6,18.4,92.974626842,90.646107467,66.3,33.3,91.3,51.4,16.1,50.3,43.4,32.9,26.3,19.7,PHI,1,665561,370,0.3,0.0,0.0,0.0,0.0,0.0,0.012,0.009,0,1,86.1,44.0,2208,88.0,89.9,0,1,0,1.9000000000000057,7.5,118,153,121,150,317,328,305,0.259,-0.259,70.0,7.3,,1,1,0,0,0,0,0,0.0,0,0.0,1.84,1.11,0.9,-0.9,88.0,288.0,0.0,0.0,0.0,5.9,3.42,-0.4,2.23,0.0,0.0,-25.9,0.009,0.017,25.9,-0.009,-0.009,-0.017,-0.012,0.0,44.8,8.24924573893691,-4.155981232065433,36.32846633765509,1.0,32.32525201479626,35.646090597708294,PHI
Deyvison De Los Santos,691277,2026,23,42,43,6,0,25.6,0.0,0.143,0.19,0,8,1,0.198,0.256,0.158,0.21,-0.055,-0.066,-0.052,69.9,50.7,86.7,25.8,3.2,29.0,97.87948875,93.099090968,59.5,40.0,87.2,46.7,31.3,49.1,38.7,51.6,16.1,19.4,MIA,38,691277,169,22.5,0.1,0.0,0.125,0.1,0.089,0.206,0.223,1,10,79.7,17.8,1840,88.3,87.88,9,21,17,-0.3999999999999915,6.16,115,152,122,148,308,320,293,2.092,-2.092,76.5,8.2,9.584998349,10,8,1,0,0,0,2,20.0,0,0.0,2.25,0.73,0.87,-0.87,90.5,140.0,12.5,0.0,0.0,5.63,2.05,-0.11,2.09,0.1,0.0,-5.505263158,0.223,0.246,5.505263158,-0.123,-0.123,-0.146,-0.117,42.9,34.2,9.656488201693117,-17.608734875006167,26.60499588791356,0.5263157894736842,40.796856689907656,36.78811314423052,MIA
Christian Yelich,592885,2026,34,442,500,104,12,27.0,9.8,0.235,0.378,59,167,69,0.23,0.385,0.305,0.308,0.005,-0.007,-0.003,31.0,45.8,88.9,29.5,9.6,42.9,100.380625455,94.534931238,68.0,24.4,79.8,48.2,29.6,45.4,34.6,55.4,19.9,22.1,MIL,40,592885,2103,1.9,0.2,0.0,0.25,0.2,0.225,0.267,0.233,2,10,90.3,1.8,2326,90.7,90.69,4,19,21,0.0,6.35,117,144,108,147,289,320,304,0.847,-0.847,67.9,7.1,0.322956912,11,8,2,0,0,0,2,18.2,1,9.1,2.04,0.76,0.47,0.47,91.3,142.0,50.0,0.0,0.0,6.01,1.88,-0.38,2.22,0.273,0.0,-2.1175,0.303,0.28,2.1175,-0.033,-0.0299999999999999,-0.08,-0.042,21.1,40.3,5.05945549213868,12.11885109082121,37.42376837472565,0.3157894736842105,37.11078056170953,22.58894213389185,MIL
Bryan Reynolds,668804,2026,31,595,699,155,17,23.2,12.7,0.261,0.424,72,252,102,0.254,0.443,0.349,0.355,0.007,-0.019,-0.006,29.9,46.6,90.8,38.5,11.2,47.9,101.857125046,95.370003739,70.2,24.7,83.7,48.3,28.2,46.7,38.8,45.9,26.8,24.3,PIT,107,668804,2736,3.9,0.19,0.19,0.2,0.381,0.317,0.32,0.198,4,21,89.2,6.4,2128,86.9,86.97,14,58,49,0.0999999999999943,6.26,107,151,125,148,305,318,285,0.759,-0.759,72.9,7.1,3.189329459,25,16,2,1,0,1,5,20.0,3,12.0,2.69,0.35,0.33,-0.33,91.0,154.0,56.25,18.75,12.0,5.61,1.61,0.11,2.31,0.32,3.0,-0.709345794,0.326,0.389,0.709345794,-0.008,-0.006,-0.008,-0.003,24.1,37.7,11.757593456354474,-0.208563122535295,35.03623779391846,0.5517241379310345,35.869188329557,30.53583299822612,PIT
CJ Abrams,682928,2026,25,579,654,151,33,24.2,8.7,0.261,0.497,106,288,93,0.247,0.438,0.358,0.333,0.014,0.059,0.025,27.5,57.5,89.6,34.2,10.6,40.5,99.979603803,94.2347827,68.7,36.9,81.0,45.4,29.6,51.3,45.0,36.5,28.6,23.2,WSH,87,682928,2542,3.4,0.353,0.353,0.357,0.706,0.472,0.414,0.337,6,17,85.2,19.3,2324,87.1,87.36,11,49,38,0.3000000000000113,6.46,105,145,127,151,292,321,300,-2.589,2.589,70.7,7.7,4.388126833,19,15,3,1,1,1,2,10.5,2,10.5,2.72,0.34,0.12,0.12,90.9,150.0,20.0,13.333333333333334,10.526315789473683,5.38,2.12,-0.15,2.18,0.421,2.0,2.975862069,0.407,0.554,-2.975862069,0.016,0.014,0.152,0.058,22.4,31.6,16.992140825179398,-10.369301647754664,29.664521179850556,0.4897959183673469,37.89388714578436,35.85807961437343,WSH
Nicky Lopez,670032,2026,31,237,270,64,1,16.3,4.4,0.27,0.312,24,74,25,0.248,0.299,0.286,0.27,0.022,0.013,0.016,0.9,59.3,84.7,28.5,0.0,22.2,94.353526632,91.180435053,70.5,34.1,86.7,50.9,18.3,52.6,28.5,59.4,15.0,22.2,TEX,7,670032,990,0.7,0.0,0.0,0.0,0.0,0.0,0.065,0.049,0,2,89.9,26.0,2265,85.4,84.69,1,4,3,-0.7000000000000028,5.89,126,150,114,152,276,303,279,0.547,-0.547,64.4,6.3,0.895471104,2,1,0,0,0,0,1,50.0,0,0.0,3.07,0.1,0.76,0.76,89.0,270.0,0.0,0.0,0.0,5.26,3.03,0.25,1.93,0.0,0.0,-7.814285714,0.049,0.105,7.814285714,-0.049,-0.049,-0.105,-0.065,25.0,17.3,5.348528351045448,13.597963590056288,28.265689100006288,0.5,33.884546085801325,20.594466962007218,TEX
Michael Stefanic,683021,2026,30,26,29,9,0,20.7,10.3,0.346,0.385,4,10,3,0.297,0.366,0.361,0.329,0.049,0.019,0.032,1.9,30.8,90.1,35.0,0.0,30.0,96.414063,92.475541,62.9,23.0,90.9,53.4,10.3,44.3,25.0,55.0,10.0,35.0,OAK,31,683021,131,23.7,0.333,0.0,0.667,0.333,0.297,0.159,0.174,2,6,95.8,-6.0,2236,87.6,88.33,1,13,18,0.7000000000000028,6.87,106,153,115,150,299,322,280,0.216,-0.216,64.0,5.9,1.319436768,6,3,2,0,0,0,3,50.0,0,0.0,2.82,0.22,0.13,-0.13,91.3,137.0,33.33333333333333,0.0,0.0,5.86,1.48,0.0,2.11,0.333,0.0,-0.696774194,0.174,0.192,0.696774194,0.159,0.159,0.141,0.138,7.7,46.1,-3.082440056378924,12.09300334175775,32.6366029669848,0.3076923076923077,36.198189438615806,23.283005822755623,OAK
Shay Whitcomb,694376,2026,27,116,122,24,4,28.7,3.3,0.207,0.336,13,39,9,0.214,0.374,0.249,0.265,-0.007,-0.038,-0.016,15.2,66.0,86.7,36.1,10.8,33.7,99.240647805,93.721216667,65.1,34.6,90.0,47.6,27.5,49.1,36.1,38.6,28.9,22.9,SF,88,694376,452,19.5,0.333,0.0,0.444,0.333,0.297,0.237,0.242,8,24,86.3,11.7,2194,89.3,89.53,10,41,47,0.2000000000000028,6.41,108,153,120,147,302,317,288,0.486,-0.486,69.9,7.6,3.037789147,24,18,8,0,0,0,6,25.0,0,0.0,2.25,0.65,0.33,-0.33,91.6,146.0,27.77777777777778,5.555555555555555,4.166666666666666,5.92,1.98,0.18,2.24,0.333,1.0,-0.552272727,0.242,0.302,0.552272727,0.091,0.091,0.031,0.06,24.4,43.0,11.987836507084127,0.6951023562780747,27.97906536287747,0.7647058823529411,40.52072740995864,27.270703001598825,SF
Gary Sánchez,596142,2026,33,225,275,47,12,21.5,16.7,0.209,0.422,38,95,37,0.22,0.397,0.342,0.336,-0.011,0.025,0.006,22.3,61.0,87.9,29.3,8.4,35.3,99.561227857,93.850751078,51.0,23.0,81.6,46.8,28.5,36.1,42.5,43.7,26.3,18.6,MIL,25,596142,1151,2.2,0.25,0.0,0.286,0.25,0.223,0.176,0.171,2,8,84.3,0.4,2051,89.7,90.09,3,11,14,0.3999999999999915,6.54,104,147,116,137,303,320,287,0.631,-0.631,72.0,7.1,2.059563092,8,7,2,0,0,0,1,12.5,0,0.0,2.2,0.67,0.65,-0.65,92.2,105.0,28.57142857142857,0.0,0.0,6.02,1.63,0.18,2.37,0.25,0.0,-2.524,0.171,0.237,2.524,0.079,0.0789999999999999,0.013,0.047,27.3,36.8,7.170750039977448,3.4715393303563054,30.63168770616442,0.5454545454545454,37.91749972940799,32.00936030108254,MIL
Nathan Church,701675,2026,25,434,470,107,10,17.2,5.3,0.247,0.364,50,158,53,0.242,0.354,0.288,0.283,0.005,0.01,0.005,8.6,39.8,85.6,34.2,5.3,30.0,96.943636954,92.484705562,72.7,42.3,85.4,46.4,20.5,56.2,33.1,45.3,23.1,21.7,STL,64,701675,1794,3.6,0.286,0.143,0.333,0.429,0.333,0.218,0.188,4,14,78.2,4.0,2373,91.3,91.13,6,30,34,-0.2000000000000028,6.25,111,149,100,151,289,317,301,0.134,-0.134,61.2,6.4,3.59678617,15,12,2,2,0,0,2,13.3,1,6.7,2.19,0.58,0.46,0.46,88.7,142.0,8.333333333333332,0.0,0.0,5.6,2.12,-0.13,2.17,0.333,0.0,-0.209375,0.246,0.229,0.209375,0.098,0.087,0.2,0.115,20.0,38.5,-2.7746867196210694,7.912828573670751,32.43923722018158,0.4137931034482758,36.35827043747166,25.10296748519156,STL
Vaughn Grissom,687093,2026,25,422,474,102,13,18.4,6.5,0.242,0.386,72,163,47,0.244,0.38,0.306,0.309,-0.002,0.006,-0.003,15.9,45.5,87.5,33.5,6.7,35.6,98.529330819,93.416728622,66.3,31.3,87.2,50.1,22.1,48.8,39.1,44.9,25.1,24.5,LAA,88,687093,1812,4.9,0.316,0.316,0.333,0.632,0.395,0.374,0.29,6,19,93.9,19.7,2184,89.0,88.97,8,45,43,0.0,6.29,104,148,118,143,306,322,292,-2.606,2.606,68.1,7.1,3.033633175,23,14,4,0,0,2,7,30.4,1,4.3,2.43,0.48,0.45,-0.45,91.2,203.0,42.85714285714285,14.285714285714285,8.695652173913043,5.86,1.93,0.09,2.44,0.348,2.0,2.961363636,0.346,0.536,-2.961363636,0.026,0.002,0.096,0.021,17.8,39.3,8.252963488895428,0.9765050427007772,35.95429258447325,0.4090909090909091,36.54943833744513,28.14588352234517,LAA
Jared Young,676724,2026,30,308,342,82,9,18.4,7.3,0.266,0.429,39,132,46,0.25,0.4,0.332,0.321,0.016,0.029,0.011,32.5,58.9,90.4,30.2,7.7,46.8,101.896708525,95.331303402,70.2,27.5,82.3,46.6,24.4,47.4,42.7,48.0,23.4,21.8,NYM,14,676724,1330,1.1,0.25,0.25,0.333,0.5,0.315,0.514,0.39,1,4,100.5,26.7,2103,89.4,89.49,3,7,7,0.0999999999999943,6.48,119,149,102,153,282,326,293,0.213,-0.213,72.7,7.3,0.737658024,4,3,0,1,0,0,1,25.0,0,0.0,2.55,0.33,0.72,0.72,100.6,325.0,100.0,33.33333333333333,25.0,5.2,2.68,-0.11,2.07,0.25,1.0,-1.521428571,0.39,0.834,1.521428571,-0.14,-0.14,-0.334,-0.199,42.9,19.3,9.071197623687905,-6.409894692100453,28.288580904947366,0.7142857142857143,36.43531743618174,32.45783131244946,NYM
Maikel Garcia,672580,2026,26,310,344,83,3,14.5,9.3,0.268,0.381,38,118,40,0.271,0.367,0.318,0.318,-0.003,0.014,0.0,17.8,42.0,89.7,32.8,4.2,40.5,99.815128538,94.104949115,54.8,22.5,92.7,49.7,14.4,38.6,34.0,46.2,21.0,26.3,KC,60,672580,1316,4.6,0.417,0.083,0.455,0.5,0.444,0.33,0.277,5,12,85.6,7.8,2295,90.6,90.58,2,21,39,0.0,6.37,110,151,120,147,299,329,295,-1.519,1.519,67.2,6.9,2.392814688,14,11,4,1,0,0,1,7.1,2,14.3,2.06,0.76,0.35,-0.35,90.5,179.0,27.27272727272727,0.0,0.0,5.71,2.06,0.12,2.42,0.5,0.0,2.531666667,0.38,0.339,-2.531666667,0.14,0.12,0.161,0.114,9.5,35.1,2.5867577854773294,3.1651344110883537,30.232904919042085,0.5238095238095238,33.783655876879095,32.139068974466255,KC
Hao-Yu Lee,701678,2026,23,330,364,87,10,23.9,8.2,0.264,0.424,46,140,40,0.234,0.393,0.325,0.302,0.03,0.031,0.023,21.2,52.4,89.5,34.8,8.5,41.3,100.217537236,94.379399184,65.9,29.1,82.8,48.4,27.2,46.9,27.1,39.3,25.9,27.1,DET,61,701678,1389,4.4,0.538,0.692,0.625,1.231,0.74,0.58,0.438,7,13,97.9,11.9,2297,89.0,89.34,6,30,31,0.2999999999999971,6.53,102,151,121,147,304,333,294,-4.76,4.76,68.0,6.5,2.24217114,14,10,2,3,0,2,3,21.4,1,7.1,2.26,0.67,0.26,-0.26,92.8,209.0,80.0,40.0,28.57142857142857,5.61,2.22,0.07,2.27,0.571,4.0,7.803278689,0.478,0.915,-7.803278689,0.1,0.0929999999999999,0.316,0.16,20.0,36.6,4.552637211105866,14.21643835743988,25.53138595476183,0.4333333333333333,34.24916726171747,24.78055696106611,DET
