player,player_id,year,player_age,pa,home_run,k_percent,bb_percent,batting_avg,b_rbi,b_total_bases,xba,xslg,woba,xwoba,wobadiff,blasts_contact,ideal_angle_rate,exit_velocity_avg,launch_angle_avg,sweet_spot_percent,barrel,barrel_batted_rate,solidcontact_percent,poorlyweak_percent,hard_hit_percent,avg_best_speed,avg_hyper_speed,z_swing_percent,oz_swing_percent,out_zone_swing,out_zone_percent,iz_contact_percent,in_zone_percent,whiff_percent,swing_percent,pull_percent,flyballs_percent,Team,xwOBA_vs_R,xwOBA_vs_L,xwOBA_L14,PA_L14,Batting
Chase Meidroth,805367,2026,24,643,16,21.9,9.5,0.276,63,233,0.239,0.348,0.339,0.301,0.038,8.2,60.2,87.2,8.5,34.1,20,4.6,5.1,6.5,34.6,97.389329665,92.822576483,55.5,28.9,389,50.8,86.1,49.2,19.7,42.0,41.0,21.7,CWS,0.301,0.301,0.301,643,0
Jesus Rodriguez,683679,2026,24,58,2,13.8,8.6,0.235,8,21,0.267,0.355,0.322,0.315,0.007,8.1,45.4,86.5,9.3,34.1,1,2.3,2.3,4.5,29.5,96.343527619,92.17301619,73.2,34.8,39,53.6,81.7,46.4,24.5,52.6,36.4,25.0,TBD,0.315,0.315,0.315,58,0
Dansby Swanson,621020,2026,32,482,19,23.4,10.4,0.214,69,170,0.22,0.381,0.307,0.302,0.005,14.0,54.5,89.4,15.6,29.0,23,7.3,8.2,3.2,40.7,99.368358981,93.952908694,70.9,26.5,260,52.5,80.1,47.5,30.3,47.6,50.2,30.0,CHC,0.302,0.302,0.302,482,0
Sebastián Rivero,665861,2026,27,56,0,19.6,5.4,0.25,8,15,0.261,0.304,0.262,0.272,-0.01,5.5,44.6,82.0,19.2,26.2,0,0.0,4.8,9.5,14.3,93.130049048,91.015841951,74.3,44.7,55,53.0,81.5,47.0,25.7,58.6,35.7,21.4,TBD,0.272,0.272,0.272,56,0
Nolan Schanuel,694384,2026,24,446,7,13.0,9.4,0.276,49,151,0.286,0.389,0.328,0.335,-0.007,9.1,50.1,87.4,12.2,36.5,8,2.4,5.3,2.9,32.9,97.253987337,92.679381893,62.4,27.2,233,51.0,90.6,49.0,16.4,44.5,42.1,21.5,TBD,0.335,0.335,0.335,446,0
Alec Bohm,664761,2026,29,625,15,14.1,7.4,0.25,88,217,0.265,0.413,0.308,0.327,-0.019,16.0,45.7,90.6,8.6,33.8,29,6.0,7.7,1.9,43.8,100.312855851,94.547896008,66.4,26.0,301,50.4,88.7,49.6,16.5,46.1,28.8,23.2,PHI,0.327,0.327,0.327,625,0
Jorge Barrosa,678489,2026,25,173,2,26.6,9.8,0.194,12,48,0.165,0.252,0.279,0.24,0.039,4.7,53.8,87.1,18.7,33.3,5,4.6,5.6,17.6,24.1,95.754751556,91.906715556,61.1,29.4,118,54.3,81.2,45.7,26.8,43.9,44.4,30.6,HOU,0.24,0.24,0.24,173,0
Heston Kjerstad,677008,2026,27,19,0,47.4,0.0,0.211,2,5,0.217,0.249,0.207,0.205,0.002,5.6,42.4,82.5,13.0,40.0,0,0.0,0.0,0.0,20.0,89.18833,89.615202,71.9,42.4,14,50.8,78.3,49.2,43.2,56.9,30.0,20.0,BAL,0.205,0.205,0.205,19,0
Bryson Stott,681082,2026,28,604,10,16.6,10.1,0.251,66,206,0.266,0.4,0.321,0.329,-0.008,13.0,55.6,89.3,14.2,35.0,26,5.9,6.6,3.6,37.3,98.654084725,93.504662897,54.7,30.1,395,52.4,88.4,47.6,18.8,41.8,36.1,27.0,PHI,0.329,0.329,0.329,604,0
Wilyer Abreu,677800,2026,27,677,24,20.7,10.3,0.249,76,266,0.253,0.47,0.336,0.347,-0.011,15.5,50.9,89.8,19.0,36.1,58,12.6,6.7,3.7,43.5,100.876206783,94.727459696,67.8,29.8,437,53.6,82.3,46.4,24.6,47.5,35.7,35.9,BOS,0.347,0.347,0.347,677,0
Spencer Jones,682987,2026,25,289,11,36.3,8.7,0.245,40,112,0.238,0.455,0.323,0.328,-0.005,15.1,43.6,94.1,20.6,43.9,25,15.9,9.6,1.3,55.1,104.238740633,97.083013248,77.0,35.3,246,56.8,73.0,43.2,38.7,53.2,35.0,39.5,NYY,0.328,0.328,0.328,289,0
Matt Olson,621566,2026,32,696,41,24.4,9.2,0.252,91,313,0.247,0.503,0.352,0.351,0.001,19.6,48.9,92.5,18.0,32.0,65,14.2,10.5,3.3,51.9,103.620535721,96.5404231,66.7,27.9,415,51.3,80.8,48.7,25.4,46.8,37.9,35.3,ATL,0.351,0.351,0.351,696,0
Connor Wong,657136,2026,30,237,4,24.1,7.2,0.234,25,73,0.22,0.328,0.296,0.282,0.014,12.4,48.9,86.0,12.7,24.8,7,4.5,4.5,8.9,35.0,99.160801333,93.582785067,64.9,31.8,147,51.4,86.9,48.6,24.7,47.9,41.4,24.8,BOS,0.282,0.282,0.282,237,0
Aramis Garcia,605244,2026,33,19,1,31.6,0.0,0.158,2,6,0.198,0.415,0.202,0.259,-0.057,15.0,77.4,86.1,16.6,30.8,1,7.7,15.4,7.7,30.8,96.168334286,92.452836923,67.7,39.4,13,51.6,76.2,48.4,35.3,53.1,46.2,46.2,TBD,0.259,0.259,0.259,19,0
Sterlin Thompson,694514,2026,25,77,2,27.3,6.5,0.232,10,26,0.219,0.357,0.308,0.295,0.013,12.2,40.0,86.6,8.0,31.3,3,6.3,14.6,4.2,43.8,100.340930417,94.17716,75.5,29.5,51,55.4,81.9,44.6,30.1,50.0,43.8,25.0,TBD,0.295,0.295,0.295,77,0
Mike Trout,545361,2026,34,634,22,26.0,16.9,0.242,54,216,0.255,0.487,0.354,0.381,-0.027,16.3,42.2,90.1,17.4,38.0,56,16.0,8.6,4.9,46.3,102.780727771,95.785464011,62.0,20.7,301,53.6,84.2,46.4,25.6,39.8,36.0,31.4,LAA,0.381,0.381,0.381,634,0
Andy Ibáñez,628451,2026,33,26,0,11.5,3.8,0.087,5,2,0.152,0.205,0.095,0.164,-0.069,5.3,53.2,86.3,13.6,22.7,0,0.0,4.5,4.5,18.2,94.855231818,91.427615909,77.3,51.4,18,44.3,85.3,55.7,19.2,65.8,54.5,50.0,TBD,0.164,0.164,0.164,26,0
Justin Crawford,702222,2026,22,461,3,17.8,5.9,0.264,41,148,0.256,0.328,0.294,0.284,0.01,11.5,39.3,87.1,1.0,28.7,7,2.0,4.6,6.6,35.2,98.078971617,93.096790871,69.2,37.6,316,50.3,88.0,49.7,17.9,53.3,28.7,16.3,PHI,0.284,0.284,0.284,461,0
Brice Turang,668930,2026,26,676,21,25.3,13.3,0.268,97,257,0.254,0.428,0.359,0.344,0.015,13.7,48.9,90.2,8.9,38.6,32,7.8,9.2,4.1,41.5,100.318934925,94.585293234,62.4,24.8,363,51.0,82.8,49.0,23.3,43.2,29.0,22.7,MIL,0.344,0.344,0.344,676,0
Jeff McNeil,643446,2026,34,516,9,11.4,6.0,0.266,59,176,0.271,0.359,0.304,0.3,0.004,6.1,39.2,86.3,14.1,37.9,7,1.7,2.9,6.0,29.8,96.226013828,92.138716196,84.0,36.0,331,51.6,91.2,48.4,15.8,59.1,41.2,21.9,OAK,0.3,0.3,0.3,516,0
Zack Gelof,680869,2026,26,431,22,24.1,7.2,0.259,54,185,0.239,0.442,0.349,0.326,0.023,14.9,62.2,89.7,16.1,29.4,31,10.8,6.2,5.5,42.9,100.110326643,94.352585321,67.4,25.1,206,49.0,76.0,51.0,28.9,46.6,39.4,30.4,OAK,0.326,0.326,0.326,431,0
Hyeseong Kim,808975,2026,27,131,1,23.7,9.2,0.259,11,38,0.261,0.341,0.293,0.304,-0.011,7.2,39.2,85.8,9.1,42.5,3,3.4,2.3,3.4,25.3,95.588878636,91.838053563,64.5,29.2,73,48.5,87.1,51.5,27.0,47.4,32.2,19.5,TBD,0.304,0.304,0.304,131,0
Julio Rodríguez,677594,2026,25,649,22,22.2,7.2,0.249,71,239,0.266,0.442,0.313,0.336,-0.023,17.9,50.1,90.3,12.7,31.7,40,8.9,7.3,4.0,44.1,102.3967876,95.564433133,68.7,38.5,517,55.7,85.1,44.3,26.5,51.9,39.2,25.5,SEA,0.336,0.336,0.336,649,0
Jake Meyers,676694,2026,30,153,3,20.3,6.5,0.213,11,46,0.205,0.316,0.265,0.256,0.009,6.7,50.8,85.4,15.4,25.2,7,6.3,2.7,1.8,27.9,95.71614,91.922291171,72.7,32.6,91,51.1,87.6,48.9,21.8,52.2,38.7,28.8,TBD,0.256,0.256,0.256,153,0
Carson Kelly,608348,2026,31,425,10,16.5,9.4,0.258,58,143,0.244,0.372,0.32,0.311,0.009,12.4,48.8,86.7,13.3,31.6,16,5.2,4.5,5.2,36.1,98.238746516,93.170265419,67.2,25.2,215,51.9,89.7,48.1,19.8,45.4,39.4,24.2,CHC,0.311,0.311,0.311,425,0
Cooper Ingle,694876,2026,24,24,0,50.0,12.5,0.095,2,2,0.106,0.127,0.161,0.175,-0.014,3.0,39.0,90.9,1.1,22.2,0,0.0,0.0,0.0,44.4,97.400354,93.632393333,60.4,26.9,14,49.5,87.5,50.5,21.7,43.8,55.6,11.1,TBD,0.175,0.175,0.175,24,0
Michael Busch,683737,2026,28,707,20,23.3,13.0,0.243,77,236,0.233,0.402,0.334,0.332,0.002,13.8,49.5,88.4,15.7,34.3,40,9.2,7.1,4.3,39.8,98.881320459,93.615550621,64.5,25.1,368,52.5,84.0,47.5,25.6,43.8,39.6,34.6,CHC,0.332,0.332,0.332,707,0
Pedro Ramírez,699393,2026,22,261,6,18.4,7.7,0.257,32,95,0.243,0.344,0.312,0.284,0.028,15.9,43.8,88.9,13.2,30.2,8,4.2,4.7,2.1,39.1,99.455335729,93.899426649,68.7,32.6,163,51.4,88.6,48.6,20.5,50.2,41.1,23.4,CHC,0.284,0.284,0.284,261,0
JJ Bleday,668709,2026,28,541,24,22.2,13.3,0.214,57,187,0.239,0.42,0.325,0.339,-0.014,13.7,54.0,88.4,23.2,39.1,33,9.6,9.0,3.5,40.1,99.817016959,94.083242258,69.9,23.0,248,50.7,82.0,49.3,26.5,46.2,46.7,33.6,CIN,0.339,0.339,0.339,541,0
Christian Koss,683766,2026,28,217,4,25.8,4.1,0.221,12,62,0.21,0.284,0.256,0.239,0.017,10.2,57.3,84.0,10.6,29.3,6,4.1,2.7,15.3,26.7,96.280178841,92.151438406,71.0,39.2,157,53.5,80.2,46.5,29.5,53.9,40.7,18.0,SF,0.239,0.239,0.239,217,0
Everson Pereira,677592,2026,25,111,5,33.3,5.4,0.235,12,43,0.205,0.4,0.327,0.299,0.028,15.9,66.8,88.5,9.7,39.7,8,12.7,6.3,6.3,41.3,100.122989677,94.214766452,73.6,37.4,83,55.0,78.4,45.0,37.8,53.7,36.5,23.8,TBD,0.299,0.299,0.299,111,0
Matthew Lugo,683090,2026,25,15,0,40.0,6.7,0.143,0,2,0.089,0.104,0.165,0.125,0.04,6.3,50.0,83.9,21.5,12.5,0,0.0,0.0,0.0,12.5,91.132795,89.9284025,76.2,40.0,14,62.5,75.0,37.5,46.7,53.6,50.0,12.5,KC,0.125,0.125,0.125,15,0
Isiah Kiner-Falefa,643396,2026,31,183,2,14.8,10.4,0.242,16,50,0.256,0.319,0.29,0.297,-0.007,8.2,40.2,82.5,7.6,32.8,3,2.2,2.9,11.7,25.5,94.66774,91.634413462,66.2,31.8,113,53.5,91.2,46.5,17.7,47.8,39.4,16.1,BOS,0.297,0.297,0.297,183,0
Brett Sullivan,664954,2026,32,237,7,16.9,5.5,0.225,33,85,0.235,0.354,0.286,0.281,0.005,9.0,58.8,86.9,20.5,32.2,7,3.8,7.7,6.0,33.3,96.916041111,92.519100782,69.3,33.3,135,48.9,88.1,51.1,17.5,51.7,50.8,27.3,COL,0.281,0.281,0.281,237,0
Nathaniel Lowe,663993,2026,30,425,17,23.3,8.9,0.252,60,167,0.267,0.437,0.33,0.335,-0.005,15.4,54.9,89.6,14.8,39.5,24,8.5,7.0,3.5,41.6,101.096888298,94.758008505,65.3,27.3,243,50.7,87.1,49.3,21.9,46.1,36.0,25.9,CLE,0.335,0.335,0.335,425,0
Graham Pauley,688363,2026,25,150,4,24.7,5.3,0.21,25,52,0.192,0.312,0.276,0.244,0.032,9.3,53.8,84.9,18.6,34.6,7,6.7,2.9,6.7,26.0,96.194966078,92.101302745,66.7,31.1,100,52.8,85.9,47.2,22.9,47.9,54.8,29.8,MIA,0.244,0.244,0.244,150,0
Mauricio Dubón,643289,2026,31,615,11,11.9,5.7,0.275,71,223,0.267,0.373,0.314,0.303,0.011,7.9,38.4,86.4,15.9,36.4,19,3.8,4.8,3.8,29.3,96.506413563,92.258215405,72.3,37.7,460,54.1,89.9,45.9,15.4,53.6,31.2,25.6,ATL,0.303,0.303,0.303,615,0
Sal Stewart,701398,2026,22,696,32,22.3,9.1,0.265,111,284,0.257,0.467,0.341,0.344,-0.003,15.6,54.7,90.4,12.7,35.4,57,12.3,7.0,2.3,41.6,100.825005129,94.794541469,68.9,32.0,459,52.7,78.7,47.3,27.1,49.4,32.1,27.8,CIN,0.344,0.344,0.344,696,0
Amed Rosario,642708,2026,30,244,10,23.4,5.7,0.238,34,92,0.25,0.424,0.297,0.309,-0.012,16.6,50.0,90.2,11.5,34.7,18,10.4,5.8,2.9,39.3,101.20099,94.834235434,72.2,40.8,193,53.8,82.7,46.3,26.7,55.3,36.4,25.4,NYY,0.309,0.309,0.309,244,0
Brayan Rocchio,677587,2026,25,592,15,14.4,6.4,0.253,71,199,0.246,0.35,0.312,0.294,0.018,9.0,50.2,87.0,13.8,34.9,13,2.9,5.7,5.5,30.0,96.81810991,92.455591951,68.9,33.2,395,53.0,86.7,47.0,22.1,50.0,43.2,25.5,CLE,0.294,0.294,0.294,592,0
Jackson Holliday,702616,2026,22,354,7,23.7,9.6,0.229,30,107,0.236,0.352,0.284,0.293,-0.009,11.6,53.6,87.0,12.5,36.4,15,6.4,5.1,4.7,33.1,97.252535641,92.656907564,64.3,26.8,185,51.5,81.8,48.5,26.9,45.0,33.9,24.2,TBD,0.293,0.293,0.293,354,0
Otto Kemp,805249,2026,26,27,0,37.0,3.7,0.08,0,2,0.162,0.221,0.119,0.205,-0.086,3.1,40.4,81.5,27.0,33.3,0,0.0,6.7,6.7,13.3,89.912855,89.894159333,67.3,33.8,23,56.7,82.9,43.3,37.9,48.3,13.3,33.3,TBD,0.205,0.205,0.205,27,0
Angel Genao,694197,2026,22,135,2,15.6,8.1,0.211,6,36,0.239,0.335,0.262,0.288,-0.026,14.8,41.5,90.6,-2.6,20.6,5,4.9,2.0,4.9,51.0,100.438330392,94.807043922,66.1,26.8,76,55.6,86.0,44.4,23.5,44.2,37.3,12.7,CLE,0.288,0.288,0.288,135,0
Nicky Lopez,670032,2026,31,268,1,16.4,4.5,0.268,24,71,0.247,0.298,0.285,0.27,0.015,4.3,59.2,84.7,3.1,28.3,0,0.0,2.9,11.2,22.4,94.415922766,91.211672181,70.5,34.2,165,49.2,86.6,50.8,18.4,52.6,28.8,15.1,TEX,0.27,0.27,0.27,268,0
Walker Jenkins,805805,2026,21,89,4,21.3,7.9,0.212,10,31,0.238,0.396,0.297,0.311,-0.014,10.1,55.0,86.5,15.3,29.0,5,8.1,4.8,4.8,27.4,96.655009032,92.399383279,72.0,25.1,42,50.9,81.9,49.1,24.7,48.2,38.7,27.4,MIN,0.311,0.311,0.311,89,0
Alex Jackson,656577,2026,30,73,1,32.9,2.7,0.304,5,28,0.187,0.258,0.332,0.222,0.11,7.9,55.0,86.1,8.9,24.4,1,2.2,8.9,15.6,33.3,98.4834205,93.24664175,72.7,41.0,57,51.3,81.3,48.7,30.1,56.3,44.4,24.4,TBD,0.222,0.222,0.222,73,0
JJ Wetherholt,802139,2026,23,619,17,16.8,10.3,0.242,51,196,0.255,0.435,0.318,0.347,-0.029,14.2,63.6,89.7,11.5,34.9,32,7.4,10.1,2.5,44.9,99.375158009,94.023919118,63.0,21.2,261,50.3,85.4,49.7,20.2,42.0,36.3,29.2,STL,0.347,0.347,0.347,619,0
Jorge Polanco,593871,2026,32,145,2,24.8,6.2,0.148,6,31,0.189,0.284,0.196,0.234,-0.038,10.6,52.0,86.0,14.3,31.0,4,4.0,9.0,7.0,31.0,97.0668138,92.589206263,61.9,30.1,90,53.0,85.4,47.0,24.0,45.0,47.0,24.0,TBD,0.234,0.234,0.234,145,0
Noelvi Marte,682622,2026,24,201,6,25.9,5.0,0.189,15,61,0.193,0.304,0.242,0.237,0.005,10.9,54.6,87.9,10.5,19.4,7,5.1,1.4,4.3,30.2,98.929259559,93.570955294,65.5,41.2,174,55.5,87.8,44.5,27.5,52.0,44.6,20.9,TBD,0.237,0.237,0.237,201,0
Coby Mayo,691723,2026,24,454,24,30.4,7.9,0.228,63,190,0.235,0.478,0.329,0.336,-0.007,16.5,48.2,91.3,19.0,34.5,37,13.5,9.1,5.1,47.3,103.504519203,96.350757345,63.5,31.3,312,53.1,83.4,46.9,29.6,46.4,50.9,35.3,BAL,0.336,0.336,0.336,454,0
Agustín Ramírez,682663,2026,24,251,5,23.9,10.4,0.239,24,79,0.228,0.322,0.305,0.287,0.018,14.9,54.1,89.9,6.8,27.0,7,4.3,6.7,3.7,41.1,102.140472317,95.262292761,70.0,29.5,154,52.5,79.5,47.5,29.5,48.7,44.2,16.0,MIA,0.287,0.287,0.287,251,0
Will Smith,669257,2026,31,276,10,16.3,12.3,0.26,34,99,0.279,0.502,0.345,0.389,-0.044,13.9,65.7,89.1,20.1,43.3,24,12.4,8.2,2.6,41.2,99.794320103,94.064249742,62.9,20.9,125,50.8,87.9,49.2,16.7,41.6,29.9,40.2,LAD,0.389,0.389,0.389,276,0
DaShawn Keirsey Jr.,680577,2026,29,1,0,0.0,0.0,1.0,0,1,0.983,1.111,0.89,0.917,-0.027,0.0,100.0,87.8,15.3,100.0,0,0.0,0.0,0.0,0.0,87.77786,88.0,,100.0,1,100.0,,0.0,0.0,100.0,0.0,0.0,ATL,0.917,0.917,0.917,1,0
Lane Thomas,657041,2026,30,374,11,24.9,11.8,0.224,40,125,0.238,0.365,0.313,0.311,0.002,13.5,59.1,89.3,17.4,36.2,15,6.4,6.0,5.1,40.9,99.948774746,94.29288566,62.7,20.6,161,50.9,84.1,49.1,22.9,41.3,44.7,24.3,TBD,0.311,0.311,0.311,374,0
Danny Jansen,643376,2026,31,224,7,24.6,8.0,0.201,23,66,0.186,0.309,0.295,0.268,0.027,9.1,60.0,87.6,22.4,23.1,9,6.3,3.5,4.2,33.6,97.445882286,92.790613094,66.3,22.6,97,49.0,82.5,51.0,25.9,44.9,55.2,30.1,TEX,0.268,0.268,0.268,224,0
Alejandro Kirk,672386,2026,27,313,10,12.1,10.5,0.278,43,115,0.263,0.368,0.333,0.308,0.025,16.4,51.3,88.0,7.9,32.6,9,3.7,5.0,5.4,38.8,99.504610744,93.893597884,58.3,29.1,177,50.4,90.3,49.6,15.8,43.5,24.0,18.6,TOR,0.308,0.308,0.308,313,0
Dominic Canzone,686527,2026,28,528,23,20.8,8.9,0.264,77,228,0.274,0.492,0.354,0.359,-0.005,21.1,54.6,91.1,10.7,35.8,45,12.3,6.0,2.7,44.8,102.358481585,95.617127268,61.8,34.7,369,53.6,83.3,46.4,26.8,47.3,39.3,27.6,SEA,0.359,0.359,0.359,528,0
Brian Navarreto,640459,2026,31,58,1,34.5,3.4,0.14,3,13,0.128,0.193,0.207,0.178,0.029,9.9,58.3,85.4,12.3,23.5,2,5.9,2.9,14.7,23.5,96.551557333,92.340743,70.0,38.7,48,53.0,80.5,47.0,32.8,53.4,52.9,20.6,MIA,0.178,0.178,0.178,58,0
Hunter Feduccia,676439,2026,29,246,3,24.0,11.0,0.225,19,68,0.24,0.371,0.289,0.313,-0.024,12.1,52.6,89.3,14.8,36.5,12,7.5,6.3,7.5,38.0,99.144368553,93.741564408,61.9,24.6,131,53.4,85.8,46.6,22.1,42.1,32.7,31.4,LAD,0.313,0.313,0.313,246,0
Casey Schmitt,669477,2026,27,409,21,19.8,2.7,0.271,55,187,0.288,0.512,0.336,0.355,-0.019,17.4,48.6,89.9,21.6,39.4,38,12.3,5.8,2.6,44.8,100.777605742,94.749369773,71.5,36.5,264,50.0,89.3,50.0,21.4,53.8,39.0,34.5,TBD,0.355,0.355,0.355,409,0
Emmanuel Rodriguez,691181,2026,23,48,2,33.3,6.3,0.178,5,18,0.251,0.534,0.271,0.354,-0.083,14.0,53.8,90.6,13.2,44.8,6,20.7,6.9,3.4,48.3,101.789318667,95.307387931,64.8,33.3,30,50.6,80.7,49.4,33.3,48.9,44.8,31.0,MIN,0.354,0.354,0.354,48,0
Nick Yorke,694377,2026,24,117,1,22.2,7.7,0.212,12,29,0.235,0.335,0.258,0.289,-0.031,14.2,36.4,88.1,7.8,27.5,4,5.0,6.3,5.0,43.8,101.015123,94.760928354,68.8,31.8,78,52.9,83.3,47.1,25.0,49.2,31.3,26.3,TBD,0.289,0.289,0.289,117,0
Andrew Velazquez,623205,2026,31,15,0,13.3,0.0,0.067,0,1,0.167,0.2,0.059,0.16,-0.101,0.0,47.4,84.4,19.2,30.8,0,0.0,0.0,30.8,23.1,95.175448,91.762572,70.8,52.4,11,46.7,100.0,53.3,14.3,62.2,38.5,15.4,TBD,0.16,0.16,0.16,15,0
Ryan Waldschmidt,814439,2026,23,284,3,29.9,7.7,0.256,22,92,0.236,0.356,0.309,0.297,0.012,11.3,42.4,86.6,15.8,45.6,11,6.5,5.3,3.5,29.8,97.453410241,92.72670512,62.2,25.0,139,50.0,80.7,50.0,31.7,43.6,38.0,27.5,ARI,0.297,0.297,0.297,284,0
Jim Jarvis,805347,2026,25,124,1,18.5,6.5,0.207,11,33,0.234,0.304,0.254,0.268,-0.014,13.5,45.2,89.0,3.4,27.2,3,3.3,0.0,5.4,37.0,98.895795,93.590665909,61.9,28.0,67,52.3,89.6,47.7,18.8,44.2,27.2,18.5,TBD,0.268,0.268,0.268,124,0
Victor Mederos,682989,2026,25,1,0,0.0,0.0,1.0,2,1,0.583,0.664,0.89,0.543,0.347,50.0,50.0,103.7,4.8,0.0,0,0.0,0.0,0.0,100.0,103.72718,103.72718,66.7,,0,0.0,100.0,100.0,0.0,66.7,100.0,0.0,ATL,0.543,0.543,0.543,1,0
Jordan Walker,691023,2026,24,663,29,26.1,7.5,0.271,101,283,0.263,0.463,0.346,0.34,0.006,21.8,48.4,92.7,11.7,32.3,58,13.3,5.3,2.8,50.0,104.865571697,96.883113463,71.1,35.9,463,54.1,78.7,45.9,32.3,52.1,38.8,24.3,STL,0.34,0.34,0.34,663,0
Travis Bazzana,683953,2026,23,513,15,20.9,10.9,0.247,57,177,0.226,0.35,0.33,0.301,0.029,9.9,49.9,87.8,15.2,30.0,18,5.2,6.4,6.1,36.7,98.375730765,93.369689882,65.7,27.0,287,51.7,86.1,48.3,23.5,45.7,39.1,28.6,CLE,0.301,0.301,0.301,513,0
Joey Loperfido,694388,2026,27,121,1,26.4,11.6,0.214,12,34,0.229,0.334,0.287,0.294,-0.007,9.2,40.4,89.0,11.9,32.9,5,6.8,2.7,4.1,35.6,98.647922778,93.55777,68.6,29.8,72,50.6,76.5,49.4,31.6,49.0,27.4,26.0,TBD,0.294,0.294,0.294,121,0
Kyle Schwarber,656941,2026,33,696,45,31.5,14.9,0.231,95,289,0.235,0.486,0.367,0.363,0.004,16.7,67.3,92.3,20.2,37.4,56,15.4,10.7,2.5,49.2,103.355917692,96.246500826,66.4,26.2,428,55.0,77.4,45.0,33.2,44.3,53.8,32.1,PHI,0.363,0.363,0.363,696,0
Ben Williamson,810938,2026,25,284,3,19.0,7.7,0.239,26,83,0.247,0.326,0.282,0.287,-0.005,12.9,35.0,87.2,2.9,31.1,4,2.0,5.3,5.3,32.5,97.852945149,92.96844204,55.2,31.8,183,52.3,90.0,47.7,17.7,42.9,27.7,13.1,TB,0.287,0.287,0.287,284,0
Oswaldo Cabrera,665828,2026,27,22,0,40.9,0.0,0.1,0,3,0.123,0.141,0.108,0.115,-0.007,0.0,50.0,83.1,-5.6,7.7,0,0.0,0.0,23.1,23.1,93.750115,91.136426364,78.3,34.1,14,47.1,80.6,52.9,24.0,57.5,30.8,7.7,CIN,0.115,0.115,0.115,22,0
Freddy Fermin,666023,2026,31,261,4,21.1,8.0,0.197,21,70,0.211,0.316,0.26,0.271,-0.011,9.1,54.0,87.5,15.1,35.0,7,3.9,7.8,6.1,29.4,96.953946667,92.610096034,71.4,34.1,182,53.0,85.2,47.0,26.8,51.6,38.3,27.8,SD,0.271,0.271,0.271,261,0
Romy Gonzalez,663853,2026,29,73,1,28.8,6.8,0.185,7,20,0.231,0.335,0.259,0.289,-0.03,15.9,42.6,87.6,3.9,31.1,2,4.4,8.9,4.4,37.8,100.275229545,94.17205,75.2,32.9,51,53.8,76.0,46.2,33.8,52.4,20.0,20.0,TBD,0.289,0.289,0.289,73,0
Endy Rodríguez,682848,2026,26,159,7,25.8,14.5,0.267,20,63,0.245,0.403,0.37,0.338,0.032,14.7,47.2,92.4,19.1,37.2,10,10.6,5.3,1.1,46.8,100.7717,95.060794946,64.4,26.1,82,51.3,85.4,48.7,25.9,44.8,45.7,33.0,TBD,0.338,0.338,0.338,159,0
Sam Antonacci,803011,2026,23,553,8,14.8,7.8,0.275,48,186,0.282,0.397,0.342,0.346,-0.004,9.2,47.2,87.5,9.8,37.5,20,5.0,5.0,3.5,33.6,97.511373636,92.852940557,62.9,21.8,235,49.8,90.2,50.2,14.7,42.5,32.0,21.8,CWS,0.346,0.346,0.346,553,0
Jonathan Aranda,666018,2026,28,666,22,24.3,10.4,0.273,92,250,0.254,0.438,0.347,0.343,0.004,14.1,52.9,91.0,14.4,38.9,42,9.9,8.0,2.1,45.9,100.537695708,94.730870142,66.2,29.0,404,52.5,81.9,47.5,22.5,46.7,30.0,31.4,TB,0.343,0.343,0.343,666,0
Jake Burger,669394,2026,30,616,28,26.8,9.1,0.23,89,230,0.228,0.422,0.318,0.316,0.002,19.2,59.5,90.1,13.9,29.2,48,12.3,7.2,4.3,45.5,102.450399026,95.552990463,67.0,35.5,451,54.9,80.1,45.1,34.1,49.7,44.0,29.2,TEX,0.316,0.316,0.316,616,0
Cole Young,702284,2026,22,634,17,17.2,6.6,0.245,65,217,0.259,0.391,0.306,0.315,-0.009,12.5,48.0,88.3,13.6,33.0,24,5.1,6.8,3.2,37.7,99.083510598,93.648177244,66.7,30.7,380,51.3,85.7,48.7,19.7,48.2,41.9,26.4,SEA,0.315,0.315,0.315,634,0
Elias Díaz,553869,2026,35,236,7,24.6,3.8,0.23,34,84,0.214,0.347,0.279,0.264,0.015,14.8,55.4,88.4,15.7,32.3,15,9.0,7.8,8.4,40.1,100.807890123,94.525936522,72.7,37.9,182,51.3,81.0,48.7,28.3,54.9,37.7,26.3,TEX,0.264,0.264,0.264,236,0
Andrés Giménez,665926,2026,27,505,9,18.6,3.4,0.245,58,167,0.237,0.333,0.286,0.275,0.011,6.7,50.6,85.4,13.0,30.1,13,3.4,5.5,6.3,24.8,95.843330652,91.921944701,73.4,43.9,426,52.2,84.8,47.8,24.3,58.0,39.8,23.2,TOR,0.275,0.275,0.275,505,0
Mookie Betts,605141,2026,33,526,23,10.6,8.9,0.258,68,213,0.279,0.437,0.34,0.341,-0.001,14.3,57.0,90.2,17.9,40.4,33,7.8,4.8,1.9,38.0,98.722352796,93.725941924,61.5,20.2,192,49.1,94.9,50.9,12.3,41.2,40.1,32.8,LAD,0.341,0.341,0.341,526,0
Ryan Mountcastle,663624,2026,29,15,0,13.3,6.7,0.286,1,5,0.279,0.348,0.309,0.301,0.008,13.3,56.3,90.0,8.8,33.3,0,0.0,16.7,0.0,41.7,103.053788333,95.526894167,84.0,44.8,13,53.7,100.0,46.3,8.8,63.0,25.0,16.7,TBD,0.301,0.301,0.301,15,0
Luke Keaschall,807712,2026,23,615,10,14.1,9.3,0.283,52,210,0.251,0.369,0.347,0.32,0.027,8.1,49.8,85.4,17.9,35.2,17,3.8,5.6,8.2,29.2,96.610734706,92.309919864,63.5,22.9,268,51.1,89.9,48.9,17.0,42.8,39.0,29.6,MIN,0.32,0.32,0.32,615,0
Munetaka Murakami,808959,2026,26,549,35,35.5,16.8,0.207,77,215,0.202,0.465,0.356,0.349,0.007,22.6,44.6,93.9,16.0,30.1,52,20.3,6.6,3.1,56.6,104.446589606,97.331589921,61.7,22.1,284,53.5,66.7,46.5,42.3,40.5,46.5,38.3,CWS,0.349,0.349,0.349,549,0
Brenton Doyle,686668,2026,28,219,5,32.9,5.5,0.233,13,68,0.204,0.303,0.276,0.244,0.032,13.4,58.5,89.0,8.5,26.7,9,6.8,5.9,5.9,35.6,99.491902769,93.930677442,73.5,35.1,133,49.9,82.9,50.1,32.0,54.3,36.3,24.4,CWS,0.244,0.244,0.244,219,0
Jose Altuve,514888,2026,36,568,16,19.9,7.2,0.25,47,204,0.224,0.325,0.309,0.271,0.038,8.8,55.0,85.7,10.9,32.1,17,4.2,5.8,8.0,31.6,96.9114455,92.480343133,64.0,37.1,414,55.3,86.8,44.7,22.0,49.2,42.8,21.9,HOU,0.271,0.271,0.271,568,0
Raynel Delgado,669384,2026,26,41,1,17.1,7.3,0.243,4,13,0.228,0.304,0.291,0.265,0.026,6.5,50.0,86.1,2.8,32.3,1,3.2,3.2,3.2,32.3,95.637686667,91.831865333,75.4,29.9,20,50.8,87.8,49.2,26.1,52.3,51.6,22.6,TBD,0.265,0.265,0.265,41,0
Andrew McCutchen,457705,2026,39,83,1,26.5,10.8,0.192,5,19,0.164,0.265,0.249,0.237,0.012,8.1,54.2,87.1,22.7,28.8,3,5.8,7.7,3.8,28.8,97.078163462,92.559219808,68.9,20.5,36,49.4,75.0,50.6,32.5,44.9,32.7,36.5,TBD,0.237,0.237,0.237,83,0
Ceddanne Rafaela,678882,2026,25,574,16,20.2,3.8,0.282,70,238,0.249,0.362,0.33,0.284,0.046,8.8,50.7,86.4,12.0,34.3,23,5.4,5.4,4.7,32.0,96.938008578,92.480510713,71.6,45.3,499,52.7,84.9,47.3,24.7,57.7,34.3,25.9,BOS,0.284,0.284,0.284,574,0
Collin Price,805672,2026,26,13,0,46.2,7.7,0.167,0,3,0.259,0.361,0.219,0.302,-0.083,11.1,24.0,93.0,17.6,33.3,0,0.0,16.7,0.0,50.0,99.28063,95.252535,68.0,32.1,9,52.8,58.8,47.2,61.5,49.1,33.3,33.3,TBD,0.302,0.302,0.302,13,0
Lenyn Sosa,672820,2026,26,117,1,21.4,0.9,0.195,9,32,0.222,0.345,0.214,0.249,-0.035,13.5,48.9,88.7,20.0,34.4,5,5.6,6.7,4.4,36.7,98.841732,93.512313708,64.8,50.0,130,59.2,89.7,40.8,21.5,56.0,38.9,25.6,TBD,0.249,0.249,0.249,117,0
Josh Smith,669701,2026,28,242,6,23.1,10.3,0.204,15,66,0.204,0.32,0.276,0.276,0.0,8.3,43.3,85.9,16.1,32.7,10,6.3,5.7,7.5,30.2,96.888717922,92.478037712,61.0,34.2,172,52.0,88.0,48.0,24.6,47.1,34.6,32.1,TOR,0.276,0.276,0.276,242,0
Aaron Sabato,693306,2026,27,6,0,50.0,0.0,0.0,0,0,0.088,0.165,0.0,0.106,-0.106,0.0,75.0,92.2,2.3,33.3,0,0.0,33.3,0.0,66.7,96.316665,93.544443333,84.6,22.2,2,40.9,81.8,59.1,23.1,59.1,33.3,33.3,MIN,0.106,0.106,0.106,6,0
TJ Friedl,670770,2026,30,272,4,23.2,8.1,0.172,13,61,0.191,0.268,0.236,0.25,-0.014,10.0,62.8,87.3,21.0,26.9,5,2.9,3.8,11.0,28.0,96.910295,92.496872453,63.0,24.1,124,51.0,86.9,49.0,25.0,43.2,39.6,25.3,TBD,0.25,0.25,0.25,272,0
Ketel Marte,606466,2026,32,620,22,13.9,8.2,0.249,75,239,0.276,0.455,0.324,0.345,-0.021,18.1,58.8,90.1,13.7,31.4,44,9.3,4.4,4.4,42.6,101.741103051,95.07366911,67.7,31.6,379,53.3,88.9,46.7,19.8,48.5,48.8,27.9,ARI,0.345,0.345,0.345,620,0
Garrett Stubbs,596117,2026,33,65,0,23.1,4.6,0.153,3,9,0.177,0.215,0.178,0.209,-0.031,2.3,47.2,85.3,12.1,20.0,0,0.0,4.4,6.7,24.4,94.776945909,91.467274651,70.1,38.0,49,54.7,89.3,45.3,21.0,52.5,28.9,26.7,PHI,0.209,0.209,0.209,65,0
Austin Hedges,595978,2026,33,245,6,18.0,10.2,0.249,25,81,0.226,0.317,0.316,0.283,0.033,10.5,60.9,85.8,12.5,26.9,8,4.6,2.3,8.6,32.6,97.504416353,92.752208176,64.4,25.5,121,51.4,86.2,48.6,23.8,44.4,47.4,22.9,CLE,0.283,0.283,0.283,245,0
Kyle Stowers,669065,2026,28,512,21,31.4,10.2,0.239,65,205,0.227,0.437,0.341,0.329,0.012,20.7,55.1,92.5,18.1,33.2,37,12.8,8.0,3.8,56.4,103.41265375,96.673495417,76.5,33.7,357,55.0,76.1,45.0,35.6,53.0,46.0,33.2,MIA,0.329,0.329,0.329,512,0
Carlos Jorge,699115,2026,22,46,1,28.3,8.7,0.19,1,12,0.22,0.312,0.256,0.27,-0.014,3.8,46.3,82.4,11.2,31.0,2,6.9,0.0,13.8,17.2,93.319636154,91.026734615,77.3,34.5,29,48.8,69.1,51.2,33.0,56.4,41.4,17.2,CIN,0.27,0.27,0.27,46,0
Dalton Rushing,687221,2026,25,251,12,29.5,9.2,0.248,36,103,0.251,0.428,0.347,0.338,0.009,17.9,54.2,89.5,18.6,36.2,18,12.1,6.0,6.7,44.3,101.946806486,95.147794354,69.8,30.3,150,52.4,76.4,47.6,31.9,49.1,45.6,27.5,LAD,0.338,0.338,0.338,251,0
Junior Perez,678577,2026,24,36,3,38.9,2.8,0.171,6,15,0.206,0.516,0.265,0.312,-0.047,20.0,53.1,91.0,21.3,33.3,3,14.3,19.0,4.8,52.4,101.582378182,95.601692381,71.2,28.8,19,47.5,73.1,52.5,39.4,51.1,28.6,33.3,TBD,0.312,0.312,0.312,36,0
Christian Walker,572233,2026,35,630,28,23.3,7.8,0.224,85,237,0.227,0.394,0.312,0.303,0.009,15.9,47.5,89.1,14.7,31.8,40,9.4,5.9,3.1,40.8,101.073666934,94.712385708,73.1,31.6,424,54.5,83.5,45.5,29.1,50.5,41.3,28.1,HOU,0.303,0.303,0.303,630,0
Ramón Urías,602104,2026,32,100,4,18.0,9.0,0.151,9,28,0.191,0.381,0.265,0.302,-0.037,12.3,76.7,88.5,17.9,27.5,7,10.1,5.8,2.9,34.8,98.388988857,93.362815362,71.1,25.8,47,50.3,81.3,49.7,23.4,48.3,31.9,36.2,TBD,0.302,0.302,0.302,100,0
Iván Herrera,671056,2026,26,713,19,19.2,10.5,0.243,69,231,0.248,0.386,0.33,0.334,-0.004,14.7,45.9,89.4,9.3,31.3,28,6.0,7.2,3.8,40.5,100.66316515,94.554132489,61.6,28.4,423,52.3,87.5,47.7,20.7,44.3,37.9,20.0,STL,0.334,0.334,0.334,713,0
David Hamilton,666152,2026,28,384,4,22.4,8.3,0.244,26,111,0.225,0.315,0.293,0.276,0.017,8.6,39.9,86.9,13.2,29.3,9,3.4,4.9,15.2,27.9,96.712895614,92.356447807,61.4,29.6,230,50.8,86.1,49.2,22.1,45.2,34.2,24.0,MIL,0.276,0.276,0.276,384,0
Ali Sánchez,645305,2026,29,92,1,27.2,1.1,0.244,8,26,0.239,0.306,0.258,0.256,0.002,9.9,60.4,83.7,17.7,36.5,2,3.2,1.6,11.1,28.6,95.22307129,91.77613623,65.6,34.6,53,49.4,84.5,50.6,21.8,50.3,38.1,17.5,NYY,0.256,0.256,0.256,92,0
Gunnar Henderson,683002,2026,25,702,24,22.2,9.5,0.226,60,252,0.246,0.401,0.314,0.322,-0.008,14.6,49.1,89.2,12.2,32.6,36,7.7,6.4,4.3,43.3,100.503316128,94.513387015,66.2,30.4,442,52.2,85.6,47.8,23.3,47.5,42.6,26.0,BAL,0.322,0.322,0.322,702,0
Justin Foscue,679822,2026,27,246,11,25.2,6.9,0.272,34,109,0.246,0.437,0.355,0.326,0.029,13.8,56.4,89.3,18.6,34.4,17,10.4,5.5,3.1,42.3,99.414065,93.940131963,62.6,27.6,130,47.4,86.5,52.6,20.4,46.0,44.8,31.3,TEX,0.326,0.326,0.326,246,0
Thomas Saggese,695336,2026,24,176,4,27.8,7.4,0.234,13,55,0.236,0.4,0.288,0.309,-0.021,14.9,40.7,90.7,12.0,37.5,11,9.9,9.8,5.4,42.9,100.817700179,95.013595405,67.7,35.6,129,51.8,78.9,48.2,28.0,51.1,29.5,27.7,STL,0.309,0.309,0.309,176,0
Cody Bellinger,641355,2026,30,562,17,15.8,10.5,0.264,73,213,0.271,0.411,0.336,0.335,0.001,12.9,61.6,89.2,17.6,38.2,27,6.6,5.1,2.4,37.8,98.486220194,93.510838881,64.9,30.3,327,51.4,86.8,48.6,20.0,47.1,45.2,30.2,NYY,0.335,0.335,0.335,562,0
Ronny Simon,682927,2026,26,66,1,16.7,6.1,0.262,4,22,0.263,0.377,0.297,0.303,-0.006,7.8,36.0,88.0,11.6,31.4,2,3.9,5.9,11.8,31.4,99.287033478,93.864419783,73.0,40.6,56,53.1,89.9,46.9,17.9,55.8,41.2,17.6,PIT,0.303,0.303,0.303,66,0
Shohei Ohtani,660271,2026,31,615,30,24.7,13.2,0.275,81,266,0.286,0.552,0.377,0.397,-0.02,21.1,49.5,93.3,12.4,38.3,61,16.4,6.7,1.6,52.0,103.740457135,96.717453432,66.0,30.1,383,54.2,77.2,45.8,31.8,46.5,47.7,30.6,LAD,0.397,0.397,0.397,615,0
Drew Romo,691011,2026,24,203,7,23.2,9.9,0.141,16,51,0.188,0.293,0.241,0.262,-0.021,9.0,48.8,84.3,18.1,26.3,8,6.0,3.8,8.3,26.3,95.388517077,91.793234806,72.1,34.5,140,55.7,82.4,44.3,30.3,51.2,38.3,30.1,CWS,0.262,0.262,0.262,203,0
Teoscar Hernández,606192,2026,33,488,16,27.7,8.6,0.269,64,186,0.257,0.438,0.335,0.333,0.002,17.6,54.3,90.3,13.9,33.6,33,10.8,4.9,3.3,45.3,101.607516601,95.134191013,67.1,31.2,322,53.3,77.0,46.7,32.7,48.0,34.9,28.7,LAD,0.333,0.333,0.333,488,0
Trevor Story,596115,2026,33,263,5,32.7,4.2,0.237,29,88,0.211,0.318,0.272,0.247,0.025,11.6,47.8,87.1,14.7,29.7,9,5.5,7.3,3.6,36.4,98.464448171,93.275765122,69.3,43.9,229,53.5,77.1,46.5,31.9,55.7,44.2,24.2,BOS,0.247,0.247,0.247,263,0
Yordan Alvarez,670541,2026,29,686,42,17.2,15.9,0.317,102,334,0.319,0.64,0.43,0.443,-0.013,22.0,43.4,94.4,18.9,40.3,72,16.1,12.5,1.1,53.9,104.915906161,97.262319441,62.2,29.0,427,56.4,89.4,43.6,19.8,43.5,41.4,37.6,HOU,0.443,0.443,0.443,686,0
Logan Porter,682515,2026,30,6,0,33.3,33.3,0.25,0,2,0.269,0.363,0.443,0.414,0.029,16.7,50.0,93.9,9.2,50.0,0,0.0,0.0,0.0,50.0,103.04363,95.521815,50.0,18.8,3,57.1,83.3,42.9,22.2,32.1,0.0,0.0,TBD,0.414,0.414,0.414,6,0
Bryan De La Cruz,650559,2026,29,86,2,20.9,8.1,0.28,12,31,0.24,0.346,0.336,0.299,0.037,10.9,42.4,88.8,3.3,32.2,3,5.1,1.7,5.1,40.7,99.112513,93.744663898,69.2,32.8,60,54.0,88.0,46.0,25.0,49.6,39.0,13.6,PHI,0.299,0.299,0.299,86,0
Oswald Peraza,672724,2026,26,366,7,29.8,4.6,0.226,25,113,0.225,0.332,0.276,0.274,0.002,11.6,46.5,87.6,9.2,32.2,14,6.1,3.0,7.0,36.1,99.404325089,93.747571345,74.0,38.4,284,52.9,82.5,47.1,30.4,55.2,34.8,20.4,LAA,0.274,0.274,0.274,366,0
Luke Raley,670042,2026,31,287,15,32.4,5.2,0.225,39,115,0.252,0.486,0.313,0.342,-0.029,18.4,59.2,90.8,15.1,40.1,27,15.7,4.1,5.8,47.1,102.124981786,95.507658563,76.7,34.6,205,53.7,71.7,46.3,40.9,54.1,45.9,29.1,TBD,0.342,0.342,0.342,287,0
Trey Mancini,641820,2026,34,14,0,21.4,0.0,0.308,4,6,0.241,0.322,0.305,0.282,0.023,16.0,58.6,90.5,4.8,9.1,2,18.2,0.0,0.0,45.5,99.866335,94.472546364,85.2,40.9,9,44.9,82.6,55.1,18.8,65.3,36.4,18.2,TBD,0.282,0.282,0.282,14,0
Salvador Perez,521692,2026,36,624,21,19.1,4.0,0.229,77,219,0.249,0.437,0.285,0.315,-0.03,14.6,56.9,89.2,15.3,35.3,49,10.5,5.8,3.0,42.6,100.382629185,94.384519204,72.5,44.6,606,58.2,86.1,41.8,25.1,56.3,40.2,30.1,KC,0.315,0.315,0.315,624,0
Edouard Julien,666397,2026,27,276,3,25.7,14.1,0.208,20,69,0.247,0.401,0.287,0.338,-0.051,14.7,38.7,90.8,7.7,42.4,12,7.3,8.5,4.8,49.7,100.290529512,94.870091768,62.8,18.6,105,49.6,84.4,50.4,23.7,40.9,37.0,20.0,TBD,0.338,0.338,0.338,276,0
Parker Meadows,678009,2026,26,39,0,25.6,5.1,0.25,2,12,0.212,0.277,0.288,0.25,0.038,3.8,44.8,85.3,13.3,30.8,1,3.8,3.8,0.0,19.2,94.482146154,91.241073077,64.9,27.9,24,52.8,88.0,47.2,20.3,45.4,30.8,23.1,TBD,0.25,0.25,0.25,39,0
Lourdes Gurriel Jr.,666971,2026,32,201,2,18.9,5.0,0.21,22,54,0.234,0.312,0.243,0.273,-0.03,9.3,50.4,87.3,14.9,31.8,7,4.6,5.3,4.6,33.8,97.317038289,92.728770066,68.0,40.5,163,55.3,88.2,44.7,24.2,52.8,39.1,21.9,TBD,0.273,0.273,0.273,201,0
Ronny Mauricio,677595,2026,25,58,3,32.8,1.7,0.196,3,13,0.2,0.386,0.26,0.264,-0.004,12.8,56.8,89.5,10.0,32.4,5,13.5,2.7,2.7,35.1,100.956726842,94.684934324,72.2,51.8,58,55.4,84.6,44.6,30.1,60.9,40.5,21.6,NYM,0.264,0.264,0.264,58,0
Miguel Vargas,678246,2026,26,704,33,17.9,14.3,0.25,93,279,0.263,0.496,0.363,0.378,-0.015,16.2,64.9,90.1,20.5,39.4,61,13.0,6.4,4.1,43.8,100.367790769,94.615853953,68.9,20.9,303,52.1,82.4,47.9,21.0,43.9,46.7,35.4,CWS,0.378,0.378,0.378,704,0
Yoán Moncada,660162,2026,31,130,3,34.6,13.1,0.189,10,33,0.169,0.286,0.281,0.269,0.012,13.7,36.4,90.3,15.8,33.3,5,7.7,7.6,1.5,40.9,100.980665625,94.815858438,56.7,21.1,58,49.8,82.2,50.2,28.8,38.9,39.4,36.4,TBD,0.269,0.269,0.269,130,0
Josue De Paula,800543,2026,21,42,1,11.9,26.2,0.323,7,18,0.311,0.496,0.466,0.437,0.029,11.1,49.1,89.2,9.8,46.2,3,11.5,3.8,0.0,46.2,99.056430769,93.653655385,61.6,18.6,18,57.1,88.9,42.9,19.0,37.1,46.2,23.1,TBD,0.437,0.437,0.437,42,0
Nolan Gorman,669357,2026,26,298,9,31.9,11.1,0.187,33,82,0.196,0.356,0.263,0.281,-0.018,15.2,46.9,89.5,21.6,35.3,17,10.0,6.5,2.9,42.4,100.770028353,94.541718882,68.5,31.4,205,53.0,74.0,47.0,37.4,48.9,45.9,37.6,STL,0.281,0.281,0.281,298,0
Kevin McGonigle,805808,2026,21,704,17,14.1,13.5,0.276,70,254,0.264,0.444,0.355,0.355,0.0,12.3,49.9,87.8,19.5,36.5,36,7.1,8.7,4.7,37.5,98.445477154,93.399221838,67.1,19.5,279,50.9,88.9,49.1,16.2,42.8,37.3,35.5,DET,0.355,0.355,0.355,704,0
Alex Call,669743,2026,31,193,1,18.1,11.9,0.23,19,48,0.2,0.254,0.302,0.274,0.028,3.1,43.1,83.3,15.3,27.3,2,1.6,0.8,7.0,15.6,92.591885625,90.485118583,61.1,24.2,103,50.5,89.4,49.5,17.4,42.4,35.9,24.2,LAD,0.274,0.274,0.274,193,0
Carson Williams,700246,2026,23,40,1,32.5,5.0,0.108,6,8,0.166,0.28,0.166,0.217,-0.051,5.9,54.9,84.5,28.1,24.0,1,4.0,8.0,16.0,24.0,96.623833333,92.3721375,76.8,39.7,29,51.4,77.4,48.6,32.9,57.7,24.0,32.0,TBD,0.217,0.217,0.217,40,0
Miles Mikolas,571945,2026,37,1,0,0.0,0.0,,1,0,,,,,,,,,,0.0,0,0.0,0.0,100.0,0.0,,,100.0,50.0,1,66.7,100.0,33.3,0.0,66.7,0.0,0.0,TBD,,,,1,0
Ryan Vilade,668723,2026,27,276,11,23.6,9.4,0.247,41,104,0.253,0.424,0.329,0.329,0.0,15.4,38.6,89.3,16.7,29.7,13,7.2,5.5,6.0,40.3,101.56719618,94.999955955,70.8,27.3,152,51.0,83.1,49.0,23.7,48.7,35.2,29.1,TB,0.329,0.329,0.329,276,0
Samuel Basallo,694212,2026,21,399,18,26.6,8.0,0.222,54,146,0.234,0.439,0.303,0.318,-0.015,18.2,53.0,90.4,11.4,30.7,31,12.1,5.4,4.7,42.8,102.043554531,95.284916523,69.8,39.9,328,56.6,79.1,43.4,31.5,52.9,43.6,27.6,TBD,0.318,0.318,0.318,399,0
Scott Bandura,814154,2026,24,27,0,59.3,3.7,0.192,0,6,0.111,0.139,0.205,0.131,0.074,3.4,52.8,79.8,25.7,60.0,0,0.0,0.0,10.0,20.0,89.232708,90.136734,61.8,44.8,26,51.3,58.8,48.7,43.3,53.1,40.0,20.0,SF,0.131,0.131,0.131,27,0
Johnathan Rodríguez,671286,2026,26,15,0,40.0,20.0,0.182,2,3,0.138,0.235,0.283,0.297,-0.014,12.5,39.4,90.6,14.0,66.7,0,0.0,33.3,0.0,50.0,100.21742,94.217588333,75.8,25.6,11,56.6,84.0,43.4,27.8,47.4,33.3,16.7,TBD,0.297,0.297,0.297,15,0
J.T. Realmuto,592663,2026,35,463,11,21.4,8.0,0.205,50,135,0.249,0.386,0.275,0.317,-0.042,13.0,55.5,89.6,11.9,35.6,17,5.4,8.5,3.2,39.7,99.511479554,94.148765255,64.9,29.8,283,51.8,84.2,48.2,24.1,46.7,42.3,26.8,PHI,0.317,0.317,0.317,463,0
Kyle Isbel,664728,2026,29,319,6,22.9,4.7,0.221,24,93,0.223,0.3,0.26,0.254,0.006,11.8,39.3,88.2,11.0,24.6,6,2.6,3.9,12.3,32.0,98.369652596,93.30164976,61.8,35.7,208,51.3,93.5,48.7,18.2,48.4,32.0,20.6,KC,0.254,0.254,0.254,319,0
Taylor Walls,670764,2026,29,433,2,24.2,10.4,0.222,36,108,0.19,0.261,0.278,0.251,0.027,4.6,61.6,85.6,19.4,32.1,6,2.2,5.4,13.9,21.9,95.29496336,91.704933333,62.0,25.6,224,51.8,84.8,48.2,22.0,43.2,41.1,27.9,TB,0.251,0.251,0.251,433,0
Luis Rengifo,650859,2026,29,354,4,13.8,9.6,0.24,36,99,0.253,0.345,0.289,0.304,-0.015,10.8,46.6,87.7,6.0,28.4,11,4.1,3.7,6.7,34.3,97.721405038,92.981872644,70.5,30.6,226,54.1,86.7,45.9,20.1,48.9,38.8,17.5,TBD,0.304,0.304,0.304,354,0
Braxton Fulford,690924,2026,27,85,1,40.0,9.4,0.176,7,20,0.138,0.226,0.242,0.209,0.033,8.0,52.7,87.6,23.3,23.8,3,7.1,2.4,2.4,35.7,98.356051429,93.304319024,66.7,28.6,57,56.5,78.4,43.5,35.2,45.2,28.6,40.5,COL,0.209,0.209,0.209,85,0
Chadwick Tromp,644433,2026,31,51,0,25.5,0.0,0.163,4,9,0.174,0.217,0.15,0.17,-0.02,3.1,56.0,85.5,12.9,26.3,0,0.0,5.3,2.6,26.3,95.351341111,91.695006667,67.4,45.6,41,49.5,87.1,50.5,24.3,56.6,34.2,23.7,TBD,0.17,0.17,0.17,51,0
Jimmy Crooks,699625,2026,24,149,5,32.2,6.0,0.179,14,45,0.198,0.397,0.264,0.294,-0.03,15.2,41.5,91.7,19.4,37.9,10,11.6,12.6,0.0,48.3,101.08186907,95.158178721,66.1,36.3,113,55.0,75.6,45.0,34.2,49.7,36.8,42.5,TBD,0.294,0.294,0.294,149,0
Esteury Ruiz,665923,2026,27,251,6,32.3,10.0,0.214,16,77,0.175,0.29,0.316,0.275,0.041,7.0,38.5,82.8,24.7,39.4,10,7.6,4.5,15.9,24.2,95.472068871,91.806012661,67.4,31.8,174,54.5,75.0,45.5,32.6,48.0,51.5,26.5,MIA,0.275,0.275,0.275,251,0
Brice Matthews,694728,2026,24,233,7,31.8,6.9,0.201,22,71,0.193,0.338,0.26,0.261,-0.001,14.1,52.7,86.7,11.9,30.1,12,8.5,5.6,14.0,36.4,99.48979209,93.878187068,68.1,25.5,123,50.4,74.7,49.6,36.0,46.6,34.3,23.8,TBD,0.261,0.261,0.261,233,0
Joey Ortiz,687401,2026,27,415,9,19.8,8.4,0.27,47,149,0.243,0.346,0.321,0.297,0.024,14.7,36.3,89.2,6.4,29.2,12,4.0,6.7,6.7,37.6,99.747955517,94.078216747,57.5,32.8,269,51.2,90.7,48.8,19.9,44.8,32.9,20.1,MIL,0.297,0.297,0.297,415,0
Zach McKinstry,656716,2026,31,420,4,16.2,10.0,0.201,26,109,0.232,0.312,0.267,0.286,-0.019,6.5,40.4,85.8,14.5,37.4,6,2.0,4.9,4.6,22.6,95.184713533,91.593953133,67.1,28.2,218,48.2,90.7,51.8,17.0,48.3,39.3,27.9,DET,0.286,0.286,0.286,420,0
Daniel Susac,691740,2026,25,161,3,22.4,5.0,0.243,22,54,0.249,0.369,0.29,0.296,-0.006,9.3,49.1,86.3,16.9,42.1,6,5.3,7.9,6.1,32.5,97.0900975,92.54504875,72.3,41.8,135,54.7,88.6,45.3,23.8,55.6,42.1,28.9,TBD,0.296,0.296,0.296,161,0
Eric Haase,606992,2026,33,84,4,33.3,7.1,0.162,9,27,0.184,0.361,0.264,0.271,-0.007,12.0,61.8,86.0,12.0,30.6,8,16.3,2.0,10.2,28.6,97.396006957,92.958050667,63.3,36.3,62,53.8,74.2,46.2,38.1,48.7,32.7,20.4,TBD,0.271,0.271,0.271,84,0
Spencer Horwitz,687462,2026,28,447,10,16.1,11.9,0.246,49,140,0.228,0.347,0.321,0.311,0.01,9.6,49.4,86.8,16.0,30.2,18,5.7,4.1,4.8,30.5,97.088006879,92.602561624,58.5,24.6,230,52.1,91.1,47.9,16.4,40.9,40.3,27.9,PIT,0.311,0.311,0.311,447,0
Bryce Johnson,669369,2026,30,49,0,36.7,6.1,0.178,2,10,0.147,0.166,0.208,0.172,0.036,0.0,35.9,79.1,18.7,21.4,0,0.0,0.0,14.3,7.1,88.992205385,89.585648,59.8,39.6,38,51.1,76.4,48.9,32.3,49.5,28.6,28.6,TBD,0.172,0.172,0.172,49,0
Masataka Yoshida,807799,2026,32,297,5,11.1,9.4,0.274,28,105,0.262,0.372,0.33,0.318,0.012,16.6,48.4,88.8,8.9,30.0,8,3.4,4.7,3.0,39.9,99.027488034,93.672635923,58.3,28.1,156,51.9,90.7,48.1,15.6,42.6,43.3,22.7,TBD,0.318,0.318,0.318,297,0
Rodolfo Durán,660710,2026,28,91,3,26.4,7.7,0.146,8,25,0.18,0.323,0.236,0.257,-0.021,9.7,56.2,87.5,15.8,22.0,5,8.5,1.7,3.4,30.5,97.407154828,92.79148807,61.2,31.9,60,53.3,83.2,46.7,25.5,45.6,40.7,30.5,TBD,0.257,0.257,0.257,91,0
Lucas Spence,828599,2026,23,58,4,37.9,6.9,0.208,8,19,0.199,0.395,0.322,0.29,0.032,22.0,53.1,92.2,10.8,38.7,4,12.9,16.1,6.5,51.6,102.44628,96.033814839,73.6,27.5,33,53.1,69.2,46.9,39.6,49.1,54.8,25.8,HOU,0.29,0.29,0.29,58,0
Austin Riley,663586,2026,29,626,19,31.9,7.5,0.22,72,206,0.214,0.398,0.291,0.3,-0.009,15.5,47.3,91.3,18.5,34.5,46,12.5,8.4,2.7,44.3,102.116084783,95.402762745,68.4,32.6,448,54.7,78.6,45.3,32.1,48.8,39.4,29.9,ATL,0.3,0.3,0.3,626,0
José Barrero,676480,2026,28,6,0,50.0,0.0,0.167,0,1,0.08,0.1,0.148,0.077,0.071,0.0,41.7,90.6,37.2,0.0,0,0.0,0.0,0.0,0.0,92.598975,91.065983333,66.7,63.6,7,55.0,83.3,45.0,46.2,65.0,100.0,33.3,BAL,0.077,0.077,0.077,6,0
Max Muncy,571970,2026,35,556,29,25.2,11.3,0.249,76,236,0.24,0.464,0.359,0.345,0.014,15.9,49.6,89.9,17.5,35.5,44,12.7,7.2,2.9,45.7,100.975024971,94.881893208,65.8,25.9,306,52.2,80.9,47.8,29.3,45.0,50.9,32.7,LAD,0.345,0.345,0.345,556,0
Jakob Marsee,805300,2026,25,616,11,20.5,12.7,0.231,41,185,0.233,0.334,0.321,0.314,0.007,10.4,45.6,87.3,18.1,33.5,15,3.8,6.3,5.5,34.5,97.82960178,92.989467585,60.1,22.2,269,50.9,91.9,49.1,18.0,40.9,40.3,22.7,MIA,0.314,0.314,0.314,616,0
Jonathan Ornelas,680716,2026,26,22,0,50.0,4.5,0.19,1,4,0.155,0.198,0.194,0.178,0.016,13.3,56.5,91.9,18.6,30.0,0,0.0,10.0,10.0,50.0,100.261684,94.924463333,71.1,45.5,20,49.4,75.0,50.6,36.5,58.4,80.0,20.0,TBD,0.178,0.178,0.178,22,0
Bo Bichette,666182,2026,28,691,18,18.2,7.1,0.261,78,247,0.281,0.425,0.31,0.332,-0.022,13.7,29.1,89.6,8.0,37.5,33,6.4,5.8,3.9,41.8,100.778102179,94.719911637,67.4,40.8,570,54.1,90.0,45.9,19.5,53.0,26.3,23.9,NYM,0.332,0.332,0.332,691,0
Ryan O'Hearn,656811,2026,32,448,18,21.7,7.8,0.267,76,178,0.249,0.399,0.339,0.316,0.023,12.0,45.4,89.1,13.7,33.9,21,6.8,8.7,1.9,42.3,99.141163806,93.932647,63.8,31.6,284,52.2,86.7,47.8,22.4,47.0,40.0,28.4,PIT,0.316,0.316,0.316,448,0
Jo Adell,666176,2026,27,656,22,23.9,5.0,0.238,93,236,0.255,0.438,0.303,0.325,-0.022,16.1,48.5,90.3,16.3,32.1,39,8.8,8.3,4.0,44.5,102.428170811,95.506593356,74.0,35.4,485,53.6,82.5,46.4,28.2,53.3,40.8,26.6,CLE,0.325,0.325,0.325,656,0
TJ Rumfield,681198,2026,26,631,16,13.6,11.4,0.3,72,247,0.261,0.386,0.373,0.333,0.04,7.8,44.2,84.3,15.7,37.4,23,5.0,5.4,6.5,27.9,96.180816261,92.096667739,70.6,30.4,403,55.3,91.7,44.7,18.8,48.3,40.8,28.7,COL,0.333,0.333,0.333,631,0
Trevor Larnach,663616,2026,29,433,13,18.2,10.4,0.269,48,167,0.259,0.394,0.347,0.327,0.02,15.6,44.3,87.7,13.8,38.0,23,7.5,5.2,3.3,36.7,99.019390592,93.514289046,60.3,29.7,266,53.0,86.0,47.0,26.8,44.1,44.6,23.6,TBD,0.327,0.327,0.327,433,0
Reese McGuire,624512,2026,31,34,0,26.5,5.9,0.172,3,5,0.186,0.215,0.221,0.242,-0.021,0.0,41.7,74.3,18.8,33.3,0,0.0,0.0,23.8,9.5,87.906893,89.0789435,59.7,37.5,18,43.6,91.9,56.4,21.8,50.0,28.6,23.8,TBD,0.242,0.242,0.242,34,0
Josh Jung,673962,2026,28,444,12,18.0,7.9,0.299,42,184,0.285,0.44,0.362,0.348,0.014,15.6,56.4,90.7,12.0,41.1,23,7.2,9.0,3.1,49.2,100.183736149,94.6575581,67.1,29.3,248,52.1,90.6,47.9,18.5,47.4,39.3,23.1,TBD,0.348,0.348,0.348,444,0
Daniel Schneemann,682177,2026,29,282,6,29.8,8.5,0.205,29,82,0.222,0.359,0.266,0.287,-0.021,12.3,56.3,87.9,11.9,33.3,13,7.5,5.7,2.3,37.6,98.620901494,93.412797989,66.8,33.3,191,51.1,82.8,48.9,31.8,49.6,47.7,28.7,CLE,0.287,0.287,0.287,282,0
Alec Burleson,676475,2026,27,670,26,18.1,8.2,0.279,115,282,0.289,0.522,0.353,0.374,-0.021,18.6,52.5,92.0,13.0,34.6,55,11.3,6.8,3.3,50.0,102.344379671,95.865822963,72.6,38.1,522,55.1,83.4,44.9,22.5,53.6,48.6,26.6,STL,0.374,0.374,0.374,670,0
Anthony Seigler,678011,2026,27,173,3,16.2,10.4,0.247,13,60,0.241,0.37,0.321,0.312,0.009,9.1,58.3,86.9,15.3,37.3,7,5.6,9.5,3.2,34.9,96.698935968,92.468069113,66.4,26.4,87,50.9,82.9,49.1,22.5,46.0,34.9,30.2,TBD,0.312,0.312,0.312,173,0
Connor Norby,681393,2026,26,379,7,28.5,10.6,0.242,33,123,0.217,0.364,0.323,0.307,0.016,9.6,42.2,87.4,18.6,34.8,17,7.7,7.7,5.4,36.2,97.918922818,93.052277409,75.2,28.0,214,52.3,80.7,47.7,29.3,50.5,40.7,37.1,COL,0.307,0.307,0.307,379,0
Edmundo Sosa,624641,2026,30,246,8,21.5,2.8,0.242,43,93,0.276,0.443,0.299,0.327,-0.028,13.9,58.4,87.9,10.7,33.1,13,7.3,7.3,6.2,39.3,100.022935056,94.197390508,71.3,52.6,255,54.4,85.9,45.6,27.3,61.1,42.1,19.7,PHI,0.327,0.327,0.327,246,0
Maikel Garcia,672580,2026,26,340,3,14.7,8.8,0.266,38,117,0.27,0.366,0.315,0.315,0.0,15.2,42.1,89.7,8.7,33.1,11,4.2,3.5,4.2,40.0,99.77677031,94.073406318,54.8,22.9,149,50.2,92.7,49.8,14.5,38.8,34.2,21.2,KC,0.315,0.315,0.315,340,0
Victor Scott II,687363,2026,25,195,2,23.6,8.2,0.193,9,42,0.222,0.296,0.243,0.271,-0.028,6.7,43.2,86.6,6.9,31.3,2,1.6,5.3,15.3,23.7,96.063542857,92.068093694,69.4,22.6,77,47.5,85.8,52.5,24.6,47.2,35.9,16.8,STL,0.271,0.271,0.271,195,0
Jonathan India,663697,2026,29,58,2,22.4,13.8,0.167,8,15,0.173,0.289,0.291,0.284,0.007,9.0,56.6,85.7,28.3,28.6,2,5.7,5.7,5.7,31.4,96.473557778,92.357829714,60.0,17.9,21,49.4,80.6,50.6,22.6,39.2,40.0,31.4,TBD,0.284,0.284,0.284,58,0
Christopher Morel,666624,2026,27,105,1,33.3,5.7,0.173,6,24,0.173,0.234,0.216,0.211,0.005,14.7,74.0,87.2,16.7,25.4,2,3.2,3.2,6.3,38.1,99.574998438,93.995871746,64.9,34.7,69,51.4,71.3,48.6,35.1,49.4,57.1,22.2,NYM,0.211,0.211,0.211,105,0
Bo Naylor,666310,2026,26,98,3,24.5,7.1,0.154,10,25,0.216,0.4,0.22,0.293,-0.073,13.4,49.1,89.1,19.0,31.3,8,11.9,9.0,1.5,41.5,99.665642353,94.077166716,65.3,26.7,59,52.6,93.8,47.4,14.6,45.1,38.8,34.3,MIL,0.293,0.293,0.293,98,0
Joshua Báez,695491,2026,23,108,7,30.6,3.7,0.23,18,51,0.212,0.446,0.335,0.303,0.032,14.0,58.9,92.1,23.1,35.3,8,11.8,16.2,1.5,47.1,101.884043529,95.475688088,70.5,39.6,76,50.3,74.6,49.7,35.2,55.0,47.1,39.7,TBD,0.303,0.303,0.303,108,0
Tanner Murray,695020,2026,26,33,1,21.2,6.1,0.214,3,9,0.191,0.39,0.256,0.275,-0.019,20.0,64.3,90.7,25.6,26.1,2,8.7,13.0,8.7,43.5,100.076803636,94.571662381,68.1,32.1,18,54.4,78.1,45.6,32.0,48.5,39.1,30.4,TBD,0.275,0.275,0.275,33,0
Ryan McMahon,641857,2026,31,360,11,29.4,7.8,0.213,41,117,0.23,0.381,0.282,0.297,-0.015,17.8,50.3,90.5,14.3,32.1,20,9.0,8.5,3.6,44.8,101.386570182,95.088092055,62.9,28.2,211,50.4,82.3,49.6,30.2,45.5,41.5,31.3,NYY,0.297,0.297,0.297,360,0
José Tena,677588,2026,25,288,7,31.3,9.4,0.222,25,95,0.221,0.351,0.299,0.291,0.008,18.2,40.6,90.6,8.1,30.4,14,8.3,9.5,1.2,46.4,102.541901667,95.570783929,67.6,29.5,182,52.6,76.8,47.4,34.3,47.6,32.1,20.8,WSH,0.291,0.291,0.291,288,0
Vidal Bruján,660644,2026,28,13,0,7.7,7.7,0.091,1,1,0.164,0.231,0.132,0.213,-0.081,7.7,66.7,82.0,20.2,9.1,0,0.0,9.1,18.2,9.1,92.2605,90.501525556,94.4,23.8,5,53.8,82.4,46.2,22.7,56.4,36.4,9.1,TBD,0.213,0.213,0.213,13,0
Vladimir Guerrero Jr.,665489,2026,27,609,9,13.3,9.2,0.26,57,193,0.28,0.4,0.306,0.331,-0.025,20.9,30.3,90.3,8.3,28.7,32,6.9,6.2,4.5,44.3,102.693695855,95.562990899,67.3,30.6,364,54.6,86.9,45.4,20.1,47.2,35.1,19.3,TOR,0.331,0.331,0.331,609,0
Xavier Edwards,669364,2026,26,595,6,13.9,11.4,0.28,52,192,0.258,0.356,0.325,0.311,0.014,7.8,44.7,86.8,9.4,36.3,14,3.2,4.1,5.9,28.4,96.430260463,92.25030956,65.5,24.4,297,52.9,89.3,47.1,17.6,43.8,28.6,22.7,MIA,0.311,0.311,0.311,595,0
Tyler Freeman,671289,2026,27,288,3,11.8,3.8,0.247,23,80,0.265,0.353,0.289,0.309,-0.02,12.9,30.7,87.7,9.9,30.7,3,1.3,9.2,9.2,36.0,98.258503889,93.223297037,72.0,30.2,158,51.2,93.3,48.8,12.4,50.6,33.8,20.2,TBD,0.309,0.309,0.309,288,0
Pedro Pagés,686780,2026,27,208,4,26.9,5.8,0.213,12,58,0.214,0.324,0.257,0.265,-0.008,11.0,43.8,86.5,14.9,30.4,6,4.4,6.5,6.5,37.2,99.115614925,93.617365038,64.6,35.4,159,52.1,85.3,47.9,28.2,49.5,38.4,27.5,STL,0.265,0.265,0.265,208,0
Turner Hill,806367,2026,27,122,1,16.4,10.7,0.223,15,31,0.249,0.371,0.285,0.318,-0.033,9.0,59.6,87.7,14.5,32.2,4,4.6,5.7,2.3,31.0,96.391401163,92.201363023,58.7,19.5,46,48.9,91.7,51.1,13.1,39.5,44.8,28.7,SF,0.318,0.318,0.318,122,0
LuJames Groover,694410,2026,24,54,1,20.4,9.3,0.167,4,13,0.215,0.328,0.245,0.286,-0.041,15.2,51.3,90.0,16.7,24.3,4,11.1,0.0,2.7,45.9,99.52748,94.341552778,60.7,19.8,19,46.2,94.1,53.8,16.1,41.8,40.5,21.6,TBD,0.286,0.286,0.286,54,0
Yandy Díaz,650490,2026,34,686,22,14.3,8.2,0.293,85,270,0.281,0.439,0.351,0.346,0.005,19.8,27.9,90.9,6.0,29.7,37,7.1,7.1,3.6,48.1,102.454762731,95.709031327,67.1,29.0,378,51.2,88.7,48.8,14.8,47.5,22.8,19.5,TB,0.346,0.346,0.346,686,0
Ildemaro Vargas,545121,2026,34,486,9,10.1,5.6,0.254,67,171,0.268,0.363,0.295,0.297,-0.002,13.0,52.5,87.4,11.3,30.7,13,3.2,4.9,4.4,35.0,98.067283881,93.061632394,63.1,39.2,350,52.4,91.8,47.6,15.2,50.6,40.3,20.9,ARI,0.297,0.297,0.297,486,0
Max Schuemann,680474,2026,29,87,2,24.1,13.8,0.194,8,26,0.203,0.336,0.317,0.312,0.005,11.0,52.3,89.4,24.6,37.3,5,9.8,2.0,7.8,41.2,98.57101625,93.804290833,66.3,21.9,42,53.6,80.9,46.4,27.6,42.5,39.2,37.3,TBD,0.312,0.312,0.312,87,0
Bryan Reynolds,668804,2026,31,697,17,23.1,12.6,0.261,71,248,0.255,0.444,0.349,0.355,-0.006,17.1,46.5,90.8,8.3,38.5,49,11.2,6.9,3.7,47.9,101.857125046,95.370003739,70.3,24.7,347,51.7,83.7,48.3,28.2,46.7,38.8,26.8,PIT,0.355,0.355,0.355,697,0
Brooks Lee,686797,2026,25,627,24,16.3,5.9,0.253,83,248,0.231,0.352,0.317,0.278,0.039,10.3,56.7,88.1,16.1,32.0,21,4.3,6.0,3.5,33.9,97.46075834,92.854622869,73.4,35.2,437,52.4,89.6,47.6,20.8,53.4,42.4,30.2,MIN,0.278,0.278,0.278,627,0
Shawn Ross,676566,2026,26,5,1,40.0,0.0,0.2,2,4,0.226,0.84,0.41,0.428,-0.018,20.0,44.4,85.5,12.9,33.3,1,33.3,0.0,0.0,33.3,96.576355,95.51932,70.0,27.3,3,52.4,71.4,47.6,50.0,47.6,66.7,66.7,TBD,0.428,0.428,0.428,5,0
Brent Rooker,667670,2026,31,202,10,31.7,9.4,0.201,29,70,0.208,0.438,0.294,0.312,-0.018,19.1,45.7,89.9,19.7,34.2,18,15.5,9.4,3.4,41.9,101.773379828,95.03524069,71.1,31.0,121,53.5,74.7,46.5,38.4,49.7,39.3,41.0,TBD,0.312,0.312,0.312,202,0
Ryan Bliss,669208,2026,26,10,0,30.0,10.0,0.125,1,1,0.203,0.295,0.159,0.27,-0.111,7.7,55.0,92.2,16.2,50.0,0,0.0,16.7,0.0,66.7,98.87164,95.38135,73.9,31.8,7,48.9,76.5,51.1,37.5,53.3,16.7,33.3,TBD,0.27,0.27,0.27,10,0
Gustavo Campero,672569,2026,28,12,0,33.3,0.0,0.364,2,5,0.197,0.242,0.328,0.18,0.148,11.8,46.2,88.2,37.3,25.0,0,0.0,12.5,0.0,25.0,97.3885675,92.69428375,90.0,36.7,11,60.0,77.8,40.0,34.5,58.0,25.0,37.5,TBD,0.18,0.18,0.18,12,0
Ben Ross,805346,2026,25,21,0,52.4,0.0,0.19,1,8,0.16,0.275,0.239,0.186,0.053,13.0,45.0,78.9,19.3,50.0,2,20.0,10.0,30.0,30.0,93.431104,91.902485556,67.4,34.0,16,52.2,72.4,47.8,42.2,50.0,40.0,20.0,MIN,0.186,0.186,0.186,21,0
Ryan Ritter,690022,2026,25,21,0,38.1,4.8,0.158,1,3,0.184,0.241,0.168,0.21,-0.042,9.5,40.0,89.2,7.8,33.3,0,0.0,8.3,8.3,33.3,96.029906667,92.516725455,76.9,29.7,11,48.7,73.3,51.3,36.6,53.9,25.0,16.7,TBD,0.21,0.21,0.21,21,0
Tommy Edman,669242,2026,31,327,8,20.5,6.4,0.243,41,107,0.239,0.344,0.315,0.301,0.014,13.3,58.5,87.3,13.0,28.4,12,5.4,4.4,4.0,32.0,98.380045676,93.219247919,64.2,30.6,195,53.1,91.1,46.9,22.8,46.4,42.7,28.4,LAD,0.301,0.301,0.301,327,0
Kevin Alcántara,682634,2026,23,28,1,39.3,7.1,0.24,6,9,0.232,0.353,0.282,0.275,0.007,13.8,45.5,91.1,11.8,60.0,1,6.7,6.7,0.0,26.7,97.48780875,93.098293333,54.4,29.5,18,51.7,67.7,48.3,34.7,41.5,46.7,33.3,TBD,0.275,0.275,0.275,28,0
Jhonny Pereda,640902,2026,30,97,2,19.6,8.2,0.287,8,32,0.3,0.396,0.322,0.341,-0.019,13.1,45.4,90.1,8.0,44.9,2,2.9,4.3,2.9,47.1,99.777716471,94.386988824,71.8,24.6,51,50.1,80.4,49.9,21.5,48.3,31.9,13.0,SEA,0.341,0.341,0.341,97,0
Jahmai Jones,663330,2026,28,179,6,32.4,9.5,0.209,16,59,0.23,0.432,0.302,0.331,-0.029,17.4,55.3,90.6,18.6,35.0,11,11.0,8.0,2.0,44.0,101.9869932,95.352581515,71.7,29.6,110,54.1,76.5,45.9,34.8,48.9,53.0,30.0,BOS,0.331,0.331,0.331,179,0
Kyle Karros,691720,2026,23,471,13,20.8,11.5,0.253,49,169,0.252,0.405,0.337,0.336,0.001,13.3,42.6,89.6,12.7,40.7,26,8.4,4.5,2.9,41.0,100.448458645,94.505560645,67.4,24.8,254,54.3,88.0,45.7,24.4,44.3,40.7,24.7,COL,0.336,0.336,0.336,471,0
Tsung-Che Cheng,691907,2026,24,44,0,31.8,9.1,0.256,5,11,0.237,0.392,0.274,0.303,-0.029,11.4,70.1,86.6,12.5,42.3,2,7.7,11.5,11.5,23.1,95.6115125,92.034037391,67.5,29.3,24,49.7,78.6,50.3,36.3,48.5,46.2,30.8,TBD,0.303,0.303,0.303,44,0
Jeremy Peña,665161,2026,28,477,22,23.9,5.0,0.276,51,201,0.268,0.433,0.348,0.328,0.02,14.7,61.6,88.6,13.0,34.8,24,7.3,7.3,3.0,39.4,99.898654606,94.028066182,74.4,39.0,372,54.5,81.5,45.5,31.9,55.1,48.5,25.5,HOU,0.328,0.328,0.328,477,0
Drake Baldwin,686948,2026,25,615,25,21.5,8.9,0.284,77,246,0.279,0.505,0.358,0.37,-0.012,18.7,46.5,91.5,11.0,37.5,54,12.9,7.4,3.1,50.6,102.266130048,95.835253771,70.5,34.4,439,53.5,83.7,46.5,24.4,51.2,30.8,26.3,ATL,0.37,0.37,0.37,615,0
Michael Stefanic,683021,2026,30,28,0,21.4,7.1,0.346,4,10,0.297,0.366,0.349,0.316,0.033,6.8,33.3,90.1,4.5,35.0,0,0.0,5.0,0.0,30.0,96.414063,92.475541,61.5,23.2,13,46.3,90.0,53.7,11.3,43.8,25.0,10.0,OAK,0.316,0.316,0.316,28,0
Josh Bell,605137,2026,33,627,20,19.6,8.1,0.254,92,233,0.256,0.442,0.321,0.333,-0.012,14.7,57.0,89.9,13.2,32.8,42,9.4,7.1,3.1,42.0,100.346946964,94.448790446,71.4,29.7,403,54.2,83.6,45.8,22.9,48.8,40.6,26.3,MIN,0.333,0.333,0.333,627,0
Jac Caglianone,695506,2026,23,549,23,26.0,6.0,0.287,73,246,0.282,0.499,0.359,0.357,0.002,23.4,43.8,93.2,7.6,34.2,48,13.1,7.7,3.3,54.4,105.481907432,97.554601667,72.9,39.5,426,55.3,82.9,44.7,29.3,54.5,46.2,22.7,KC,0.357,0.357,0.357,549,0
Jacob Wilson,805779,2026,24,337,7,11.6,3.6,0.266,37,124,0.262,0.345,0.301,0.282,0.019,7.2,38.2,84.1,7.9,31.4,7,2.5,2.8,8.1,27.6,95.600927914,91.814204116,70.4,42.3,249,51.8,90.9,48.2,14.8,55.9,35.0,21.2,TBD,0.282,0.282,0.282,337,0
Stuart Fairchild,656413,2026,30,27,0,51.9,25.9,0.158,1,3,0.089,0.151,0.307,0.28,0.027,20.0,52.8,94.2,16.3,20.0,0,0.0,20.0,20.0,40.0,101.9605,95.2142375,61.9,23.5,16,61.8,42.3,38.2,69.0,38.2,40.0,20.0,TBD,0.28,0.28,0.28,27,0
Josh Naylor,647304,2026,29,646,10,12.2,7.0,0.261,55,207,0.27,0.383,0.297,0.312,-0.015,12.4,44.2,87.1,11.0,35.5,23,4.5,5.0,5.8,35.9,98.429174824,93.305643863,69.3,38.0,449,55.3,90.2,44.7,17.0,51.9,40.7,21.1,SEA,0.312,0.312,0.312,646,0
Michael Helman,680737,2026,30,35,1,17.1,2.9,0.167,2,9,0.147,0.208,0.239,0.2,0.039,0.0,59.3,82.9,23.9,26.9,0,0.0,3.8,19.2,7.7,91.309245455,89.731559091,77.4,43.3,26,53.1,82.9,46.9,20.9,59.3,38.5,42.3,TEX,0.2,0.2,0.2,35,0
Lars Nootbaar,663457,2026,28,330,8,20.6,13.9,0.238,32,107,0.249,0.44,0.322,0.345,-0.023,18.6,52.9,92.0,9.4,35.2,22,10.2,7.4,2.8,49.5,101.726384486,95.612642535,53.7,20.3,137,49.3,87.7,50.7,18.6,37.2,40.3,28.7,ARI,0.345,0.345,0.345,330,0
Spencer Torkelson,679529,2026,26,610,26,31.6,11.6,0.23,77,229,0.211,0.393,0.337,0.314,0.023,14.0,50.9,89.5,20.0,40.8,41,12.2,6.0,4.2,42.0,100.004777083,94.454666358,64.9,21.6,291,52.1,80.0,47.9,32.4,42.3,47.9,36.0,DET,0.314,0.314,0.314,610,0
Alika Williams,675961,2026,27,231,4,21.6,4.3,0.27,16,92,0.217,0.299,0.32,0.248,0.072,9.0,44.5,84.7,14.0,30.8,2,1.2,9.5,8.9,32.7,97.052140482,92.554231818,68.5,37.1,152,49.3,88.6,50.7,22.4,52.9,43.8,23.1,OAK,0.248,0.248,0.248,231,0
Nick Solak,669256,2026,31,10,0,0.0,10.0,0.143,1,1,0.26,0.502,0.232,0.373,-0.141,10.0,50.0,90.2,-2.6,37.5,1,12.5,25.0,0.0,50.0,98.3236,93.55428,58.3,36.4,4,47.8,100.0,52.2,0.0,47.8,12.5,25.0,TBD,0.373,0.373,0.373,10,0
Carson Benge,701807,2026,23,649,20,21.6,7.7,0.28,64,249,0.278,0.437,0.34,0.341,-0.001,13.4,41.7,88.8,12.1,37.9,33,7.4,6.7,3.8,38.8,99.524777758,93.938077758,63.6,27.9,372,50.4,86.4,49.6,21.4,45.6,32.8,27.7,NYM,0.341,0.341,0.341,649,0
Ty France,664034,2026,31,495,21,21.8,7.3,0.294,70,218,0.25,0.424,0.372,0.328,0.044,14.7,48.2,91.6,14.5,39.0,31,9.3,6.0,2.4,47.6,100.948477917,95.140722567,77.0,34.4,360,53.2,82.9,46.8,28.2,54.3,38.7,25.3,SD,0.328,0.328,0.328,495,0
Joe Mack,691788,2026,23,330,14,24.8,5.8,0.234,52,122,0.225,0.396,0.299,0.292,0.007,14.7,57.4,88.8,9.9,26.9,19,8.4,6.6,5.7,38.3,99.584000631,94.018511081,68.7,28.1,183,50.9,83.1,49.1,25.5,48.0,47.6,24.7,MIA,0.292,0.292,0.292,330,0
Gabriel Gonzalez,694224,2026,22,11,0,18.2,18.2,0.25,0,2,0.137,0.149,0.355,0.285,0.07,0.0,19.0,82.8,-1.6,0.0,0,0.0,0.0,0.0,16.7,93.6672,91.097643333,93.8,29.6,8,62.8,100.0,37.2,17.4,53.5,33.3,0.0,TBD,0.285,0.285,0.285,11,0
Jose Trevino,624431,2026,33,156,5,18.6,0.6,0.217,19,51,0.213,0.295,0.24,0.222,0.018,9.2,64.0,85.8,7.8,30.2,3,2.4,2.4,8.7,29.4,96.674777333,92.415685583,60.9,37.6,99,48.3,88.3,51.7,21.5,49.6,32.5,20.6,CIN,0.222,0.222,0.222,156,0
Caleb Durbin,702332,2026,26,582,13,13.6,8.8,0.248,64,191,0.236,0.318,0.318,0.293,0.025,7.4,61.9,83.1,12.3,29.6,12,2.8,4.1,9.6,25.2,95.172815,91.629110238,64.4,28.1,303,50.3,89.2,49.7,16.5,46.1,41.3,19.3,BOS,0.293,0.293,0.293,582,0
Francisco Alvarez,682626,2026,24,420,16,30.7,9.3,0.233,43,149,0.23,0.431,0.313,0.322,-0.009,19.3,59.5,90.8,10.2,32.9,38,15.4,5.7,3.3,48.0,102.913628049,95.848454472,62.0,31.8,304,54.8,77.3,45.2,34.8,45.4,39.0,25.6,NYM,0.322,0.322,0.322,420,0
Kenny Piper,700652,2026,27,11,1,27.3,18.2,0.222,2,5,0.125,0.332,0.394,0.282,0.112,14.3,63.6,89.8,35.9,16.7,1,16.7,0.0,0.0,33.3,99.601486667,93.922633333,78.6,14.3,3,42.9,72.7,57.1,32.0,51.0,33.3,50.0,TBD,0.282,0.282,0.282,11,0
Yohendrick Piñango,682818,2026,24,180,5,24.4,6.1,0.26,20,67,0.262,0.398,0.309,0.309,0.0,17.4,29.7,90.9,9.6,35.2,10,8.0,7.2,1.6,45.6,101.811230635,95.30729608,67.1,35.2,125,50.9,80.0,49.1,25.6,50.9,28.8,21.6,TBD,0.309,0.309,0.309,180,0
Gleyber Torres,650402,2026,29,420,8,19.3,13.6,0.26,38,130,0.252,0.368,0.328,0.325,0.003,8.1,53.8,86.2,9.4,38.4,17,6.1,3.6,5.4,32.3,96.706167857,92.398034014,66.7,18.9,172,51.3,84.2,48.7,22.5,42.2,27.2,24.7,DET,0.325,0.325,0.325,420,0
Jonatan Clase,682729,2026,24,25,2,32.0,12.0,0.273,6,12,0.171,0.267,0.39,0.247,0.143,13.8,53.5,86.8,11.3,21.4,0,0.0,14.3,7.1,35.7,96.624655714,92.412265,61.1,26.7,16,52.6,84.8,47.4,30.6,43.0,71.4,35.7,TBD,0.247,0.247,0.247,25,0
Randy Arozarena,668227,2026,31,666,26,21.6,10.2,0.281,77,272,0.258,0.419,0.378,0.348,0.03,14.8,58.8,90.9,10.0,35.9,35,8.2,7.7,3.0,43.5,100.59672528,94.761460818,63.2,30.5,444,53.3,76.6,46.7,26.4,45.8,35.9,23.8,SEA,0.348,0.348,0.348,666,0
Jorge Mateo,622761,2026,31,218,5,31.7,5.0,0.201,18,63,0.22,0.355,0.246,0.271,-0.025,12.0,45.4,87.2,14.6,40.9,10,7.3,2.9,7.3,35.0,98.721192388,93.37221694,68.5,44.2,203,55.3,80.3,44.7,32.2,55.1,35.8,29.2,TB,0.271,0.271,0.271,218,0
Anthony Volpe,683011,2026,25,246,2,22.8,10.2,0.245,28,74,0.232,0.334,0.297,0.291,0.006,12.3,56.4,87.9,12.6,33.3,8,4.9,4.8,4.2,37.0,98.213619268,93.220690982,66.5,25.7,127,50.6,83.2,49.4,25.2,45.9,32.7,23.0,NYY,0.291,0.291,0.291,246,0
Darell Hernaiz,687231,2026,24,157,1,19.7,10.2,0.234,9,38,0.216,0.267,0.275,0.262,0.013,8.1,42.2,85.2,12.2,30.3,1,0.9,3.7,4.6,27.5,96.082802407,92.100201589,68.0,36.2,122,54.5,82.7,45.5,25.6,50.6,26.6,22.0,TBD,0.262,0.262,0.262,157,0
Buddy Kennedy,671083,2026,27,49,0,30.6,10.2,0.116,1,6,0.167,0.264,0.185,0.249,-0.064,6.0,55.1,84.4,28.1,28.6,3,10.7,3.6,3.6,32.1,96.505633571,92.252816786,67.0,26.1,29,51.2,81.7,48.8,27.0,46.1,39.3,28.6,TBD,0.249,0.249,0.249,49,0
Kyler Fedko,693459,2026,26,19,0,42.1,10.5,0.0,1,0,0.097,0.136,0.074,0.166,-0.092,8.7,50.0,87.9,13.4,22.2,0,0.0,11.1,0.0,44.4,96.86751,93.081273333,72.2,40.5,17,53.8,61.5,46.2,39.5,55.1,33.3,44.4,TBD,0.166,0.166,0.166,19,0
Tyler O'Neill,641933,2026,31,260,10,27.7,10.4,0.212,23,87,0.214,0.394,0.302,0.307,-0.005,12.9,53.6,89.4,22.5,34.0,14,8.8,6.3,2.5,42.8,100.1054135,94.28693195,69.5,27.9,157,53.7,79.3,46.3,31.7,47.2,44.0,40.9,TBD,0.307,0.307,0.307,260,0
Sean Murphy,669221,2026,31,117,3,30.8,9.4,0.17,10,31,0.2,0.33,0.245,0.271,-0.026,18.2,51.3,87.3,6.1,25.7,6,8.6,2.9,7.1,40.0,100.897673143,94.565482286,66.7,34.6,80,52.4,80.7,47.6,32.3,49.9,48.6,24.3,ATL,0.271,0.271,0.271,117,0
Leo Jiménez,677870,2026,25,194,2,19.6,9.3,0.199,14,43,0.242,0.336,0.267,0.314,-0.047,14.8,44.9,90.0,5.5,30.8,5,3.9,5.4,2.3,40.0,99.614902188,94.040225547,62.1,26.2,111,54.7,84.9,45.3,24.3,42.5,34.6,20.0,TBD,0.314,0.314,0.314,194,0
Vimael Machín,605353,2026,32,6,0,33.3,0.0,0.5,0,3,0.444,0.511,0.445,0.417,0.028,40.0,77.8,90.2,9.8,50.0,0,0.0,0.0,0.0,50.0,102.300745,95.1503725,46.2,27.3,3,45.8,83.3,54.2,44.4,37.5,75.0,0.0,TBD,0.417,0.417,0.417,6,0
Blaze Alexander,677942,2026,27,289,4,21.8,6.6,0.303,31,108,0.3,0.452,0.341,0.351,-0.01,14.5,49.9,92.3,9.2,40.8,13,6.6,7.0,3.5,48.8,100.590883438,95.214491406,82.5,30.2,168,50.4,80.4,49.6,25.3,56.1,33.3,21.4,TBD,0.351,0.351,0.351,289,0
Andruw Monasterio,655316,2026,29,344,6,19.5,7.6,0.235,42,116,0.231,0.354,0.296,0.289,0.007,10.2,56.4,87.5,20.9,36.3,16,6.5,6.5,4.4,31.5,97.322719268,92.736840816,66.5,26.6,192,48.7,89.0,51.3,18.9,47.1,36.3,31.0,BOS,0.289,0.289,0.289,344,0
Brandon Lowe,664040,2026,31,655,35,28.7,9.5,0.261,95,284,0.24,0.445,0.355,0.331,0.024,16.6,46.6,91.0,15.8,35.1,50,12.4,6.7,3.0,45.8,101.348135373,95.153058955,70.8,33.6,479,54.3,79.5,45.7,35.4,50.6,46.3,33.6,PIT,0.331,0.331,0.331,655,0
Dylan Crews,686611,2026,24,439,13,24.1,6.8,0.223,44,149,0.241,0.421,0.294,0.318,-0.024,16.4,47.0,90.1,13.6,34.2,28,9.5,8.8,3.7,42.7,101.03180911,94.700976199,73.5,32.1,273,52.6,82.0,47.4,29.6,51.7,33.2,27.8,WSH,0.318,0.318,0.318,439,0
Jake McCarthy,664983,2026,28,592,15,16.0,5.1,0.292,83,259,0.273,0.41,0.351,0.321,0.03,11.3,50.3,85.3,11.9,37.3,25,5.5,4.6,10.5,28.4,97.138250185,92.577966574,79.2,37.6,387,53.0,87.3,47.0,21.2,57.2,38.2,21.2,COL,0.321,0.321,0.321,592,0
Christian Moore,695681,2026,23,143,2,32.9,7.0,0.191,18,36,0.192,0.311,0.241,0.251,-0.01,12.3,42.3,88.3,11.2,29.4,8,9.5,3.5,2.4,38.8,99.467511667,93.787557619,70.2,31.8,93,50.0,81.5,50.0,32.2,51.0,24.7,25.9,LAA,0.251,0.251,0.251,143,0
Billy Cook,695257,2026,27,54,0,38.9,1.9,0.173,2,12,0.138,0.19,0.195,0.163,0.032,4.6,57.7,84.7,23.9,22.6,0,0.0,6.5,12.9,22.6,95.566306667,91.96205069,71.9,39.2,31,40.9,69.5,59.1,34.5,58.5,29.0,29.0,PIT,0.163,0.163,0.163,54,0
Henry Bolte,703607,2026,22,469,11,28.1,8.3,0.28,38,166,0.247,0.377,0.344,0.318,0.026,21.1,42.6,91.0,1.0,27.7,23,8.2,5.0,6.4,48.8,104.430945108,96.698645162,73.6,28.4,259,52.1,79.6,47.9,32.9,50.0,32.3,14.9,OAK,0.318,0.318,0.318,469,0
Josh Rojas,668942,2026,32,114,2,14.0,4.4,0.229,14,34,0.191,0.264,0.262,0.222,0.04,7.3,53.8,86.1,17.6,31.5,1,1.1,5.4,8.7,28.3,95.932095333,92.04715618,70.4,30.9,63,50.1,90.2,49.9,19.4,50.6,32.6,34.8,KC,0.222,0.222,0.222,114,0
Daulton Varsho,662139,2026,29,526,12,20.3,7.4,0.221,40,172,0.228,0.354,0.281,0.283,-0.002,9.9,55.0,86.7,16.2,32.0,26,6.9,4.2,5.6,36.5,98.36044754,93.211984706,72.4,36.5,392,53.8,85.4,46.2,21.9,53.1,38.1,28.8,TBD,0.283,0.283,0.283,526,0
Gabriel Rincones Jr.,687282,2026,25,89,2,32.6,2.2,0.167,7,24,0.15,0.276,0.215,0.205,0.01,12.5,39.1,90.1,13.3,23.2,5,9.4,5.4,5.4,35.7,100.53357963,94.544417736,69.3,46.6,83,51.7,81.7,48.3,30.3,57.6,28.6,32.1,TBD,0.205,0.205,0.205,89,0
Jonah Cox,813841,2026,24,165,4,38.2,6.1,0.259,16,56,0.213,0.326,0.308,0.261,0.047,9.1,49.8,88.3,11.1,35.2,5,5.5,3.3,20.9,35.2,98.979316842,93.737031467,71.2,33.0,102,49.7,69.1,50.3,37.5,52.3,22.0,22.0,SF,0.261,0.261,0.261,165,0
Steven Kwan,680757,2026,28,637,3,9.7,13.3,0.282,31,183,0.278,0.343,0.334,0.329,0.005,1.7,31.7,83.9,12.8,40.6,2,0.4,2.5,6.8,10.5,92.155845128,90.116779572,51.2,19.8,253,49.0,95.2,51.0,8.2,35.7,27.0,22.3,CLE,0.329,0.329,0.329,637,0
Felix Reyes,694025,2026,25,38,1,23.7,0.0,0.158,2,10,0.229,0.314,0.181,0.233,-0.052,12.5,45.2,89.2,6.4,37.9,2,6.9,10.3,0.0,27.6,98.874941333,93.637018966,66.7,52.9,37,59.3,96.9,40.7,27.5,58.5,48.3,17.2,TBD,0.233,0.233,0.233,38,0
Carlos Narváez,665966,2026,27,285,3,31.6,6.7,0.161,10,56,0.191,0.303,0.219,0.26,-0.041,10.1,50.7,90.6,18.3,35.1,11,6.6,7.7,8.9,36.9,99.444669241,94.185727389,70.5,32.3,185,50.1,76.4,49.9,33.2,51.4,31.5,30.4,BAL,0.26,0.26,0.26,285,0
Javier Sanoja,691594,2026,23,486,11,8.0,5.6,0.298,68,206,0.272,0.357,0.345,0.294,0.051,10.1,51.7,87.0,12.1,33.6,12,2.9,3.3,4.8,31.7,97.18184522,92.612532756,66.2,39.6,341,52.3,92.3,47.7,11.8,52.3,40.0,19.5,MIA,0.294,0.294,0.294,486,0
Griffin Conine,665052,2026,28,319,18,29.2,10.7,0.264,41,134,0.257,0.494,0.367,0.364,0.003,21.3,51.1,90.9,12.5,39.6,29,15.5,4.3,3.7,48.7,103.173862128,96.264374171,67.9,33.5,226,55.4,75.5,44.6,37.4,48.8,41.2,26.7,MIA,0.364,0.364,0.364,319,0
Rece Hinds,677956,2026,25,71,0,45.1,7.0,0.143,6,14,0.134,0.174,0.198,0.184,0.014,12.2,35.3,88.2,19.8,27.3,0,0.0,12.1,6.1,36.4,100.54652625,94.586568065,74.2,39.5,66,58.2,65.2,41.8,45.2,54.0,27.3,24.2,BAL,0.184,0.184,0.184,71,0
Sung-Mun Song,823550,2026,29,150,1,20.0,12.0,0.195,17,32,0.185,0.271,0.252,0.254,-0.002,10.1,60.1,87.6,17.0,26.5,4,3.9,4.9,8.8,28.4,97.362835417,92.705740417,62.6,23.8,73,50.4,84.7,49.6,21.8,43.0,40.2,26.5,SD,0.254,0.254,0.254,150,0
John Rave,670231,2026,28,161,6,23.6,10.6,0.232,13,60,0.237,0.391,0.326,0.315,0.011,17.7,65.7,87.9,14.2,31.1,11,10.5,4.7,11.3,34.9,99.59267898,93.981784227,57.6,27.4,90,51.6,83.1,48.4,24.3,42.0,44.3,25.5,KC,0.315,0.315,0.315,161,0
Rafael Devers,646240,2026,29,633,37,25.4,10.9,0.258,98,293,0.238,0.473,0.367,0.342,0.025,19.3,58.4,93.0,15.0,30.7,50,12.5,10.2,3.0,51.6,103.03671575,96.43028802,66.4,30.0,408,52.5,74.9,47.5,29.0,47.3,34.2,35.2,TBD,0.342,0.342,0.342,633,0
Tommy White,695720,2026,23,193,3,17.6,2.6,0.257,9,60,0.264,0.385,0.267,0.293,-0.026,11.4,60.2,86.0,7.1,30.5,11,7.1,1.9,5.2,32.5,97.272717013,92.639802403,69.5,42.1,154,53.0,86.7,47.0,22.1,55.0,29.2,22.7,OAK,0.293,0.293,0.293,193,0
Junior Caminero,691406,2026,22,700,42,18.3,11.3,0.277,99,318,0.273,0.5,0.377,0.364,0.013,23.7,62.1,92.7,10.4,27.2,64,13.1,5.5,3.7,49.6,105.143721347,97.096077157,62.8,30.5,469,57.0,84.7,43.0,24.0,44.3,45.2,22.3,TB,0.364,0.364,0.364,700,0
Yainer Diaz,673237,2026,27,356,14,15.7,3.4,0.283,44,153,0.272,0.416,0.333,0.313,0.02,16.8,55.9,89.2,7.6,29.5,20,7.0,5.3,4.2,38.2,99.635943357,94.007631439,74.5,42.1,254,52.8,88.8,47.2,22.0,57.4,36.5,17.5,HOU,0.313,0.313,0.313,356,0
Curtis Mead,678554,2026,25,329,17,19.1,11.9,0.253,48,142,0.259,0.457,0.37,0.358,0.012,15.2,45.9,88.0,15.8,35.6,24,10.9,6.3,4.5,42.3,100.226240455,94.227892192,57.8,25.1,186,52.7,89.6,47.3,18.1,40.6,46.8,30.6,TBD,0.358,0.358,0.358,329,0
Ian Happ,664023,2026,31,631,24,29.5,12.8,0.22,68,225,0.208,0.392,0.328,0.314,0.014,13.8,46.2,89.3,14.4,31.9,40,11.2,9.0,3.6,42.1,100.455877247,94.502937163,64.9,23.6,333,52.1,78.1,47.9,30.2,43.4,45.9,31.4,CHC,0.314,0.314,0.314,631,0
Chuckie Robinson,642020,2026,31,26,0,19.2,0.0,0.087,1,2,0.159,0.181,0.077,0.149,-0.072,7.7,53.7,85.8,17.8,19.0,0,0.0,0.0,23.8,14.3,95.37571875,91.782224375,78.9,27.3,9,36.7,66.7,63.3,29.6,60.0,28.6,14.3,TBD,0.149,0.149,0.149,26,0
José Fermín,665877,2026,27,366,6,13.4,8.2,0.251,41,116,0.25,0.338,0.298,0.293,0.005,8.2,63.2,86.1,16.3,34.6,6,2.1,6.0,6.4,31.4,96.332647589,92.230020747,56.6,22.3,166,48.9,90.2,51.1,13.7,39.8,48.1,23.3,STL,0.293,0.293,0.293,366,0
Roman Anthony,701350,2026,22,240,5,26.7,12.1,0.248,15,84,0.262,0.428,0.329,0.344,-0.015,21.2,46.8,92.0,6.1,38.4,17,11.7,5.5,2.7,46.6,102.442735205,95.858888345,55.8,23.3,110,49.8,82.6,50.2,28.3,39.6,41.8,23.3,BOS,0.344,0.344,0.344,240,0
Ronald Acuña Jr.,660670,2026,28,469,20,22.0,11.3,0.255,55,184,0.261,0.495,0.348,0.366,-0.018,16.8,54.5,89.6,15.7,34.7,40,13.0,9.1,4.9,43.5,102.06326039,95.280739838,75.6,28.6,298,55.8,77.7,44.2,29.0,49.4,37.0,27.9,ATL,0.366,0.366,0.366,469,0
George Springer,543807,2026,36,515,15,18.3,9.1,0.248,54,185,0.238,0.38,0.319,0.306,0.013,14.3,56.8,88.6,12.4,30.2,24,6.5,8.4,3.8,38.6,99.592071522,93.993965163,72.8,25.3,265,51.8,85.4,48.2,23.4,48.2,42.4,25.8,TOR,0.306,0.306,0.306,515,0
Starling Marte,516782,2026,37,168,2,24.4,5.4,0.242,14,48,0.23,0.364,0.276,0.287,-0.011,16.1,40.3,87.4,6.4,27.2,11,9.6,1.8,11.4,35.1,100.244828571,94.290100631,70.6,35.3,113,49.5,81.4,50.5,27.9,53.2,31.6,15.8,TBD,0.287,0.287,0.287,168,0
Travis d'Arnaud,518595,2026,37,84,1,28.6,7.1,0.158,3,18,0.152,0.281,0.222,0.234,-0.012,7.0,60.6,86.7,10.4,32.7,5,9.6,3.8,3.8,30.8,96.800458077,92.454145,65.8,33.3,52,49.2,81.1,50.8,31.0,49.8,25.0,34.6,LAA,0.234,0.234,0.234,84,0
Rafael Flores Jr.,804668,2026,25,159,11,27.7,9.4,0.271,25,78,0.253,0.519,0.377,0.358,0.019,18.3,60.1,91.0,12.8,36.0,15,15.0,10.0,3.0,47.0,101.7870292,95.5007194,61.2,27.6,84,47.9,77.7,52.1,30.8,45.1,46.0,37.0,PIT,0.358,0.358,0.358,159,0
Dillon Dingler,693307,2026,27,607,27,22.9,5.6,0.243,91,245,0.266,0.468,0.325,0.344,-0.019,15.4,55.8,88.8,17.6,39.1,42,10.1,8.6,4.3,43.4,100.44813399,94.484766322,65.0,33.4,416,53.1,88.0,46.9,22.4,48.2,42.2,29.0,DET,0.344,0.344,0.344,607,0
Eduardo Valencia,680664,2026,26,134,7,23.1,4.5,0.344,18,74,0.285,0.53,0.431,0.367,0.064,19.2,58.3,90.2,14.6,44.7,14,14.9,6.4,6.4,48.9,101.736234043,95.419097849,72.2,35.3,95,51.3,80.4,48.7,26.9,53.2,42.6,22.3,DET,0.367,0.367,0.367,134,0
Nick Sogard,686765,2026,28,273,5,20.5,11.0,0.254,19,91,0.248,0.352,0.324,0.308,0.016,8.9,50.5,86.6,16.4,38.2,9,4.8,4.3,8.1,28.0,96.459915,92.254408057,56.9,24.7,143,52.1,87.8,47.9,20.6,40.1,44.6,23.1,BOS,0.308,0.308,0.308,273,0
Tyler Stephenson,663886,2026,29,468,15,27.4,10.5,0.241,54,166,0.235,0.426,0.32,0.326,-0.006,14.0,54.3,90.8,18.0,39.9,35,12.4,7.6,1.4,44.1,100.162882887,94.627044841,67.2,22.3,209,49.4,85.3,50.6,26.5,45.0,36.1,32.6,CIN,0.326,0.326,0.326,468,0
Eli White,642201,2026,32,204,6,22.1,5.4,0.246,29,76,0.229,0.333,0.3,0.269,0.031,10.5,53.4,85.6,8.6,31.3,9,6.2,4.1,6.1,29.3,97.362570986,92.709488239,73.0,32.7,134,51.1,82.2,48.9,26.4,52.4,36.7,24.5,TBD,0.269,0.269,0.269,204,0
Weston Wilson,642215,2026,31,179,4,31.8,10.1,0.206,13,50,0.19,0.278,0.275,0.255,0.02,10.4,47.6,85.1,13.7,35.0,4,3.9,5.8,8.7,33.0,97.364898627,92.685190882,66.5,26.0,102,51.2,77.4,48.8,33.7,45.8,45.6,27.2,SEA,0.255,0.255,0.255,179,0
Denzel Clarke,672016,2026,26,85,0,32.9,9.4,0.149,6,12,0.162,0.185,0.192,0.206,-0.014,12.9,40.0,86.9,-4.6,12.2,1,2.1,0.0,8.2,34.7,100.523732609,94.426927778,64.2,25.3,47,53.0,79.2,47.0,32.7,43.6,46.9,4.1,OAK,0.206,0.206,0.206,85,0
Marcell Ozuna,542303,2026,35,280,8,28.6,9.6,0.203,29,82,0.221,0.389,0.276,0.304,-0.028,12.8,48.5,89.1,20.3,38.6,13,7.7,6.4,2.3,36.8,99.258350119,93.737043155,61.3,26.7,179,54.1,80.8,45.9,30.1,42.6,38.0,28.1,TBD,0.304,0.304,0.304,280,0
Andrew Knizner,668800,2026,31,80,2,17.5,5.0,0.219,4,26,0.212,0.33,0.288,0.274,0.014,12.5,60.8,87.0,22.9,23.7,3,5.1,3.4,5.1,32.2,98.388085333,93.282077288,61.8,39.4,63,55.0,80.2,45.0,25.7,49.5,33.9,32.2,SF,0.274,0.274,0.274,80,0
Eugenio Suárez,553993,2026,34,498,26,33.9,10.4,0.212,73,186,0.201,0.379,0.324,0.303,0.021,11.3,50.2,88.5,21.2,37.3,33,12.5,6.7,2.6,36.2,99.429068636,93.792559886,65.9,28.5,308,53.1,79.3,46.9,33.8,46.0,47.0,32.5,CIN,0.303,0.303,0.303,498,0
Charles McAdoo,807727,2026,24,102,2,24.5,6.9,0.255,12,34,0.241,0.335,0.295,0.279,0.016,8.0,41.0,85.1,14.1,27.1,3,4.3,2.9,5.7,25.7,96.335314286,92.167657143,66.1,33.7,67,51.7,82.1,48.3,22.1,49.4,24.3,22.9,TOR,0.279,0.279,0.279,102,0
Logan O'Hoppe,681351,2026,26,275,4,24.7,6.2,0.218,24,76,0.206,0.332,0.259,0.267,-0.008,15.1,60.5,86.8,16.8,30.5,17,9.1,4.3,4.8,35.8,98.818916667,93.427971774,71.1,34.8,188,54.8,85.8,45.2,28.7,51.2,44.4,28.9,TEX,0.267,0.267,0.267,275,0
Luken Baker,663609,2026,29,5,0,60.0,0.0,0.2,0,1,0.132,0.15,0.178,0.123,0.055,25.0,42.9,92.2,28.6,0.0,0,0.0,0.0,0.0,50.0,106.78027,97.390135,25.0,37.5,6,66.7,100.0,33.3,50.0,33.3,0.0,50.0,TBD,0.123,0.123,0.123,5,0
Brett Callahan,814430,2026,24,77,1,32.5,7.8,0.217,8,23,0.217,0.386,0.276,0.298,-0.022,12.4,29.9,89.9,18.6,28.9,5,11.1,4.4,2.2,44.4,100.59326913,94.695257778,78.9,40.2,53,49.8,85.7,50.2,27.8,59.6,35.6,31.1,DET,0.298,0.298,0.298,77,0
Jarred Kelenic,672284,2026,26,83,1,37.3,12.0,0.219,6,21,0.231,0.431,0.279,0.331,-0.052,21.7,53.3,92.6,11.6,35.7,8,19.0,2.4,2.4,50.0,102.423424286,96.131286905,64.4,29.4,52,54.3,79.2,45.7,40.5,45.4,26.2,33.3,TBD,0.331,0.331,0.331,83,0
Nick Fortes,663743,2026,29,319,6,13.5,3.8,0.262,35,112,0.241,0.329,0.305,0.276,0.029,16.0,37.7,85.6,8.6,25.0,6,2.4,5.1,10.5,35.7,99.09255813,93.578245388,68.1,37.0,215,52.7,88.5,47.3,17.9,51.7,51.6,17.2,TB,0.276,0.276,0.276,319,0
Max Kepler,596146,2026,33,145,2,22.1,7.6,0.205,15,40,0.211,0.336,0.25,0.27,-0.02,13.9,47.8,88.7,19.2,32.4,8,7.8,3.9,2.0,39.2,99.348171373,93.812456634,71.0,37.3,106,53.4,84.7,46.6,25.9,53.0,43.1,30.4,TBD,0.27,0.27,0.27,145,0
Brendan Donovan,680977,2026,29,159,3,14.5,9.4,0.277,15,56,0.25,0.344,0.349,0.314,0.035,8.2,58.8,85.7,10.6,34.8,3,2.7,6.1,5.2,27.8,95.766860526,91.930381239,66.2,25.3,79,52.6,90.9,47.4,17.4,44.7,34.8,20.0,TBD,0.314,0.314,0.314,159,0
Cam Smith,701358,2026,23,563,21,26.1,7.6,0.208,55,197,0.234,0.419,0.291,0.316,-0.025,15.9,47.7,88.6,12.4,31.2,41,11.3,4.4,7.1,43.3,101.627030442,94.978146077,69.3,29.8,366,52.6,80.6,47.4,29.3,48.5,38.6,26.3,HOU,0.316,0.316,0.316,563,0
Jack Brannigan,687394,2026,25,1,0,100.0,0.0,0.0,0,0,,,0.0,0.0,0.0,,100.0,,,,0,,,,,,,100.0,100.0,1,33.3,0.0,66.7,100.0,100.0,,,TBD,0.0,0.0,0.0,1,0
Trent Grisham,663757,2026,29,484,18,18.4,12.6,0.211,59,165,0.245,0.429,0.311,0.337,-0.026,18.2,62.9,90.6,17.5,35.7,32,9.6,11.1,2.4,45.3,100.542669759,94.739643825,58.8,19.2,189,49.9,88.9,50.1,18.2,39.1,44.4,30.0,TBD,0.337,0.337,0.337,484,0
Adrian Del Castillo,680728,2026,26,196,5,28.6,6.6,0.194,24,56,0.197,0.328,0.249,0.255,-0.006,10.9,47.6,88.2,16.1,34.6,8,6.3,8.7,8.7,36.2,98.273648226,93.368984065,68.4,29.9,123,52.4,82.0,47.6,28.8,48.2,35.4,29.1,ARI,0.255,0.255,0.255,196,0
Jarren Duran,680776,2026,29,606,20,27.2,6.8,0.208,69,199,0.237,0.389,0.275,0.301,-0.026,16.6,42.7,89.6,12.5,31.7,36,9.2,5.6,4.8,39.8,101.406402552,94.831178877,68.9,34.4,402,52.3,80.5,47.7,33.5,50.9,38.8,22.8,BOS,0.301,0.301,0.301,606,0
Daz Cameron,663662,2026,29,25,1,28.0,0.0,0.208,3,9,0.245,0.423,0.239,0.291,-0.052,11.8,31.8,84.1,16.9,33.3,2,11.1,0.0,5.6,27.8,97.247913333,92.829588889,69.2,30.2,13,45.3,83.3,54.7,22.4,51.6,27.8,22.2,TBD,0.291,0.291,0.291,25,0
Randal Grichuk,545341,2026,34,277,14,22.0,4.0,0.286,43,146,0.276,0.471,0.366,0.332,0.034,20.0,60.8,91.2,17.0,37.7,22,10.8,6.9,4.4,49.5,102.644154804,95.860405123,70.0,36.5,186,51.0,86.6,49.0,24.0,52.9,43.6,29.4,CWS,0.332,0.332,0.332,277,0
Isaac Collins,686555,2026,28,515,6,23.3,12.2,0.212,40,141,0.218,0.302,0.293,0.292,0.001,14.6,34.9,88.0,16.1,29.5,16,4.9,4.3,5.5,39.1,99.66231325,93.936986897,58.8,21.8,225,50.3,88.0,49.7,21.8,40.2,38.8,25.5,KC,0.292,0.292,0.292,515,0
MJ Melendez,669004,2026,27,144,4,34.7,11.8,0.192,11,42,0.166,0.317,0.302,0.28,0.022,18.3,58.8,94.2,23.6,29.2,8,11.1,11.1,4.2,55.6,102.543121111,96.42811507,67.4,29.5,99,54.6,73.9,45.4,34.5,46.7,50.0,43.1,TBD,0.28,0.28,0.28,144,0
Colson Montgomery,695657,2026,24,634,31,35.5,8.5,0.199,87,229,0.2,0.39,0.302,0.296,0.006,14.8,53.6,88.6,23.7,33.1,41,12.1,6.2,4.4,41.2,101.199300412,94.777856401,73.0,32.2,416,53.0,78.1,47.0,37.2,51.4,49.6,34.3,CWS,0.296,0.296,0.296,634,0
Dylan Carlson,666185,2026,27,4,0,50.0,0.0,0.0,0,0,0.067,0.096,0.0,0.07,-0.07,0.0,20.0,84.4,6.4,50.0,0,0.0,0.0,0.0,0.0,88.16488,88.08244,45.5,11.1,1,45.0,80.0,55.0,33.3,30.0,100.0,50.0,TBD,0.07,0.07,0.07,4,0
George Valera,671655,2026,25,38,0,21.1,2.6,0.216,6,11,0.193,0.232,0.235,0.198,0.037,12.8,48.4,90.2,9.6,20.7,0,0.0,3.4,0.0,34.5,98.353314,93.687662414,72.6,40.4,23,47.9,84.4,52.1,22.1,57.1,51.7,6.9,TBD,0.198,0.198,0.198,38,0
Omar Martinez,683079,2026,24,3,0,33.3,0.0,0.333,0,1,0.116,0.136,0.297,0.111,0.186,0.0,25.0,88.8,16.8,0.0,0,0.0,0.0,0.0,50.0,99.57912,93.78956,60.0,28.6,2,58.3,66.7,41.7,20.0,41.7,50.0,50.0,TBD,0.111,0.111,0.111,3,0
Kyle Tucker,663656,2026,29,622,17,16.9,12.5,0.234,70,206,0.255,0.393,0.319,0.332,-0.013,10.1,45.1,88.5,17.8,34.4,28,6.4,5.0,3.7,36.5,98.299319724,93.347145242,74.2,23.9,300,51.2,85.9,48.8,20.9,48.4,42.2,34.9,LAD,0.332,0.332,0.332,622,0
CJ Abrams,682928,2026,25,650,33,24.3,8.8,0.261,105,285,0.247,0.435,0.357,0.332,0.025,14.4,57.6,89.6,17.7,34.3,44,10.4,7.1,2.4,40.7,99.997933128,94.251934242,68.6,36.9,508,54.7,80.8,45.3,29.7,51.3,44.9,28.6,WSH,0.332,0.332,0.332,650,0
Luis García Jr.,671277,2026,26,543,30,17.9,4.6,0.277,92,269,0.276,0.486,0.355,0.341,0.014,19.0,63.7,91.4,11.5,33.0,51,12.2,4.8,1.2,46.1,102.267913349,95.535729017,70.2,38.4,421,55.3,87.6,44.7,20.8,52.6,41.8,23.5,NYY,0.341,0.341,0.341,543,0
Joey Meneses,608841,2026,34,25,0,16.0,12.0,0.15,2,3,0.269,0.314,0.22,0.327,-0.107,17.4,41.9,92.7,12.7,23.5,0,0.0,5.9,5.9,58.8,101.344301111,96.104733529,61.3,33.3,15,59.2,84.2,40.8,23.5,44.7,70.6,17.6,TBD,0.327,0.327,0.327,25,0
George Lombard Jr.,806146,2026,21,166,7,26.5,6.0,0.237,22,63,0.24,0.388,0.304,0.298,0.006,10.0,55.0,87.1,8.5,33.3,9,8.2,5.4,6.3,35.1,99.125989074,93.611228241,66.2,27.2,88,49.7,82.5,50.3,25.6,46.8,36.9,24.3,NYY,0.298,0.298,0.298,166,0
Jose Siri,642350,2026,30,249,9,32.1,6.0,0.238,30,89,0.226,0.422,0.301,0.302,-0.001,16.4,52.1,89.0,15.4,33.1,20,13.3,8.6,7.3,42.7,101.09251027,94.788821837,69.0,40.2,206,53.5,74.6,46.5,37.0,53.6,43.0,31.8,LAA,0.302,0.302,0.302,249,0
Joc Pederson,592626,2026,34,432,26,23.6,11.3,0.235,53,182,0.242,0.445,0.352,0.343,0.009,18.3,56.0,92.1,16.0,30.9,31,11.3,8.4,2.5,50.9,102.047397007,95.678260401,64.8,30.1,267,51.4,78.7,48.6,30.0,47.0,42.9,31.3,TBD,0.343,0.343,0.343,432,0
Addison Barger,680718,2026,26,28,0,25.0,17.9,0.045,2,2,0.131,0.185,0.17,0.255,-0.085,13.5,53.2,89.0,16.7,25.0,0,0.0,18.8,6.3,50.0,101.06417375,94.880101875,58.1,35.5,27,63.9,88.0,36.1,23.1,43.7,31.3,43.8,TBD,0.255,0.255,0.255,28,0
Luisangel Acuña,682668,2026,24,221,2,19.5,4.1,0.227,12,53,0.246,0.323,0.241,0.268,-0.027,16.0,64.9,88.5,2.2,24.4,6,3.6,2.4,7.1,36.3,99.243124268,93.738814417,71.0,34.1,141,53.8,85.3,46.2,26.0,51.2,36.9,16.1,CWS,0.268,0.268,0.268,221,0
James McCann,543510,2026,36,162,7,25.9,3.7,0.283,26,66,0.238,0.43,0.335,0.302,0.033,16.8,44.8,90.0,10.9,36.3,13,11.5,7.1,4.4,45.1,101.073058727,95.108505182,64.1,39.9,127,53.1,86.1,46.9,30.6,51.3,31.9,25.7,ARI,0.302,0.302,0.302,162,0
César Prieto,693409,2026,27,35,0,11.4,2.9,0.059,0,2,0.239,0.352,0.071,0.266,-0.195,18.4,60.9,87.8,3.3,23.3,1,3.4,3.3,6.7,30.0,98.500935714,93.663632143,69.6,35.7,20,54.9,96.9,45.1,19.2,51.0,46.7,16.7,STL,0.266,0.266,0.266,35,0
Blake Perkins,663368,2026,29,101,1,21.8,9.9,0.157,11,23,0.196,0.295,0.236,0.264,-0.028,10.2,64.7,86.4,13.4,23.5,3,4.4,7.4,10.3,33.8,97.263370606,92.781445846,59.2,28.9,63,52.0,83.2,48.0,20.9,43.4,42.6,22.1,TBD,0.264,0.264,0.264,101,0
Victor Mesa Jr.,683748,2026,24,258,14,19.8,8.9,0.26,31,110,0.251,0.444,0.358,0.332,0.026,14.4,64.0,89.4,21.3,32.2,20,10.9,4.4,6.0,42.1,100.38923625,94.533590286,76.9,34.6,166,52.3,80.4,47.7,25.6,54.8,37.7,31.1,TB,0.332,0.332,0.332,258,0
Leody Taveras,665750,2026,27,482,8,25.7,8.5,0.219,56,148,0.214,0.32,0.282,0.273,0.009,11.1,39.6,88.0,16.1,28.8,13,4.1,6.0,9.5,32.6,98.966147671,93.538008356,67.5,32.0,322,53.5,86.0,46.5,24.3,48.5,36.7,25.6,BAL,0.273,0.273,0.273,482,0
Gavin Sheets,657757,2026,30,417,16,20.4,11.8,0.211,46,138,0.227,0.374,0.312,0.313,-0.001,11.4,51.1,87.3,13.5,30.9,19,6.8,4.3,4.3,38.1,98.82247554,93.450402482,58.1,31.1,305,54.5,88.2,45.5,20.9,43.4,38.1,23.7,SD,0.313,0.313,0.313,417,0
Tyler Black,672012,2026,25,28,0,25.0,3.6,0.333,7,13,0.17,0.229,0.364,0.191,0.173,2.8,44.7,83.6,12.6,25.0,0,0.0,10.0,5.0,15.0,94.187515,91.1716985,76.6,32.0,16,51.5,83.3,48.5,23.1,53.6,30.0,35.0,TBD,0.191,0.191,0.191,28,0
Josh Lowe,666139,2026,28,339,12,30.4,7.4,0.208,29,111,0.21,0.375,0.28,0.286,-0.006,10.1,44.9,88.8,18.9,32.7,19,9.1,6.7,4.8,37.5,99.122218333,93.838034828,78.0,36.0,274,52.6,72.4,47.4,32.1,55.9,34.1,34.1,LAA,0.286,0.286,0.286,339,0
Michael Massey,686681,2026,28,452,13,16.6,4.6,0.272,49,180,0.257,0.414,0.317,0.307,0.01,12.8,59.4,89.3,15.6,36.5,22,6.2,9.6,4.2,39.0,98.938369885,93.697569454,68.9,38.8,327,51.3,88.0,48.7,19.5,53.5,50.0,29.8,KC,0.307,0.307,0.307,452,0
Dylan Beavers,687637,2026,24,363,9,27.3,9.6,0.228,44,121,0.219,0.369,0.302,0.295,0.007,14.8,46.9,87.8,19.0,38.3,19,8.4,10.6,6.2,38.3,99.418492655,93.865557644,60.5,23.8,180,50.3,83.2,49.7,25.3,42.0,40.1,32.2,BAL,0.295,0.295,0.295,363,0
Jonah Bride,681146,2026,30,6,0,33.3,16.7,0.2,0,1,0.109,0.213,0.265,0.229,0.036,0.0,33.3,95.7,-0.8,33.3,0,0.0,33.3,0.0,66.7,96.393975,95.676976667,37.5,28.6,4,63.6,100.0,36.4,28.6,31.8,0.0,33.3,TBD,0.229,0.229,0.229,6,0
Tristan Gray,656484,2026,30,188,4,31.9,5.3,0.225,29,56,0.218,0.322,0.262,0.263,-0.001,10.0,40.4,88.5,14.3,38.5,7,6.0,6.0,5.1,37.6,99.69709193,93.943316637,74.7,39.3,150,52.3,77.7,47.7,33.9,56.2,40.2,23.9,TBD,0.263,0.263,0.263,188,0
Mark Vientos,668901,2026,26,295,13,24.1,5.1,0.212,41,108,0.231,0.433,0.283,0.304,-0.021,18.9,62.0,89.8,14.6,31.1,20,9.7,4.9,2.4,43.7,100.784554369,94.654892913,74.4,35.2,196,52.2,79.7,47.8,31.1,53.9,37.4,29.6,NYM,0.304,0.304,0.304,295,0
Manny Machado,592518,2026,33,675,30,21.2,11.3,0.216,87,234,0.242,0.42,0.31,0.327,-0.017,15.3,56.0,90.1,14.5,32.5,44,9.7,6.4,4.6,43.5,101.060899912,94.86682592,67.5,30.5,431,53.0,83.5,47.0,25.2,47.9,40.0,28.6,SD,0.327,0.327,0.327,675,0
Zack Short,670097,2026,31,62,0,30.6,12.9,0.14,2,9,0.159,0.269,0.218,0.256,-0.038,5.5,62.0,88.7,27.9,29.4,2,5.9,8.8,8.8,20.6,95.80155125,92.043422903,64.8,27.1,39,52.9,79.5,47.1,31.1,44.9,38.2,47.1,TBD,0.256,0.256,0.256,62,0
Daniel Johnson,669288,2026,30,17,0,17.6,11.8,0.143,0,2,0.28,0.32,0.23,0.341,-0.111,12.5,55.0,92.7,21.8,18.2,0,0.0,0.0,9.1,45.5,100.655092,95.154549,66.7,28.1,9,60.4,92.9,39.6,21.7,43.4,45.5,9.1,TBD,0.341,0.341,0.341,17,0
Andrew Vaughn,683734,2026,28,331,6,16.0,10.6,0.306,43,128,0.264,0.38,0.368,0.329,0.039,14.1,50.7,90.1,11.3,30.4,12,5.1,5.9,3.0,43.5,99.521519328,94.307560675,55.4,23.5,168,53.0,87.7,47.0,19.5,38.3,32.1,24.1,TBD,0.329,0.329,0.329,331,0
Oneil Cruz,665833,2026,27,419,20,33.2,11.2,0.28,67,179,0.251,0.472,0.371,0.352,0.019,22.3,40.8,94.1,5.4,33.2,35,15.4,5.7,1.7,53.7,105.969307193,97.770739031,57.4,30.1,291,55.8,75.9,44.2,35.6,42.2,40.6,22.3,PIT,0.352,0.352,0.352,419,0
Rikuu Nishida,807747,2026,25,30,0,16.7,0.0,0.241,2,7,0.258,0.306,0.215,0.247,-0.032,3.3,32.4,87.9,3.1,36.0,0,0.0,0.0,8.0,12.0,94.065359167,91.185872174,60.0,31.0,13,43.3,81.8,56.7,15.2,47.4,16.0,8.0,TBD,0.247,0.247,0.247,30,0
Jake Cronenworth,630105,2026,32,420,7,22.9,8.6,0.227,38,118,0.214,0.307,0.285,0.272,0.013,9.8,41.4,87.2,11.4,30.5,11,3.9,3.5,6.4,29.4,97.102482353,92.582481845,63.7,29.1,257,51.3,89.7,48.7,21.3,46.0,30.1,22.0,SD,0.272,0.272,0.272,420,0
Hunter Goodman,696100,2026,26,570,41,30.5,7.9,0.247,84,266,0.229,0.458,0.357,0.322,0.035,16.1,66.6,89.7,18.7,32.4,50,14.5,5.5,5.5,44.2,102.213328372,95.370909622,73.8,40.3,495,57.3,77.8,42.7,34.0,54.6,48.0,34.7,COL,0.322,0.322,0.322,570,0
Tyler Tolbert,686475,2026,28,144,3,20.1,8.3,0.294,8,51,0.246,0.314,0.339,0.293,0.046,8.5,42.0,84.8,10.5,36.3,3,2.9,5.9,14.7,24.5,95.502392553,91.79153172,72.0,26.6,67,49.5,81.1,50.5,29.4,49.5,33.3,21.6,KC,0.293,0.293,0.293,144,0
Yohandy Morales,691002,2026,24,47,4,31.9,0.0,0.255,10,28,0.258,0.491,0.358,0.317,0.041,26.9,59.3,91.7,14.7,31.3,5,15.6,9.4,0.0,62.5,103.672409375,96.87047375,72.9,33.0,35,55.5,74.2,44.5,38.1,50.8,43.8,31.3,WSH,0.317,0.317,0.317,47,0
Fernando Tatis Jr.,665487,2026,27,704,25,18.5,9.1,0.289,82,294,0.296,0.5,0.358,0.379,-0.021,24.6,55.6,92.9,5.3,32.2,64,12.7,7.6,4.0,53.9,104.706101084,97.191219378,67.6,26.4,351,52.4,85.8,47.6,25.9,46.1,33.4,21.1,SD,0.379,0.379,0.379,704,0
Luis Matos,682641,2026,24,21,0,33.3,4.8,0.2,0,4,0.099,0.136,0.203,0.13,0.073,10.3,59.0,84.1,19.8,7.7,0,0.0,7.7,0.0,23.1,94.59495,92.061707692,73.3,52.4,22,58.3,86.4,41.7,31.8,61.1,38.5,7.7,TBD,0.13,0.13,0.13,21,0
Zach Cole,805904,2026,25,53,3,39.6,1.9,0.157,8,18,0.209,0.438,0.234,0.289,-0.055,22.4,50.6,92.5,15.3,23.3,5,16.7,10.0,0.0,50.0,102.600134,95.962160333,60.6,28.2,31,50.2,69.7,49.8,43.3,44.3,50.0,33.3,TBD,0.289,0.289,0.289,53,0
Nasim Nuñez,683083,2026,25,489,1,20.2,10.0,0.208,36,103,0.221,0.273,0.25,0.267,-0.017,6.3,42.5,85.0,8.4,28.6,3,0.9,2.7,8.8,21.5,94.930401083,91.486427764,68.1,26.1,254,49.9,85.1,50.1,21.6,47.1,32.4,18.9,WSH,0.267,0.267,0.267,489,0
Jared Oliva,666931,2026,30,7,0,14.3,0.0,0.143,0,1,0.322,0.379,0.127,0.308,-0.181,20.0,50.0,93.6,13.6,16.7,0,0.0,0.0,0.0,66.7,101.096063333,96.704105,73.3,41.7,5,44.4,72.7,55.6,37.5,59.3,33.3,33.3,TBD,0.308,0.308,0.308,7,0
Xander Bogaerts,593428,2026,33,606,13,18.0,12.7,0.231,56,175,0.248,0.376,0.306,0.325,-0.019,15.8,51.6,89.6,6.7,27.9,23,5.5,5.5,2.9,42.3,100.312911827,94.537029735,61.1,22.8,276,51.1,85.3,48.9,23.1,41.5,44.0,23.3,SD,0.325,0.325,0.325,606,0
Greg Jones,675659,2026,28,24,0,41.7,0.0,0.087,1,2,0.174,0.205,0.077,0.164,-0.087,10.0,47.2,86.3,1.3,21.4,0,0.0,0.0,21.4,28.6,98.611036667,93.604294167,66.7,38.9,14,44.4,70.0,55.6,38.6,54.3,14.3,14.3,TBD,0.164,0.164,0.164,24,0
Cal Raleigh,663728,2026,29,525,23,31.0,13.7,0.177,68,163,0.188,0.393,0.295,0.31,-0.015,11.4,46.0,90.1,25.5,33.4,41,14.3,4.9,2.8,39.5,100.460624167,94.554237317,70.0,35.8,464,57.5,77.2,42.5,31.8,50.4,52.3,43.6,SEA,0.31,0.31,0.31,525,0
Scott Kingery,664068,2026,32,4,0,0.0,0.0,0.25,0,1,0.166,0.19,0.223,0.156,0.067,0.0,71.4,77.1,30.9,0.0,0,0.0,0.0,0.0,0.0,87.692375,88.678705,66.7,44.4,4,60.0,75.0,40.0,12.5,53.3,50.0,50.0,TBD,0.156,0.156,0.156,4,0
Austin Slater,596103,2026,33,74,0,28.4,10.8,0.231,3,18,0.182,0.236,0.271,0.235,0.036,6.0,58.0,85.0,4.8,26.7,1,2.3,4.4,2.2,18.2,94.665360455,91.332680227,66.7,28.7,43,52.1,81.5,47.9,27.9,46.6,35.6,22.2,TBD,0.235,0.235,0.235,74,0
Derek Hill,656537,2026,30,216,11,31.9,6.0,0.241,31,88,0.225,0.386,0.319,0.289,0.03,13.0,48.1,88.9,14.1,36.1,14,10.6,1.5,9.8,33.8,98.863739672,93.597008182,70.8,34.6,150,52.2,77.6,47.8,32.7,51.9,36.8,28.6,PHI,0.289,0.289,0.289,216,0
Luis Campusano,669134,2026,27,245,8,21.2,11.8,0.268,30,93,0.24,0.393,0.355,0.327,0.028,11.4,63.6,87.4,16.9,37.9,13,8.1,5.6,5.0,37.9,98.919272125,93.561102188,66.7,29.1,153,53.2,84.8,46.8,25.8,46.7,41.6,24.2,SD,0.327,0.327,0.327,245,0
Troy Johnston,687859,2026,29,445,4,18.2,8.3,0.28,50,156,0.276,0.376,0.332,0.323,0.009,12.1,43.9,89.7,13.9,39.9,7,2.2,6.6,2.2,36.5,98.298591795,93.335496527,70.4,35.9,307,52.7,86.1,47.3,24.4,52.2,38.1,23.9,COL,0.323,0.323,0.323,445,0
Eliezer Alfonzo,672613,2026,26,28,0,10.7,0.0,0.179,4,7,0.211,0.29,0.186,0.215,-0.029,10.5,44.4,91.3,10.9,40.0,0,0.0,4.0,4.0,32.0,98.6623025,93.612612917,74.5,34.0,16,50.0,94.3,50.0,13.7,54.3,40.0,28.0,TBD,0.215,0.215,0.215,28,0
Jazz Chisholm Jr.,665862,2026,28,532,19,29.5,10.5,0.231,55,188,0.216,0.366,0.312,0.294,0.018,14.4,59.4,90.4,16.3,29.9,26,8.2,7.9,4.7,42.8,100.204570455,94.436904935,64.3,29.4,337,53.1,76.7,46.9,30.9,45.8,50.9,28.9,NYY,0.294,0.294,0.294,532,0
Daylen Lile,695734,2026,23,651,22,19.4,6.1,0.247,89,258,0.257,0.445,0.314,0.326,-0.012,13.1,54.7,88.6,19.0,38.0,46,9.6,7.3,3.1,38.1,99.061166778,93.691224277,76.0,38.5,492,54.1,85.6,45.9,23.7,55.7,40.7,38.0,WSH,0.326,0.326,0.326,651,0
Gabriel Moreno,672515,2026,26,549,16,14.6,11.1,0.311,82,229,0.289,0.451,0.38,0.363,0.017,14.5,41.5,89.3,12.9,36.2,31,7.7,5.2,2.7,42.2,99.899212438,94.093065075,55.2,28.7,365,53.3,90.4,46.7,15.5,41.1,35.2,25.3,ARI,0.363,0.363,0.363,549,0
Will Wagner,695238,2026,27,45,0,15.6,22.2,0.257,0,10,0.249,0.282,0.333,0.329,0.004,5.7,35.5,81.9,4.9,28.6,0,0.0,0.0,7.1,17.9,92.435565714,90.547779259,61.8,24.0,24,56.8,93.6,43.2,16.9,40.3,21.4,10.7,TBD,0.329,0.329,0.329,45,0
Rudy Martin Jr.,657675,2026,30,3,0,33.3,33.3,0.0,0,0,0.049,0.053,0.233,0.263,-0.03,0.0,0.0,85.5,-13.4,0.0,0,0.0,0.0,0.0,0.0,85.53802,88.0,33.3,25.0,1,40.0,50.0,60.0,66.7,30.0,0.0,0.0,TBD,0.263,0.263,0.263,3,0
Liam Hicks,689414,2026,27,550,18,10.0,10.2,0.282,82,202,0.261,0.358,0.35,0.319,0.031,10.8,49.3,84.6,14.5,30.6,16,3.7,2.8,5.8,27.1,96.121024292,92.072565934,58.6,26.6,286,53.2,97.3,46.8,11.4,41.6,42.8,24.5,TB,0.319,0.319,0.319,550,0
Otto Lopez,672640,2026,27,687,11,13.0,5.8,0.305,71,272,0.281,0.417,0.342,0.327,0.015,18.1,45.3,89.1,8.4,30.4,33,6.0,5.6,3.6,40.8,100.262247259,94.353564593,62.2,31.2,402,51.2,90.1,48.8,19.5,46.3,34.1,22.6,MIA,0.327,0.327,0.327,687,0
Andrew Pinckney,687605,2026,25,29,1,34.5,3.4,0.28,3,12,0.239,0.374,0.329,0.297,0.032,24.0,55.0,94.8,15.1,41.2,2,11.8,5.9,0.0,58.8,104.080331111,97.343559412,63.6,18.5,10,49.5,74.3,50.5,31.1,41.3,23.5,29.4,TBD,0.297,0.297,0.297,29,0
Drew Gilbert,687551,2026,25,390,11,17.9,9.7,0.24,43,134,0.261,0.401,0.321,0.334,-0.013,12.0,42.3,86.8,14.1,36.6,16,5.9,5.1,5.1,37.4,98.388191045,93.219289288,59.7,25.2,200,51.4,88.6,48.6,22.4,42.0,43.6,20.1,SF,0.334,0.334,0.334,390,0
Leo Rivas,660844,2026,28,146,0,28.1,11.0,0.148,10,23,0.172,0.232,0.222,0.245,-0.023,2.6,53.5,86.1,19.2,31.8,1,1.2,2.4,3.5,15.3,93.376740714,90.730316627,55.7,16.3,50,48.5,82.9,51.5,23.4,36.6,45.9,30.6,SEA,0.245,0.245,0.245,146,0
Mickey Moniak,666160,2026,28,436,23,27.5,5.0,0.238,65,194,0.212,0.392,0.322,0.279,0.043,13.7,52.0,89.7,21.4,32.0,28,9.6,6.5,2.7,41.6,99.875625205,94.179652165,76.4,44.0,357,53.6,82.0,46.4,30.3,59.0,48.1,36.8,COL,0.279,0.279,0.279,436,0
Petey Halpin,690984,2026,24,191,4,18.3,4.7,0.224,14,57,0.25,0.378,0.265,0.294,-0.029,10.8,49.7,85.8,21.1,38.6,8,5.5,5.5,11.0,26.2,96.886509552,92.459284552,81.2,38.4,131,52.5,80.1,47.5,25.4,58.8,35.9,34.5,CLE,0.294,0.294,0.294,191,0
Cooper Pratt,806198,2026,21,262,3,17.6,9.9,0.281,34,81,0.265,0.362,0.321,0.316,0.005,10.1,40.0,87.2,9.1,40.4,6,3.2,4.3,4.8,27.7,96.649511444,92.378917989,62.8,29.4,150,49.9,87.3,50.1,21.2,46.1,33.0,21.3,MIL,0.316,0.316,0.316,262,0
Tyrone Taylor,621438,2026,32,237,11,16.9,5.9,0.274,38,108,0.245,0.418,0.354,0.31,0.044,13.9,56.8,86.8,17.8,33.1,16,8.8,7.2,7.7,34.3,98.122758409,93.07996142,63.8,34.7,157,51.7,88.1,48.3,20.8,48.7,53.0,33.7,CHC,0.31,0.31,0.31,237,0
Andrés Chaparro,665953,2026,27,224,11,23.7,11.2,0.258,37,96,0.228,0.432,0.372,0.336,0.036,15.0,52.2,89.6,16.9,29.1,17,12.1,8.5,4.3,43.3,101.115486761,94.94349844,71.8,32.2,154,56.0,78.5,44.0,32.8,49.6,50.4,28.4,WSH,0.336,0.336,0.336,224,0
Christian Franklin,681047,2026,26,59,0,25.4,11.9,0.18,1,11,0.192,0.315,0.256,0.291,-0.035,11.1,30.7,85.4,2.2,14.3,3,8.6,2.9,8.6,34.3,97.938457778,93.130864286,60.9,21.6,30,55.8,79.1,44.2,28.9,39.0,14.3,14.3,BAL,0.291,0.291,0.291,59,0
Matt Vierling,663837,2026,29,291,5,16.8,6.5,0.207,31,89,0.256,0.381,0.259,0.304,-0.045,13.4,58.1,87.9,17.4,36.3,11,5.0,6.7,2.7,37.2,98.761562252,93.539494751,63.4,32.4,176,49.5,89.2,50.5,18.2,48.0,33.6,28.3,TBD,0.304,0.304,0.304,291,0
Matt Shaw,807713,2026,24,199,5,17.6,10.1,0.24,24,71,0.228,0.351,0.326,0.3,0.026,10.4,62.3,86.9,16.3,30.5,6,4.3,7.8,6.4,34.8,97.683329706,92.879891259,60.5,32.6,137,53.4,87.4,46.6,20.1,45.6,31.2,27.7,CHC,0.3,0.3,0.3,199,0
Steward Berroa,672642,2026,27,7,0,57.1,0.0,0.143,1,1,0.226,0.27,0.127,0.211,-0.084,0.0,36.4,90.7,23.4,66.7,0,0.0,0.0,0.0,0.0,91.46216,90.674966667,60.0,50.0,4,34.8,100.0,65.2,7.7,56.5,0.0,33.3,TBD,0.211,0.211,0.211,7,0
Jordan Lawlar,691783,2026,23,133,6,29.3,3.8,0.256,16,56,0.245,0.397,0.341,0.311,0.03,12.4,58.4,88.1,18.3,37.3,6,7.2,7.2,10.8,31.3,98.4241435,93.531386962,67.5,26.7,74,53.0,83.1,47.0,27.1,45.9,43.4,36.1,ARI,0.311,0.311,0.311,133,0
Jase Bowen,687749,2026,25,99,2,39.4,3.0,0.151,7,24,0.197,0.327,0.202,0.248,-0.046,7.1,36.2,87.9,13.3,27.3,5,9.3,10.9,14.5,34.5,99.5591316,93.966068776,61.5,44.2,84,54.1,74.7,45.9,37.2,52.1,47.3,30.9,SD,0.248,0.248,0.248,99,0
Victor Robles,645302,2026,29,149,0,14.8,6.0,0.256,9,41,0.238,0.321,0.283,0.28,0.003,6.5,55.4,83.5,12.3,32.2,2,1.7,3.5,10.4,20.0,94.611457222,91.363833704,76.2,36.1,101,53.9,89.0,46.1,21.6,54.5,44.3,27.0,SEA,0.28,0.28,0.28,149,0
Willson Contreras,575929,2026,34,533,27,25.1,11.1,0.276,81,231,0.256,0.486,0.393,0.377,0.016,16.0,49.9,89.8,18.0,32.3,42,13.4,6.0,5.7,44.0,102.418738599,95.490996422,67.5,34.1,394,56.1,82.4,43.9,30.6,48.8,49.7,28.5,BOS,0.377,0.377,0.377,533,0
Gary Sánchez,596142,2026,33,271,11,21.4,17.0,0.208,36,91,0.22,0.394,0.34,0.336,0.004,17.2,60.4,87.8,14.4,29.3,13,7.9,5.5,4.9,35.4,99.673031707,93.877173598,51.1,22.4,133,53.0,81.9,47.0,28.1,35.9,43.3,26.2,MIL,0.336,0.336,0.336,271,0
Carlos Correa,621043,2026,31,141,3,18.4,12.8,0.279,16,51,0.289,0.459,0.347,0.364,-0.017,16.7,39.7,89.2,7.2,36.1,10,10.3,5.2,2.1,41.2,101.668709184,94.924922887,61.2,32.0,103,55.3,84.3,44.7,22.9,45.0,40.2,16.5,TBD,0.364,0.364,0.364,141,0
Evan Carter,694497,2026,23,453,9,25.2,10.4,0.195,39,120,0.206,0.32,0.275,0.28,-0.005,12.0,46.4,87.5,17.9,28.9,14,4.9,8.0,11.5,34.8,98.747692164,93.417492537,61.5,21.6,196,49.7,80.7,50.3,29.1,41.7,40.1,29.6,TEX,0.28,0.28,0.28,453,0
Henry Davis,680779,2026,26,298,10,21.1,9.4,0.172,38,78,0.199,0.342,0.267,0.29,-0.023,14.5,60.9,90.3,20.9,27.8,17,8.6,7.6,8.1,40.9,100.662878211,94.625487368,75.3,32.3,188,51.9,84.2,48.1,25.6,53.0,52.5,25.8,PIT,0.29,0.29,0.29,298,0
Colt Emerson,806068,2026,20,241,8,34.4,6.2,0.19,23,74,0.196,0.3,0.256,0.248,0.008,7.3,55.3,86.7,14.0,36.2,7,5.0,7.1,5.7,31.2,97.184861884,92.601587174,69.4,38.9,194,51.8,73.6,48.2,34.1,53.6,41.1,22.7,TBD,0.248,0.248,0.248,241,0
Braden Shewmake,669699,2026,28,91,3,17.6,2.2,0.259,10,36,0.246,0.411,0.296,0.294,0.002,10.8,70.0,89.9,13.8,30.1,5,6.9,5.5,6.8,37.0,98.701058286,93.606660145,71.3,52.6,81,51.9,81.4,48.1,23.5,61.6,34.2,27.4,TBD,0.294,0.294,0.294,91,0
Jeimer Candelario,600869,2026,32,20,0,40.0,5.0,0.111,0,4,0.167,0.213,0.198,0.218,-0.02,9.5,51.2,91.8,18.2,30.0,0,0.0,0.0,0.0,40.0,98.451112,93.916024,71.7,35.1,13,44.6,51.5,55.4,50.0,55.4,60.0,40.0,TBD,0.218,0.218,0.218,20,0
Zach Neto,687263,2026,25,699,27,30.5,9.7,0.24,77,270,0.216,0.411,0.337,0.317,0.02,11.4,39.8,89.9,22.8,38.1,47,11.7,8.2,4.0,41.4,99.862864677,94.281938329,68.6,37.0,590,57.3,82.2,42.7,32.9,50.5,49.0,35.4,LAA,0.317,0.317,0.317,699,0
Brian Serven,661531,2026,31,82,5,25.6,3.7,0.179,14,30,0.218,0.372,0.262,0.274,-0.012,15.7,57.6,87.4,10.5,35.1,5,8.8,5.3,5.3,29.8,98.147006552,93.194153158,67.9,31.8,48,48.2,76.4,51.8,30.4,50.5,38.6,31.6,OAK,0.274,0.274,0.274,82,0
Jonah Heim,641680,2026,31,390,13,17.9,6.9,0.204,43,131,0.227,0.361,0.276,0.285,-0.009,9.1,54.1,87.3,13.3,33.0,17,5.9,5.5,3.4,32.3,97.523598,92.806524966,66.3,33.6,247,50.5,86.0,49.5,21.4,49.8,39.2,26.5,OAK,0.285,0.285,0.285,390,0
Brandon Nimmo,607043,2026,33,651,14,22.9,7.8,0.26,61,237,0.268,0.444,0.321,0.34,-0.019,16.4,52.3,92.0,10.3,34.5,40,9.0,8.6,2.0,50.5,101.770894414,95.658785079,72.5,29.0,362,48.9,82.8,51.1,23.9,51.3,32.9,26.4,TEX,0.34,0.34,0.34,651,0
Davis Schneider,676914,2026,27,152,5,32.9,18.4,0.149,15,39,0.151,0.285,0.294,0.285,0.009,13.9,47.7,87.9,27.3,24.7,8,11.1,4.1,11.0,43.8,100.316491111,94.905986761,58.3,20.6,75,53.1,76.5,46.9,32.8,38.2,42.5,42.5,TOR,0.285,0.285,0.285,152,0
Will Banfield,677943,2026,26,18,0,27.8,0.0,0.176,1,4,0.176,0.224,0.169,0.176,-0.007,4.8,36.4,84.5,31.5,23.1,0,0.0,7.7,0.0,15.4,91.833835714,90.285725385,79.2,58.1,18,56.4,78.9,43.6,32.4,67.3,38.5,30.8,CIN,0.176,0.176,0.176,18,0
Kyren Paris,677347,2026,24,18,0,44.4,16.7,0.0,0,0,0.092,0.151,0.116,0.203,-0.087,15.0,36.4,85.1,14.1,0.0,0,0.0,14.3,14.3,57.1,99.0435325,94.31059,72.7,12.8,5,47.0,68.8,53.0,37.8,44.6,42.9,42.9,TBD,0.203,0.203,0.203,18,0
Lawrence Butler,671732,2026,25,536,17,25.9,11.4,0.235,62,184,0.245,0.399,0.318,0.327,-0.009,15.1,41.7,89.8,7.5,30.5,29,8.7,4.8,4.8,45.0,101.779790182,95.182614347,68.2,24.6,284,51.7,78.7,48.3,26.9,45.7,36.5,21.6,OAK,0.327,0.327,0.327,536,0
Javier Báez,595879,2026,33,196,3,20.9,3.1,0.241,19,65,0.242,0.325,0.277,0.266,0.011,14.1,52.9,85.6,7.4,34.0,4,2.7,2.7,2.7,34.7,97.80478,92.902593904,65.3,47.4,188,57.5,80.2,42.5,30.0,55.0,43.5,19.7,DET,0.266,0.266,0.266,196,0
Jackson Merrill,701538,2026,23,664,26,24.1,6.2,0.254,86,268,0.27,0.491,0.321,0.347,-0.026,16.4,46.7,91.5,14.3,39.8,57,12.4,7.8,3.3,48.7,101.402458194,95.327540397,77.9,37.6,517,54.2,81.6,45.8,27.6,56.1,38.0,29.8,SD,0.347,0.347,0.347,664,0
Hayden Senger,663584,2026,29,17,1,23.5,0.0,0.133,2,5,0.15,0.281,0.196,0.181,0.015,17.6,66.7,82.3,-3.1,15.4,0,0.0,23.1,30.8,23.1,94.701694,92.827231111,83.3,46.7,14,55.6,75.0,44.4,32.4,63.0,30.8,15.4,TBD,0.181,0.181,0.181,17,0
Brock Rodden,801126,2026,26,72,0,33.3,13.9,0.197,4,17,0.135,0.227,0.271,0.233,0.038,9.6,36.4,88.0,20.5,36.8,2,5.3,10.5,2.6,36.8,97.780007895,93.176905,65.1,31.9,51,55.9,72.0,44.1,39.8,46.5,52.6,47.4,TBD,0.233,0.233,0.233,72,0
Kyle Farmer,571657,2026,35,17,0,23.5,0.0,0.25,3,5,0.25,0.288,0.231,0.227,0.004,4.8,27.6,79.9,4.6,30.8,0,0.0,0.0,0.0,23.1,90.987641429,90.56075,59.3,59.3,16,50.0,75.0,50.0,28.1,59.3,46.2,7.7,ATL,0.227,0.227,0.227,17,0
Luke Maile,571912,2026,35,45,1,31.1,8.9,0.171,5,12,0.141,0.218,0.243,0.202,0.041,10.6,52.4,83.8,17.2,25.9,1,3.7,3.7,7.4,29.6,96.374285,92.416825185,57.5,30.6,26,51.5,84.8,48.5,26.4,43.6,40.7,33.3,KC,0.202,0.202,0.202,45,0
LaMonte Wade Jr.,664774,2026,32,145,4,24.8,13.1,0.206,19,44,0.188,0.287,0.299,0.268,0.031,10.8,57.3,86.6,14.7,28.9,3,3.3,10.0,7.8,32.2,97.551448409,92.865183409,59.1,21.0,73,52.3,83.0,47.7,24.5,39.2,42.2,30.0,HOU,0.268,0.268,0.268,145,0
Mike Yastrzemski,573262,2026,35,404,12,24.0,10.1,0.227,41,137,0.236,0.367,0.309,0.309,0.0,12.7,63.7,90.3,16.1,31.7,17,6.5,10.3,3.4,42.7,99.599357231,94.30174695,59.3,26.2,229,50.9,84.8,49.1,23.1,42.4,44.7,29.4,ATL,0.309,0.309,0.309,404,0
Drew Cavanaugh,701852,2026,24,162,1,29.0,11.1,0.236,11,37,0.239,0.344,0.287,0.303,-0.016,9.7,37.6,85.1,12.3,41.2,4,4.2,9.3,11.3,27.8,97.893949556,93.006878889,67.6,27.2,91,52.3,81.6,47.7,29.2,46.5,28.9,20.6,SF,0.303,0.303,0.303,162,0
Tyler Callihan,682997,2026,26,107,3,35.5,8.4,0.211,15,37,0.185,0.296,0.294,0.252,0.042,7.6,39.6,84.5,26.1,40.7,4,6.8,3.4,10.2,27.1,96.384928276,92.268426667,77.0,33.5,72,50.7,72.7,49.3,34.3,55.0,44.1,42.4,TBD,0.252,0.252,0.252,107,0
Ramón Laureano,657656,2026,31,206,7,31.6,9.7,0.203,21,68,0.222,0.409,0.292,0.312,-0.02,12.0,46.6,88.0,12.1,37.0,17,14.3,2.5,8.4,41.2,99.9726525,94.305977731,70.9,32.7,148,53.4,81.4,46.6,31.1,50.5,35.3,31.1,TBD,0.312,0.312,0.312,206,0
Miguel Amaya,665804,2026,27,250,6,26.8,9.2,0.232,28,78,0.2,0.325,0.32,0.292,0.028,9.1,56.8,88.0,21.9,36.5,11,7.4,6.1,4.1,34.5,97.688687808,93.066126,66.5,31.5,179,56.7,82.6,43.3,27.6,46.6,38.5,33.1,CHC,0.292,0.292,0.292,250,0
Mitch Garver,641598,2026,35,149,4,32.9,14.8,0.175,15,37,0.194,0.341,0.278,0.301,-0.023,13.7,65.4,90.6,18.3,28.6,7,9.1,6.5,2.6,48.1,100.526305641,94.874987922,61.7,24.9,87,55.4,76.4,44.6,33.7,41.3,53.2,37.7,TBD,0.301,0.301,0.301,149,0
Jhostynxon Garcia,691373,2026,23,51,0,33.3,2.0,0.163,2,9,0.211,0.301,0.175,0.24,-0.065,10.6,48.0,83.7,11.7,34.4,1,3.1,9.4,12.5,31.3,98.229828125,93.123011875,78.0,46.4,45,54.2,76.6,45.8,33.9,60.9,34.4,15.6,TBD,0.24,0.24,0.24,51,0
Riley Greene,682985,2026,25,588,21,26.2,12.1,0.282,75,240,0.263,0.501,0.369,0.372,-0.003,16.5,42.5,89.9,17.7,39.7,53,14.8,6.7,5.9,46.1,102.310241788,95.531759972,68.8,26.0,339,53.1,81.5,46.9,29.8,46.1,38.8,34.1,DET,0.372,0.372,0.372,588,0
Moisés Ballesteros,694208,2026,22,348,9,23.6,8.3,0.217,35,105,0.225,0.363,0.275,0.29,-0.015,15.8,49.8,90.2,11.0,31.4,20,8.5,7.6,3.4,45.8,100.87519453,94.864338419,70.0,37.3,282,56.7,82.9,43.3,28.6,51.5,36.0,26.3,LAA,0.29,0.29,0.29,348,0
Joey Wiemer,686894,2026,27,83,3,34.9,14.5,0.286,12,36,0.217,0.349,0.397,0.315,0.082,16.9,42.0,88.8,2.2,29.3,4,10.0,2.4,7.3,39.0,100.456284,94.588400513,57.7,26.3,49,55.5,81.4,44.5,31.9,40.3,36.6,17.1,TBD,0.315,0.315,0.315,83,0
Tyler Heineman,623168,2026,35,200,1,15.0,2.5,0.175,9,38,0.214,0.259,0.205,0.236,-0.031,2.7,45.1,82.0,10.0,27.0,1,0.6,1.9,14.5,11.9,91.606485493,90.139217234,70.1,42.9,151,50.8,90.0,49.2,19.5,56.3,46.5,19.5,LAA,0.236,0.236,0.236,200,0
Luis Torrens,620443,2026,30,277,9,20.9,6.1,0.238,41,101,0.231,0.366,0.306,0.289,0.017,12.4,51.9,88.7,8.1,30.3,11,5.6,6.6,3.5,40.9,98.968667629,93.763317979,65.7,32.9,188,53.0,87.1,47.0,21.5,48.3,31.3,21.7,NYM,0.289,0.289,0.289,277,0
Blaze Jordan,691458,2026,23,199,3,15.1,3.5,0.247,28,71,0.266,0.425,0.284,0.317,-0.033,15.4,40.7,88.4,9.1,33.1,16,10.1,3.1,6.3,45.0,100.055589,94.265054591,73.4,35.7,130,50.7,86.5,49.3,20.8,54.3,38.8,20.6,TBD,0.317,0.317,0.317,199,0
Yohel Pozo,650968,2026,29,62,1,14.5,1.6,0.25,7,19,0.253,0.313,0.251,0.252,-0.001,10.4,47.5,86.6,15.3,34.6,1,1.9,1.9,1.9,25.0,95.627254615,91.8645575,71.7,51.3,61,54.6,90.1,45.4,18.9,60.6,32.7,15.4,BAL,0.252,0.252,0.252,62,0
Esmerlyn Valdez,699013,2026,22,287,17,37.6,14.6,0.232,47,123,0.2,0.44,0.368,0.332,0.036,18.5,51.8,91.9,18.0,34.6,27,19.9,11.0,2.9,49.3,102.626347206,95.946204412,64.8,21.0,143,53.7,67.4,46.3,40.2,41.3,37.5,39.7,TBD,0.332,0.332,0.332,287,0
Heriberto Hernández,681715,2026,26,501,24,26.5,10.4,0.225,65,189,0.24,0.467,0.326,0.344,-0.018,19.3,63.3,91.4,13.1,31.4,39,12.5,8.0,3.5,47.8,101.785849423,95.474729775,69.6,23.8,254,53.4,78.1,46.6,32.4,45.2,46.2,31.4,MIA,0.344,0.344,0.344,501,0
Colby Thomas,687515,2026,25,121,4,30.6,3.3,0.202,11,38,0.182,0.357,0.25,0.248,0.002,15.2,44.6,89.1,20.9,30.4,7,8.9,8.9,5.1,34.2,99.091770769,93.666947013,80.4,42.9,100,52.7,82.1,47.3,34.3,60.6,35.4,34.2,TBD,0.248,0.248,0.248,121,0
Rob Refsnyder,608701,2026,35,129,4,28.7,6.2,0.14,11,29,0.17,0.316,0.207,0.255,-0.048,13.2,59.2,86.6,19.5,24.7,7,8.6,3.7,4.9,34.6,98.02099925,93.073923671,64.8,25.7,69,51.8,80.9,48.2,29.0,44.5,50.6,29.6,TBD,0.255,0.255,0.255,129,0
Rhys Hoskins,656555,2026,33,317,13,31.5,14.8,0.179,38,99,0.174,0.348,0.305,0.297,0.008,12.2,55.2,89.4,26.6,34.1,21,12.6,9.0,3.6,41.3,99.856401548,94.354466347,64.1,22.2,155,52.2,74.1,47.8,32.4,42.2,54.5,32.3,TBD,0.297,0.297,0.297,317,0
Sandy León,506702,2026,37,44,0,40.9,0.0,0.091,0,4,0.135,0.17,0.081,0.132,-0.051,1.6,51.7,81.9,17.1,23.1,0,0.0,3.8,7.7,19.2,93.574700769,90.968209615,70.4,40.0,32,44.9,81.2,55.1,29.7,56.7,69.2,15.4,TBD,0.132,0.132,0.132,44,0
Ben Malgeri,701162,2026,26,139,5,25.9,12.2,0.252,20,49,0.244,0.356,0.343,0.319,0.024,18.2,36.8,90.0,11.9,39.3,6,7.1,4.8,2.4,41.7,100.339069286,94.371042262,66.8,23.9,65,51.5,82.5,48.5,27.1,44.7,35.7,25.0,DET,0.319,0.319,0.319,139,0
Osleivis Basabe,678545,2026,25,143,5,20.3,6.3,0.202,13,44,0.229,0.343,0.271,0.283,-0.012,14.0,60.4,87.6,8.9,34.3,7,6.9,3.9,3.9,34.3,97.9189726,93.015601919,59.0,34.5,99,51.7,81.0,48.3,23.3,46.3,40.2,29.4,SF,0.283,0.283,0.283,143,0
Harrison Bader,664056,2026,32,111,5,30.6,3.6,0.17,14,38,0.215,0.367,0.239,0.272,-0.033,12.0,50.0,89.2,12.3,32.9,6,8.2,5.5,4.1,41.1,99.221853514,93.717596301,69.1,38.7,84,51.5,78.7,48.5,32.0,53.4,46.6,21.9,TBD,0.272,0.272,0.272,111,0
Giancarlo Stanton,519317,2026,36,96,3,30.2,6.3,0.256,14,38,0.245,0.466,0.316,0.326,-0.01,22.2,72.4,94.1,21.5,37.7,11,18.0,4.9,0.0,44.3,104.792676774,97.001259672,62.5,30.3,63,54.2,73.6,45.8,38.7,45.1,39.3,27.9,TBD,0.326,0.326,0.326,96,0
Nathan Church,701675,2026,25,466,10,17.2,5.4,0.249,50,158,0.243,0.355,0.29,0.283,0.007,9.6,39.6,85.6,13.5,34.2,19,5.3,5.6,8.7,30.0,96.977391047,92.488695523,72.4,42.1,400,53.6,85.5,46.4,20.3,56.0,33.1,23.2,STL,0.283,0.283,0.283,466,0
Christian Yelich,592885,2026,34,496,12,26.8,9.9,0.235,58,166,0.231,0.388,0.305,0.31,-0.005,14.2,45.7,89.0,3.8,29.4,30,9.7,5.5,6.5,43.2,100.430161176,94.577783246,68.0,24.5,263,51.9,79.8,48.1,29.6,45.4,34.8,20.0,MIL,0.31,0.31,0.31,496,0
Nico Hoerner,663538,2026,29,687,8,8.4,6.3,0.264,72,220,0.298,0.376,0.298,0.323,-0.025,7.5,45.4,86.0,12.0,36.8,8,1.4,3.6,4.5,29.2,96.146831608,92.100652715,61.7,33.6,411,50.1,95.2,49.9,11.8,47.6,31.6,20.8,CHC,0.323,0.323,0.323,687,0
Bryan Torres,663494,2026,28,189,4,20.6,9.5,0.229,19,55,0.229,0.329,0.289,0.288,0.001,3.9,53.4,86.5,11.0,35.4,4,3.1,4.6,4.6,26.2,95.647026349,91.92324296,61.6,27.0,102,50.0,87.1,50.0,21.8,44.3,48.5,23.1,STL,0.288,0.288,0.288,189,0
Marcelo Mayer,691785,2026,23,241,3,20.7,7.5,0.208,22,64,0.197,0.291,0.258,0.257,0.001,11.8,42.5,86.0,8.6,26.6,10,6.0,5.9,5.3,35.5,97.978207738,93.028730299,72.0,28.9,137,53.0,85.1,47.0,27.7,49.2,36.1,24.9,SF,0.257,0.257,0.257,241,0
Juan Brito,682877,2026,24,111,3,22.5,6.3,0.255,14,41,0.244,0.377,0.311,0.297,0.014,11.3,61.0,85.6,16.8,34.6,5,6.4,3.8,3.8,32.1,96.817201026,92.438370513,71.7,31.4,72,50.3,82.1,49.7,26.9,51.4,55.1,21.8,CIN,0.297,0.297,0.297,111,0
Francisco Lindor,596019,2026,32,464,20,20.5,9.7,0.222,48,172,0.237,0.427,0.318,0.327,-0.009,14.3,55.7,91.5,18.9,28.8,28,8.8,7.8,1.9,49.2,100.577223522,95.039232271,66.4,29.7,321,55.2,84.4,44.8,25.1,46.2,45.5,33.9,NYM,0.327,0.327,0.327,464,0
Nick Castellanos,592206,2026,34,122,4,27.9,4.1,0.191,20,39,0.244,0.4,0.239,0.285,-0.046,12.4,45.7,87.7,13.0,42.2,7,8.4,8.4,7.2,37.3,98.254014286,93.44007,77.9,40.2,106,55.3,76.5,44.7,33.5,57.0,55.4,37.3,TBD,0.285,0.285,0.285,122,0
Kahlil Watson,696135,2026,23,91,1,35.2,3.3,0.239,11,30,0.209,0.33,0.266,0.246,0.02,12.7,50.6,89.3,10.6,28.6,4,7.1,7.1,1.8,32.1,98.054020357,93.253982727,73.5,35.3,61,51.0,73.0,49.0,35.5,54.0,35.7,25.0,TBD,0.246,0.246,0.246,91,0
Austin Martin,668885,2026,27,354,3,18.9,12.4,0.231,24,95,0.232,0.316,0.305,0.304,0.001,9.2,51.6,86.8,12.2,34.5,7,3.0,4.7,6.4,28.5,96.41045287,92.270358957,62.7,18.1,126,50.5,88.1,49.5,19.9,40.2,40.0,22.6,MIN,0.304,0.304,0.304,354,0
Carlos Santana,467793,2026,40,26,0,30.8,7.7,0.083,0,3,0.142,0.192,0.137,0.187,-0.05,8.6,58.3,87.8,29.5,25.0,0,0.0,6.3,6.3,43.8,98.43934875,93.358594375,68.0,35.7,20,52.8,85.3,47.2,29.6,50.9,43.8,31.3,TBD,0.187,0.187,0.187,26,0
Sal Frelick,686217,2026,26,381,4,10.0,8.1,0.232,40,108,0.239,0.322,0.277,0.28,-0.003,9.9,46.4,85.6,9.9,27.3,7,2.3,3.3,6.3,27.1,96.350537973,92.186631723,59.9,24.7,173,48.8,94.1,51.2,10.2,42.9,38.8,21.4,MIL,0.28,0.28,0.28,381,0
Victor Bericoto,682674,2026,24,113,5,27.4,2.7,0.236,15,44,0.231,0.452,0.291,0.299,-0.008,13.8,49.1,91.0,10.1,31.6,11,13.9,3.8,3.8,50.6,101.04516375,95.278937848,73.4,42.8,101,54.3,86.3,45.7,30.8,56.8,32.9,25.3,SF,0.299,0.299,0.299,113,0
Ryan Jeffers,680777,2026,29,365,14,18.1,12.3,0.252,55,143,0.242,0.426,0.35,0.34,0.01,14.8,52.9,88.7,16.5,35.1,26,10.4,7.2,7.2,41.0,100.706233016,94.581650199,56.2,26.3,210,52.7,89.3,47.3,17.5,40.4,39.0,28.7,MIN,0.34,0.34,0.34,365,0
Carter Jensen,695600,2026,22,603,27,28.2,10.8,0.239,81,242,0.217,0.423,0.341,0.318,0.023,15.4,48.8,91.5,20.6,33.0,46,12.7,7.4,3.6,44.8,102.069247033,95.57430843,67.5,24.1,315,52.6,80.4,47.4,29.7,44.7,41.8,38.7,KC,0.318,0.318,0.318,603,0
Michael Harris II,671739,2026,25,621,26,19.2,3.7,0.294,86,284,0.29,0.477,0.35,0.342,0.008,20.7,46.6,90.5,10.0,31.9,49,10.3,7.3,5.9,47.6,103.130943957,95.926012511,69.9,45.1,541,54.5,88.8,45.5,24.6,56.4,35.6,22.9,ATL,0.342,0.342,0.342,621,0
Ethan Salas,806956,2026,20,40,2,22.5,2.5,0.256,5,16,0.188,0.316,0.316,0.227,0.089,13.7,58.5,90.1,25.7,23.3,1,3.3,3.3,0.0,33.3,98.854162,94.235776,64.5,31.5,23,49.0,89.8,51.0,19.4,48.3,20.0,43.3,SD,0.227,0.227,0.227,40,0
Ke'Bryan Hayes,663647,2026,29,242,5,19.8,5.4,0.141,9,51,0.236,0.371,0.191,0.287,-0.096,16.7,54.4,90.4,16.2,36.3,12,6.9,7.8,2.2,38.5,99.502539885,93.92032431,62.3,30.9,138,51.3,89.0,48.7,23.4,46.2,30.7,31.3,CIN,0.287,0.287,0.287,242,0
Wyatt Langford,694671,2026,24,467,17,22.9,11.8,0.238,44,171,0.231,0.388,0.334,0.319,0.015,12.8,52.9,88.6,20.1,32.6,24,8.0,7.0,4.7,36.9,99.539381192,93.9315299,68.4,26.2,254,51.9,82.8,48.1,25.3,46.5,43.2,30.9,TEX,0.319,0.319,0.319,467,0
Chad Stevens,677060,2026,27,34,0,38.2,14.7,0.036,3,1,0.117,0.186,0.129,0.21,-0.081,7.5,37.1,81.4,13.2,43.8,1,6.3,6.3,12.5,25.0,94.8961975,91.469755,65.6,37.8,34,59.6,80.0,40.4,31.1,49.0,31.3,37.5,TBD,0.21,0.21,0.21,34,0
Grant McCray,687529,2026,25,90,2,30.0,12.2,0.145,4,21,0.213,0.355,0.239,0.295,-0.056,13.8,39.3,87.4,10.6,25.0,6,11.5,3.8,15.4,30.8,99.367162083,93.804508298,61.8,27.4,59,55.4,79.4,44.6,34.9,42.8,34.6,23.1,SF,0.295,0.295,0.295,90,0
Andrew Benintendi,643217,2026,31,468,15,23.9,8.3,0.24,75,170,0.24,0.398,0.311,0.307,0.004,13.6,53.2,89.3,17.3,36.4,27,8.6,7.9,2.8,45.1,99.117923462,93.899353666,73.1,33.8,323,54.2,78.3,45.8,28.3,51.8,50.6,32.3,CWS,0.307,0.307,0.307,468,0
Edgar Quero,700337,2026,23,217,3,19.8,8.3,0.203,19,48,0.222,0.315,0.251,0.282,-0.031,12.7,50.0,90.7,9.8,26.5,4,2.7,6.6,2.6,39.1,99.170153425,94.034440205,75.3,25.7,112,52.2,85.0,47.8,21.3,49.4,33.1,26.5,TBD,0.282,0.282,0.282,217,0
Nick Allen,669397,2026,27,161,3,19.9,6.2,0.278,14,55,0.216,0.269,0.31,0.244,0.066,11.0,60.2,85.5,13.3,24.6,2,1.7,2.5,9.3,26.3,96.005594464,92.054576757,65.9,26.8,74,48.0,81.7,52.0,24.0,47.1,39.8,20.3,HOU,0.244,0.244,0.244,161,0
Alex Freeland,690976,2026,24,269,4,27.5,11.9,0.234,21,75,0.22,0.34,0.298,0.297,0.001,14.5,51.7,89.6,10.8,34.6,10,6.2,6.2,6.8,39.5,99.359352564,93.907805449,59.6,21.7,124,51.5,79.7,48.5,27.7,40.1,34.6,24.7,TBD,0.297,0.297,0.297,269,0
Oliver Dunn,686554,2026,28,12,0,25.0,8.3,0.091,1,1,0.174,0.192,0.132,0.207,-0.075,10.0,82.4,82.6,-6.1,0.0,0,0.0,0.0,25.0,25.0,94.2383425,92.617014286,66.7,28.6,6,50.0,71.4,50.0,30.0,47.6,25.0,0.0,TBD,0.207,0.207,0.207,12,0
Jared Serna,691858,2026,24,29,0,27.6,6.9,0.154,2,6,0.127,0.179,0.197,0.183,0.014,5.1,79.2,87.1,15.8,26.3,1,5.3,5.3,5.3,36.8,96.897337,92.773337368,75.0,33.9,19,51.9,82.1,48.1,27.6,53.7,31.6,21.1,MIA,0.183,0.183,0.183,29,0
Randy Vásquez,681190,2026,27,1,0,0.0,0.0,0.0,0,0,0.049,0.05,0.0,0.044,-0.044,0.0,0.0,66.1,-22.5,0.0,0,0.0,0.0,0.0,0.0,66.05121,88.0,100.0,,0,0.0,100.0,100.0,0.0,100.0,100.0,0.0,SD,0.044,0.044,0.044,1,0
Ernie Clement,676391,2026,30,618,9,9.4,3.6,0.261,48,215,0.241,0.318,0.286,0.258,0.028,5.2,61.6,84.3,17.4,31.7,11,2.1,4.7,4.5,20.7,93.97856406,91.027216685,72.0,44.4,450,53.1,90.5,46.9,15.2,57.3,40.1,28.2,TOR,0.258,0.258,0.258,618,0
Jose Fernandez,699912,2026,22,221,3,22.6,5.0,0.256,16,70,0.246,0.344,0.288,0.282,0.006,15.3,46.7,87.8,10.7,28.5,6,3.8,4.4,10.8,38.6,100.3141396,94.264477919,56.4,36.3,166,53.0,86.0,47.0,24.8,45.8,41.1,11.4,ARI,0.282,0.282,0.282,221,0
Brett Baty,683146,2026,26,469,11,26.2,9.4,0.238,56,156,0.244,0.415,0.305,0.323,-0.018,16.1,47.6,90.4,13.1,36.9,31,10.4,10.1,3.4,41.9,101.408662282,94.99135404,69.2,28.8,272,50.0,80.9,50.0,29.3,49.0,35.2,28.9,NYM,0.323,0.323,0.323,469,0
Trea Turner,607208,2026,33,695,19,21.0,6.9,0.241,58,239,0.241,0.362,0.297,0.292,0.005,11.8,63.0,88.4,11.1,31.8,30,6.0,5.6,3.0,39.0,98.867028306,93.523426283,68.8,34.7,491,53.8,84.8,46.2,27.6,50.4,34.0,25.4,PHI,0.292,0.292,0.292,695,0
Bryce Eldridge,805811,2026,21,448,17,26.6,13.2,0.269,57,178,0.26,0.467,0.361,0.359,0.002,18.6,42.8,92.7,13.7,36.7,31,11.5,8.5,2.2,52.2,102.568509037,96.138444275,64.7,24.6,248,53.7,82.1,46.3,27.1,43.1,37.8,30.4,TBD,0.359,0.359,0.359,448,0
Leo Bernal,699024,2026,22,98,4,25.5,5.1,0.28,18,41,0.267,0.463,0.331,0.33,0.001,20.3,50.3,92.6,15.0,41.2,6,8.8,16.2,0.0,55.9,101.930461765,95.880192206,67.0,30.3,60,52.9,84.7,47.1,25.8,47.6,39.7,35.3,STL,0.33,0.33,0.33,98,0
Jordan Beck,687597,2026,25,176,1,31.3,7.4,0.198,11,45,0.21,0.29,0.245,0.249,-0.004,11.8,53.4,87.0,18.6,29.6,4,3.7,3.7,7.4,31.5,98.108977885,93.160079709,68.6,38.5,141,53.2,79.6,46.8,30.9,52.6,40.7,28.7,COL,0.249,0.249,0.249,176,0
Edwin Arroyo,695490,2026,22,160,0,23.8,3.8,0.223,5,39,0.268,0.348,0.24,0.291,-0.051,7.7,44.4,88.0,15.8,41.6,3,2.7,4.4,5.3,27.4,96.289835849,92.181635566,77.3,39.7,118,51.7,84.1,48.3,26.8,57.8,42.5,19.5,TBD,0.291,0.291,0.291,160,0
Héctor Rodríguez,699302,2026,22,148,6,26.4,4.7,0.236,15,55,0.199,0.333,0.303,0.254,0.049,13.0,56.7,88.5,9.6,26.7,7,6.9,5.0,3.0,35.6,99.56243,93.7922904,71.8,42.6,127,55.3,81.5,44.7,27.7,55.7,41.6,29.7,CIN,0.254,0.254,0.254,148,0
Mickey Gasper,681508,2026,30,225,10,17.3,12.0,0.251,24,89,0.249,0.444,0.361,0.353,0.008,15.0,58.4,88.9,15.9,31.8,16,10.4,5.2,2.6,37.7,99.00274974,93.70203817,57.8,21.0,95,52.6,93.6,47.4,18.1,38.5,44.2,31.2,BOS,0.353,0.353,0.353,225,0
Cody Freeman,683227,2026,25,96,1,15.6,8.3,0.25,6,27,0.186,0.239,0.293,0.235,0.058,3.9,71.8,83.0,8.6,22.2,1,1.4,0.0,16.7,22.2,94.414099394,91.207826212,56.8,29.4,58,49.7,85.8,50.3,17.0,43.2,43.1,19.4,TEX,0.235,0.235,0.235,96,0
Nick Madrigal,663611,2026,29,63,0,4.8,11.1,0.278,3,17,0.238,0.291,0.313,0.293,0.02,6.5,44.9,88.1,9.3,30.8,0,0.0,3.8,3.8,26.9,96.477529615,92.324574423,68.5,30.4,35,48.1,96.5,51.9,7.5,50.2,30.8,21.2,TBD,0.293,0.293,0.293,63,0
Richie Palacios,680700,2026,29,395,10,17.2,11.6,0.238,53,126,0.245,0.336,0.319,0.308,0.011,9.4,52.7,86.5,13.2,33.6,11,4.0,4.0,4.0,29.2,96.596832761,92.328555843,64.1,32.2,272,55.8,85.3,44.2,20.8,46.4,39.0,20.2,TB,0.308,0.308,0.308,395,0
Will Brennan,686823,2026,28,23,0,13.0,0.0,0.087,0,2,0.174,0.238,0.077,0.178,-0.101,5.1,23.3,82.9,20.2,20.0,0,0.0,10.0,0.0,25.0,94.760291,91.850796842,73.7,56.4,22,50.6,92.9,49.4,8.0,64.9,35.0,20.0,TBD,0.178,0.178,0.178,23,0
Will Benson,666181,2026,28,114,3,33.3,14.0,0.188,6,32,0.189,0.355,0.29,0.3,-0.01,13.4,48.6,91.1,24.9,32.8,7,12.7,6.9,3.4,37.9,100.247945926,94.298298333,67.3,22.1,55,52.8,68.0,47.2,36.1,43.4,41.4,46.6,TBD,0.3,0.3,0.3,114,0
Taylor Trammell,666211,2026,28,285,8,31.6,9.8,0.194,22,87,0.188,0.364,0.282,0.285,-0.003,15.5,52.3,88.5,15.6,28.2,20,12.3,3.7,6.7,38.0,101.38532275,94.747912063,69.7,29.0,163,51.4,73.0,48.6,38.6,48.8,49.7,30.1,HOU,0.285,0.285,0.285,285,0
Wade Meckler,685133,2026,26,335,3,18.5,9.6,0.302,27,116,0.263,0.36,0.344,0.315,0.029,8.6,46.2,86.9,6.7,34.0,7,3.0,4.2,6.3,33.6,96.826536783,92.501233522,65.9,23.0,141,50.8,89.2,49.2,20.7,44.1,33.2,18.9,LAA,0.315,0.315,0.315,335,0
Sean Keys,815873,2026,23,65,2,32.3,4.6,0.203,9,19,0.219,0.362,0.255,0.27,-0.015,12.6,50.0,88.6,17.0,40.0,4,10.0,12.5,5.0,52.5,100.8986555,94.88494075,70.1,35.4,52,52.3,84.0,47.7,28.8,52.0,42.5,20.0,TOR,0.27,0.27,0.27,65,0
Brewer Hicklen,676551,2026,30,43,0,37.2,18.6,0.257,3,14,0.203,0.326,0.36,0.313,0.047,14.6,62.2,92.3,12.1,36.8,2,10.5,10.5,0.0,47.4,101.406569,95.49563,73.3,28.3,26,55.1,69.1,44.9,45.7,48.5,63.2,21.1,ATL,0.313,0.313,0.313,43,0
Jake Fraley,641584,2026,31,97,2,29.9,9.3,0.216,5,32,0.196,0.331,0.29,0.27,0.02,5.1,43.1,84.0,21.9,44.1,5,8.5,5.1,6.8,20.7,94.753513,91.477349492,67.2,22.6,45,49.4,86.1,50.6,23.0,45.5,47.5,25.4,TBD,0.27,0.27,0.27,97,0
Gabriel Arias,672356,2026,26,147,5,40.8,5.4,0.245,13,52,0.221,0.373,0.288,0.275,0.013,19.3,45.6,89.6,4.4,36.7,8,10.1,3.8,6.3,43.0,102.272927949,95.443930128,69.2,38.4,116,54.4,67.4,45.6,46.0,52.4,32.9,17.7,CHC,0.275,0.275,0.275,147,0
Jace Jung,690291,2026,25,10,0,20.0,20.0,0.25,0,2,0.339,0.423,0.318,0.404,-0.086,6.7,56.3,84.2,22.7,83.3,0,0.0,16.7,0.0,16.7,94.817026667,91.864998333,73.7,20.0,4,51.3,100.0,48.7,11.1,46.2,33.3,16.7,DET,0.404,0.404,0.404,10,0
Christian Vázquez,543877,2026,35,266,7,19.9,6.8,0.207,25,78,0.195,0.267,0.258,0.233,0.025,6.9,59.6,85.9,15.1,31.3,4,2.1,3.6,8.2,22.6,95.312310968,91.672859355,61.4,36.5,199,53.1,89.2,46.9,20.0,48.2,33.8,24.6,HOU,0.233,0.233,0.233,266,0
Luis Lara,800325,2026,21,212,1,21.7,8.5,0.246,26,61,0.256,0.331,0.286,0.293,-0.007,13.0,28.4,88.0,5.3,34.7,5,3.4,3.4,4.1,41.5,98.840899189,93.57850966,61.9,24.7,116,53.2,88.2,46.8,17.0,42.1,30.6,15.0,MIL,0.293,0.293,0.293,212,0
Brett Bateman,703520,2026,24,177,2,19.2,10.2,0.325,11,62,0.264,0.333,0.367,0.31,0.057,5.3,42.4,84.5,2.5,34.1,2,1.6,4.9,13.0,19.5,94.469450877,91.247185351,57.3,28.5,101,50.3,92.0,49.7,14.9,42.8,32.5,13.0,TOR,0.31,0.31,0.31,177,0
Miguel Rojas,500743,2026,37,249,4,10.4,6.0,0.269,22,87,0.279,0.388,0.307,0.31,-0.003,14.4,44.9,87.2,14.8,36.4,10,4.9,2.4,6.8,35.9,98.208554752,93.15273005,68.7,32.3,152,54.3,91.2,45.7,16.7,49.0,35.4,23.3,LAD,0.31,0.31,0.31,249,0
Kyle Manzardo,700932,2026,25,356,13,32.0,10.1,0.215,39,118,0.22,0.38,0.305,0.307,-0.002,11.4,49.7,89.5,19.3,34.5,24,12.0,2.5,4.0,41.0,98.784676465,93.74206596,63.5,30.7,234,52.3,79.8,47.7,30.6,46.5,43.5,33.5,TBD,0.307,0.307,0.307,356,0
P.J. Higgins,664731,2026,33,32,0,25.0,6.3,0.231,4,7,0.276,0.326,0.245,0.287,-0.042,2.9,50.0,83.6,24.5,45.5,0,0.0,4.5,13.6,13.6,92.126883,90.475419474,59.7,18.0,11,47.7,87.5,52.3,25.5,39.8,40.9,27.3,TBD,0.287,0.287,0.287,32,0
Corbin Carroll,682998,2026,25,668,22,22.6,10.9,0.238,76,269,0.25,0.447,0.341,0.342,-0.001,18.3,65.2,91.8,15.5,30.0,53,12.3,4.6,2.1,47.9,101.921570694,95.479155522,64.2,29.7,423,54.3,78.9,45.7,27.3,45.5,42.7,29.4,ARI,0.342,0.342,0.342,668,0
Jorbit Vivas,678391,2026,25,364,3,14.6,11.3,0.238,31,100,0.236,0.309,0.298,0.292,0.006,7.9,42.6,82.9,12.0,34.3,8,3.0,2.3,7.2,21.5,94.277617252,91.318865649,74.1,29.1,209,54.6,91.0,45.4,18.1,49.5,38.1,21.9,WSH,0.292,0.292,0.292,364,0
José Azócar,640492,2026,30,18,0,22.2,5.6,0.353,0,8,0.282,0.345,0.377,0.298,0.079,8.7,34.3,87.3,5.8,30.8,0,0.0,0.0,7.7,23.1,96.457345,92.260225,70.0,48.7,19,56.5,81.0,43.5,27.5,58.0,53.8,15.4,TBD,0.298,0.298,0.298,18,0
Trei Cruz,669360,2026,27,5,0,60.0,0.0,0.0,0,0,0.096,0.127,0.0,0.097,-0.097,0.0,37.5,96.7,19.2,0.0,0,0.0,0.0,0.0,50.0,99.40521,96.711765,64.3,14.3,1,33.3,55.6,66.7,40.0,47.6,50.0,50.0,TBD,0.097,0.097,0.097,5,0
Kaelen Culpepper,701785,2026,23,123,3,20.3,4.9,0.277,11,44,0.245,0.364,0.326,0.297,0.029,9.0,58.6,87.4,15.7,36.4,3,3.4,6.8,3.4,30.7,97.586712955,92.898421379,66.4,42.8,110,54.2,88.9,45.8,25.2,53.6,40.9,23.9,MIN,0.297,0.297,0.297,123,0
Alejandro Osuna,696030,2026,23,231,1,15.2,8.2,0.262,24,59,0.255,0.312,0.306,0.303,0.003,10.7,32.3,86.8,5.5,33.9,1,0.6,3.0,6.0,29.2,97.972907439,93.067395828,64.4,32.0,132,49.8,87.7,50.2,17.0,48.3,26.2,14.9,TEX,0.303,0.303,0.303,231,0
Jeferson Quero,691620,2026,23,2,0,0.0,50.0,0.0,0,0,0.306,0.355,0.349,0.495,-0.146,0.0,50.0,85.6,2.1,0.0,0,0.0,0.0,0.0,0.0,85.60152,88.0,0.0,28.6,2,87.5,,12.5,50.0,25.0,100.0,0.0,TBD,0.495,0.495,0.495,2,0
Kazuma Okamoto,672960,2026,30,633,33,28.6,9.2,0.233,92,257,0.225,0.447,0.332,0.328,0.004,15.0,57.9,90.6,19.4,35.1,51,13.1,5.9,3.4,44.1,101.291152371,94.970378557,67.8,27.4,373,51.3,77.9,48.7,32.8,47.1,50.8,33.8,TOR,0.328,0.328,0.328,633,0
Cole Carrigg,694249,2026,24,368,11,23.6,7.6,0.28,51,151,0.25,0.404,0.35,0.315,0.035,12.2,50.4,88.0,16.5,37.1,15,6.1,11.7,6.0,37.5,99.147453967,93.731998347,74.1,36.1,282,54.8,85.8,45.2,24.7,53.3,48.0,28.6,COL,0.315,0.315,0.315,368,0
Ezequiel Tovar,678662,2026,24,503,13,25.6,5.8,0.219,43,158,0.226,0.371,0.27,0.28,-0.01,9.4,49.4,87.3,17.7,35.6,24,7.0,5.0,7.3,33.2,98.528304639,93.32469497,81.5,43.7,442,54.0,80.2,46.0,29.2,61.1,36.4,31.8,COL,0.28,0.28,0.28,503,0
Luis Urías,649966,2026,29,59,3,16.9,10.2,0.25,8,25,0.237,0.351,0.345,0.299,0.046,9.8,63.5,86.2,17.6,41.9,3,7.0,11.6,2.3,30.2,97.293847273,92.754991628,70.6,31.4,38,52.6,92.2,47.4,13.0,50.0,60.5,27.9,TBD,0.299,0.299,0.299,59,0
Adael Amador,691182,2026,23,91,4,13.2,9.9,0.275,14,38,0.205,0.312,0.364,0.271,0.093,7.0,39.6,84.0,9.1,23.2,5,7.2,4.3,8.7,26.1,96.631318529,92.353752647,75.4,23.6,39,47.4,88.4,52.6,15.3,50.9,53.6,20.3,COL,0.271,0.271,0.271,91,0
Matt Chapman,656305,2026,33,352,7,23.0,10.5,0.235,42,113,0.21,0.319,0.309,0.286,0.023,13.3,43.0,88.2,11.3,25.3,15,6.6,4.8,3.9,35.8,99.903629381,94.013173319,62.9,26.4,189,50.5,84.6,49.5,23.1,44.5,39.3,20.5,TBD,0.286,0.286,0.286,352,0
Jair Camargo,665856,2026,26,2,0,50.0,0.0,0.5,0,2,0.322,0.648,0.631,0.407,0.224,50.0,100.0,108.1,17.8,100.0,1,100.0,0.0,0.0,100.0,108.08881,108.08881,75.0,33.3,1,42.9,66.7,57.1,50.0,57.1,0.0,0.0,TBD,0.407,0.407,0.407,2,0
Nick Gonzales,693304,2026,27,604,6,16.4,7.1,0.302,61,212,0.28,0.384,0.338,0.325,0.013,10.1,47.3,86.4,7.7,34.5,14,3.1,5.6,5.8,33.9,97.593345202,92.857441933,75.8,31.2,357,51.9,85.3,48.1,22.8,52.6,36.3,21.4,PIT,0.325,0.325,0.325,604,0
Orlando Arcia,606115,2026,31,50,1,16.0,4.0,0.271,2,17,0.223,0.298,0.29,0.245,0.045,4.9,55.3,86.0,4.2,30.0,1,2.5,5.0,5.0,25.0,95.6116485,91.83993875,69.6,34.8,31,53.0,83.6,47.0,22.1,51.2,35.0,20.0,TBD,0.245,0.245,0.245,50,0
Colton Cowser,681297,2026,26,392,13,30.9,11.7,0.226,40,126,0.221,0.4,0.307,0.315,-0.008,13.8,40.3,87.9,13.0,33.0,21,9.4,8.9,7.1,41.1,100.438488468,94.32395819,60.3,29.6,260,52.3,79.5,47.7,32.6,44.2,38.4,30.4,BAL,0.315,0.315,0.315,392,0
Tommy Pham,502054,2026,38,31,1,35.5,16.1,0.115,3,6,0.22,0.35,0.236,0.317,-0.081,19.4,66.0,94.5,10.4,33.3,1,6.7,6.7,0.0,53.3,103.33019875,96.593919333,60.7,24.2,15,50.4,78.4,49.6,36.5,42.3,60.0,26.7,CWS,0.317,0.317,0.317,31,0
Vaughn Grissom,687093,2026,25,470,13,18.3,6.6,0.243,71,162,0.245,0.381,0.309,0.311,-0.002,12.6,45.5,87.4,12.5,33.5,23,6.8,5.6,5.9,35.6,98.585027633,93.425487012,66.3,31.5,282,49.9,87.3,50.1,22.2,48.9,39.4,24.7,LAA,0.311,0.311,0.311,470,0
Brady House,691781,2026,23,351,10,25.9,8.0,0.246,45,125,0.266,0.435,0.312,0.333,-0.021,17.5,47.6,90.0,10.3,31.4,22,9.6,5.7,3.9,47.6,102.201305526,95.429088904,70.9,34.4,240,54.9,78.6,45.1,29.9,50.8,31.0,26.6,WSH,0.333,0.333,0.333,351,0
Cedric Mullins,656775,2026,31,498,15,19.1,8.6,0.205,46,149,0.192,0.312,0.281,0.265,0.016,10.1,63.8,88.1,25.2,24.6,15,4.3,6.6,8.3,33.0,97.742058121,92.994934468,71.7,31.0,326,54.1,83.3,45.9,21.9,49.7,45.7,31.7,TB,0.265,0.265,0.265,498,0
Michael Siani,672279,2026,26,1,0,0.0,0.0,0.0,0,0,0.302,0.353,0.0,0.292,-0.292,0.0,100.0,79.9,6.1,0.0,0,0.0,0.0,0.0,0.0,79.90967,88.0,,25.0,1,100.0,,0.0,0.0,25.0,100.0,0.0,TBD,0.292,0.292,0.292,1,0
Jihwan Bae,678225,2026,26,4,0,25.0,0.0,0.5,0,1,0.193,0.195,0.54,0.361,0.179,0.0,0.0,,,0.0,0,0.0,0.0,100.0,0.0,,,66.7,50.0,5,76.9,100.0,23.1,28.6,53.8,50.0,0.0,TBD,0.361,0.361,0.361,4,0
Heliot Ramos,671218,2026,26,442,13,27.4,7.0,0.245,46,166,0.256,0.446,0.312,0.329,-0.017,18.0,50.7,92.2,6.8,34.4,39,13.8,6.0,3.2,48.4,103.254738156,96.13377,69.2,33.1,300,52.1,82.6,47.9,29.3,50.4,34.0,23.9,NYY,0.329,0.329,0.329,442,0
Angel Martínez,682657,2026,24,412,18,21.8,3.2,0.257,62,181,0.253,0.404,0.329,0.302,0.027,11.3,49.9,87.6,14.7,35.4,22,7.3,5.3,6.3,35.9,99.044986757,93.632778746,66.9,42.7,329,52.1,88.6,47.9,20.6,54.3,44.4,25.2,CLE,0.302,0.302,0.302,412,0
Victor Caratini,605170,2026,32,382,7,20.9,8.9,0.22,44,101,0.224,0.356,0.285,0.306,-0.021,12.4,53.5,89.3,12.6,36.5,16,6.3,6.7,2.0,38.0,98.339714453,93.569243294,58.7,25.9,193,51.1,88.3,48.9,22.9,41.9,37.3,22.0,MIN,0.306,0.306,0.306,382,0
Santiago Espinal,669289,2026,31,60,1,13.3,1.7,0.268,7,21,0.285,0.374,0.282,0.29,-0.008,9.8,63.5,86.2,14.2,45.1,1,2.0,3.9,7.8,31.4,96.563089583,92.284365833,65.5,34.2,38,49.6,85.1,50.4,18.8,50.0,33.3,21.6,TBD,0.29,0.29,0.29,60,0
Ozzie Albies,645277,2026,29,681,22,15.3,6.8,0.238,73,241,0.222,0.338,0.299,0.274,0.025,7.6,57.3,87.1,17.9,32.3,20,3.9,6.3,3.4,27.7,96.564201731,92.322736012,78.7,38.1,539,55.8,86.4,44.2,21.1,56.1,45.9,32.9,ATL,0.274,0.274,0.274,681,0
J.C. Escarra,641555,2026,31,92,0,19.6,6.5,0.188,7,23,0.206,0.308,0.228,0.257,-0.029,12.4,59.2,89.1,10.6,29.4,3,4.5,10.3,4.4,33.8,98.718896364,93.559476212,67.6,24.7,45,51.7,84.3,48.3,28.1,45.5,32.4,25.0,TBD,0.257,0.257,0.257,92,0
Jonny DeLuca,676356,2026,27,366,9,21.3,4.6,0.263,48,141,0.231,0.32,0.309,0.259,0.05,12.9,60.0,85.8,14.2,28.4,8,3.0,5.2,7.7,29.9,97.890255833,92.95530678,70.7,36.2,248,51.8,85.2,48.2,25.0,52.8,45.0,21.4,TB,0.259,0.259,0.259,366,0
Cristian Pache,665506,2026,27,8,0,50.0,0.0,0.125,0,1,0.15,0.16,0.111,0.137,-0.026,7.7,27.8,81.8,33.9,25.0,0,0.0,0.0,0.0,25.0,91.91539,90.953805,70.0,27.3,6,52.4,71.4,47.6,30.0,47.6,25.0,25.0,NYM,0.137,0.137,0.137,8,0
Owen Caissie,683357,2026,23,330,14,37.3,8.2,0.22,58,120,0.211,0.405,0.304,0.302,0.002,15.3,39.7,91.1,16.9,42.6,25,14.2,9.7,4.0,44.9,101.808296322,95.280737126,64.6,30.0,218,53.3,77.6,46.7,35.6,46.2,33.5,32.4,TBD,0.302,0.302,0.302,330,0
Lazaro Montes,703155,2026,21,59,4,40.7,11.9,0.212,10,23,0.195,0.446,0.334,0.313,0.021,16.9,51.4,90.0,21.0,35.7,5,17.9,3.6,7.1,42.9,103.180821429,96.121418929,69.6,26.8,34,50.4,64.4,49.6,44.6,48.0,39.3,42.9,SEA,0.313,0.313,0.313,59,0
Carlos Cortes,666126,2026,29,379,10,16.6,8.2,0.252,43,136,0.242,0.369,0.317,0.301,0.016,14.2,43.0,88.4,10.9,36.3,17,6.1,5.3,3.6,35.7,98.816606714,93.579143118,66.0,28.1,218,51.2,84.0,48.8,22.3,46.6,30.2,21.4,OAK,0.301,0.301,0.301,379,0
Keibert Ruiz,660688,2026,27,354,10,10.5,4.5,0.28,48,147,0.247,0.374,0.329,0.289,0.04,14.8,57.2,88.1,17.2,33.9,15,5.0,6.7,3.0,36.6,98.084002838,93.093035608,66.6,38.7,218,50.0,93.3,50.0,14.2,52.6,58.7,28.9,WSH,0.289,0.289,0.289,354,0
Blake Dunn,694362,2026,27,155,2,21.3,6.5,0.282,7,55,0.242,0.319,0.321,0.28,0.041,11.8,38.4,89.2,14.6,34.5,3,2.9,3.6,10.9,30.3,99.240218776,93.85786433,64.2,28.7,77,49.0,87.2,51.0,23.3,46.8,24.5,21.8,TBD,0.28,0.28,0.28,155,0
Patrick Bailey,672275,2026,27,343,10,26.2,8.2,0.208,34,96,0.242,0.401,0.272,0.309,-0.037,13.2,39.5,90.5,13.4,36.6,17,7.7,8.0,4.0,42.4,100.12206633,94.504192064,69.7,31.1,220,52.2,84.0,47.8,26.7,49.6,36.2,26.8,CLE,0.309,0.309,0.309,343,0
Rafael Marchán,665561,2026,27,95,2,15.8,2.1,0.099,6,15,0.176,0.241,0.139,0.202,-0.063,2.9,51.5,82.9,25.0,31.6,2,2.6,2.6,7.9,18.4,92.974626842,90.646107467,66.3,33.3,60,48.6,91.3,51.4,16.1,50.3,43.4,26.3,PHI,0.202,0.202,0.202,95,0
Jared Triolo,669707,2026,28,361,3,19.7,7.8,0.238,29,98,0.242,0.317,0.279,0.285,-0.006,12.4,47.5,86.3,6.1,32.9,6,2.4,2.7,6.3,32.9,97.382690726,92.701064274,64.4,25.6,171,49.9,87.3,50.1,21.7,45.1,38.4,18.4,PIT,0.285,0.285,0.285,361,0
Freddie Freeman,518692,2026,36,654,16,17.6,10.1,0.29,70,249,0.291,0.464,0.349,0.364,-0.015,13.1,42.6,89.5,12.2,38.9,38,8.1,7.7,3.0,41.2,99.878228197,94.17296985,73.3,29.3,419,52.8,82.8,47.2,23.1,50.1,33.3,25.9,LAD,0.364,0.364,0.364,654,0
Willi Castro,650489,2026,29,477,15,27.0,8.6,0.26,56,178,0.236,0.39,0.33,0.309,0.021,12.5,46.7,87.6,17.7,31.9,24,8.0,7.6,6.3,39.9,100.348595338,94.260288576,73.4,37.7,398,55.6,81.1,44.4,30.8,53.6,44.5,31.2,TBD,0.309,0.309,0.309,477,0
Brandon Valenzuela,678218,2026,25,268,8,25.4,10.4,0.224,22,86,0.239,0.37,0.3,0.309,-0.009,11.9,51.0,88.3,14.5,37.4,11,6.4,5.3,5.8,38.0,99.436471905,93.823788095,71.5,28.8,162,51.3,85.6,48.7,25.7,49.6,43.3,23.4,TOR,0.309,0.309,0.309,268,0
Abimelec Ortiz,694673,2026,24,136,5,26.5,5.1,0.188,13,44,0.211,0.382,0.246,0.271,-0.025,10.2,54.6,89.7,15.1,39.8,7,7.5,9.7,4.3,38.7,99.94839,94.273607419,66.4,37.1,119,54.2,85.0,45.8,23.4,50.5,44.1,32.3,WSH,0.271,0.271,0.271,136,0
William Contreras,661388,2026,28,640,18,14.7,9.5,0.27,94,235,0.261,0.441,0.33,0.334,-0.004,19.5,59.1,90.3,13.2,33.3,41,8.5,9.4,2.9,44.1,101.24009195,94.956986071,68.0,28.3,339,52.5,87.1,47.5,20.7,47.2,36.4,25.6,MIL,0.334,0.334,0.334,640,0
Justin Dean,681909,2026,29,10,0,40.0,20.0,0.375,3,5,0.266,0.324,0.477,0.346,0.131,14.3,47.4,85.7,-0.9,50.0,0,0.0,0.0,25.0,50.0,100.2925,94.5908725,81.3,38.1,8,56.8,69.2,43.2,33.3,56.8,75.0,0.0,TBD,0.346,0.346,0.346,10,0
Dane Myers,667472,2026,30,334,8,24.6,11.1,0.257,27,110,0.236,0.356,0.324,0.309,0.015,11.6,50.1,89.2,13.5,33.5,10,4.9,6.1,6.6,36.3,98.774903,93.702558844,62.5,25.2,181,51.8,82.5,48.2,21.6,43.2,25.9,24.5,CIN,0.309,0.309,0.309,334,0
Christian Encarnacion-Strand,687952,2026,26,213,11,25.8,5.2,0.277,39,100,0.248,0.483,0.358,0.332,0.026,11.7,53.7,89.5,19.1,35.7,20,14.0,9.1,6.3,37.8,100.754412535,94.581771761,75.9,46.4,198,53.9,81.2,46.1,28.6,60.0,45.5,31.5,BAL,0.332,0.332,0.332,213,0
Adam Frazier,624428,2026,34,147,1,26.5,7.5,0.24,13,45,0.223,0.294,0.293,0.265,0.028,3.6,46.2,85.6,12.9,35.1,2,2.1,4.3,7.4,19.1,94.340358667,91.213758989,70.1,36.5,100,49.1,84.4,50.9,26.4,53.6,43.6,21.3,LAA,0.265,0.265,0.265,147,0
Jasson Domínguez,691176,2026,23,222,6,21.6,4.5,0.225,14,77,0.25,0.364,0.279,0.289,-0.01,15.1,52.1,88.1,15.5,30.4,9,5.6,3.1,6.2,39.1,100.452019875,94.3967335,70.5,34.4,157,55.0,84.4,45.0,24.8,50.7,47.2,22.4,TBD,0.289,0.289,0.289,222,0
Bryce Teodosio,669326,2026,27,72,0,36.1,6.9,0.197,4,14,0.17,0.232,0.223,0.211,0.012,7.6,43.7,81.8,8.8,19.5,2,4.9,0.0,19.5,17.1,94.899443684,91.487546842,70.0,39.4,50,51.4,71.4,48.6,40.3,54.3,26.8,19.5,LAA,0.211,0.211,0.211,72,0
Bobby Witt Jr.,677951,2026,26,628,18,17.2,10.7,0.283,54,243,0.304,0.507,0.348,0.38,-0.032,20.7,45.1,92.3,16.3,37.6,51,11.5,8.4,3.3,50.7,103.231204529,96.271249079,67.1,33.8,437,55.7,86.2,44.3,24.9,48.6,30.9,26.4,KC,0.38,0.38,0.38,628,0
Zac Veen,691728,2026,24,79,3,39.2,8.9,0.232,13,30,0.194,0.338,0.327,0.275,0.052,11.9,42.2,87.4,18.6,37.5,3,7.5,10.0,12.5,37.5,100.314036316,94.543508649,76.5,41.8,77,60.7,67.0,39.3,40.5,55.4,40.0,42.5,COL,0.275,0.275,0.275,79,0
Bryce Harper,547180,2026,33,688,28,21.4,15.6,0.269,86,275,0.271,0.48,0.375,0.38,-0.005,15.9,43.4,89.9,12.6,37.6,44,10.2,6.2,2.8,43.0,101.124989256,94.788488907,73.0,32.5,503,57.1,80.6,42.9,30.9,49.9,39.5,26.1,PHI,0.38,0.38,0.38,688,0
Ivan Johnson,671155,2026,27,19,0,36.8,15.8,0.063,0,1,0.134,0.184,0.157,0.226,-0.069,13.3,32.1,84.5,13.8,11.1,0,0.0,11.1,11.1,22.2,94.154786,91.419325556,59.4,32.5,13,55.6,78.9,44.4,50.0,44.4,33.3,44.4,TBD,0.226,0.226,0.226,19,0
Connor Joe,656582,2026,33,45,1,33.3,13.3,0.179,3,12,0.257,0.397,0.274,0.337,-0.063,13.6,46.1,92.5,15.2,41.7,2,8.3,16.7,0.0,45.8,101.1365025,95.201435417,57.3,24.3,26,51.0,81.4,49.0,24.7,40.5,41.7,33.3,TBD,0.337,0.337,0.337,45,0
Garrett Mitchell,669003,2026,27,527,11,31.7,11.2,0.262,65,191,0.267,0.444,0.34,0.351,-0.011,23.1,57.5,93.2,2.1,31.2,34,11.5,7.1,3.7,52.5,104.792469041,97.122898322,66.2,22.7,247,51.4,74.5,48.6,35.9,43.9,32.9,15.3,MIL,0.351,0.351,0.351,527,0
Pete Crow-Armstrong,691718,2026,24,725,45,25.8,11.4,0.278,107,356,0.263,0.508,0.399,0.374,0.025,16.0,51.4,90.6,22.1,38.1,59,13.3,9.0,6.5,48.5,102.33625445,95.784270506,68.6,34.3,536,54.0,82.8,46.0,26.4,50.0,51.2,33.6,CHC,0.374,0.374,0.374,725,0
Adley Rutschman,668939,2026,28,407,12,16.7,9.3,0.24,59,151,0.253,0.408,0.319,0.325,-0.006,13.7,45.1,88.9,14.7,39.5,20,6.7,6.7,3.3,38.5,99.083716711,93.724566162,57.0,25.8,231,52.9,89.4,47.1,16.4,40.5,37.8,30.4,BOS,0.325,0.325,0.325,407,0
Nelson Velázquez,676369,2026,27,113,6,33.6,8.0,0.188,18,41,0.232,0.486,0.287,0.34,-0.053,22.0,55.5,94.8,21.5,41.5,9,13.8,10.8,1.5,61.5,103.143481818,97.125894923,67.3,31.6,74,51.5,73.6,48.5,39.2,48.9,43.1,36.9,HOU,0.34,0.34,0.34,113,0
Miles Mastrobuoni,670156,2026,30,30,0,33.3,6.7,0.192,1,5,0.145,0.201,0.202,0.184,0.018,9.7,44.7,90.1,11.1,27.8,0,0.0,11.1,5.6,22.2,95.03356,91.757005882,51.8,27.5,14,47.7,86.2,52.3,20.9,40.2,33.3,27.8,TBD,0.184,0.184,0.184,30,0
Ryan Ward,669899,2026,28,60,3,28.3,8.3,0.218,12,25,0.239,0.424,0.319,0.316,0.003,11.9,61.2,88.5,19.3,36.8,4,10.8,2.6,2.6,28.9,99.059412105,93.695693243,77.1,32.1,43,53.2,76.9,46.8,27.6,53.2,55.3,26.3,TBD,0.316,0.316,0.316,60,0
Miguel Andujar,609280,2026,31,254,5,15.0,4.3,0.259,22,101,0.264,0.376,0.314,0.298,0.016,11.8,58.2,88.3,6.5,26.4,9,4.5,6.5,3.5,36.3,99.775366436,94.026464328,68.7,40.8,197,51.9,88.3,48.1,18.5,54.2,44.8,17.9,TBD,0.298,0.298,0.298,254,0
Hao-Yu Lee,701678,2026,23,360,10,23.6,8.3,0.267,46,137,0.236,0.396,0.329,0.304,0.025,14.9,52.2,89.6,13.2,34.7,21,8.6,9.8,4.1,41.2,100.225797869,94.385773909,66.0,29.0,205,51.6,82.9,48.4,26.9,46.9,26.9,26.1,DET,0.304,0.304,0.304,360,0
Jorge Soler,624585,2026,34,361,12,32.7,9.7,0.203,49,118,0.206,0.362,0.295,0.294,0.001,15.1,53.0,88.5,14.5,35.1,22,10.9,6.4,4.5,42.6,101.551384059,94.859988762,69.1,27.4,209,52.4,74.9,47.6,36.9,47.3,52.0,27.2,TBD,0.294,0.294,0.294,361,0
César Salazar,663967,2026,30,22,0,13.6,13.6,0.056,1,1,0.237,0.328,0.169,0.328,-0.159,6.3,54.1,88.6,11.2,20.0,0,0.0,6.7,6.7,33.3,96.63377,92.976092857,65.9,27.8,15,56.8,92.6,43.2,14.3,44.2,53.3,20.0,TBD,0.328,0.328,0.328,22,0
Seiya Suzuki,673548,2026,31,634,26,24.4,12.8,0.27,86,258,0.246,0.427,0.366,0.34,0.026,14.2,47.8,88.6,17.5,36.9,42,10.7,4.8,2.8,38.9,100.235200558,94.190827557,59.6,22.5,322,52.4,86.1,47.6,23.5,40.2,41.0,30.8,CHC,0.34,0.34,0.34,634,0
Bo Davidson,815589,2026,23,18,0,27.8,5.6,0.375,0,4,0.303,0.372,0.336,0.301,0.035,18.2,50.0,84.4,3.1,33.3,0,0.0,8.3,8.3,41.7,100.328916667,94.164458333,64.9,42.9,12,43.1,75.0,56.9,30.6,55.4,8.3,16.7,SF,0.301,0.301,0.301,18,0
Geraldo Perdomo,672695,2026,26,676,9,12.7,14.1,0.261,58,211,0.259,0.354,0.336,0.332,0.004,8.0,50.4,87.6,14.6,36.3,15,3.1,3.9,6.7,31.9,96.769079149,92.478909701,56.4,20.9,298,49.6,92.6,50.4,11.9,38.8,42.7,25.1,ARI,0.332,0.332,0.332,676,0
Davis Wendzel,673995,2026,29,4,0,0.0,0.0,0.0,0,0,0.224,0.307,0.0,0.23,-0.23,9.1,69.2,92.2,30.1,25.0,0,0.0,0.0,0.0,50.0,100.415985,95.1560925,90.0,35.7,5,58.3,77.8,41.7,21.4,58.3,25.0,25.0,TBD,0.23,0.23,0.23,4,0
Jesús Sánchez,660821,2026,28,315,8,23.8,5.7,0.254,35,114,0.255,0.419,0.311,0.321,-0.01,16.7,50.5,90.7,10.9,32.2,23,10.8,6.5,1.9,45.3,101.621661682,95.111932864,71.3,38.0,244,54.3,79.8,45.7,28.1,53.3,31.8,27.1,TBD,0.321,0.321,0.321,315,0
John Peck,807726,2026,23,77,0,20.8,11.7,0.169,7,12,0.228,0.358,0.233,0.32,-0.087,11.8,64.6,89.4,10.9,34.0,4,8.2,4.0,0.0,40.0,99.3246156,93.925283673,75.4,33.1,48,53.5,78.9,46.5,27.3,52.8,24.0,18.0,DET,0.32,0.32,0.32,77,0
Brett Harris,695391,2026,28,50,0,32.0,6.0,0.14,2,8,0.161,0.233,0.212,0.237,-0.025,9.6,46.5,87.2,8.8,35.7,1,3.6,7.1,7.1,32.1,96.813895,92.615237037,66.3,23.2,23,52.7,81.4,47.3,28.0,43.6,28.6,21.4,SF,0.237,0.237,0.237,50,0
Chase DeLauter,800050,2026,24,559,16,14.7,10.7,0.287,66,222,0.277,0.427,0.359,0.346,0.013,18.3,44.7,91.4,11.8,35.1,26,6.3,6.3,2.2,46.3,101.342521401,95.083377367,65.4,21.1,236,52.2,91.2,47.8,15.0,42.3,37.7,19.5,CLE,0.346,0.346,0.346,559,0
Wenceel Pérez,672761,2026,26,175,7,16.6,8.0,0.18,17,56,0.203,0.348,0.262,0.272,-0.01,13.7,50.2,87.2,17.0,23.5,10,7.6,4.5,5.3,33.3,97.732311667,92.919937803,67.2,29.1,96,50.5,87.6,49.5,18.2,47.9,44.7,31.8,TBD,0.272,0.272,0.272,175,0
Michael Toglia,669911,2026,27,28,0,42.9,7.1,0.115,1,5,0.183,0.251,0.172,0.222,-0.05,10.7,41.5,91.6,16.5,28.6,0,0.0,7.1,0.0,57.1,98.827467143,94.664603571,61.8,24.0,12,47.6,79.4,52.4,34.8,43.8,35.7,42.9,TBD,0.222,0.222,0.222,28,0
Isaac Paredes,670623,2026,27,655,25,13.4,10.7,0.263,93,245,0.246,0.374,0.356,0.323,0.033,7.0,52.7,86.1,24.3,38.5,23,4.8,5.9,4.8,29.5,96.593307029,92.324088239,62.0,26.9,415,53.1,90.3,46.9,14.8,43.4,49.4,30.8,HOU,0.323,0.323,0.323,655,0
Jerar Encarnacion,666464,2026,28,35,0,22.9,2.9,0.176,0,7,0.19,0.266,0.183,0.21,-0.027,11.5,52.0,87.5,5.4,38.5,2,7.7,3.8,7.7,34.6,99.26983,93.634915,61.8,43.4,36,52.2,93.6,47.8,19.3,52.2,38.5,23.1,TBD,0.21,0.21,0.21,35,0
Royce Lewis,668904,2026,27,505,14,25.5,7.5,0.224,56,171,0.236,0.39,0.289,0.303,-0.014,14.9,72.1,89.7,20.9,33.1,35,10.5,6.3,3.0,39.7,100.442555629,94.407402102,70.5,33.6,356,53.6,79.3,46.4,32.8,50.7,46.9,29.3,MIN,0.303,0.303,0.303,505,0
Jacob Gonzalez,694378,2026,24,223,7,18.8,4.9,0.223,30,72,0.251,0.402,0.284,0.307,-0.023,10.8,55.6,88.1,16.7,33.7,8,4.8,8.4,3.0,37.6,98.972972561,93.523509024,74.1,37.9,164,50.3,83.0,49.7,20.6,55.9,42.2,26.5,PIT,0.307,0.307,0.307,223,0
Kyle Teel,691019,2026,24,144,5,35.4,13.2,0.21,26,41,0.211,0.375,0.317,0.321,-0.004,12.1,40.3,85.7,13.6,41.4,8,11.4,4.3,14.3,47.1,100.879383824,94.639000588,64.4,31.3,110,57.4,76.8,42.6,35.6,45.4,40.0,30.0,CWS,0.321,0.321,0.321,144,0
Aaron Judge,592450,2026,34,285,18,29.8,15.1,0.241,41,121,0.258,0.569,0.372,0.396,-0.024,20.3,50.6,94.0,15.0,34.0,32,20.9,6.5,2.0,57.5,105.082238571,97.706457908,64.0,26.4,177,55.1,78.0,44.9,32.8,43.3,43.1,32.7,TBD,0.396,0.396,0.396,285,0
Shay Whitcomb,694376,2026,27,120,4,29.2,3.3,0.202,13,36,0.21,0.373,0.246,0.263,-0.017,13.0,65.5,86.5,17.3,35.8,9,11.1,2.5,11.1,33.3,99.1572995,93.653542278,64.9,35.0,82,52.6,89.8,47.4,27.9,49.2,34.6,29.6,SF,0.263,0.263,0.263,120,0
Byron Buxton,621439,2026,32,408,25,24.5,7.4,0.254,46,189,0.248,0.488,0.355,0.343,0.012,16.6,57.4,90.2,20.3,32.4,43,15.9,5.9,4.0,46.7,101.614948971,95.255176912,74.1,34.4,279,54.1,83.5,45.9,31.3,52.7,48.2,33.1,TBD,0.343,0.343,0.343,408,0
Ezequiel Duran,677649,2026,27,593,17,23.6,7.8,0.262,83,224,0.244,0.37,0.326,0.301,0.025,12.4,43.9,88.9,11.7,34.3,24,6.0,6.0,3.7,38.6,99.541154694,93.938850485,70.2,35.6,439,53.0,83.9,47.0,26.2,51.8,37.3,22.9,TEX,0.301,0.301,0.301,593,0
Matt McLain,680574,2026,26,493,15,28.0,9.7,0.187,40,146,0.213,0.362,0.274,0.294,-0.02,12.6,58.5,87.8,20.8,35.5,27,9.1,6.0,7.3,35.5,98.621900276,93.439156298,62.9,26.7,278,52.1,81.4,47.9,28.3,44.0,37.9,35.2,CIN,0.294,0.294,0.294,493,0
Juan Soto,665742,2026,27,477,27,13.6,16.4,0.278,68,204,0.295,0.572,0.389,0.411,-0.022,22.5,66.9,92.5,15.9,31.9,46,13.9,5.7,2.7,47.9,102.455866098,96.057418171,62.5,20.8,203,52.7,85.2,47.3,20.9,40.5,40.4,32.5,NYM,0.411,0.411,0.411,477,0
Dylan Moore,664238,2026,33,15,0,40.0,20.0,0.0,0,0,0.096,0.178,0.14,0.233,-0.093,4.5,46.7,91.3,41.6,50.0,0,0.0,0.0,0.0,33.3,96.896296667,92.479925,62.9,26.1,12,56.8,81.8,43.2,29.4,42.0,0.0,50.0,TBD,0.233,0.233,0.233,15,0
Austin Hays,669720,2026,30,100,3,26.0,3.0,0.271,13,38,0.284,0.392,0.294,0.298,-0.004,13.3,59.7,87.1,5.2,35.2,3,4.2,7.0,5.6,42.3,99.184637714,93.834369143,76.5,37.9,77,54.4,76.2,45.6,34.8,55.5,52.1,15.5,SD,0.298,0.298,0.298,100,0
Alex Bregman,608324,2026,32,697,26,14.6,10.8,0.26,89,271,0.249,0.382,0.35,0.322,0.028,10.8,66.3,88.1,17.7,32.5,31,6.1,6.7,4.3,37.4,97.932358189,93.103923688,60.1,23.4,324,50.3,90.3,49.7,15.7,41.6,48.0,27.6,CHC,0.322,0.322,0.322,697,0
Paul Goldschmidt,502671,2026,38,380,18,22.6,7.6,0.252,52,156,0.238,0.414,0.331,0.311,0.02,13.0,49.5,86.8,14.6,35.1,26,9.9,5.3,6.1,35.9,98.632345115,93.426887557,65.5,32.2,248,51.5,77.0,48.5,26.4,48.3,32.4,29.4,NYY,0.311,0.311,0.311,380,0
BJ Murray Jr.,681230,2026,26,11,0,36.4,0.0,0.091,0,1,0.069,0.136,0.081,0.086,-0.005,0.0,54.5,86.5,27.4,14.3,0,0.0,0.0,0.0,42.9,96.1207125,92.640407143,69.2,30.0,6,43.5,77.8,56.5,16.7,52.2,28.6,57.1,TBD,0.086,0.086,0.086,11,0
Jake Mangum,663968,2026,30,475,5,19.6,5.3,0.273,32,156,0.245,0.329,0.308,0.283,0.025,7.5,35.9,85.9,4.6,27.2,8,2.3,3.5,10.1,27.8,96.429074049,92.277365231,73.1,45.3,415,53.2,83.2,46.8,21.4,58.3,29.9,16.8,PIT,0.283,0.283,0.283,475,0
Tyler Locklear,682988,2026,25,42,1,21.4,9.5,0.278,6,16,0.252,0.427,0.35,0.334,0.016,11.9,47.4,83.8,4.0,28.6,4,14.3,0.0,10.7,32.1,97.675850714,92.84187,72.1,27.1,23,49.7,74.2,50.3,23.5,49.7,35.7,17.9,TBD,0.334,0.334,0.334,42,0
Elly De La Cruz,682829,2026,24,632,30,27.4,11.4,0.283,79,287,0.281,0.507,0.381,0.377,0.004,23.1,50.8,94.7,10.0,36.1,62,16.4,7.3,2.1,53.5,105.391663333,97.765516897,57.5,25.1,350,53.5,79.8,46.5,28.1,40.2,34.3,26.5,CIN,0.377,0.377,0.377,632,0
Tim Tawa,694374,2026,27,347,11,24.2,7.8,0.239,41,119,0.248,0.421,0.303,0.317,-0.014,17.3,58.7,90.6,12.4,35.6,25,10.7,6.8,5.9,44.1,100.850535664,94.840655689,68.7,31.6,232,53.3,80.4,46.7,28.1,48.9,37.3,26.3,ARI,0.317,0.317,0.317,347,0
Sam Huff,669087,2026,28,34,0,55.9,2.9,0.121,1,6,0.099,0.184,0.147,0.137,0.01,16.2,46.3,91.2,8.4,28.6,2,14.3,14.3,14.3,57.1,102.291484286,96.319245714,74.2,44.8,26,46.8,65.3,53.2,46.7,60.5,85.7,28.6,TBD,0.137,0.137,0.137,34,0
Tommy Troy,694371,2026,24,143,4,23.8,9.1,0.217,9,45,0.229,0.393,0.285,0.304,-0.019,12.3,52.3,84.9,12.1,31.3,9,9.4,4.2,9.4,30.2,98.007827021,93.060625699,63.2,27.7,82,51.4,81.9,48.6,25.9,45.0,32.3,22.9,TBD,0.304,0.304,0.304,143,0
Colt Keith,690993,2026,24,423,10,19.9,7.6,0.258,36,156,0.272,0.423,0.321,0.333,-0.012,17.6,48.9,88.7,13.3,38.1,23,7.6,7.6,4.3,42.1,100.101906954,94.295002159,62.8,24.6,197,49.8,86.0,50.2,22.3,43.8,37.4,25.2,TBD,0.333,0.333,0.333,423,0
Pete Alonso,624413,2026,31,700,43,24.1,11.6,0.267,113,314,0.285,0.563,0.379,0.402,-0.023,22.7,55.1,93.9,14.9,36.8,67,15.3,8.4,2.3,56.2,104.058997078,97.241695881,66.3,26.6,409,53.7,81.9,46.3,26.8,45.0,36.8,31.3,BAL,0.402,0.402,0.402,700,0
Jake Bauers,641343,2026,30,574,26,27.0,16.4,0.266,86,230,0.251,0.465,0.382,0.37,0.012,19.9,48.1,92.1,12.1,38.3,44,13.8,8.1,4.0,52.0,103.230030189,96.543736246,62.0,21.7,276,53.3,81.9,46.7,29.9,40.5,41.4,30.2,MIL,0.37,0.37,0.37,574,0
Nate Eaton,681987,2026,29,58,1,25.9,13.8,0.146,6,12,0.175,0.289,0.262,0.285,-0.023,8.5,49.5,86.6,19.9,36.4,2,6.1,9.1,3.0,30.3,97.242829412,92.770141212,69.9,30.4,41,54.4,75.9,45.6,31.7,48.4,51.5,24.2,TBD,0.285,0.285,0.285,58,0
Austin Wells,669224,2026,26,388,14,26.5,12.4,0.186,32,111,0.208,0.36,0.281,0.3,-0.019,12.7,51.4,89.3,20.5,33.8,18,7.7,8.1,5.6,42.7,100.248392609,94.397822435,66.6,28.0,233,52.7,81.0,47.3,27.9,46.3,47.4,34.2,NYY,0.3,0.3,0.3,388,0
Nate Furman,801501,2026,24,39,0,25.6,12.8,0.125,3,4,0.16,0.191,0.191,0.227,-0.036,4.3,44.8,80.9,7.6,16.7,0,0.0,0.0,20.8,16.7,92.300870909,90.399414545,61.9,33.3,28,57.1,97.4,42.9,19.4,45.6,45.8,12.5,TBD,0.227,0.227,0.227,39,0
James Triantos,701649,2026,23,9,0,22.2,11.1,0.125,0,1,0.098,0.116,0.177,0.159,0.018,0.0,50.0,77.5,10.6,33.3,0,0.0,0.0,33.3,16.7,92.862423333,90.431211667,54.5,36.4,4,50.0,83.3,50.0,30.0,45.5,33.3,16.7,TBD,0.159,0.159,0.159,9,0
Eloy Jiménez,650391,2026,29,35,0,20.0,8.6,0.29,3,9,0.214,0.289,0.289,0.256,0.033,18.6,42.6,89.2,5.6,32.0,1,4.0,8.0,0.0,44.0,98.972092308,93.9795348,70.6,39.2,31,60.8,86.1,39.2,29.9,51.5,52.0,20.0,TBD,0.256,0.256,0.256,35,0
Jung Hoo Lee,808982,2026,27,579,10,9.8,5.0,0.276,57,218,0.288,0.382,0.317,0.315,0.002,9.8,40.4,87.5,11.3,36.0,11,2.3,4.9,3.9,31.5,96.907185726,92.569166245,64.0,31.1,328,49.6,93.9,50.4,12.5,47.7,37.7,22.6,TBD,0.315,0.315,0.315,579,0
James Outman,681546,2026,29,170,5,41.8,5.9,0.172,17,50,0.162,0.273,0.247,0.225,0.022,10.7,48.2,86.5,16.2,33.7,6,7.0,8.1,5.8,37.2,97.862507442,92.931253721,75.0,30.2,111,53.1,71.2,46.9,41.8,51.2,54.7,30.2,TBD,0.225,0.225,0.225,170,0
Deyvison De Los Santos,691277,2026,23,39,0,25.6,0.0,0.132,0,7,0.197,0.258,0.152,0.211,-0.059,10.0,50.7,85.6,11.9,28.6,1,3.6,3.6,7.1,25.0,97.166051429,92.583025714,59.7,40.7,35,54.4,86.0,45.6,32.1,49.4,39.3,17.9,MIA,0.211,0.211,0.211,39,0
Michael Arroyo,703197,2026,21,40,1,15.0,12.5,0.353,4,14,0.314,0.426,0.402,0.37,0.032,11.8,59.0,88.2,17.2,34.5,1,3.4,6.9,0.0,31.0,96.817677333,92.588293103,87.9,27.0,17,52.1,86.3,47.9,16.2,56.2,51.7,24.1,SEA,0.37,0.37,0.37,40,0
James Wood,695578,2026,23,619,30,28.6,16.3,0.267,77,256,0.271,0.55,0.385,0.404,-0.019,25.5,43.1,95.4,8.6,36.8,63,18.7,9.8,2.4,58.8,106.421978631,98.539459137,56.6,21.3,298,54.0,82.2,46.0,29.9,37.6,33.8,24.6,WSH,0.404,0.404,0.404,619,0
Willy Adames,642715,2026,30,505,21,27.5,7.3,0.23,51,197,0.222,0.391,0.311,0.296,0.015,12.1,57.6,87.4,22.8,36.7,29,8.9,8.9,4.6,38.8,98.797280736,93.451144018,65.9,31.6,325,51.9,82.9,48.1,28.9,48.1,49.5,33.3,TBD,0.296,0.296,0.296,505,0
Maverick Handley,668974,2026,28,1,0,100.0,0.0,0.0,0,0,,,0.0,0.0,0.0,0.0,33.3,,,,0,,,,,,,100.0,66.7,2,75.0,0.0,25.0,66.7,75.0,,,TBD,0.0,0.0,0.0,1,0
Nick Loftin,679845,2026,27,426,8,17.1,9.6,0.24,45,144,0.228,0.335,0.315,0.293,0.022,9.1,52.6,86.8,15.6,35.9,13,4.2,5.6,6.9,29.7,96.863698054,92.517021275,57.3,25.4,210,51.4,90.8,48.6,17.6,40.9,43.5,29.1,TBD,0.293,0.293,0.293,426,0
Adolis García,666969,2026,33,259,7,32.4,8.1,0.195,21,76,0.22,0.362,0.268,0.294,-0.026,15.1,58.6,92.1,14.6,38.0,14,9.3,9.3,1.3,48.0,101.568957067,95.459607133,63.5,29.8,173,53.7,78.3,46.3,34.6,45.4,36.0,23.3,TBD,0.294,0.294,0.294,259,0
Rowdy Tellez,642133,2026,31,11,1,27.3,9.1,0.2,4,5,0.339,0.828,0.331,0.506,-0.175,21.4,66.7,91.8,26.9,57.1,2,28.6,0.0,0.0,42.9,100.8358675,95.334781429,60.0,29.6,8,51.9,80.0,48.1,30.4,44.2,14.3,57.1,TBD,0.506,0.506,0.506,11,0
Patrick Wisdom,621550,2026,34,50,1,42.0,6.0,0.106,4,9,0.158,0.359,0.151,0.236,-0.085,15.8,66.0,92.7,28.4,26.9,5,19.2,3.8,0.0,42.3,101.725203077,95.500518462,71.7,40.4,38,50.5,69.7,49.5,41.3,55.9,34.6,42.3,TBD,0.236,0.236,0.236,50,0
Joey Bart,663698,2026,29,128,4,27.3,5.5,0.214,13,40,0.203,0.362,0.299,0.295,0.004,14.3,43.1,85.8,15.5,32.1,6,7.7,7.7,5.1,34.6,98.428942564,93.238111923,64.9,32.8,87,54.1,85.6,45.9,29.2,47.6,41.0,34.6,TBD,0.295,0.295,0.295,128,0
Corey Julks,667452,2026,30,7,0,14.3,0.0,0.286,0,3,0.172,0.27,0.307,0.188,0.119,0.0,90.0,87.9,25.3,33.3,0,0.0,16.7,0.0,33.3,94.040176667,91.178845,66.7,23.1,3,52.0,100.0,48.0,9.1,44.0,33.3,50.0,TBD,0.188,0.188,0.188,7,0
Ben Rortvedt,666163,2026,28,28,0,32.1,0.0,0.185,1,5,0.22,0.251,0.165,0.204,-0.039,0.0,55.0,85.5,16.7,36.8,0,0.0,0.0,10.5,5.3,91.969154444,90.140377647,62.3,36.2,17,47.0,81.8,53.0,28.0,50.0,21.1,26.3,TBD,0.204,0.204,0.204,28,0
Nick Morabito,703492,2026,23,46,0,34.8,6.5,0.195,4,10,0.255,0.308,0.248,0.296,-0.048,17.8,32.8,90.5,10.1,36.0,0,0.0,8.0,0.0,48.0,99.823979231,94.489362,50.6,33.7,31,53.2,82.9,46.8,29.2,41.6,36.0,12.0,NYM,0.296,0.296,0.296,46,0
David Fry,681807,2026,30,210,8,27.6,13.3,0.194,20,65,0.177,0.291,0.301,0.27,0.031,9.0,60.6,86.6,19.6,25.4,8,6.6,2.5,7.4,34.4,97.913227333,93.01379395,63.1,27.5,133,54.0,78.1,46.0,28.8,43.9,54.1,29.5,CLE,0.27,0.27,0.27,210,0
Kameron Misner,670224,2026,28,44,0,38.6,4.5,0.22,4,10,0.185,0.242,0.227,0.209,0.018,3.9,47.1,81.8,23.0,28.0,0,0.0,4.0,12.0,20.0,94.464596667,91.348702917,76.9,30.1,28,50.5,71.4,49.5,36.7,53.3,40.0,40.0,TBD,0.209,0.209,0.209,44,0
Sam Haggerty,664059,2026,32,47,0,34.0,4.3,0.159,1,8,0.156,0.181,0.186,0.182,0.004,3.8,50.0,83.4,16.8,25.0,0,0.0,0.0,10.7,7.1,93.570359231,90.785179615,70.1,33.8,27,47.9,80.3,52.1,31.8,52.7,39.3,21.4,TBD,0.182,0.182,0.182,47,0
Nick Kurtz,701762,2026,23,434,21,32.5,18.2,0.256,69,170,0.244,0.483,0.381,0.374,0.007,21.5,49.6,93.4,11.9,38.9,38,18.0,8.5,6.2,57.3,106.18726581,98.206808714,66.4,23.3,233,54.1,73.0,45.9,36.9,43.1,34.6,28.9,TBD,0.374,0.374,0.374,434,0
Corey Seager,608369,2026,32,432,19,23.8,10.4,0.226,49,158,0.252,0.483,0.318,0.35,-0.032,18.8,57.2,91.9,12.6,36.1,41,14.6,7.9,2.1,48.9,102.149789071,95.712366929,82.8,28.6,255,55.9,78.0,44.1,33.1,52.5,43.9,30.4,TEX,0.35,0.35,0.35,432,0
Michael Conforto,624424,2026,33,309,15,25.9,11.3,0.237,44,124,0.235,0.435,0.342,0.331,0.011,12.2,52.8,90.4,17.3,38.9,22,11.6,7.4,2.6,42.1,100.534084526,94.675819048,64.7,27.5,178,52.5,84.2,47.5,27.1,45.2,46.3,34.2,CHC,0.331,0.331,0.331,309,0
Chandler Simpson,802415,2026,25,612,0,7.8,4.2,0.306,38,203,0.261,0.297,0.305,0.263,0.042,2.7,35.6,83.6,1.2,25.7,0,0.0,0.0,9.5,13.4,92.6114076,90.38555626,65.1,31.2,295,48.7,93.2,51.3,10.8,48.5,29.2,14.1,TB,0.263,0.263,0.263,612,0
Taylor Ward,621493,2026,32,607,7,21.4,16.3,0.225,35,154,0.241,0.36,0.312,0.334,-0.022,12.8,47.2,88.7,14.8,35.3,19,5.1,6.5,3.5,38.3,98.776249027,93.58431897,54.1,14.9,189,50.3,87.0,49.7,19.5,34.4,32.9,26.7,SEA,0.334,0.334,0.334,607,0
Jake Rogers,668670,2026,31,171,4,29.8,13.5,0.161,14,41,0.171,0.296,0.259,0.267,-0.008,9.4,64.5,88.0,21.7,30.2,9,9.4,4.2,3.1,36.5,97.758656809,92.974029574,60.5,25.6,92,52.2,81.9,47.8,26.8,42.3,44.8,35.4,TBD,0.267,0.267,0.267,171,0
Harry Ford,695670,2026,23,114,3,24.6,14.0,0.186,10,33,0.184,0.323,0.295,0.288,0.007,9.7,50.8,84.4,13.4,30.4,7,10.1,5.8,10.1,33.3,98.019174286,93.161675217,66.7,18.8,49,50.8,79.8,49.2,25.8,42.4,36.2,30.4,WSH,0.288,0.288,0.288,114,0
Masyn Winn,691026,2026,24,532,5,21.8,9.0,0.232,56,149,0.245,0.329,0.283,0.297,-0.014,13.9,42.9,88.3,11.5,33.0,12,3.3,5.3,2.8,34.9,98.548306592,93.333175698,58.4,24.0,256,50.0,85.0,50.0,23.7,41.2,29.9,21.1,STL,0.297,0.297,0.297,532,0
Max Clark,703601,2026,21,202,3,20.3,8.9,0.278,23,74,0.268,0.351,0.344,0.318,0.026,11.1,42.3,87.7,15.4,36.0,3,2.2,5.8,6.5,38.8,98.39110806,93.356319624,63.5,28.6,106,50.4,90.0,49.6,16.9,45.9,34.5,25.2,DET,0.318,0.318,0.318,202,0
Jacob Young,696285,2026,26,467,10,16.5,7.1,0.252,49,163,0.258,0.386,0.314,0.315,-0.001,13.3,61.5,87.7,12.0,36.6,20,5.8,4.3,4.6,31.4,97.70378432,92.896918876,60.6,27.4,239,50.4,87.7,49.6,20.8,43.9,37.5,28.0,WSH,0.315,0.315,0.315,467,0
José Ramírez,608070,2026,33,544,12,12.7,11.0,0.235,53,174,0.266,0.391,0.301,0.325,-0.024,13.0,58.3,88.6,19.0,35.3,17,4.1,6.8,3.4,38.8,99.346632184,93.830361144,65.2,28.5,338,53.9,90.7,46.1,15.3,45.4,49.9,27.0,CLE,0.325,0.325,0.325,544,0
Zach Dezenzo,701305,2026,26,83,1,38.6,8.4,0.211,3,23,0.191,0.294,0.262,0.249,0.013,10.3,39.1,84.9,9.9,43.2,4,9.1,2.3,11.4,31.8,97.416716364,92.779819318,59.0,34.3,59,51.7,70.5,48.3,38.3,46.2,43.2,20.5,TBD,0.249,0.249,0.249,83,0
Dominic Smith,642086,2026,31,298,9,16.1,7.7,0.255,44,99,0.239,0.378,0.307,0.301,0.006,10.5,48.7,87.7,13.3,34.2,13,5.8,6.7,4.0,32.4,97.687855045,92.923984009,67.2,31.2,188,52.5,86.9,47.5,21.4,48.3,35.6,29.3,ATL,0.301,0.301,0.301,298,0
J.P. Crawford,641487,2026,31,486,14,19.5,13.2,0.22,38,139,0.234,0.36,0.312,0.319,-0.007,10.6,45.8,87.7,13.6,32.6,20,6.3,4.7,5.0,34.5,97.955458654,93.03627141,56.4,19.5,198,49.3,88.4,50.7,16.9,38.2,37.6,22.6,SEA,0.319,0.319,0.319,486,0
Will Wilson,669717,2026,27,6,1,16.7,16.7,0.2,2,4,0.212,0.762,0.458,0.451,0.007,12.5,58.3,87.8,0.8,50.0,1,25.0,0.0,0.0,25.0,95.48153,92.583305,80.0,33.3,5,60.0,87.5,40.0,38.5,52.0,75.0,50.0,TBD,0.451,0.451,0.451,6,0
Luis Arraez,650333,2026,29,655,6,4.3,5.2,0.31,64,250,0.289,0.377,0.331,0.307,0.024,1.8,52.6,86.4,16.2,39.3,7,1.2,4.8,4.4,19.4,94.068574724,91.077369275,63.2,33.1,393,48.5,94.2,51.5,7.1,48.6,31.0,30.8,PHI,0.307,0.307,0.307,655,0
Spencer Steer,668715,2026,28,384,16,22.4,9.1,0.238,40,143,0.246,0.452,0.326,0.342,-0.016,15.3,59.0,89.7,16.9,35.5,30,12.4,7.0,3.1,39.1,99.548552583,94.118224167,65.3,26.2,204,51.2,84.9,48.8,25.3,45.3,47.3,29.7,TBD,0.342,0.342,0.342,384,0
Brandon Lockridge,663604,2026,29,113,0,29.2,9.7,0.277,12,31,0.216,0.263,0.308,0.258,0.05,15.9,45.7,85.8,0.7,18.8,1,1.5,4.3,11.6,33.3,99.04790875,93.64841873,59.0,32.1,75,50.0,79.0,50.0,29.1,45.5,27.5,11.6,MIL,0.258,0.258,0.258,113,0
Tristan Peters,671976,2026,26,490,12,18.4,7.6,0.266,56,190,0.249,0.385,0.34,0.314,0.026,12.1,56.2,87.5,17.9,33.2,19,5.4,7.1,9.9,34.2,98.255124545,93.24520234,74.7,32.6,288,50.1,83.4,49.9,23.1,53.6,51.4,28.4,CWS,0.314,0.314,0.314,490,0
Eddys Leonard,678760,2026,25,8,0,25.0,0.0,0.25,0,3,0.3,0.386,0.269,0.299,-0.03,7.1,50.0,77.2,17.1,50.0,1,16.7,0.0,16.7,16.7,89.32552,91.117323333,75.0,45.5,10,57.9,66.7,42.1,36.4,57.9,33.3,16.7,TBD,0.299,0.299,0.299,8,0
Alan Roden,702176,2026,26,94,1,12.8,12.8,0.291,14,29,0.297,0.419,0.343,0.361,-0.018,13.2,48.1,87.4,11.2,32.9,3,4.3,8.6,8.6,42.9,99.092939412,93.564461029,65.9,24.9,43,50.9,92.7,49.1,15.7,45.0,34.3,22.9,MIN,0.361,0.361,0.361,94,0
Gage Workman,669398,2026,26,41,2,41.5,0.0,0.171,8,17,0.222,0.489,0.245,0.299,-0.054,14.5,40.2,94.1,11.6,50.0,5,20.8,8.3,0.0,45.8,101.80005,95.924588333,80.0,42.5,34,53.3,80.4,46.7,33.3,60.0,33.3,33.3,TBD,0.299,0.299,0.299,41,0
Jeremiah Jackson,669236,2026,26,293,10,23.5,3.4,0.217,45,101,0.236,0.385,0.264,0.282,-0.018,14.8,62.8,89.2,8.3,29.7,17,8.0,6.1,4.2,37.7,100.146694762,94.308516048,76.5,36.8,195,50.0,81.5,50.0,27.8,56.6,40.6,23.1,BAL,0.282,0.282,0.282,293,0
Tyler Soderstrom,691016,2026,24,453,19,20.1,11.7,0.245,56,187,0.246,0.411,0.35,0.327,0.023,17.7,53.5,90.7,11.1,31.0,29,9.5,5.9,2.6,45.4,101.631681895,95.094575115,68.2,25.9,238,52.8,87.7,47.2,22.9,45.9,38.9,27.1,TBD,0.327,0.327,0.327,453,0
Denzer Guzman,694203,2026,22,300,8,25.3,5.7,0.219,33,93,0.227,0.33,0.268,0.267,0.001,12.3,40.9,86.6,10.8,34.6,10,4.9,3.9,6.3,34.6,98.172515098,93.111868374,73.6,33.5,189,50.6,80.0,49.4,26.4,53.3,43.4,22.0,LAA,0.267,0.267,0.267,300,0
Luke Williams,663897,2026,29,1,0,0.0,100.0,,0,0,,,0.698,0.698,0.0,,,,,,0,,,,,,,,0.0,0,100.0,,0.0,,0.0,,,TBD,0.698,0.698,0.698,1,0
Eric Wagaman,676572,2026,28,52,2,23.1,7.7,0.191,5,15,0.227,0.362,0.266,0.296,-0.03,14.5,41.9,84.8,1.0,34.3,2,5.7,0.0,8.6,28.6,97.89492,93.334651714,59.3,28.3,32,51.1,71.9,48.9,30.2,43.4,37.1,17.1,TBD,0.296,0.296,0.296,52,0
Austin Wynns,642851,2026,35,89,1,27.0,5.6,0.146,1,15,0.2,0.29,0.176,0.24,-0.064,5.9,47.5,84.9,16.0,31.7,2,3.3,3.3,10.0,26.7,96.338909655,92.190218966,68.2,40.5,68,49.7,87.1,50.3,23.9,54.4,36.7,25.0,TBD,0.24,0.24,0.24,89,0
Kerry Carpenter,681481,2026,28,259,13,29.0,6.9,0.208,36,96,0.212,0.388,0.301,0.295,0.006,10.9,48.7,89.8,21.4,35.2,15,9.6,10.1,2.5,44.0,99.080080759,93.824390955,67.0,36.3,202,54.7,81.9,45.3,28.6,50.2,43.4,39.0,TBD,0.295,0.295,0.295,259,0
Nolan Arenado,571448,2026,35,596,30,20.1,8.7,0.255,85,250,0.23,0.365,0.349,0.299,0.05,8.9,59.6,85.1,18.7,33.7,29,7.0,4.8,4.1,31.1,96.908678454,92.466606852,63.4,31.9,409,54.1,83.1,45.9,24.3,46.3,49.4,27.6,ARI,0.299,0.299,0.299,596,0
Max Muncy,691777,2026,23,284,9,32.0,7.4,0.23,30,99,0.218,0.366,0.3,0.288,0.012,16.0,53.5,89.1,15.9,33.3,18,10.7,6.0,6.0,43.5,101.562068929,95.003906131,68.8,33.2,195,52.9,81.1,47.1,32.4,50.0,44.0,22.6,LAD,0.288,0.288,0.288,284,0
Enrique Hernández,571771,2026,34,94,4,29.8,6.4,0.227,11,32,0.223,0.373,0.299,0.283,0.016,13.2,51.9,89.0,12.3,28.3,5,8.3,6.7,1.7,41.7,100.111836333,94.2443095,73.2,33.1,58,51.6,87.5,48.4,25.3,52.5,25.0,23.3,LAD,0.283,0.283,0.283,94,0
Kody Clemens,665019,2026,30,579,27,21.9,6.7,0.239,79,242,0.253,0.453,0.327,0.333,-0.006,17.6,63.1,91.9,15.4,33.3,45,11.1,7.6,3.4,46.1,101.0475656,95.121695825,68.2,32.6,374,51.4,83.4,48.6,24.4,49.9,47.3,32.8,MIN,0.333,0.333,0.333,579,0
Luis Robert Jr.,673357,2026,28,230,11,23.9,10.4,0.221,26,83,0.239,0.418,0.311,0.321,-0.01,15.6,54.0,89.8,15.1,27.2,15,9.9,6.0,3.3,40.4,101.990246842,95.216749073,71.6,32.7,158,54.6,84.0,45.4,28.1,50.3,44.4,27.2,TBD,0.321,0.321,0.321,230,0
Jared Young,676724,2026,30,342,9,18.4,7.3,0.266,39,132,0.25,0.4,0.333,0.321,0.012,18.9,58.9,90.4,11.7,30.2,19,7.7,8.5,5.2,46.8,101.896708525,95.331303402,70.2,27.5,195,53.4,82.3,46.6,24.4,47.4,42.7,23.4,TBD,0.321,0.321,0.321,342,0
Nathan Lukes,664770,2026,31,450,10,14.2,5.6,0.277,41,158,0.258,0.348,0.317,0.293,0.024,7.5,43.7,86.9,7.8,30.8,9,2.5,5.4,7.1,29.1,96.384292965,92.230606851,66.3,34.1,298,49.9,86.8,50.1,15.9,50.2,31.6,19.5,TOR,0.293,0.293,0.293,450,0
Ben Rice,700250,2026,27,667,41,24.3,12.7,0.264,97,306,0.267,0.511,0.384,0.378,0.006,18.1,54.9,91.9,14.5,38.4,59,14.3,7.0,2.2,48.6,101.739325556,95.439571618,63.8,24.5,343,52.4,83.6,47.6,25.4,43.2,44.9,32.1,NYY,0.378,0.378,0.378,667,0
Kyle Higashioka,543309,2026,36,186,7,25.3,10.2,0.218,18,61,0.219,0.351,0.303,0.295,0.008,11.6,48.8,88.2,17.3,35.6,10,8.5,6.8,6.8,38.1,99.114666552,93.791557241,58.3,31.1,123,51.8,87.0,48.2,26.3,44.2,38.1,28.0,TBD,0.295,0.295,0.295,186,0
Joshua Kuroda-Grauer,811965,2026,23,70,1,14.3,2.9,0.373,4,35,0.295,0.387,0.402,0.312,0.09,13.3,41.8,89.7,7.1,35.1,1,1.8,3.5,1.8,41.1,99.697341379,94.239228947,67.2,40.8,51,50.0,86.9,50.0,16.9,54.2,42.1,14.0,OAK,0.312,0.312,0.312,70,0
Konnor Griffin,804606,2026,20,335,5,24.5,6.0,0.269,31,118,0.258,0.399,0.316,0.313,0.003,14.7,46.4,88.1,7.9,33.3,15,6.7,8.8,5.3,37.3,100.463727411,94.352872332,68.0,37.6,263,53.3,80.3,46.7,29.1,51.8,38.6,18.4,PIT,0.313,0.313,0.313,335,0
Vinnie Pasquantino,686469,2026,28,477,15,15.7,10.7,0.247,60,171,0.253,0.428,0.326,0.333,-0.007,13.9,58.7,89.9,20.5,36.0,31,9.0,6.6,2.6,41.5,99.763217457,94.316177971,66.0,30.7,321,55.3,91.8,44.7,15.2,46.5,43.8,31.1,KC,0.333,0.333,0.333,477,0
Alek Thomas,677950,2026,26,120,2,22.5,3.3,0.186,13,37,0.232,0.374,0.244,0.282,-0.038,14.3,57.9,89.5,13.0,33.3,6,7.1,10.3,6.9,40.2,99.80450119,94.395876747,74.4,41.6,91,52.9,86.2,47.1,26.3,57.0,28.7,26.4,TBD,0.282,0.282,0.282,120,0
Brandon Marsh,669016,2026,28,564,18,25.2,6.0,0.261,61,213,0.251,0.402,0.31,0.302,0.008,14.5,42.9,89.2,13.0,41.2,31,8.1,8.8,4.4,42.7,99.774267382,94.140222467,69.1,36.2,396,52.0,87.1,48.0,25.0,52.0,38.6,26.9,PHI,0.302,0.302,0.302,564,0
Donovan Walton,622268,2026,32,266,9,16.9,10.5,0.263,32,103,0.247,0.375,0.359,0.324,0.035,8.3,51.5,86.8,12.2,39.2,9,4.8,7.0,6.5,31.7,96.726321868,92.508275193,73.6,28.8,149,51.0,82.8,49.0,26.8,50.7,49.5,26.9,OAK,0.324,0.324,0.324,266,0
Blake Hunt,675448,2026,27,3,0,100.0,0.0,0.0,0,0,,,0.0,0.0,0.0,0.0,50.0,,,,0,,,,,,,37.5,44.4,4,52.9,33.3,47.1,57.1,41.2,,,TBD,0.0,0.0,0.0,3,0
Dustin Harris,687957,2026,26,147,0,13.6,7.5,0.289,19,45,0.275,0.357,0.325,0.313,0.012,8.5,42.5,85.0,15.7,39.8,2,1.8,6.2,9.7,18.6,94.855388519,91.470289813,65.3,32.8,88,51.9,87.0,48.1,19.6,48.4,49.6,19.5,SD,0.313,0.313,0.313,147,0
Matt Wallner,670242,2026,28,135,4,39.3,7.4,0.167,10,35,0.2,0.333,0.253,0.281,-0.028,12.7,57.1,88.4,8.1,26.9,7,10.4,1.5,6.0,40.3,101.422806765,95.021781343,74.2,31.6,92,51.8,68.2,48.2,44.0,52.1,44.8,20.9,TBD,0.281,0.281,0.281,135,0
Shea Langeliers,669127,2026,28,464,23,23.5,7.8,0.261,58,200,0.267,0.493,0.346,0.353,-0.007,17.5,61.9,91.3,18.4,37.6,42,13.4,4.1,2.9,43.3,102.121069363,95.381180892,71.9,33.3,323,55.2,81.2,44.8,29.2,50.6,40.1,29.9,OAK,0.353,0.353,0.353,464,0
Samad Taylor,669392,2026,27,172,2,25.6,10.5,0.315,18,61,0.257,0.33,0.357,0.311,0.046,5.5,53.6,85.7,8.5,33.9,4,3.7,2.8,18.3,24.8,95.289466596,91.694303656,58.8,30.3,107,52.2,85.3,47.8,25.3,43.9,33.0,17.4,SD,0.311,0.311,0.311,172,0
Drew Millas,686452,2026,28,152,2,24.3,9.2,0.185,11,34,0.204,0.282,0.251,0.266,-0.015,4.8,41.6,83.6,12.8,34.4,3,3.2,3.1,9.4,21.9,94.435516667,91.391984222,61.8,28.8,87,51.6,85.7,48.4,23.3,44.8,36.5,19.8,TBD,0.266,0.266,0.266,152,0
CJ Kayfus,692216,2026,24,25,1,32.0,8.0,0.182,2,8,0.169,0.427,0.289,0.304,-0.015,12.1,38.5,92.8,24.1,14.3,3,21.4,7.1,0.0,50.0,101.151187143,94.712108571,76.0,34.5,20,53.7,81.6,46.3,37.9,53.7,21.4,50.0,TBD,0.304,0.304,0.304,25,0
Braden Montgomery,695731,2026,23,361,6,19.7,10.5,0.226,38,112,0.255,0.391,0.299,0.326,-0.027,15.1,49.2,88.9,3.0,28.1,11,4.4,8.0,4.0,41.0,100.102280161,94.278704291,76.3,27.4,203,53.2,80.9,46.8,30.1,50.4,35.7,17.7,CWS,0.326,0.326,0.326,361,0
Pavin Smith,656976,2026,30,118,3,20.3,10.2,0.19,12,31,0.219,0.325,0.261,0.287,-0.026,11.4,55.2,87.5,14.1,24.4,4,4.9,3.7,3.7,37.8,99.036548537,93.593931341,62.0,27.5,64,48.7,88.2,51.3,19.0,45.2,40.2,30.5,ARI,0.287,0.287,0.287,118,0
José Caballero,676609,2026,29,456,14,24.3,6.4,0.231,51,150,0.227,0.333,0.29,0.278,0.012,7.5,52.0,83.8,13.9,31.7,13,4.2,4.9,12.3,25.6,95.732982153,91.957054306,67.5,37.0,366,53.8,78.7,46.2,27.9,51.1,43.4,20.4,NYY,0.278,0.278,0.278,456,0
Jackson Chourio,694192,2026,22,569,25,23.6,8.3,0.288,72,249,0.263,0.474,0.359,0.343,0.016,18.6,66.3,91.6,11.9,33.4,48,12.5,6.7,2.3,47.0,102.245813782,95.687641844,63.3,33.8,390,52.9,85.2,47.1,25.3,47.7,30.1,31.1,MIL,0.343,0.343,0.343,569,0
Ha-Seong Kim,673490,2026,30,143,0,25.9,9.8,0.118,9,15,0.158,0.208,0.176,0.217,-0.041,7.7,52.2,85.9,19.9,20.9,2,2.2,1.1,3.3,25.3,95.595131163,91.857617326,57.6,26.8,80,48.8,87.3,51.2,20.3,42.6,41.8,28.6,ATL,0.217,0.217,0.217,143,0
Marcus Semien,543760,2026,35,543,15,19.0,8.3,0.214,49,166,0.241,0.376,0.276,0.3,-0.024,8.7,58.1,86.7,18.8,33.6,23,5.9,5.6,5.1,33.6,96.986506154,92.54167162,71.6,27.0,277,50.0,85.7,50.0,23.1,49.3,47.1,32.6,NYM,0.3,0.3,0.3,543,0
Myles Straw,664702,2026,31,327,3,13.1,8.3,0.243,26,101,0.252,0.345,0.291,0.294,-0.003,7.0,51.9,86.3,16.8,34.8,7,2.7,2.7,7.4,25.8,95.750441301,91.876440854,58.0,23.1,142,49.0,91.1,51.0,12.6,40.9,35.2,27.3,TOR,0.294,0.294,0.294,327,0
Cam Cauley,695508,2026,23,65,1,23.1,7.7,0.207,1,20,0.192,0.238,0.279,0.235,0.044,6.6,57.7,85.5,16.8,27.3,0,0.0,6.8,2.3,20.5,94.600854545,91.424347442,65.3,28.3,32,47.7,74.1,52.3,31.9,47.7,40.9,18.2,TBD,0.235,0.235,0.235,65,0
Andy Pages,681624,2026,25,569,22,19.7,8.4,0.274,81,235,0.273,0.438,0.35,0.342,0.008,13.5,44.6,88.8,15.7,37.2,31,7.7,8.2,3.5,42.1,99.824365771,94.146939751,66.0,31.7,400,54.5,89.1,45.5,21.9,47.3,37.4,27.2,LAD,0.342,0.342,0.342,569,0
Ryan Kreidler,668952,2026,28,267,8,22.8,7.9,0.218,29,92,0.221,0.382,0.293,0.295,-0.002,15.2,64.6,88.3,12.9,26.2,15,8.2,4.9,5.5,37.2,99.404474111,93.790732067,75.4,28.3,142,50.0,79.0,50.0,30.4,51.8,41.5,26.8,MIN,0.295,0.295,0.295,267,0
A.J. Ewing,805999,2026,21,488,11,25.4,9.2,0.254,40,160,0.255,0.398,0.312,0.319,-0.007,13.5,40.4,89.5,10.8,35.0,23,7.3,4.7,5.0,42.0,99.984776903,94.31779822,67.6,26.8,267,52.3,84.4,47.7,24.8,46.3,30.9,24.6,NYM,0.319,0.319,0.319,488,0
