player_name_std,player_id_Full,year,p_formatted_ip,pa_Full,strikeout,p_home_run,k_percent_Full,bb_percent_Full,p_win,p_loss,p_era,xba_Full,xslg_Full,woba_Full,xwoba_Full,sweet_spot_percent,barrel_batted_rate,hard_hit_percent,avg_best_speed,avg_hyper_speed,z_swing_miss_percent,oz_swing_miss_percent,whiff_percent,swing_percent,groundballs_percent,flyballs_percent,linedrives_percent,n,Team_Full,pitches,player_id_L60,total_pitches,pitch_percent,ba,iso,babip,slg,woba_L60,xwoba_L60,xba_L60,hits,abs,launch_speed,launch_angle,spin_rate,velocity,effective_speed,whiffs,swings,takes,eff_min_vel,release_extension,pos3_int_start_distance,pos4_int_start_distance,pos5_int_start_distance,pos6_int_start_distance,pos7_int_start_distance,pos8_int_start_distance,pos9_int_start_distance,pitcher_run_exp,run_exp,bat_speed,swing_length,miss_distance,pa_L60,bip,singles,doubles,triples,hrs,so,k_percent_L60,bb,bb_percent_L60,api_break_z_with_gravity,api_break_z_induced,api_break_x_arm,api_break_x_batter_in,hyper_speed,bbdist,hardhit_percent,barrels_per_bbe_percent,barrels_per_pa_percent,release_pos_z,release_pos_x,plate_x,plate_z,obp,barrels_total,batter_run_value_per_100,xobp,xslg_L60,pitcher_run_value_per_100,xbadiff,xobpdiff,xslgdiff,wobadiff,swing_miss_percent,arm_angle,attack_angle,attack_direction,swing_path_tilt,rate_ideal_attack_angle,intercept_ball_minus_batter_pos_x_inches,intercept_ball_minus_batter_pos_y_inches,Team_L60
Xzavion Curry,675540,2026,21.1,94,15,7,16.0,9.6,0,1,5.48,0.226,0.482,0.385,0.341,26.1,13.0,42.0,81.558195429,94.582842319,12.2,31.8,17.6,45.7,26.1,43.5,15.9,348,TBD,55,675540,349,15.8,0.304,0.565,0.2,0.87,0.489,0.394,0.243,7,23,96.3,26.4,2222,86.1,85.39,5,55,0,-0.6999999999999886,5.85,106,153,125,147,300,327,292,-2.514,2.514,74.4,7.4,0.769501378,23,19,2,1,0,4,4,17.4,0,0,2.26,0.86,0.08,0.08,92.3,170,57.89473684210527,21.052631578947366,17.391304347826086,6.13,-1.68,0.25,2.69,0.304,4,4.570909091,0.243,0.702,-4.570909091,0.061,0.061,0.168,0.095,9.1,56.6,10.891119266462365,-3.289860375866989,28.39527606920052,0.6,38.374298337139294,31.037310380307822,TBD
Yoendrys Gómez,672782,2026,66.0,297,65,7,21.9,13.1,3,4,4.36,0.259,0.441,0.317,0.355,41.6,8.4,43.7,77.88486383,93.899877326,18.9,44.3,26.2,47.0,27.4,32.1,26.8,1123,MIN,59,672782,1168,5.1,0.259,0.074,0.333,0.333,0.258,0.375,0.34,7,27,87.8,16.6,2625,92.5,93.34,21,59,0,0.7999999999999972,6.82,110,150,117,143,302,326,291,2.915,-2.915,71.0,7.2,3.275464836,27,21,5,2,0,0,6,22.2,0,0,1.75,0.94,0.03,0.03,91.3,193,42.85714285714285,9.523809523809524,7.4074074074074066,5.36,-2.15,0.27,2.5,0.259,2,-4.940677966,0.34,0.533,4.940677966,-0.081,-0.081,-0.2,-0.117,35.6,30.8,10.159846330067763,-0.3602633506833486,30.58017475065417,0.6610169491525424,39.35462776992164,28.27811103870409,MIN
Ronel Blanco,669854,2026,31.2,143,29,9,20.3,11.2,0,1,7.11,0.243,0.434,0.358,0.337,33.0,9.3,36.1,80.175529375,93.532513229,19.0,41.4,25.9,49.5,36.1,37.1,19.6,570,HOU,77,669854,570,13.5,0.242,0.182,0.222,0.424,0.286,0.252,0.241,8,33,88.9,19.2,2096,87.9,88.69,14,77,0,0.7999999999999972,6.85,107,150,116,145,294,324,284,1.415,-1.415,72.9,7.5,3.565211722,33,29,6,0,0,2,4,12.1,0,0,2.11,0.87,0.17,0.17,91.6,156,27.58620689655172,3.4482758620689653,3.0303030303030303,6.02,-1.24,0.27,2.56,0.242,1,-1.837662338,0.241,0.346,1.837662338,0.001,0.001,0.078,0.034,18.2,48.2,13.088721602467078,-6.965353381004865,26.25965538458033,0.5844155844155844,39.57788048848021,34.95194892097817,HOU
Anthony Nunez,689296,2026,59.2,255,66,5,25.9,10.2,3,2,4.07,0.228,0.373,0.29,0.305,40.3,6.3,40.9,76.246245128,93.983125161,12.7,58.6,32.8,48.1,42.1,24.5,25.8,993,BAL,61,689296,1005,6.1,0.167,0.042,0.19,0.208,0.164,0.205,0.199,4,24,90.2,19.5,2599,89.7,90.1,13,61,0,0.3999999999999915,6.58,109,147,117,141,309,323,292,3.004,-3.004,72.1,7.7,2.842146911,24,21,3,1,0,0,3,12.5,0,0,2.43,0.43,-0.52,-0.52,91.2,163,52.38095238095239,0.0,0.0,5.64,-1.43,0.35,2.33,0.167,0,-4.924590164,0.199,0.281,4.924590164,-0.032,-0.032,-0.073,-0.041,21.3,38.6,10.739021950974193,-3.249468442359147,29.12295998877442,0.5573770491803278,40.41643486573652,31.986074824769084,BAL
Dennis Santana,642701,2026,54.2,250,49,10,19.6,10.0,2,5,5.43,0.251,0.423,0.344,0.331,38.2,8.1,40.5,78.135057674,93.940445349,16.0,42.6,25.8,49.2,33.5,32.9,24.9,929,ARI,42,642701,935,4.5,0.261,0.13,0.238,0.391,0.283,0.276,0.263,6,23,86.6,13.8,2503,88.9,88.45,8,42,0,-0.5,5.94,106,150,123,148,296,323,293,0.949,-0.949,71.7,7.5,6.529674005,23,22,5,0,0,1,1,4.3,0,0,2.38,0.52,0.37,0.37,92.5,127,50.0,4.545454545454546,4.3478260869565215,5.65,-2.14,0.1,2.24,0.261,1,-2.25952381,0.263,0.376,2.25952381,-0.002,-0.002,0.015,0.007,19.0,28.0,12.93640039567918,-11.30275996954656,28.573091201411717,0.4761904761904761,36.94475019290845,38.13775701052565,ARI
Brycen Mautz,802408,2026,15.1,75,19,2,25.3,14.7,0,1,5.87,0.246,0.42,0.392,0.357,51.2,9.3,30.2,76.954770952,93.825449524,20.2,60.0,32.6,42.7,34.9,25.6,37.2,302,STL,41,802408,302,13.6,0.444,0.278,0.538,0.722,0.502,0.402,0.326,8,18,90.5,27.3,2299,89.0,89.32,9,41,0,0.2999999999999971,6.44,100,150,113,144,310,324,286,-1.452,1.452,73.0,7.3,2.131855355,18,14,5,2,0,1,4,22.2,0,0,2.53,0.39,0.35,-0.35,92.1,199,35.714285714285715,21.428571428571427,16.666666666666664,5.29,3.23,-0.24,2.39,0.444,3,3.541463415,0.326,0.627,-3.541463415,0.118,0.118,0.095,0.1,22.0,24.8,10.492948561164988,-0.9723159537477132,33.37952995858914,0.5853658536585366,34.64912760809768,30.64194069052648,STL
Trent Harris,805345,2026,21.1,90,27,0,30.0,7.8,0,0,2.11,0.185,0.264,0.274,0.232,28.6,1.8,23.2,72.852493929,91.754037857,17.2,37.3,24.0,42.3,53.6,16.1,23.2,355,SF,46,805345,355,13.0,0.238,0.19,0.235,0.429,0.285,0.28,0.238,5,21,84.8,18.1,2444,88.8,89.44,9,46,0,0.6000000000000085,6.71,100,149,117,143,294,320,292,1.985,-1.985,73.4,7.4,1.417378822,21,18,3,1,0,1,3,14.3,0,0,2.61,0.32,-0.43,-0.43,90.2,160,22.22222222222222,5.555555555555555,4.761904761904762,6.09,-0.61,-0.18,2.39,0.238,1,-4.315217391,0.238,0.42,4.315217391,0.0,0.0,0.009,0.005,19.6,69.7,8.946900715164036,-6.578333002895935,33.092551298773834,0.5869565217391305,33.79006569764007,32.47968736435045,SF
Bailey Falter,663559,2026,13.0,69,8,4,11.6,8.7,0,2,10.38,0.332,0.502,0.485,0.386,45.5,7.3,43.6,79.53435,95.461500926,16.3,28.6,18.8,46.5,36.4,16.4,40.0,217,TBD,8,663559,217,3.7,0.2,0.0,0.2,0.2,0.178,0.412,0.399,1,5,99.1,-1.2,1977,87.3,89.01,0,8,0,1.7000000000000028,7.24,114,147,123,143,324,324,302,0.715,-0.715,73.9,7.4,,5,5,1,0,0,0,0,0.0,0,0,2.31,0.69,0.16,-0.16,95.3,136,60.0,20.0,20.0,5.67,1.97,-0.29,2.54,0.2,1,-8.9375,0.399,0.572,8.9375,-0.199,-0.199,-0.372,-0.234,0.0,50.7,5.005245443597492,2.863718007208385,29.501130930737485,0.625,33.32872980566375,31.20048050849416,TBD
Luis Gastelum,703725,2026,36.2,152,44,6,28.9,7.9,5,4,4.42,0.243,0.441,0.331,0.327,39.4,9.6,30.9,75.580715106,93.127270108,21.5,55.9,34.7,48.1,40.4,22.3,27.7,599,STL,94,703725,599,15.7,0.262,0.095,0.393,0.357,0.268,0.298,0.284,11,42,84.5,11.5,2158,87.4,88.24,33,94,0,0.7999999999999972,6.78,103,149,115,143,308,320,288,3.207,-3.207,71.3,7.5,5.195295796,42,28,8,2,1,0,14,33.3,0,0,2.64,0.37,0.51,0.51,90.3,142,21.428571428571427,7.142857142857142,4.761904761904762,5.31,-1.69,0.05,2.18,0.262,2,-3.411702128,0.284,0.407,3.411702128,-0.022,-0.0219999999999999,-0.05,-0.03,35.1,24.3,10.732571446340762,-5.4880433095643175,32.7647903062245,0.425531914893617,37.14186325332681,33.394811427046214,STL
Daniel Duarte,650960,2026,29.2,112,30,3,26.8,6.3,2,0,2.12,0.206,0.332,0.223,0.263,36.5,6.8,24.3,69.601845946,92.489769589,18.0,29.8,22.5,52.7,31.1,31.1,25.7,463,TBD,61,650960,463,13.2,0.154,0.038,0.2,0.192,0.151,0.202,0.214,4,26,81.9,17.3,2449,88.7,88.31,15,61,0,-0.4000000000000057,5.96,108,153,125,148,305,323,290,4.31,-4.31,72.8,7.7,1.720244453,26,20,3,1,0,0,6,23.1,0,0,2.33,0.59,-0.08,-0.08,91.0,158,30.0,0.0,0.0,5.61,-1.21,0.29,2.18,0.154,0,-7.06557377,0.214,0.246,7.06557377,-0.06,-0.06,-0.054,-0.051,24.6,38.8,8.459619466424465,-2.5015884665254617,30.060625473583944,0.4754098360655737,39.18175881818632,32.23299988402708,TBD
Casey Mize,663554,2026,131.1,549,110,18,20.0,6.9,6,10,4.32,0.238,0.395,0.319,0.303,35.2,8.3,39.4,78.784962487,94.10273368,15.8,38.8,23.2,47.4,33.7,31.2,25.1,2083,TBD,145,663554,2083,7.0,0.362,0.449,0.298,0.812,0.481,0.408,0.312,25,69,93.6,21.0,2158,90.6,91.47,21,145,0,0.9000000000000057,6.82,116,150,120,145,307,332,297,-11.201,11.201,73.1,7.4,1.691049473,71,65,10,7,0,8,6,8.5,0,0,1.86,0.93,0.49,0.49,93.5,186,58.46153846153847,20.0,18.30985915492958,5.86,-2.29,0.21,2.5,0.352,13,7.724827586,0.306,0.68,-7.724827586,0.05,0.0459999999999999,0.132,0.073,14.5,43.8,12.031155540411053,-2.3446307294721405,28.92932097358673,0.7172413793103448,38.09869187149529,32.559897489757375,TBD
Grant Wolfram,664991,2026,52.1,226,61,3,27.0,7.1,6,4,4.3,0.231,0.353,0.318,0.289,31.0,6.3,36.6,78.035744928,94.022594599,15.5,44.0,25.2,48.8,46.2,26.9,20.7,901,BAL,71,664991,906,7.8,0.281,0.156,0.4,0.438,0.31,0.247,0.215,9,32,91.5,22.7,2309,92.7,92.69,22,71,0,0.0,6.29,104,151,117,145,309,324,296,1.794,-1.794,72.3,7.2,1.774873041,32,21,6,2,0,1,11,34.4,0,0,2.01,0.66,0.65,-0.65,91.5,184,42.85714285714285,9.523809523809524,6.25,6.08,2.36,0.21,2.53,0.281,2,-2.526760563,0.215,0.364,2.526760563,0.066,0.066,0.074,0.063,31.0,39.4,8.08876183502644,1.927697328287044,30.624725437917355,0.5211267605633803,38.42144612849273,28.54830380092537,BAL
Jake Bird,656234,2026,38.2,172,41,6,23.8,7.6,1,1,5.35,0.234,0.41,0.351,0.318,34.5,8.8,36.3,78.859093333,93.71227885,23.5,36.3,27.1,41.3,38.9,27.4,22.1,678,TBD,33,656234,679,4.9,0.286,0.214,0.3,0.5,0.337,0.212,0.199,4,14,87.5,24.2,2565,88.0,87.48,12,33,0,-0.5,6.0,112,148,117,145,306,330,295,0.926,-0.926,70.8,7.2,1.913159399,14,11,3,0,0,1,3,21.4,0,0,2.41,0.57,-0.5,-0.5,90.1,170,27.27272727272727,0.0,0.0,5.33,-2.99,0.44,2.48,0.286,0,-2.806060606,0.199,0.297,2.806060606,0.087,0.0869999999999999,0.203,0.125,36.4,19.3,10.486165001219035,-2.888969071528278,30.2236367741788,0.6060606060606061,40.023509592527546,30.778022355379196,TBD
Jeff Hoffman,656546,2026,66.0,292,102,4,34.9,10.3,6,8,3.55,0.199,0.307,0.296,0.283,35.9,8.6,36.6,78.251745067,93.510346933,22.4,58.2,38.0,49.7,44.4,22.2,24.8,1211,TBD,76,656546,1227,6.2,0.125,0.083,0.188,0.208,0.137,0.282,0.212,3,24,91.3,16.7,2664,90.1,90.73,28,76,0,0.6000000000000085,6.55,114,153,121,144,301,321,288,5.184,-5.184,71.7,7.6,3.771535162,25,16,1,2,0,0,9,36.0,0,0,2.33,0.49,0.39,0.39,92.4,176,56.25,25.0,16.0,5.71,-2.65,0.16,2.22,0.12,4,-6.821052632,0.226,0.416,6.821052632,-0.087,-0.106,-0.208,-0.145,36.8,34.9,10.383679578797851,-3.5402763551117244,31.91743720745362,0.4736842105263157,38.19702251100705,31.683723509717044,TBD
Reiver Sanmartin,665665,2026,21.1,93,16,3,17.2,7.5,3,0,4.22,0.261,0.396,0.324,0.309,25.7,10.0,37.1,74.59019,93.877700725,9.9,41.0,22.4,44.1,62.9,12.9,21.4,345,TBD,61,665665,349,17.5,0.273,0.091,0.281,0.364,0.277,0.312,0.309,9,33,89.0,-0.6,2249,88.3,88.47,6,61,0,0.2000000000000028,6.44,103,150,118,147,295,318,294,2.079,-2.079,73.2,7.7,3.479619542,33,32,6,3,0,0,1,3.0,0,0,2.86,0.08,1.35,-1.35,92.7,108,43.75,6.25,6.0606060606060606,5.29,2.62,0.26,1.92,0.273,2,-3.408196721,0.309,0.413,3.408196721,-0.036,-0.0359999999999999,-0.049,-0.035,9.8,22.9,10.883571825826987,-1.536811449948073,35.62461570663946,0.4590163934426229,38.87923143538854,31.08358517185402,TBD
Mason Barnett,686930,2026,50.0,229,50,14,21.8,13.1,1,4,7.02,0.246,0.431,0.386,0.343,34.7,8.8,40.1,79.970833514,94.337880612,10.8,44.4,22.3,43.3,34.0,33.3,25.2,909,OAK,81,686930,915,8.9,0.381,0.452,0.385,0.833,0.514,0.354,0.277,16,42,93.4,22.8,2366,90.0,89.88,19,81,0,-0.0999999999999943,6.15,106,151,116,147,305,323,292,-6.18,6.18,71.3,7.2,1.00246193,42,32,9,1,0,6,10,23.8,0,0,2.32,0.52,-0.31,-0.31,91.9,198,40.625,15.625,11.904761904761903,6.04,-2.14,0.18,2.37,0.381,5,7.62962963,0.277,0.562,-7.62962963,0.104,0.1039999999999999,0.271,0.16,23.5,54.5,7.374919719762647,2.202328804840483,31.14991257222517,0.4567901234567901,37.94914294198583,29.23057470266145,OAK
Tyler Schweitzer,805326,2026,37.1,154,18,3,11.7,7.8,1,0,3.13,0.29,0.484,0.32,0.359,40.3,8.9,46.8,79.865566721,95.135184344,15.9,36.8,21.3,52.3,37.9,31.5,27.4,566,TBD,65,805326,566,11.5,0.316,0.158,0.344,0.474,0.341,0.391,0.333,12,38,92.1,14.3,2376,90.2,90.33,9,65,0,0.0999999999999943,6.29,112,151,123,144,299,329,295,0.963,-0.963,73.9,7.4,1.28253905,38,33,8,3,0,1,5,13.2,0,0,2.13,0.67,0.21,-0.21,94.2,178,48.48484848484848,9.090909090909092,7.894736842105263,5.85,2.33,-0.05,2.38,0.316,3,-1.481538462,0.333,0.587,1.481538462,-0.017,-0.017,-0.113,-0.05,13.8,44.1,7.244241945605481,2.3044165218228208,30.489533710233783,0.5384615384615384,35.814075152815626,27.73734975368551,TBD
Brendan Beck,694341,2026,12.2,58,13,6,22.4,13.8,0,2,9.95,0.271,0.573,0.435,0.401,56.8,24.3,54.1,81.715874737,96.471595676,30.0,45.9,35.5,43.5,24.3,45.9,29.7,246,TBD,30,694341,246,12.2,0.308,0.231,0.429,0.538,0.363,0.341,0.262,4,13,88.2,11.9,2243,89.3,89.36,11,30,0,0.1000000000000085,6.52,110,152,122,148,306,329,288,-0.164,0.164,73.5,7.2,2.722964647,13,8,3,0,0,1,5,38.5,0,0,1.86,1.04,0.41,0.41,91.9,180,37.5,25.0,15.384615384615383,6.12,-2.55,0.26,2.53,0.308,2,0.546666667,0.262,0.545,-0.546666667,0.046,0.0459999999999999,-0.007,0.022,36.7,48.9,11.14320370903222,-1.9946670387419765,31.22380447363313,0.5333333333333333,37.64040722018679,32.450008347216794,TBD
Hagen Smith,696146,2026,28.0,110,41,1,37.3,14.5,3,3,1.29,0.159,0.224,0.211,0.243,35.8,1.9,34.0,75.859778846,93.418211538,22.2,60.3,36.2,42.4,43.4,18.9,30.2,469,CWS,118,696146,469,25.2,0.095,0.071,0.148,0.167,0.111,0.187,0.179,4,42,90.5,12.0,2381,89.2,90.27,42,118,0,1.0999999999999943,6.91,107,152,121,145,301,326,291,9.988,-9.988,72.1,7.4,2.342590628,42,27,1,3,0,0,15,35.7,0,0,2.36,0.53,0.12,-0.12,92.1,160,33.33333333333333,0.0,0.0,5.34,3.38,-0.06,2.25,0.095,0,-8.46440678,0.179,0.257,8.46440678,-0.084,-0.0839999999999999,-0.09,-0.076,35.6,21.2,10.04089039779319,-2.534406127738718,32.60435131316159,0.4406779661016949,35.17664292291191,30.67650054083975,CWS
Bradley Hanner,690440,2026,7.1,34,7,4,20.6,2.9,1,0,8.59,0.281,0.55,0.488,0.361,38.5,15.4,57.7,84.825782308,97.1558272,11.1,27.8,15.9,49.2,30.8,30.8,26.9,128,TBD,38,690440,128,29.7,0.353,0.353,0.417,0.706,0.446,0.329,0.309,6,17,93.0,27.6,2625,88.5,88.76,8,38,0,0.2999999999999971,6.56,105,151,122,150,294,323,288,-2.5,2.5,73.9,7.7,2.176915648,17,13,3,1,1,1,4,23.5,0,0,2.2,0.77,0.17,0.17,92.5,199,53.84615384615385,7.6923076923076925,5.88235294117647,4.99,-2.08,0.1,2.35,0.353,1,6.578947368,0.309,0.462,-6.578947368,0.044,0.0439999999999999,0.244,0.117,21.1,20.4,11.222615973991433,-6.371888227979932,31.01357320993917,0.6052631578947368,37.20329876694651,31.979306852947115,TBD
Brennan Bernardino,657514,2026,62.2,267,49,5,18.4,5.6,4,3,2.87,0.246,0.382,0.299,0.298,30.5,5.6,30.5,76.663705474,92.822812789,15.9,38.5,22.2,46.4,46.2,25.9,22.3,1001,COL,66,657514,1005,6.6,0.273,0.242,0.259,0.515,0.336,0.359,0.304,9,33,90.7,7.3,2226,85.0,83.92,10,66,0,-1.0999999999999943,5.53,105,148,119,143,304,330,294,2.157,-2.157,73.5,7.4,2.628313238,33,29,5,2,0,2,4,12.1,0,0,3.09,0.11,0.43,-0.43,92.3,160,34.48275862068966,6.896551724137931,6.0606060606060606,4.83,3.23,0.08,2.12,0.273,2,-3.268181818,0.304,0.547,3.268181818,-0.031,-0.0309999999999999,-0.032,-0.023,15.2,13.3,8.29337529445479,-0.916105630494672,35.213237516368224,0.3787878787878788,37.65531656922133,29.956479249538933,COL
Kade Morris,695034,2026,17.1,89,10,5,11.2,7.9,0,1,10.9,0.289,0.417,0.465,0.359,30.4,5.8,44.9,76.632902647,94.993501029,16.3,21.8,18.2,49.4,52.2,20.3,23.2,322,TBD,25,695034,323,7.7,0.333,0.0,0.364,0.333,0.297,0.341,0.366,4,12,87.3,1.4,2061,91.4,91.08,4,25,0,-0.3000000000000113,6.14,98,137,112,130,304,324,288,0.695,-0.695,74.9,7.4,1.26642758,12,11,4,0,0,0,1,8.3,0,0,2.41,0.34,1.02,1.02,94.2,91,27.27272727272727,0.0,0.0,5.17,-2.43,-0.31,2.35,0.333,0,-2.78,0.366,0.409,2.78,-0.033,-0.0329999999999999,-0.076,-0.044,16.0,21.2,11.51175617018287,-9.126319559731575,34.66771813065857,0.8,31.96388354319248,32.22655977926303,TBD
Troy Melton,675512,2026,114.1,470,94,13,20.0,7.9,8,5,2.76,0.239,0.369,0.294,0.302,31.3,6.0,38.3,78.528408485,93.751201429,13.4,43.6,23.4,49.6,43.4,23.2,24.7,1773,TBD,134,675512,1773,7.6,0.258,0.136,0.286,0.394,0.28,0.314,0.303,17,66,88.9,12.3,2278,92.1,93.17,26,134,0,1.1000000000000083,6.8,108,149,118,144,305,325,288,4.954,-4.954,72.2,7.4,2.499583947,66,57,11,4,1,1,9,13.6,0,0,2.09,0.61,0.14,0.14,92.7,139,43.85964912280701,5.263157894736842,4.545454545454546,5.6,-1.69,0.08,2.3,0.258,3,-3.697014925,0.303,0.428,3.697014925,-0.045,-0.0449999999999999,-0.034,-0.034,19.4,38.1,10.382571882727824,-4.2703535300971405,29.76678061591182,0.6940298507462687,36.80363816565713,32.82976063395658,TBD
Kervin Castro,665645,2026,6.1,23,8,0,34.8,8.7,0,0,1.42,0.195,0.245,0.193,0.235,46.2,0.0,30.8,85.029327143,95.867182308,22.6,29.4,25.0,51.1,61.5,15.4,15.4,94,TBD,16,665645,94,17.0,0.333,0.0,1.0,0.333,0.297,0.035,0.038,1,3,100.5,-26.0,2333,92.4,93.24,5,16,0,0.7999999999999972,6.71,101,149,128,150,300,326,289,0.337,-0.337,72.7,7.0,0.446797786,3,1,1,0,0,0,2,66.7,0,0,1.57,1.11,0.19,0.19,89.4,190,100.0,0.0,0.0,5.83,-1.0,0.13,2.8,0.333,0,-2.10625,0.038,0.044,2.10625,0.295,0.295,0.289,0.262,31.3,63.1,2.37760974957469,7.054072379962921,27.186210595188093,0.4375,38.772171481339534,25.74053899326747,TBD
Beau Brieske,689225,2026,22.2,91,21,5,23.1,6.6,1,0,4.76,0.234,0.4,0.314,0.3,25.0,7.8,46.9,80.166889063,94.730327188,16.1,31.7,21.2,51.5,43.8,26.6,20.3,357,DET,49,689225,357,13.7,0.375,0.208,0.381,0.583,0.413,0.318,0.293,9,24,91.7,13.8,2433,92.1,91.76,7,49,0,-0.2999999999999971,5.99,112,153,124,148,303,324,288,-1.488,1.488,72.9,7.5,1.48991664,24,22,6,2,0,1,2,8.3,0,0,1.94,0.75,0.23,0.23,92.6,138,45.45454545454545,4.545454545454546,4.166666666666666,6.19,-1.53,0.03,2.31,0.375,1,3.036734694,0.293,0.445,-3.036734694,0.082,0.082,0.138,0.095,14.3,51.7,10.976741070578624,-3.704023389318523,31.02543895721292,0.673469387755102,36.53816489282258,31.026259492017704,DET
Tayler Saucedo,642048,2026,21.1,87,26,1,29.9,8.0,1,1,2.53,0.178,0.289,0.26,0.256,29.4,5.9,29.4,74.5497168,93.4927932,22.7,58.2,37.2,47.8,39.2,29.4,21.6,343,LAA,52,642048,343,15.2,0.136,0.0,0.167,0.136,0.116,0.18,0.157,3,22,88.8,28.1,2346,87.4,87.81,14,52,0,0.3999999999999915,6.63,104,152,116,149,308,325,298,4.506,-4.506,71.6,7.5,4.077247844,23,18,3,0,0,0,5,21.7,0,0,2.54,0.47,0.43,-0.43,91.5,165,33.33333333333333,5.555555555555555,4.3478260869565215,5.47,2.09,0.02,2.15,0.13,1,-8.665384615,0.152,0.286,8.665384615,-0.021,-0.0219999999999999,-0.15,-0.064,26.9,26.2,14.477206156492729,-10.17619248232159,31.83756713879245,0.5961538461538461,35.7177132054267,36.11467780374995,LAA
George Kirby,669923,2026,174.2,741,148,22,20.0,6.3,9,11,4.33,0.263,0.408,0.341,0.315,33.0,6.6,40.1,78.915435242,94.141239424,13.7,40.0,22.5,51.9,44.2,24.3,23.8,2758,SEA,203,669923,2764,7.3,0.312,0.129,0.333,0.441,0.319,0.283,0.255,29,93,87.8,10.3,2286,93.5,93.85,42,203,0,0.4000000000000057,6.54,107,150,117,145,290,321,295,1.532,-1.532,71.7,7.3,3.325112051,95,83,22,4,1,2,12,12.6,0,0,2.19,0.44,0.47,0.47,91.3,136,34.93975903614458,6.024096385542169,5.263157894736842,5.83,-1.56,0.09,2.42,0.305,5,-0.754679803,0.254,0.407,0.754679803,0.057,0.0509999999999999,0.034,0.036,20.7,34.5,7.792040527262206,0.9557685125585272,29.69925854215099,0.5221674876847291,37.39901404170319,28.34088850797863,SEA
Gus Varland,681402,2026,33.0,155,32,7,20.6,9.7,2,2,6.55,0.296,0.565,0.401,0.392,45.4,15.9,50.0,84.828280385,96.210662308,12.2,41.9,21.8,49.9,29.6,31.5,29.6,579,WSH,6,681402,584,1.0,0.0,0.0,0.0,0.0,0.0,0.018,0.021,0,2,76.2,-32.0,2175,91.1,91.95,2,6,0,0.8000000000000114,6.75,121,154,121,147,305,331,295,0.509,-0.509,69.3,7.0,0.842143404,2,1,0,0,0,0,1,50.0,0,0,2.12,0.63,0.46,0.46,92.0,202,0.0,0.0,0.0,5.43,-1.41,0.01,2.78,0.0,0,-8.483333333,0.021,0.022,8.483333333,-0.021,-0.021,-0.022,-0.018,33.3,54.3,3.839201378014437,10.714486189743557,31.17028223270948,0.5,31.51594588114743,23.53319008970673,WSH
Jose Trevino,624431,2026,9.0,49,3,3,6.1,2.0,0,0,15.0,0.379,0.635,0.53,0.444,43.2,13.6,43.2,78.573513636,94.920047045,0.0,15.2,7.7,51.2,34.1,27.3,34.1,49,CIN,14,624431,127,11.0,0.667,0.889,0.571,1.556,0.934,0.746,0.561,6,9,93.0,24.4,759,45.0,42.75,0,14,0,-2.1000000000000014,3.81,117,153,122,147,299,328,299,-4.084,4.084,71.9,7.1,,9,9,2,2,0,2,0,0.0,0,0,12.79,1.24,-0.2,-0.2,93.3,195,44.44444444444444,22.22222222222222,22.22222222222222,7.02,-1.62,0.08,2.77,0.667,2,29.171428571,0.561,1.214,-29.171428571,0.106,0.1059999999999999,0.342,0.188,0.0,58.6,14.743161823323309,-11.485032027669494,26.68393241791169,0.6428571428571429,34.50252332754992,36.40611870879944,CIN
Trevor Megill,656730,2026,61.2,242,69,1,28.5,6.2,3,3,2.63,0.201,0.333,0.208,0.252,28.7,6.4,42.0,81.208537368,94.306671184,16.7,56.0,30.5,54.0,35.0,31.2,23.6,874,MIL,70,656730,886,7.9,0.133,0.067,0.143,0.2,0.139,0.247,0.224,4,30,86.0,16.7,2488,95.0,95.38,15,70,0,0.4000000000000057,6.59,110,149,122,146,299,314,289,4.622,-4.622,73.1,7.6,4.234671157,31,28,2,2,0,0,3,9.7,0,0,1.51,1.05,0.15,0.15,91.0,177,29.629629629629623,7.4074074074074066,6.451612903225806,6.58,-0.04,0.17,2.36,0.129,2,-6.602857143,0.217,0.375,6.602857143,-0.091,-0.088,-0.175,-0.108,21.4,53.8,11.737586352789956,-1.9159773422041169,31.520032238168994,0.6857142857142857,38.500919046907214,30.237961701423966,MIL
Bradley Blalock,687134,2026,8.0,48,12,3,25.0,8.3,0,0,5.63,0.244,0.484,0.367,0.34,28.1,12.5,40.6,80.449169375,94.972071563,12.2,40.0,20.2,52.0,50.0,34.4,12.5,200,MIA,33,687134,200,16.5,0.313,0.188,0.286,0.5,0.351,0.35,0.292,5,16,93.8,12.1,2065,91.0,90.97,6,33,0,0.0,6.32,114,150,122,147,311,325,295,0.139,-0.139,72.6,7.1,1.133706708,16,15,4,0,0,1,1,6.3,0,0,2.16,0.62,0.19,0.19,92.3,173,40.0,6.666666666666667,6.25,6.18,-1.7,0.04,2.47,0.313,1,-0.421212121,0.292,0.533,0.421212121,0.021,0.021,-0.033,0.001,18.2,57.4,8.508526996292087,2.9780785185693714,29.88607044508716,0.4545454545454545,35.85089617101647,29.302874468778423,MIA
Jaden Hill,677955,2026,38.2,177,38,3,21.5,13.0,1,4,5.35,0.227,0.344,0.319,0.307,36.6,4.5,35.7,79.320666786,93.720206036,23.3,39.6,28.0,48.4,40.2,27.7,25.9,677,COL,38,677955,685,5.5,0.25,0.083,0.3,0.333,0.254,0.189,0.18,3,12,88.0,20.3,2247,93.7,93.49,11,38,0,-0.2000000000000028,5.96,109,152,119,148,308,334,293,1.816,-1.816,72.7,7.5,6.365220998,12,10,2,1,0,0,2,16.7,0,0,1.93,0.67,0.75,0.75,89.8,205,10.0,0.0,0.0,5.61,-1.24,0.09,2.52,0.25,0,-4.778947368,0.18,0.263,4.778947368,0.07,0.07,0.07,0.065,28.9,24.7,10.690957380293776,-5.2591205095943865,29.17694146077499,0.6052631578947368,38.415037699194976,32.90712408148109,COL
Ian Seymour,693855,2026,132.1,550,158,25,28.7,6.5,9,7,4.22,0.22,0.397,0.309,0.292,34.5,10.0,37.0,77.192830643,93.829747368,20.8,46.2,29.4,51.7,35.0,30.5,23.4,2121,TB,320,693855,2136,15.0,0.254,0.254,0.303,0.507,0.322,0.292,0.232,35,138,89.8,21.0,1929,86.8,86.74,105,320,0,-0.0999999999999943,6.29,102,153,122,147,309,336,296,5.118,-5.118,72.6,7.3,2.136980234,138,97,19,5,3,8,41,29.7,0,0,2.05,1.0,0.58,-0.58,91.5,182,39.175257731958766,12.371134020618555,8.695652173913043,5.57,1.45,0.13,2.49,0.254,12,-1.599375,0.232,0.46,1.599375,0.022,0.0219999999999999,0.047,0.03,32.8,39.2,10.45745487075239,-1.8601234020164108,29.837506200148056,0.509375,37.64808269543792,31.25649923571326,TB
Trent Thornton,663423,2026,48.1,196,31,8,15.8,8.7,5,5,3.35,0.254,0.457,0.318,0.339,31.7,10.3,44.4,80.178630694,94.570327708,12.4,36.8,20.6,48.9,46.9,27.6,17.9,708,TBD,63,663423,718,8.8,0.333,0.333,0.3,0.667,0.424,0.338,0.262,12,36,87.7,18.4,2601,89.8,89.84,8,63,0,0.0,6.19,110,152,121,150,305,319,294,-4.018,4.018,72.1,7.3,0.707392128,36,33,6,3,0,3,3,8.3,0,0,2.22,0.64,-0.2,-0.2,91.9,157,39.39393939393939,18.181818181818183,16.666666666666664,5.39,-2.24,0.07,2.57,0.333,6,6.377777778,0.262,0.542,-6.377777778,0.071,0.071,0.125,0.086,12.7,42.6,8.932392925718272,-0.4534673258138035,29.163813946290905,0.6507936507936508,38.1652345641254,30.44506670304316,TBD
Bryan Woo,693433,2026,173.0,710,175,18,24.6,5.5,12,10,4.01,0.24,0.385,0.285,0.296,36.3,7.0,42.8,78.537634239,94.383196523,16.6,43.9,25.2,53.1,38.3,27.5,24.4,2667,SEA,198,693433,2670,7.4,0.25,0.109,0.309,0.359,0.264,0.289,0.265,23,92,87.1,15.0,2276,93.5,93.79,63,198,0,0.2999999999999971,6.42,107,152,118,146,290,322,297,7.069,-7.069,70.9,7.1,3.15599856,92,70,17,4,0,2,22,23.9,0,0,1.94,0.69,0.62,0.62,92.0,156,37.142857142857146,10.0,7.608695652173914,5.02,-1.62,0.02,2.41,0.25,7,-3.57020202,0.265,0.41,3.57020202,-0.015,-0.015,-0.051,-0.025,31.8,24.5,7.841229265267208,2.2129894049030576,32.40573901139027,0.5050505050505051,36.41157308473256,28.15737033787581,SEA
Matt Festa,670036,2026,66.2,289,69,7,23.9,7.3,2,3,3.78,0.235,0.384,0.319,0.305,38.9,7.8,38.3,76.201405208,93.829441204,17.6,47.2,27.6,48.3,37.3,25.4,24.4,1101,CLE,98,670036,1102,8.9,0.205,0.128,0.219,0.333,0.226,0.243,0.214,8,39,89.7,17.9,2648,89.5,89.85,26,98,0,0.2999999999999971,6.4,104,151,125,146,298,322,293,4.92,-4.92,70.7,7.1,1.86124707,40,33,5,2,0,1,7,17.5,0,0,2.24,0.62,-0.53,-0.53,90.9,178,33.33333333333333,6.0606060606060606,5.0,5.14,-2.16,0.35,2.53,0.2,2,-5.020408163,0.209,0.372,5.020408163,-0.009,-0.0089999999999999,-0.039,-0.017,26.5,33.8,6.281850082425468,3.279025457144744,31.41629381714526,0.4591836734693877,39.63799967151897,26.92507532370573,CLE
Pierce Johnson,572955,2026,48.2,211,42,8,19.9,9.0,2,1,4.62,0.263,0.451,0.326,0.338,36.7,10.1,37.3,81.563535946,93.85046483,15.4,38.7,24.0,46.2,37.3,33.3,24.7,840,CIN,64,572955,840,7.6,0.233,0.033,0.259,0.267,0.22,0.271,0.273,7,30,88.7,19.4,2672,90.2,89.3,13,64,0,-0.9000000000000057,5.72,108,152,115,147,301,325,288,3.064,-3.064,71.3,7.3,4.991234206,30,27,6,1,0,0,3,10.0,0,0,2.63,0.19,-0.05,-0.05,90.4,165,22.22222222222222,3.7037037037037033,3.333333333333333,6.2,-1.13,0.28,2.42,0.233,1,-4.7875,0.273,0.355,4.7875,-0.04,-0.04,-0.088,-0.051,20.3,43.3,9.36242066985549,0.6087571906756672,30.5100001071494,0.59375,38.98657553385007,30.1344933832367,CIN
Payton Tolle,801139,2026,148.2,603,171,15,28.4,6.6,9,6,3.03,0.199,0.312,0.285,0.255,30.6,6.0,34.5,76.252136968,93.499466427,20.8,43.5,27.9,55.1,38.1,27.2,22.5,2282,BOS,310,801139,2286,13.6,0.252,0.176,0.297,0.429,0.289,0.237,0.216,30,119,88.8,22.5,2304,93.3,94.97,78,310,0,1.7000000000000028,7.3,108,153,122,146,294,319,287,7.728,-7.728,72.1,7.1,2.007102938,120,94,15,12,0,3,26,21.7,0,0,1.75,0.89,0.61,-0.61,91.4,177,40.42553191489361,5.319148936170213,4.166666666666666,5.49,2.75,0.02,2.6,0.25,5,-2.492903226,0.215,0.343,2.492903226,0.036,0.035,0.086,0.052,25.2,27.7,6.504267303317294,1.5135143719612776,30.461823217814853,0.4387096774193548,35.89000025571968,28.43474330550377,BOS
Tyler Alexander,641302,2026,71.0,309,60,3,19.4,7.4,5,2,3.55,0.229,0.325,0.297,0.279,29.7,4.1,32.9,75.491032182,92.989873014,14.3,33.2,20.9,46.4,51.4,22.5,20.3,1184,TEX,96,641302,1189,8.1,0.279,0.209,0.306,0.488,0.326,0.214,0.203,12,43,88.5,11.8,1980,88.0,87.88,21,96,0,-0.0999999999999943,6.31,108,150,114,147,300,324,296,2.514,-2.514,72.2,7.4,2.085648603,43,37,6,4,1,1,6,14.0,0,0,2.3,0.67,0.72,-0.72,92.0,166,35.13513513513514,5.405405405405405,4.651162790697675,5.56,2.51,0.1,2.21,0.279,2,-2.61875,0.203,0.297,2.61875,0.076,0.076,0.191,0.112,21.9,35.1,9.5945512788204,-3.1653193444782595,32.31321610541679,0.5208333333333334,36.97107733064333,30.858855548588263,TEX
Kris Bubic,663460,2026,54.0,226,56,4,24.8,11.5,4,2,3.83,0.234,0.376,0.281,0.315,36.6,7.1,38.7,78.918765857,94.027429071,15.7,47.4,25.9,48.1,48.6,27.5,20.4,882,LAD,30,663460,883,3.4,0.167,0.0,0.2,0.167,0.148,0.163,0.177,2,12,87.3,-8.3,1886,89.7,90.79,5,30,0,1.0999999999999943,6.87,107,153,118,148,300,315,286,1.534,-1.534,72.2,7.1,1.130011226,12,10,2,0,0,0,2,16.7,0,0,2.2,0.64,0.28,-0.28,91.8,110,30.0,0.0,0.0,5.66,2.09,0.01,2.5,0.167,0,-5.113333333,0.177,0.191,5.113333333,-0.01,-0.0099999999999999,-0.024,-0.015,16.7,39.5,6.257462712618473,2.4863430588952804,29.086209353299687,0.4,36.33314826527739,28.519382321736384,LAD
Julian Garcia,670062,2026,46.0,179,41,7,22.9,10.6,2,3,3.13,0.196,0.304,0.28,0.267,28.0,4.3,32.2,75.518083559,92.79282188,16.8,49.5,27.7,46.2,40.7,32.2,20.3,712,TBD,75,670062,713,10.5,0.306,0.361,0.241,0.667,0.411,0.291,0.257,11,36,86.2,22.2,2917,84.9,85.31,21,75,0,0.3999999999999915,6.47,105,151,114,147,299,322,287,-1.333,1.333,71.8,7.5,5.202050585,36,33,6,1,0,4,3,8.3,0,0,2.98,0.19,-0.73,-0.73,90.9,190,30.303030303030305,6.0606060606060606,5.555555555555555,5.98,-1.68,0.31,2.1,0.306,2,1.777333333,0.257,0.423,-1.777333333,0.049,0.0489999999999999,0.244,0.12,28.0,51.3,12.883813402782373,-8.6240663203716,31.678550765807184,0.5066666666666667,39.34891153787959,36.60683497857015,TBD
Adrian Houser,605288,2026,109.2,470,75,15,16.0,7.2,4,7,4.02,0.268,0.453,0.326,0.339,33.9,8.7,42.0,78.578432057,94.647697029,11.3,35.2,18.1,46.3,44.8,24.4,24.4,1731,TBD,72,605288,1732,4.2,0.242,0.061,0.267,0.303,0.231,0.271,0.25,8,33,86.6,6.8,2231,94.2,95.15,10,72,0,1.0,6.8,107,151,121,147,300,317,293,2.768,-2.768,71.9,7.3,2.448033008,34,30,6,2,0,0,4,11.8,0,0,1.9,0.67,1.03,1.03,90.9,119,23.33333333333333,6.666666666666667,5.88235294117647,5.68,-1.36,-0.19,2.44,0.235,2,-3.844444444,0.245,0.396,3.844444444,-0.008,-0.01,-0.093,-0.04,13.9,37.2,9.881140796135812,0.1164658818636468,32.49266615123738,0.6805555555555556,34.61662781561854,28.7335591210977,TBD
Randy Vásquez,681190,2026,134.2,566,85,16,15.0,6.5,10,6,4.01,0.288,0.491,0.327,0.358,35.8,9.8,43.7,82.100040367,94.823780229,12.8,36.1,19.1,50.5,40.1,27.8,25.5,2158,SD,109,681190,2162,5.0,0.102,0.041,0.116,0.143,0.106,0.198,0.192,5,49,88.2,19.1,2570,92.9,92.68,17,109,0,-0.2000000000000028,6.13,119,151,124,146,303,329,296,9.867,-9.867,72.7,7.4,1.272635931,49,43,3,2,0,0,6,12.2,0,0,1.77,0.88,0.43,0.43,91.2,161,27.906976744186046,4.651162790697675,4.081632653061225,5.99,-1.68,0.21,2.5,0.102,2,-9.052293578,0.192,0.268,9.052293578,-0.09,-0.09,-0.125,-0.092,15.6,34.4,10.380614504819413,0.5936387728891017,30.9494459905171,0.7431192660550459,39.25170332634299,29.04382924022145,SD
Andrew Morris,702193,2026,72.2,316,68,4,21.5,8.5,4,8,4.21,0.235,0.335,0.297,0.283,31.7,4.1,33.9,74.607509444,93.19847838,17.4,36.8,22.9,48.6,45.9,26.1,22.5,1279,MIN,108,702193,1297,8.3,0.222,0.067,0.263,0.289,0.222,0.266,0.263,10,45,89.9,12.8,2098,95.3,95.44,21,108,0,0.1000000000000085,6.3,110,149,118,140,298,325,290,3.88,-3.88,71.5,7.1,1.869087372,45,38,8,1,1,0,7,15.6,0,0,1.51,1.0,0.18,0.18,91.7,179,42.10526315789473,5.263157894736842,4.444444444444445,6.41,-1.41,0.09,2.36,0.222,2,-3.592592593,0.263,0.352,3.592592593,-0.041,-0.041,-0.063,-0.044,19.4,58.6,6.657601317487941,6.933885585253382,31.876242417157293,0.5462962962962963,36.56344962496216,25.03052057847968,MIN
Antonio Senzatela,622608,2026,73.0,311,60,6,19.3,8.4,11,5,4.07,0.259,0.375,0.311,0.31,32.3,6.3,40.4,77.021888727,94.288859455,16.4,38.6,23.5,49.4,48.9,23.8,22.0,1165,MIL,84,622608,1173,7.2,0.244,0.171,0.25,0.415,0.282,0.329,0.306,10,41,90.7,1.5,2247,95.3,95.28,17,84,0,0.0,6.25,110,149,124,145,301,316,290,3.282,-3.282,72.2,7.2,1.288761888,41,37,5,4,0,1,4,9.8,0,0,1.92,0.59,0.55,0.55,92.7,135,45.94594594594595,8.108108108108109,7.317073170731707,5.79,-2.03,-0.01,2.31,0.244,3,-3.907142857,0.306,0.463,3.907142857,-0.062,-0.062,-0.048,-0.047,20.2,36.7,5.669801466478303,5.446936922716667,33.20040476806476,0.4880952380952381,36.83359322754125,25.36379940498788,MIL
Taylor Rashi,688497,2026,5.2,26,5,1,19.2,11.5,1,0,7.94,0.278,0.462,0.345,0.359,38.9,5.6,50.0,78.103501111,94.579956111,25.0,53.8,33.3,51.1,44.4,27.8,27.8,88,TBD,5,688497,88,5.7,0.2,0.0,0.2,0.2,0.178,0.267,0.237,1,5,90.6,23.2,2245,88.1,89.44,0,5,0,1.3000000000000114,6.96,106,149,116,147,309,332,299,0.661,-0.661,71.7,6.8,,5,5,1,0,0,0,0,0.0,0,0,1.95,0.97,-0.31,-0.31,93.5,253,40.0,0.0,0.0,6.23,-0.11,0.19,2.38,0.2,0,-13.22,0.237,0.403,13.22,-0.037,-0.0369999999999999,-0.203,-0.089,0.0,73.5,5.68669305039319,0.0366970531375009,30.789502675591148,0.4,36.116142081089656,30.00127039873574,TBD
Luis De León,801725,2026,9.1,36,6,1,16.7,5.6,0,2,1.93,0.192,0.281,0.219,0.226,17.9,7.1,35.7,73.527675714,93.489824643,0.0,37.5,15.3,46.8,60.7,28.6,10.7,126,TBD,33,801725,126,26.2,0.263,0.0,0.263,0.263,0.223,0.254,0.257,5,19,87.0,1.7,2006,91.8,91.14,3,33,0,-0.7000000000000028,5.95,106,151,116,145,306,324,290,2.369,-2.369,72.1,7.3,1.04137426,20,19,5,0,0,0,1,5.0,0,0,2.42,0.31,1.15,-1.15,92.6,127,36.84210526315789,5.263157894736842,5.0,6.19,1.93,0.3,2.41,0.25,1,-7.178787879,0.245,0.358,7.178787879,0.006,0.005,-0.095,-0.031,9.1,35.5,8.772458625850744,1.7089111208852386,30.01628063458296,0.7272727272727273,38.88568605480236,28.832913199047844,TBD
Luis Gil,661563,2026,27.1,124,17,6,13.7,14.5,1,2,4.61,0.249,0.43,0.341,0.362,27.1,7.1,47.1,82.999359286,95.513872771,12.5,34.3,19.7,40.9,42.4,32.9,16.5,496,TBD,32,661563,496,6.5,0.182,0.0,0.222,0.182,0.162,0.179,0.18,2,11,86.8,36.1,2396,93.3,93.85,7,32,0,0.5,6.74,101,151,128,149,293,329,291,1.672,-1.672,73.1,7.3,0.869618943,11,9,2,0,0,0,2,18.2,0,0,1.42,1.22,0.16,0.16,91.1,193,44.44444444444444,0.0,0.0,5.84,-2.75,0.12,2.7,0.182,0,-5.225,0.18,0.237,5.225,0.002,0.002,-0.055,-0.017,21.9,40.6,10.819198315026982,-3.722919841084516,29.24991970134203,0.6875,36.9382402783793,31.88876822086521,TBD
Mitch Farris,815083,2026,58.0,258,63,9,24.4,11.2,1,3,3.57,0.258,0.43,0.355,0.339,40.6,9.2,46.5,77.946299259,94.862754568,18.7,46.2,28.8,44.2,40.6,24.2,28.5,961,LAA,73,815083,997,7.3,0.235,0.206,0.292,0.441,0.287,0.199,0.184,8,34,87.6,10.4,2027,86.4,86.85,23,73,0,0.3999999999999915,6.57,104,149,120,144,307,330,301,2.868,-2.868,72.7,7.5,4.002460942,34,25,3,4,0,1,9,26.5,0,0,2.38,0.72,0.59,-0.59,92.8,123,44.0,8.0,5.88235294117647,6.23,0.77,0.01,2.14,0.235,2,-3.928767123,0.184,0.281,3.928767123,0.051,0.0509999999999999,0.16,0.088,31.5,51.8,12.260792076677848,-6.583632966894828,33.83624532443662,0.4520547945205479,35.1838057868136,35.060629440912884,LAA
DJ Herz,687792,2026,4.0,19,4,1,21.1,10.5,0,1,9.0,0.293,0.63,0.428,0.422,46.2,23.1,46.2,74.465614286,94.192297692,22.7,42.9,27.6,46.0,23.1,30.8,30.8,63,WSH,27,687792,63,42.9,0.333,0.4,0.4,0.733,0.448,0.435,0.325,5,15,92.2,21.6,2245,88.4,89.13,8,27,0,0.6999999999999886,6.76,106,150,115,144,306,337,289,-0.959,0.959,70.4,7.3,2.037705271,15,11,1,3,0,1,4,26.7,0,0,1.98,0.97,0.94,-0.94,92.2,225,54.54545454545454,27.27272727272727,20.0,5.64,2.13,0.31,2.51,0.333,3,3.551851852,0.325,0.707,-3.551851852,0.008,0.008,0.026,0.013,29.6,36.5,8.352465674588712,3.348001537560192,31.615388640846614,0.4074074074074074,39.92093602124382,28.205822193576196,WSH
David Peterson,656849,2026,148.1,663,137,15,20.7,9.8,9,8,4.79,0.267,0.403,0.328,0.333,34.1,6.4,39.6,77.55711375,94.292709085,14.1,40.0,22.7,46.3,50.8,19.7,25.6,2476,CHC,263,656849,2479,10.6,0.292,0.108,0.34,0.4,0.301,0.292,0.276,38,130,86.8,6.1,2077,89.4,91.2,57,263,0,1.7999999999999972,7.19,108,153,121,149,303,318,292,8.702,-8.702,72.1,7.2,1.76549716,130,106,30,5,0,3,24,18.5,0,0,2.31,0.54,0.51,-0.51,91.8,143,33.0188679245283,5.660377358490567,4.615384615384616,6.07,1.35,0.03,2.32,0.292,6,-3.308745247,0.276,0.401,3.308745247,0.016,0.0159999999999999,-0.001,0.009,21.7,39.7,7.456376086781377,4.335403815585099,32.03571377073687,0.4524714828897338,37.19174063923937,28.625383084084117,CHC
Kevin Gausman,592332,2026,177.2,750,184,26,24.5,6.3,9,12,4.51,0.25,0.41,0.316,0.309,34.2,7.7,40.0,77.158105906,94.49589935,17.1,45.1,27.7,50.2,41.7,23.9,25.9,3003,CHC,180,592332,3005,6.0,0.301,0.241,0.333,0.542,0.356,0.327,0.279,25,83,90.7,16.4,2013,89.4,90.16,49,180,0,0.7999999999999972,6.81,108,152,121,149,306,323,295,0.151,-0.151,73.2,7.6,4.667786363,84,65,15,5,0,5,19,22.6,0,0,1.98,0.91,0.86,0.86,92.6,166,47.69230769230769,7.6923076923076925,5.952380952380952,5.77,-2.5,-0.2,2.13,0.298,5,-0.083888889,0.282,0.485,0.083888889,0.022,0.016,0.057,0.029,27.2,38.1,12.026887747152426,-9.865446885176846,32.6649048221365,0.4666666666666667,34.963117555303704,35.31274183151298,CHC
Garrett Stallings,668831,2026,14.0,51,17,0,33.3,9.8,0,0,0.0,0.119,0.135,0.146,0.169,17.2,0.0,17.2,78.897302857,91.297072857,19.6,54.3,33.0,46.9,34.5,44.8,10.3,194,TBD,23,668831,194,11.9,0.0,0.0,0.0,0.0,0.0,0.014,0.013,0,8,80.3,33.8,1897,86.9,87.52,10,23,0,0.5999999999999943,6.63,107,150,126,144,298,317,294,2.54,-2.54,73.5,7.5,2.967557755,8,4,0,0,0,0,4,50.0,0,0,2.34,0.69,0.69,0.69,91.8,137,25.0,0.0,0.0,5.3,-1.42,-0.23,2.18,0.0,0,-11.043478261,0.013,0.022,11.043478261,-0.013,-0.013,-0.022,-0.014,43.5,42.6,15.013090190054196,-7.38276453043744,33.62603872483163,0.4782608695652174,34.05290127048883,32.46222403317018,TBD
DL Hall,669084,2026,59.2,235,63,5,26.8,14.5,4,0,1.96,0.193,0.294,0.249,0.285,30.9,5.9,33.1,78.668790154,93.289665615,19.1,46.2,27.9,42.1,45.6,27.9,19.1,972,MIL,105,669084,973,10.8,0.289,0.222,0.278,0.511,0.343,0.287,0.254,13,45,92.5,13.5,2361,90.2,90.95,23,105,0,0.7000000000000028,6.86,109,151,126,149,301,315,291,1.412,-1.412,71.8,7.2,1.833527861,45,39,9,1,0,3,6,13.3,0,0,2.48,0.37,0.63,-0.63,92.0,164,46.15384615384615,5.128205128205128,4.444444444444445,5.51,2.9,0.14,2.24,0.289,2,-1.344761905,0.254,0.419,1.344761905,0.035,0.0349999999999999,0.092,0.056,21.9,43.2,7.023380111372676,4.923685316008084,34.401953322428426,0.5047619047619047,38.121579175690265,26.25154757225287,MIL
Max Lazar,676661,2026,9.0,45,8,3,17.8,6.7,0,0,5.0,0.212,0.39,0.37,0.286,23.5,9.1,35.3,82.689040588,93.797851818,13.8,42.1,20.8,49.4,55.9,26.5,17.6,156,PHI,7,676661,156,4.5,0.4,0.0,0.4,0.4,0.356,0.212,0.19,2,5,83.5,-9.2,2498,91.4,92.6,0,7,0,1.1999999999999886,6.91,112,152,118,144,293,317,287,-0.85,0.85,74.4,7.7,,5,5,2,0,0,0,0,0.0,0,0,1.74,0.99,-0.14,-0.14,89.4,116,20.0,0.0,0.0,6.1,-0.47,0.23,2.01,0.4,0,12.142857143,0.19,0.306,-12.142857143,0.21,0.21,0.094,0.144,0.0,58.0,1.8454061840529763,1.126955810097744,30.60169734395657,0.4285714285714285,38.69309943880878,26.770216074151,PHI
Lucas Erceg,668674,2026,47.1,224,33,5,14.7,14.3,4,4,5.7,0.256,0.348,0.379,0.334,31.4,4.6,36.6,73.158256316,93.707630331,14.7,33.8,21.0,46.9,51.6,15.0,24.2,884,KC,29,668674,892,3.3,0.357,0.0,0.385,0.357,0.318,0.273,0.29,5,14,85.0,8.4,2033,94.0,94.54,5,29,0,0.5,6.54,106,150,121,146,300,326,287,0.675,-0.675,71.8,7.1,3.0031668,14,13,5,0,0,0,1,7.1,0,0,2.1,0.5,0.7,0.7,90.6,111,23.07692307692308,0.0,0.0,5.95,-1.99,-0.14,2.33,0.357,0,-2.327586207,0.29,0.335,2.327586207,0.067,0.067,0.022,0.045,17.2,43.2,3.373390200942472,2.738188255831264,33.90451311021185,0.4137931034482758,35.96417198591315,25.107617237948485,KC
Sam Moll,594580,2026,56.1,257,56,5,21.8,11.7,2,7,4.79,0.238,0.359,0.329,0.324,31.1,5.9,37.8,77.873913562,94.21959731,15.8,36.2,22.6,42.1,53.7,18.3,23.2,1073,TBD,63,594580,1081,5.8,0.417,0.292,0.435,0.708,0.478,0.353,0.331,10,24,92.5,15.0,2201,87.0,84.13,12,63,0,-2.9000000000000057,4.5,108,150,114,145,299,322,284,-1.024,1.024,72.6,7.4,3.44659609,24,23,4,5,1,0,1,4.2,0,0,3.15,-0.1,0.66,-0.66,92.7,148,52.17391304347826,8.695652173913043,8.333333333333332,4.95,2.03,-0.06,1.91,0.417,2,1.625396825,0.331,0.497,-1.625396825,0.086,0.0859999999999999,0.211,0.125,19.0,16.4,9.775183495384844,-5.321534991826994,34.9657717637145,0.5079365079365079,35.79559930260274,33.04794593101556,TBD
Martín Pérez,527048,2026,142.0,596,102,14,17.1,10.4,9,9,3.04,0.262,0.386,0.298,0.326,34.0,4.7,35.0,76.464463636,93.738206124,13.4,35.3,21.1,43.0,47.6,21.4,24.9,2244,TBD,221,527048,2247,9.8,0.242,0.075,0.257,0.317,0.239,0.248,0.254,29,120,86.3,14.2,1923,84.0,83.73,47,221,0,-0.2999999999999971,5.99,105,151,122,147,311,324,302,13.818,-13.818,73.7,7.8,3.609539737,122,110,23,4,1,1,12,9.8,0,0,2.57,0.66,0.91,-0.91,91.7,144,26.36363636363636,0.0,0.0,5.59,1.23,0.31,2.06,0.238,0,-6.252488688,0.252,0.32,6.252488688,-0.012,-0.014,-0.003,-0.009,21.3,42.3,13.358850203130284,-9.780402436764716,31.860257987749417,0.5113122171945701,39.77592467130397,35.67581314525372,TBD
David Sandlin,689818,2026,40.1,167,40,7,24.0,7.8,3,2,5.58,0.238,0.397,0.317,0.307,36.3,8.8,34.5,76.720641404,93.311753451,18.0,36.6,24.5,45.5,46.0,25.7,24.8,638,CWS,56,689818,638,8.8,0.276,0.069,0.348,0.345,0.271,0.294,0.294,8,29,90.8,6.3,2382,91.4,92.14,14,56,0,0.6999999999999886,6.6,111,152,121,145,302,329,294,1.857,-1.857,71.6,7.4,2.946132991,29,23,6,2,0,0,6,20.7,0,0,2.15,0.59,0.01,0.01,92.3,146,52.17391304347826,0.0,0.0,5.75,-2.46,0.17,2.34,0.276,0,-3.316071429,0.294,0.382,3.316071429,-0.018,-0.0179999999999999,-0.037,-0.023,25.0,41.2,9.906147074460227,0.7058138158849467,31.36734860978757,0.5,37.37568154978493,30.228280028230937,CWS
Yohan Ramírez,670990,2026,83.2,362,102,4,28.2,12.2,7,4,2.9,0.207,0.286,0.272,0.282,32.2,4.5,30.7,71.9942174,92.76090545,15.7,49.8,27.9,44.2,50.0,18.3,24.8,1410,PIT,78,670990,1442,5.4,0.108,0.0,0.154,0.108,0.096,0.182,0.184,4,37,84.0,7.7,2536,89.1,89.84,27,78,0,0.7000000000000028,6.86,111,151,119,149,308,322,291,5.63,-5.63,71.6,7.6,5.173057872,37,26,4,0,0,0,11,29.7,0,0,2.57,0.35,-0.28,-0.28,90.8,136,30.76923076923077,0.0,0.0,5.22,-3.05,0.18,2.24,0.108,0,-7.217948718,0.184,0.234,7.217948718,-0.076,-0.076,-0.126,-0.086,34.6,26.7,10.650684804176088,-6.319531503362029,30.09943908309989,0.5128205128205128,36.90897786024235,34.32244563398896,PIT
Noah Murdock,668716,2026,3.1,15,4,0,26.7,20.0,0,0,0.0,0.153,0.222,0.318,0.259,0.0,0.0,62.5,80.971625,95.83618875,0.0,60.0,23.1,40.6,75.0,25.0,0.0,64,TBD,17,668716,64,26.6,0.333,0.0,0.333,0.333,0.254,0.178,0.179,2,6,92.1,5.7,2337,91.0,91.71,3,17,0,0.7000000000000028,6.75,103,149,115,146,298,320,293,0.777,-0.777,73.2,7.5,1.05435819,7,6,2,0,0,0,1,14.3,0,0,2.58,0.2,0.49,0.49,92.7,96,66.66666666666666,0.0,0.0,5.33,-1.83,0.09,2.08,0.286,0,-4.570588235,0.154,0.303,4.570588235,0.154,0.1319999999999999,0.03,0.076,17.6,25.1,13.411828857478431,3.0947741545650564,37.28953182356764,0.7058823529411765,36.43606979367063,31.47169855765139,TBD
Eury Pérez,691587,2026,159.0,660,170,20,25.8,10.3,8,11,3.91,0.218,0.384,0.303,0.31,33.0,10.0,39.6,77.150178488,94.273191222,21.8,41.9,28.6,51.3,39.3,27.7,21.6,2673,MIA,206,691587,2678,7.7,0.3,0.178,0.307,0.478,0.332,0.339,0.293,27,90,88.2,20.7,2597,93.8,93.95,56,206,0,0.2000000000000028,6.57,110,149,118,145,306,327,294,2.538,-2.538,72.5,7.7,4.734948384,91,79,19,4,0,4,12,13.2,0,0,1.58,1.06,0.66,0.66,91.7,161,35.44303797468354,10.126582278481012,8.791208791208792,5.89,-1.85,-0.06,2.36,0.297,8,-1.232038835,0.298,0.477,1.232038835,0.007,-0.001,0.001,-0.007,27.2,29.3,13.43242892299487,-8.22884516408275,32.22048467594965,0.5436893203883495,35.55348762585175,34.65427781688786,MIA
Fernando Cruz,518585,2026,54.2,234,67,7,28.6,13.7,4,6,3.13,0.185,0.324,0.307,0.281,29.3,9.0,27.1,76.176082879,92.709876718,22.6,65.0,39.1,43.6,32.3,36.1,18.0,944,TBD,38,518585,952,4.0,0.375,0.75,0.3,1.125,0.621,0.389,0.276,6,16,97.7,11.5,1554,85.5,86.44,10,38,0,0.9000000000000057,6.93,110,151,124,149,295,322,289,-2.955,2.955,72.3,7.7,5.756947088,16,13,0,3,0,3,3,18.8,0,0,2.56,0.61,0.17,0.17,93.7,156,61.53846153846154,30.76923076923077,25.0,5.93,-1.74,-0.09,2.25,0.375,4,7.776315789,0.276,0.652,-7.776315789,0.099,0.0989999999999999,0.473,0.232,26.3,48.0,16.048607485208688,-15.064107608110485,31.03608178876784,0.5263157894736842,34.305377111618505,38.83447554813508,TBD
Michael Wacha,608379,2026,194.1,812,158,28,19.5,6.7,9,9,3.33,0.242,0.409,0.304,0.308,34.9,7.1,36.9,77.353744948,93.646793625,14.6,38.0,21.6,49.0,36.4,29.5,24.3,3028,KC,177,608379,3031,5.8,0.267,0.372,0.219,0.64,0.381,0.356,0.283,23,86,93.0,21.9,1963,88.0,88.81,36,177,0,0.7999999999999972,6.71,111,153,120,148,299,324,285,-0.882,0.882,72.9,7.4,2.918236457,86,73,9,5,0,9,13,15.1,0,0,2.15,0.83,0.48,0.48,93.2,187,53.42465753424658,12.32876712328767,10.465116279069768,6.6,-2.03,0.06,2.32,0.267,9,0.498305085,0.283,0.561,-0.498305085,-0.016,-0.0159999999999999,0.079,0.025,20.3,53.4,11.198389412859056,-5.948460756055463,31.430786686194573,0.5310734463276836,36.6740320256056,33.197991464881504,KC
Emilio Pagán,641941,2026,42.2,174,45,7,25.9,6.3,5,1,3.38,0.2,0.395,0.293,0.286,35.1,10.5,45.6,80.474397368,94.391015398,16.8,46.7,25.9,52.0,26.3,40.4,18.4,674,CIN,70,641941,676,10.4,0.188,0.219,0.16,0.406,0.251,0.231,0.188,6,32,88.8,29.6,2335,92.6,93.35,14,70,0,0.8000000000000114,6.82,112,153,116,148,301,324,288,1.846,-1.846,72.1,7.4,3.431968563,32,27,3,1,0,2,5,15.6,0,0,1.53,1.16,0.52,0.52,92.2,201,33.33333333333333,11.11111111111111,9.375,5.52,-1.25,-0.06,2.56,0.188,3,-2.637142857,0.188,0.358,2.637142857,0.0,0.0,0.048,0.02,20.0,40.8,10.623374990286887,-5.000646866891233,29.40313849342777,0.6,35.47342111775011,31.822903855276277,CIN
Cole Sulser,642121,2026,55.1,236,56,7,23.7,7.2,1,0,4.39,0.25,0.457,0.306,0.321,37.4,11.8,41.1,75.704230875,94.345345975,16.8,42.5,27.1,51.1,38.7,30.1,22.7,937,TB,27,642121,950,2.8,0.167,0.083,0.2,0.25,0.166,0.253,0.208,2,12,90.3,21.5,2207,88.6,89.18,9,27,0,0.6000000000000085,6.64,104,153,124,146,307,333,294,2.132,-2.132,71.4,7.1,2.299691249,13,10,1,1,0,0,3,23.1,0,0,1.89,1.03,0.44,0.44,95.1,194,40.0,10.0,7.6923076923076925,5.72,-1.72,-0.02,2.63,0.154,1,-7.896296296,0.199,0.406,7.896296296,-0.041,-0.045,-0.156,-0.087,33.3,42.6,8.752383078203748,0.9646874386029008,28.051645040171,0.6296296296296297,37.23504343148291,29.387493234929774,TB
José Rodríguez,692064,2026,4.2,16,5,0,31.3,0.0,0,0,0.0,0.266,0.341,0.19,0.264,45.5,0.0,27.3,70.141184,92.712384,12.5,71.4,40.0,44.1,27.3,27.3,27.3,68,TBD,12,692064,68,17.6,0.4,0.2,0.5,0.6,0.43,0.389,0.405,2,5,86.6,20.3,2006,91.1,91.45,5,12,0,0.4000000000000057,6.64,103,149,118,145,303,319,280,0.339,-0.339,72.5,7.5,5.858946314,5,4,1,1,0,0,1,20.0,0,0,2.36,0.42,0.68,0.68,90.7,213,25.0,0.0,0.0,6.05,-3.27,-0.12,2.14,0.4,0,-2.825,0.405,0.492,2.825,-0.005,-0.005,0.108,0.041,41.7,29.0,13.261946222375794,-11.4496599499048,32.36204152580403,0.4166666666666667,35.4510418325462,38.62271104922922,TBD
Brent Headrick,687396,2026,78.1,326,98,5,30.1,8.3,7,4,2.18,0.219,0.322,0.29,0.271,38.8,4.5,37.3,77.012885876,93.769256218,19.5,55.9,31.8,52.6,37.3,24.4,30.8,1282,NYY,156,687396,1285,12.1,0.316,0.228,0.417,0.544,0.361,0.264,0.23,18,57,87.8,15.2,1862,89.9,90.69,54,156,0,0.7999999999999972,6.87,108,150,124,148,293,328,289,1.025,-1.025,72.3,7.6,3.66354028,58,39,12,2,1,3,19,32.8,0,0,1.89,0.96,0.58,-0.58,90.9,174,35.8974358974359,5.128205128205128,3.4482758620689653,6.35,1.76,0.2,2.2,0.31,2,-0.657051282,0.238,0.37,0.657051282,0.086,0.072,0.174,0.097,34.6,40.8,11.675489066715784,-4.029146293639864,32.80237183972994,0.4038461538461538,37.95146408087673,33.03053133991718,NYY
Zac Thornton,804267,2026,84.1,337,63,14,18.7,5.3,5,6,3.42,0.261,0.444,0.312,0.325,36.0,9.5,41.1,77.77895352,94.26501288,11.9,30.9,17.8,52.2,38.3,30.8,24.5,1257,NYM,288,804267,1259,22.9,0.32,0.27,0.291,0.59,0.385,0.364,0.305,39,122,88.7,16.4,2336,87.8,87.73,35,288,0,-0.0999999999999943,6.26,103,153,124,148,305,325,290,-2.645,2.645,72.9,7.3,0.992770121,123,112,24,6,0,9,11,8.9,0,0,2.23,0.76,0.05,-0.05,92.4,159,42.85714285714285,9.821428571428571,8.94308943089431,6.2,2.35,-0.17,2.43,0.317,11,0.918402778,0.304,0.558,-0.918402778,0.015,0.013,0.032,0.021,12.2,50.9,10.046080698635445,-1.1105634797413442,31.49097040954812,0.5243055555555556,34.60466034722685,30.282964085134,NYM
Zack Littell,641793,2026,124.1,540,73,30,13.5,7.2,8,8,5.21,0.299,0.539,0.36,0.384,37.2,11.3,43.8,82.445197251,94.935601948,11.0,28.1,16.2,50.1,35.1,33.9,23.5,1975,TBD,87,641793,1977,4.4,0.286,0.167,0.275,0.452,0.296,0.33,0.302,12,42,90.8,16.5,1729,87.6,87.64,11,87,0,0.0,6.24,105,145,118,142,298,322,296,2.836,-2.836,72.2,7.3,0.530477892,45,41,7,4,0,1,4,8.9,0,0,2.43,0.55,0.56,0.56,91.9,177,31.70731707317073,9.75609756097561,8.88888888888889,5.99,-0.69,0.08,2.41,0.267,4,-3.259770115,0.291,0.492,3.259770115,-0.016,-0.0239999999999999,-0.04,-0.034,12.6,39.1,11.263951082495996,0.4153009801030809,31.99230095082465,0.632183908045977,36.97297201002551,29.356164715406525,TBD
Dustin May,669160,2026,142.2,621,144,13,23.2,8.1,7,9,4.67,0.251,0.397,0.317,0.323,36.1,7.8,44.3,79.285414951,94.649461397,13.0,43.9,23.0,47.6,41.9,25.1,25.5,2398,MIL,131,669160,2400,5.5,0.27,0.222,0.275,0.492,0.32,0.354,0.276,17,63,90.5,15.9,2541,93.8,94.0,27,131,0,0.2000000000000028,6.58,110,152,128,149,303,319,294,1.521,-1.521,72.8,7.2,1.578139514,64,54,9,5,0,3,10,15.6,0,0,2.06,0.57,0.47,0.47,92.1,172,42.5925925925926,16.666666666666664,14.0625,5.51,-1.76,0.07,2.3,0.266,9,-1.161068702,0.285,0.509,1.161068702,-0.006,-0.0189999999999999,-0.017,-0.034,20.6,35.4,8.503516745638473,3.329213637269183,32.31882722483052,0.5877862595419847,36.76123668726455,29.206901595436957,MIL
Carmen Mlodzinski,669387,2026,120.2,537,97,10,18.1,8.2,8,7,3.95,0.28,0.424,0.31,0.337,33.8,6.9,46.5,80.491669639,94.880415452,12.0,39.5,20.9,45.0,43.2,23.5,26.6,2080,PIT,101,669387,2083,4.8,0.245,0.102,0.262,0.347,0.257,0.299,0.274,12,49,93.3,9.0,2268,90.6,90.88,18,101,0,0.3000000000000113,6.41,107,151,120,148,309,323,289,2.238,-2.238,72.3,7.5,2.937803628,49,43,9,2,0,1,6,12.2,0,0,2.47,0.33,0.46,0.46,92.9,149,51.16279069767442,6.976744186046512,6.122448979591836,5.14,-1.53,0.1,2.27,0.245,3,-2.215841584,0.274,0.423,2.215841584,-0.029,-0.029,-0.076,-0.042,17.8,26.6,9.409270401974164,-1.425772990424047,31.75553976480982,0.6435643564356436,37.34159900006664,30.240982599035277,PIT
Enyel De Los Santos,660853,2026,71.1,301,67,11,22.3,6.6,3,3,4.79,0.224,0.374,0.321,0.286,33.3,5.6,37.6,77.632913208,93.489452844,21.3,39.4,27.1,53.9,35.7,31.0,22.5,1153,TBD,82,660853,1159,7.1,0.242,0.212,0.269,0.455,0.295,0.2,0.189,8,33,87.7,24.4,2211,91.2,91.16,18,82,0,0.0,6.4,111,151,117,148,295,325,284,0.971,-0.971,71.9,7.5,4.049779663,33,27,4,2,1,1,6,18.2,0,0,1.87,0.9,0.52,0.52,90.4,165,29.629629629629623,0.0,0.0,5.34,-2.22,0.2,2.36,0.242,0,-1.184146341,0.189,0.281,1.184146341,0.053,0.0529999999999999,0.174,0.095,22.0,22.9,10.727521736809614,-3.2534311773325224,29.968980870117782,0.5975609756097561,38.21850336856293,31.825450637094217,TBD
Colton Gordon,676467,2026,14.1,70,12,6,17.1,5.7,0,1,8.79,0.306,0.509,0.485,0.371,34.0,7.5,45.3,78.808638077,94.116700577,9.1,30.4,16.4,49.3,41.5,24.5,28.3,272,TBD,14,676467,277,5.1,0.2,0.0,0.2,0.2,0.178,0.216,0.215,1,5,86.8,15.8,1809,87.9,88.88,2,14,0,1.0,7.02,112,153,129,149,305,322,292,1.04,-1.04,74.4,7.7,1.647654402,5,5,1,0,0,0,0,0.0,0,0,1.89,1.09,1.07,-1.07,90.6,162,20.0,0.0,0.0,5.47,3.45,0.4,2.24,0.2,0,-7.428571429,0.215,0.273,7.428571429,-0.015,-0.0149999999999999,-0.073,-0.038,14.3,31.0,12.51360433862082,1.892470302324125,32.9471048122159,0.3571428571428571,41.6422411326459,28.7098500458208,TBD
Gabriel Hughes,687312,2026,64.0,283,56,7,19.8,8.5,0,8,6.33,0.242,0.38,0.337,0.305,37.5,6.0,32.0,77.294053571,92.953896205,13.1,40.7,20.7,47.9,41.5,26.5,27.5,1142,TBD,117,687312,1145,10.2,0.367,0.204,0.421,0.571,0.397,0.323,0.293,18,49,88.8,16.9,2162,90.0,91.49,23,117,0,1.5,6.91,102,148,117,143,306,328,293,0.173,-0.173,73.3,7.3,1.501172532,50,40,12,4,0,2,10,20.0,0,0,2.14,0.66,-0.08,-0.08,90.9,193,40.0,7.5,6.0,5.49,-2.54,0.11,2.45,0.36,3,-0.147863248,0.288,0.481,0.147863248,0.074,0.072,0.09,0.074,19.7,43.3,5.9794336635250405,0.7898785954170192,31.093356059225258,0.5555555555555556,37.66373944946868,28.13733586441812,TBD
TJ Shook,669298,2026,7.2,36,7,3,19.4,5.6,0,0,8.22,0.261,0.464,0.484,0.328,44.4,7.4,40.7,83.179486429,94.191351481,16.7,31.8,21.9,47.8,29.6,37.0,33.3,134,TBD,3,669298,135,2.2,0.0,0.0,0.0,0.0,0.0,0.008,0.009,0,2,82.3,47.0,2210,87.9,88.47,1,3,0,0.5999999999999943,6.3,111,152,121,148,305,336,298,0.537,-0.537,68.6,7.6,0.127683996,2,1,0,0,0,0,1,50.0,0,0,2.41,0.53,0.11,0.11,88.0,271,0.0,0.0,0.0,5.65,-1.5,0.32,2.61,0.0,0,-17.9,0.009,0.01,17.9,-0.009,-0.009,-0.01,-0.008,33.3,33.6,14.533338079330264,-6.28041786436086,29.160491404583944,1.0,40.28984386448331,33.26473581451132,TBD
Drey Jameson,686753,2026,19.1,86,13,1,15.1,11.6,0,0,5.12,0.275,0.397,0.325,0.342,40.3,4.8,30.6,76.406695161,92.90940129,17.7,45.8,27.1,47.1,35.5,24.2,35.5,306,TBD,7,686753,306,2.3,0.25,0.0,0.2,0.25,0.178,0.422,0.414,1,4,93.3,31.6,2535,89.7,88.57,2,7,0,-1.1000000000000083,5.73,100,144,120,140,310,317,290,0.477,-0.477,70.9,7.3,7.776822708,5,5,1,0,0,0,0,0.0,0,0,2.46,0.42,-0.16,-0.16,94.5,253,40.0,0.0,0.0,5.58,-1.99,0.31,2.15,0.2,0,-6.814285714,0.381,0.608,6.814285714,-0.164,-0.181,-0.358,-0.244,28.6,41.8,13.69696687248171,-10.025756312431891,31.5486354199966,0.7142857142857143,38.79998354460695,37.3717467751012,TBD
Jefry Yan,642376,2026,20.1,96,26,3,27.1,15.6,2,1,4.87,0.225,0.345,0.346,0.32,29.6,7.4,42.6,75.179812222,94.698939811,20.6,54.8,35.3,46.3,53.7,24.1,16.7,366,TBD,88,642376,367,24.0,0.333,0.212,0.375,0.545,0.357,0.263,0.254,11,33,92.1,15.4,2318,94.6,94.34,31,88,0,-0.2999999999999971,6.2,103,151,122,145,301,320,288,0.485,-0.485,72.9,7.4,4.296119465,35,26,8,1,0,2,9,25.7,0,0,1.68,0.89,0.67,-0.67,91.6,170,50.0,7.6923076923076925,5.714285714285714,6.05,1.82,0.2,2.33,0.314,2,-0.551136364,0.245,0.375,0.551136364,0.079,0.069,0.17,0.094,35.2,51.5,9.588916210276375,-2.2093008105499976,29.586367363077112,0.5909090909090909,38.77327626004993,30.11263219453598,TBD
Greg Weissert,669711,2026,60.2,255,60,8,23.5,7.8,4,2,3.26,0.228,0.363,0.304,0.293,30.4,5.3,30.4,76.395298353,92.73874426,15.5,39.5,23.7,49.4,42.1,31.6,19.9,991,BOS,64,669711,998,6.4,0.273,0.121,0.321,0.394,0.288,0.293,0.263,9,33,86.9,12.0,2225,92.1,91.36,12,64,0,-0.6999999999999886,5.87,108,152,123,145,295,320,289,2.643,-2.643,71.7,7.2,1.10404785,33,28,5,4,0,0,5,15.2,0,0,2.3,0.41,0.96,0.96,91.2,159,14.285714285714285,7.142857142857142,6.0606060606060606,4.79,-2.36,-0.23,2.41,0.273,2,-4.1296875,0.263,0.428,4.1296875,0.01,0.01,-0.034,-0.005,18.8,12.5,8.386915166037742,-2.507458190796401,32.74876976536675,0.546875,33.239993138461855,28.5935238974808,BOS
Garrett Acton,670183,2026,11.0,51,14,1,27.5,11.8,1,1,5.73,0.212,0.396,0.33,0.317,41.4,10.3,51.7,83.213401333,96.555492759,19.4,71.0,36.6,45.8,34.5,34.5,27.6,203,TBD,18,670183,207,8.7,0.333,0.444,0.286,0.778,0.467,0.362,0.27,3,9,97.7,28.5,2469,91.7,91.22,5,18,0,-0.5,5.99,116,153,120,143,298,328,294,-0.802,0.802,72.7,7.2,4.493171778,9,8,1,1,0,1,1,11.1,0,0,1.6,1.13,0.09,0.09,95.6,255,87.5,0.0,0.0,6.02,-2.39,-0.01,2.35,0.333,0,4.455555556,0.27,0.595,-4.455555556,0.063,0.063,0.183,0.105,27.8,45.2,10.203887223601567,-2.185986235208574,30.18188330107448,0.6666666666666666,35.844876671833426,32.34986021779895,TBD
Robert Suarez,663158,2026,33.0,130,26,1,20.0,4.6,4,0,0.82,0.253,0.355,0.221,0.283,34.0,3.1,33.0,72.217095,92.706857579,14.3,36.9,23.1,54.2,45.4,25.8,21.6,487,ATL,9,663158,488,1.8,0.6,0.8,0.6,1.4,0.817,0.409,0.366,3,5,89.7,4.2,2289,96.1,96.52,1,9,0,0.4000000000000057,6.63,109,143,114,140,315,322,301,-1.846,1.846,73.1,7.2,,5,5,1,0,2,0,0,0.0,0,0,1.1,1.39,0.86,0.86,93.2,253,60.0,0.0,0.0,6.17,-1.22,0.05,2.6,0.6,0,20.511111111,0.366,0.586,-20.511111111,0.234,0.2339999999999999,0.814,0.408,11.1,43.9,8.895147702023205,-1.9212092939278071,25.216881595815227,0.6666666666666666,37.4584977444697,30.763519887283877,ATL
Yilber Díaz,700270,2026,6.0,34,6,2,17.6,14.7,0,0,16.5,0.362,0.666,0.539,0.475,47.8,13.0,43.5,81.999389167,95.559716087,12.2,40.9,22.2,43.2,21.7,39.1,30.4,146,TBD,13,700270,146,8.9,0.5,0.667,0.4,1.167,0.701,0.444,0.425,3,6,88.5,26.2,2478,92.6,91.85,1,13,0,-0.7999999999999972,5.74,110,153,124,148,307,323,288,-1.457,1.457,74.8,7.6,4.199858892,6,6,1,1,0,1,0,0.0,0,0,1.75,0.92,0.46,0.46,93.1,205,50.0,0.0,0.0,5.7,-1.33,-0.1,2.39,0.5,0,11.207692308,0.425,0.592,-11.207692308,0.075,0.075,0.575,0.257,7.7,40.4,11.872572390115634,-9.786565035079317,29.751186552975003,0.4615384615384615,35.223587812858725,33.52595354088449,TBD
Mason Englert,669438,2026,39.1,179,38,13,21.2,5.0,0,4,5.95,0.286,0.563,0.402,0.373,35.1,16.3,39.8,78.240811875,94.382689291,13.2,44.2,24.2,52.6,32.8,32.8,25.2,663,TBD,19,669438,693,2.7,0.286,0.429,0.2,0.714,0.42,0.396,0.347,2,7,89.8,11.7,2248,86.6,85.83,5,19,0,-0.7999999999999972,6.16,106,153,120,145,291,329,290,-0.501,0.501,71.3,7.4,3.146430043,7,6,1,0,0,1,1,14.3,0,0,2.57,0.61,0.59,0.59,90.7,149,50.0,16.666666666666664,14.285714285714285,5.91,-1.61,0.25,2.27,0.286,1,2.636842105,0.347,0.577,-2.636842105,-0.061,-0.061,0.137,0.024,26.3,40.4,13.108412131252972,-1.3097456037693174,31.781875037411627,0.7894736842105263,39.92140748946608,35.41096580216406,TBD
Blake Walston,686796,2026,3.0,13,2,0,15.4,23.1,1,0,3.0,0.222,0.517,0.178,0.323,50.0,12.5,12.5,74.95611,92.21470375,41.7,0.0,33.3,35.7,50.0,37.5,12.5,42,TBD,5,686796,48,10.4,0.2,0.2,0.2,0.4,0.252,0.476,0.336,1,5,90.4,7.0,2361,82.0,81.16,0,5,0,-0.7999999999999972,5.96,115,150,113,148,286,316,288,0.486,-0.486,71.1,7.4,,5,5,0,1,0,0,0,0.0,0,0,3.57,-0.08,0.04,-0.04,94.2,181,20.0,20.0,20.0,6.31,2.61,0.09,1.98,0.2,1,-9.72,0.336,0.804,9.72,-0.136,-0.136,-0.404,-0.224,0.0,39.2,7.466118928141394,-6.385789866064274,31.85307024590193,0.6,39.21843063726161,34.00846726220849,TBD
Kevin Ginkel,656464,2026,66.2,272,71,9,26.1,6.3,6,4,4.19,0.228,0.392,0.295,0.293,32.2,9.3,39.9,79.525463667,94.15047514,14.5,51.6,29.5,50.1,39.9,29.0,24.0,1083,ARI,66,656464,1089,6.1,0.2,0.32,0.188,0.52,0.299,0.346,0.26,5,25,87.5,16.6,2396,91.4,92.39,18,66,0,1.0,6.8,110,149,121,147,297,320,293,0.96,-0.96,71.6,7.5,4.148217566,25,18,2,0,1,2,7,28.0,0,0,2.23,0.51,0.3,0.3,91.0,151,27.77777777777778,16.666666666666664,12.0,6.5,-1.84,0.09,2.37,0.2,3,-1.454545455,0.26,0.572,1.454545455,-0.06,-0.06,-0.052,-0.047,27.3,43.0,11.618528340454686,-1.129845288163118,29.83028736581162,0.5606060606060606,37.73785687957842,30.5116201639428,ARI
Tyler Ferguson,621053,2026,18.2,78,21,6,26.9,5.1,0,1,5.3,0.223,0.456,0.339,0.324,36.0,16.0,46.0,82.2750768,94.869522041,18.4,43.9,28.5,49.1,34.0,42.0,20.0,293,TBD,19,621053,293,6.5,0.111,0.333,0.0,0.444,0.228,0.058,0.046,1,9,89.6,37.5,2433,92.1,92.28,4,19,0,0.2000000000000028,6.37,114,153,123,150,305,324,295,1.072,-1.072,71.6,7.1,1.150696197,9,6,0,0,0,1,3,33.3,0,0,2.02,0.68,0.29,0.29,90.4,176,16.666666666666664,0.0,0.0,5.77,-2.9,-0.27,2.48,0.111,0,-5.642105263,0.046,0.094,5.642105263,0.065,0.065,0.35,0.17,21.1,28.0,3.8582966548782833,0.6884595295367619,34.10179883068747,0.3157894736842105,34.26438724231191,24.80165261033542,TBD
Justin Hagenman,663795,2026,8.0,33,4,2,12.1,6.1,0,0,3.38,0.278,0.56,0.329,0.375,37.0,14.8,37.0,81.525215714,94.658416667,5.3,22.2,12.3,49.2,29.6,37.0,22.2,132,NYM,22,663795,132,16.7,0.167,0.25,0.111,0.417,0.245,0.349,0.262,2,12,91.0,18.4,2222,85.0,84.94,4,22,0,-0.0999999999999943,6.23,109,154,125,149,308,323,294,1.56,-1.56,74.0,7.9,4.294902513,12,10,1,0,0,1,2,16.7,0,0,2.63,0.54,0.15,0.15,91.4,155,20.0,20.0,16.666666666666664,5.21,-3.38,0.28,2.22,0.167,2,-7.090909091,0.262,0.563,7.090909091,-0.095,-0.095,-0.146,-0.104,18.2,21.5,13.994291575357543,-11.208273557943452,29.2874621141944,0.7272727272727273,39.53862350891305,37.88187742875006,NYM
Bryse Wilson,669060,2026,35.1,151,31,5,20.5,2.0,0,0,4.33,0.286,0.435,0.336,0.322,37.4,4.4,47.8,82.890021786,95.212694196,14.0,29.9,18.1,53.6,39.1,25.2,29.6,558,MIL,53,669060,558,9.5,0.32,0.12,0.333,0.44,0.331,0.287,0.256,8,25,91.4,10.8,2094,89.2,89.42,9,53,0,0.2000000000000028,6.36,111,153,126,149,299,316,293,0.172,-0.172,72.4,7.3,1.393122581,25,22,7,0,0,1,3,12.0,0,0,2.26,0.62,0.23,0.23,91.7,155,42.85714285714285,4.761904761904762,4.0,5.88,-2.87,0.18,2.34,0.32,1,-0.324528302,0.256,0.413,0.324528302,0.064,0.064,0.027,0.044,17.0,43.3,8.207078413033573,2.722242201940307,30.486766080260967,0.6415094339622641,38.22803531700312,29.02842179769865,MIL
Mason Black,696131,2026,31.1,142,19,6,13.4,14.1,0,0,4.31,0.284,0.482,0.354,0.387,38.6,9.9,46.5,82.276597451,95.05425505,12.9,34.4,18.5,41.7,33.7,30.7,27.7,556,TBD,48,696131,557,8.6,0.107,0.036,0.107,0.143,0.109,0.226,0.23,3,28,89.9,10.8,2230,88.9,89.27,2,48,0,0.3999999999999915,6.54,109,152,118,147,298,322,281,4.762,-4.762,71.6,7.2,7.807767714,28,28,2,1,0,0,0,0.0,0,0,2.51,0.41,0.45,0.45,91.9,148,39.285714285714285,0.0,0.0,5.13,-2.62,-0.02,2.45,0.107,0,-9.920833333,0.23,0.298,9.920833333,-0.123,-0.123,-0.155,-0.117,4.2,25.8,6.574506418911097,0.6002128629791719,30.54998602543552,0.4583333333333333,36.68198654813537,29.335362565903782,TBD
Kody Funderburk,681892,2026,51.0,222,49,3,22.1,12.2,3,2,3.71,0.225,0.328,0.29,0.298,27.8,4.9,29.2,72.876940294,92.654269632,19.3,31.0,22.9,43.9,58.3,20.1,16.7,876,MIN,82,681892,882,9.3,0.333,0.033,0.455,0.367,0.309,0.24,0.234,10,30,90.2,11.4,2284,91.5,92.59,19,82,0,1.0999999999999943,6.89,104,150,117,141,300,327,293,2.471,-2.471,70.0,6.8,1.521646746,30,22,9,1,0,0,8,26.7,0,0,2.06,0.68,0.5,-0.5,91.1,162,50.0,4.545454545454546,3.333333333333333,5.79,2.4,0.08,2.54,0.333,1,-3.013414634,0.234,0.324,3.013414634,0.099,0.099,0.043,0.069,23.2,33.9,3.4579419429697973,11.080200492872168,30.69141611274247,0.3048780487804878,36.70764632892556,23.097767560841795,MIN
Ron Marinaccio,676760,2026,57.2,260,48,11,18.5,10.4,1,0,6.09,0.26,0.426,0.371,0.347,34.3,7.9,41.0,77.869593146,94.238099382,17.7,42.9,25.3,47.1,39.3,26.4,25.8,1042,TBD,33,676760,1043,3.2,0.308,0.385,0.3,0.692,0.42,0.266,0.257,4,13,84.8,21.2,2327,86.5,87.28,9,33,0,0.7999999999999972,6.82,112,152,118,148,298,320,286,-1.632,1.632,71.5,7.4,3.923022195,13,11,1,2,0,1,2,15.4,0,0,2.41,0.67,-0.07,-0.07,90.6,152,36.36363636363637,9.090909090909092,7.6923076923076925,4.95,-1.98,0.04,2.38,0.308,1,4.945454545,0.257,0.366,-4.945454545,0.051,0.0509999999999999,0.326,0.154,27.3,26.4,11.665674996203444,-7.408794980376999,30.446469250015053,0.5757575757575758,36.587575862794864,33.50737627811803,TBD
Joey Cantillo,676282,2026,159.0,687,171,17,24.9,11.8,11,9,3.62,0.226,0.36,0.323,0.308,32.4,7.5,39.4,76.892746095,93.87355431,20.7,46.6,29.1,44.4,45.0,26.6,21.4,2747,CLE,237,676282,2752,8.6,0.24,0.163,0.266,0.404,0.274,0.291,0.254,25,104,89.9,11.8,2132,84.7,86.01,59,237,0,1.2999999999999972,7.2,103,152,123,145,298,322,291,8.043,-8.043,72.0,7.4,2.007308047,105,83,16,5,0,4,22,21.0,0,0,3.2,0.03,-0.04,0.04,92.0,137,48.19277108433735,8.433734939759036,6.666666666666667,5.84,1.02,0.01,2.15,0.238,7,-3.393670886,0.256,0.425,3.393670886,-0.014,-0.018,-0.021,-0.017,24.9,47.8,11.485426714168447,-5.984847167967288,33.03925385367065,0.4936708860759494,36.18414955994539,33.588525168436966,CLE
Luinder Avila,679883,2026,70.0,309,61,7,19.7,13.6,5,4,5.53,0.251,0.396,0.356,0.339,32.8,5.9,35.3,76.9869519,93.52563355,12.7,44.1,23.9,42.4,47.5,25.5,22.1,1293,TBD,7,679883,1293,0.5,1.0,1.333,1.0,2.333,1.401,0.251,0.24,3,3,96.6,19.3,2574,92.9,94.57,0,7,0,1.6999999999999886,6.71,105,151,118,146,307,331,299,-2.224,2.224,69.7,6.9,,3,3,1,1,0,1,0,0.0,0,0,2.2,0.41,-0.1,-0.1,92.8,197,66.66666666666666,0.0,0.0,6.07,-1.47,0.16,2.29,1.0,0,31.771428571,0.24,0.363,-31.771428571,0.76,0.76,1.97,1.15,0.0,49.3,5.913634362927769,-4.552070495471618,35.893975698977655,0.2857142857142857,36.6322816899575,26.13379566811627,TBD
Eduardo Rodriguez,593958,2026,189.2,788,143,19,18.1,7.9,16,7,2.89,0.251,0.415,0.3,0.318,33.7,7.6,32.8,76.011367028,93.24426528,15.0,35.6,21.9,48.9,40.0,29.0,23.9,3066,ARI,378,593958,3068,12.3,0.215,0.095,0.246,0.31,0.228,0.244,0.221,34,158,84.0,23.7,2161,88.5,88.71,98,378,0,0.2000000000000028,6.38,107,149,121,147,300,326,290,18.087,-18.087,72.2,7.3,2.403286204,158,129,25,6,0,3,29,18.4,0,0,2.04,0.89,0.62,-0.62,90.1,170,24.8062015503876,5.426356589147287,4.430379746835443,5.98,1.26,0.05,2.49,0.215,7,-4.784920635,0.221,0.35,4.784920635,-0.006,-0.006,-0.04,-0.016,25.9,43.4,10.578133734768418,-0.891703359676639,31.71172452170422,0.5105820105820106,37.090128086839854,30.322479127063417,ARI
Ty Johnson,694494,2026,6.2,34,11,1,32.4,11.8,0,0,4.05,0.23,0.337,0.331,0.303,52.6,10.5,31.6,75.068544444,93.307372222,17.3,51.9,29.1,49.1,15.8,36.8,36.8,161,TB,39,694494,161,24.2,0.273,0.364,0.286,0.636,0.382,0.248,0.208,3,11,87.0,24.0,2595,89.5,89.94,13,39,0,0.4000000000000057,6.63,98,151,120,146,302,329,291,-0.119,0.119,71.7,7.5,2.719495938,11,8,1,1,0,1,3,27.3,0,0,2.0,0.87,0.31,0.31,89.6,186,25.0,12.5,9.090909090909092,5.49,-1.93,0.25,2.26,0.273,1,0.305128205,0.208,0.38,-0.305128205,0.065,0.065,0.256,0.134,33.3,29.1,12.510364791153767,-4.216492027815246,30.41250089675759,0.6153846153846154,39.49920116322141,32.57306021289376,TB
A.J. Minter,621345,2026,44.2,182,41,8,22.5,4.4,2,2,2.42,0.241,0.42,0.294,0.3,30.3,9.8,37.1,75.951170154,93.266607752,14.6,44.0,23.8,52.2,38.6,31.8,18.2,668,MIN,78,621345,670,11.6,0.235,0.324,0.217,0.559,0.334,0.361,0.297,8,34,88.4,22.5,2247,89.3,89.68,20,78,0,0.4000000000000057,6.38,112,153,120,144,300,326,293,1.313,-1.313,73.8,7.6,1.382007708,34,26,3,2,0,3,8,23.5,0,0,2.31,0.54,0.25,-0.25,91.4,162,50.0,11.538461538461538,8.823529411764707,5.55,2.65,-0.06,2.21,0.235,3,-1.683333333,0.297,0.557,1.683333333,-0.062,-0.062,0.002,-0.027,25.6,41.0,10.372243601715232,-1.7915989703140902,33.02791263666173,0.5897435897435898,36.52389253540433,30.15025872185021,MIN
George Klassen,691946,2026,27.0,125,24,2,19.2,16.8,2,2,3.67,0.26,0.388,0.317,0.358,34.2,9.0,45.6,78.676259737,95.205656316,19.7,58.2,31.3,45.6,51.9,24.1,20.3,491,TBD,57,691946,491,11.6,0.16,0.04,0.19,0.2,0.157,0.219,0.229,4,25,91.6,3.7,2268,92.7,92.38,12,57,0,-0.2999999999999971,6.36,105,152,120,148,305,327,299,4.274,-4.274,74.8,7.4,2.334860771,25,21,3,1,0,0,4,16.0,0,0,2.12,0.56,0.38,0.38,93.0,113,42.85714285714285,0.0,0.0,6.01,-2.39,0.15,2.19,0.16,0,-7.498245614,0.229,0.27,7.498245614,-0.069,-0.069,-0.07,-0.062,21.1,45.7,9.855341559217322,-6.113756525432354,28.37716293323138,0.631578947368421,37.75528788348838,33.28727215004565,TBD
Caleb Kilian,668873,2026,47.2,209,56,6,26.8,10.5,4,7,4.91,0.216,0.36,0.302,0.292,30.2,8.6,34.9,77.059416935,93.499167317,18.4,45.9,27.9,48.7,48.8,27.1,17.1,786,TBD,12,668873,794,1.5,0.333,0.0,0.333,0.333,0.297,0.063,0.067,1,3,85.8,41.0,2436,93.0,93.7,3,12,0,0.7000000000000028,6.66,112,153,119,147,297,320,286,0.191,-0.191,70.9,7.0,3.054919416,3,3,1,0,0,0,0,0.0,0,0,1.98,0.67,0.05,0.05,88.3,152,0.0,0.0,0.0,5.92,-1.35,0.1,2.47,0.333,0,-1.591666667,0.067,0.078,1.591666667,0.266,0.266,0.255,0.234,25.0,45.5,4.970956850101743,9.420458202243564,26.61799808031144,0.6666666666666666,39.39359388189287,25.56854029097834,TBD
Hunter Barco,682995,2026,17.2,87,14,4,16.1,14.9,0,1,7.64,0.28,0.466,0.411,0.381,32.8,7.0,43.1,77.439766207,95.129504211,9.3,34.2,16.3,38.5,46.6,22.4,20.7,351,PIT,28,682995,351,8.0,0.462,0.385,0.417,0.846,0.557,0.459,0.384,6,13,88.7,18.5,2232,88.6,88.3,3,28,0,-0.2999999999999971,6.34,106,151,119,148,304,319,291,-1.269,1.269,72.0,7.1,2.175964506,13,13,3,2,0,1,0,0.0,0,0,2.46,0.49,0.73,-0.73,91.5,193,38.46153846153847,7.6923076923076925,7.6923076923076925,5.09,3.51,0.03,2.37,0.462,1,4.532142857,0.384,0.708,-4.532142857,0.078,0.078,0.138,0.098,10.7,22.5,6.88634170541385,6.527247420335684,33.84355570162699,0.4642857142857143,38.197926758008485,28.68544348853719,PIT
Miguel Ullola,699044,2026,15.2,58,15,2,25.9,6.9,2,0,2.3,0.149,0.29,0.234,0.24,16.2,10.8,32.4,75.804121053,92.572170541,19.7,45.5,27.9,47.7,27.0,43.2,16.2,218,HOU,33,699044,218,15.1,0.143,0.071,0.182,0.214,0.154,0.107,0.107,2,14,84.1,21.5,2465,91.4,92.02,12,33,0,0.5999999999999943,6.8,116,153,115,148,301,325,285,2.449,-2.449,73.7,7.7,4.330501917,14,11,1,1,0,0,3,21.4,0,0,1.48,1.28,0.17,0.17,90.3,140,27.27272727272727,0.0,0.0,5.68,-1.71,0.39,2.49,0.143,0,-7.421212121,0.107,0.139,7.421212121,0.036,0.0359999999999999,0.075,0.047,36.4,43.5,9.940551268674898,-7.433290062091107,28.87696355737961,0.4242424242424242,40.67297138462606,34.73293339716677,HOU
Erik Miller,669062,2026,51.1,227,74,3,32.6,15.0,4,2,2.98,0.18,0.266,0.288,0.275,30.7,5.4,26.3,72.100777547,92.650225849,18.3,60.4,35.0,40.1,51.8,18.4,22.8,970,BOS,65,669062,979,6.6,0.308,0.115,0.368,0.423,0.319,0.334,0.328,8,26,91.9,17.4,2460,91.2,91.48,18,65,0,0.2999999999999971,6.63,107,151,120,144,295,320,289,1.691,-1.691,71.4,7.4,2.448784458,26,20,7,0,0,1,6,23.1,0,0,2.44,0.35,0.61,-0.61,92.8,179,45.0,5.0,3.8461538461538463,6.42,1.74,-0.08,2.17,0.308,1,-2.601538462,0.328,0.44,2.601538462,-0.02,-0.02,-0.017,-0.015,27.7,39.4,9.772678541983534,-4.619085159113786,34.34744788127995,0.5076923076923077,34.469031298591375,33.447919328156296,BOS
Grayson Rodriguez,680570,2026,98.2,444,85,16,19.1,9.7,5,8,6.02,0.277,0.471,0.365,0.36,35.3,8.7,44.7,79.626060387,94.854158608,15.2,45.9,23.9,48.8,39.8,27.8,26.9,1771,LAA,166,680570,1778,9.3,0.273,0.143,0.286,0.416,0.293,0.316,0.273,21,77,85.8,8.9,2229,90.9,92.19,31,166,0,1.2999999999999972,7.11,107,152,120,148,305,326,296,4.112,-4.112,71.6,7.3,4.835506322,78,66,17,0,1,3,12,15.4,0,0,2.06,0.74,0.52,0.52,91.1,136,30.303030303030305,9.090909090909092,7.6923076923076925,5.74,-2.49,-0.04,2.36,0.269,6,-2.477108434,0.276,0.461,2.477108434,0.0,-0.007,-0.045,-0.023,18.7,39.5,10.044905526735237,-4.364647386009402,30.65052270982345,0.5,34.869225325884855,32.83557620003396,LAA
Cam Booser,592155,2026,40.0,152,45,5,29.6,3.9,1,0,2.03,0.204,0.347,0.222,0.252,32.7,5.9,37.6,81.083061042,94.197371771,17.0,55.8,28.6,55.5,30.7,33.7,22.8,573,TB,69,592155,574,12.0,0.242,0.061,0.296,0.303,0.238,0.29,0.257,8,33,92.8,26.3,2054,92.6,92.89,17,69,0,0.3000000000000113,6.51,100,153,122,147,307,340,299,3.384,-3.384,72.9,7.5,3.328796867,33,27,6,2,0,0,6,18.2,0,0,1.79,0.89,0.4,-0.4,92.3,175,48.14814814814815,7.4074074074074066,6.0606060606060606,5.54,2.71,0.0,2.26,0.242,2,-4.904347826,0.257,0.421,4.904347826,-0.015,-0.015,-0.118,-0.052,24.6,33.6,12.494922693703456,-2.278392699813628,32.392537671089094,0.5507246376811594,37.078007348906354,31.213503131608785,TB
Justin Martinez,679885,2026,12.0,50,18,0,36.0,12.0,3,0,0.0,0.116,0.147,0.202,0.195,12.0,0.0,28.0,76.174259231,92.596658,20.6,61.9,31.0,40.0,56.0,28.0,8.0,210,ARI,35,679885,210,16.7,0.125,0.0,0.222,0.125,0.111,0.145,0.156,2,16,89.5,-5.7,1797,98.9,98.55,12,35,0,-0.4000000000000057,6.23,107,149,118,150,293,322,291,2.528,-2.528,70.4,7.2,3.735517147,16,9,2,0,0,0,7,43.8,0,0,1.74,0.62,1.04,1.04,90.9,100,44.44444444444444,0.0,0.0,6.2,-2.79,-0.08,2.3,0.125,0,-7.222857143,0.156,0.173,7.222857143,-0.031,-0.031,-0.048,-0.034,34.3,37.7,7.536055447273153,2.0557178570115218,30.4210636958168,0.3714285714285714,36.4552846309791,27.67268400352418,ARI
Connor Prielipp,687570,2026,125.2,535,128,14,23.9,8.2,6,7,4.87,0.237,0.381,0.313,0.306,34.1,6.5,41.1,79.85165908,94.166952816,14.1,43.4,23.6,47.8,43.4,27.3,24.2,2067,MIN,237,687570,2069,11.5,0.263,0.123,0.304,0.386,0.276,0.271,0.257,30,114,90.5,11.2,2619,90.6,89.78,52,237,0,-0.7999999999999972,5.75,106,151,119,143,303,326,295,7.523,-7.523,72.8,7.5,1.996261682,116,94,20,8,0,2,22,19.0,0,0,2.39,0.4,0.22,-0.22,92.4,164,47.87234042553192,2.127659574468085,1.7241379310344829,5.97,1.59,-0.07,2.23,0.259,2,-3.174261603,0.256,0.372,3.174261603,0.006,0.003,0.014,0.005,21.9,39.1,10.284895022639237,-1.8458306186638544,32.4494573208022,0.5738396624472574,35.56993481128665,30.149195212286877,MIN
Blade Tidwell,694918,2026,56.2,235,46,8,19.6,8.9,1,2,4.45,0.238,0.384,0.304,0.317,29.0,10.5,37.7,77.154431605,93.900451667,13.4,48.3,23.1,44.3,38.3,27.8,19.1,959,TBD,125,694918,960,13.0,0.2,0.083,0.216,0.283,0.203,0.248,0.23,12,60,89.2,18.4,2427,89.5,89.94,28,125,0,0.4000000000000057,6.53,106,152,119,147,297,320,293,8.928,-8.928,72.3,7.4,3.453875321,62,52,9,2,0,1,10,16.1,0,0,2.12,0.75,0.1,0.1,91.6,154,36.53846153846153,9.615384615384617,8.064516129032258,6.02,-1.72,0.23,2.4,0.194,5,-7.1424,0.23,0.343,7.1424,-0.03,-0.036,-0.06,-0.045,22.4,39.2,11.040399958048935,-4.41806259210852,31.35067146338258,0.552,38.11857322890054,32.3239736509499,TBD
Evan Phillips,623465,2026,24.0,103,31,5,30.1,5.8,2,2,3.38,0.237,0.507,0.301,0.325,32.3,16.9,40.0,80.204644242,95.423397692,15.0,44.4,25.6,48.7,32.3,44.6,15.4,409,LAD,80,623465,421,19.0,0.219,0.094,0.259,0.313,0.223,0.301,0.268,7,32,92.5,20.8,2486,92.8,92.73,14,80,0,-0.0999999999999943,6.32,107,151,121,147,302,315,289,3.786,-3.786,71.5,7.2,1.718079374,33,27,4,3,0,0,6,18.2,0,0,2.02,0.66,0.03,0.03,91.9,164,48.14814814814815,7.4074074074074066,6.0606060606060606,5.48,-2.83,0.1,2.4,0.212,2,-4.7325,0.263,0.443,4.7325,-0.049,-0.051,-0.13,-0.078,17.5,26.8,5.82484003720793,4.452258691755231,32.153199940888456,0.4875,38.2033639532394,25.34799336563004,LAD
Jason Foley,671345,2026,24.0,113,15,2,13.3,9.7,3,2,4.5,0.256,0.391,0.321,0.31,28.7,5.7,37.9,74.112685909,93.961079655,10.6,28.8,15.8,42.5,50.6,24.1,21.8,433,SF,69,671345,441,15.6,0.189,0.027,0.219,0.216,0.179,0.223,0.23,7,37,84.4,1.7,2205,91.8,92.77,11,69,0,1.0,6.82,103,152,117,147,294,317,292,4.821,-4.821,71.0,7.3,3.366260801,37,32,6,1,0,0,5,13.5,0,0,2.53,0.19,0.7,0.7,91.9,120,37.5,0.0,0.0,5.57,-1.62,0.05,2.23,0.189,0,-6.986956522,0.23,0.282,6.986956522,-0.041,-0.041,-0.066,-0.044,15.9,26.9,8.256107916811889,1.7151851745530655,31.11667104459675,0.5652173913043478,37.10850716177817,29.52984892356488,SF
Joe Ryan,657746,2026,144.2,614,159,21,25.9,5.0,7,10,3.79,0.228,0.394,0.31,0.297,35.0,10.0,40.9,78.3079325,94.339559142,18.4,41.9,25.8,49.9,37.2,29.2,23.6,2441,MIN,87,657746,2443,3.6,0.351,0.351,0.333,0.703,0.423,0.342,0.286,13,37,86.3,17.5,2471,87.0,87.58,21,87,0,0.5999999999999943,6.73,110,150,118,142,306,330,295,-2.508,2.508,72.6,7.5,4.535678962,39,33,7,2,1,3,6,15.4,0,0,2.65,0.42,0.12,0.12,92.6,158,33.33333333333333,12.12121212121212,10.256410256410255,4.7,-2.53,0.2,2.21,0.333,4,2.882758621,0.279,0.539,-2.882758621,0.065,0.0539999999999999,0.164,0.081,24.1,22.8,11.647012869295049,-8.482357675432771,32.94743422596986,0.4712643678160919,37.415126212997286,34.21562068377531,MIN
Kyle Hart,606996,2026,64.0,268,59,5,22.0,9.7,1,3,4.92,0.216,0.36,0.294,0.295,31.7,8.4,30.6,75.663685581,93.447673953,12.9,42.2,22.7,43.2,51.7,22.8,18.9,1071,TBD,92,606996,1071,8.6,0.278,0.167,0.321,0.444,0.302,0.293,0.256,10,36,90.9,12.4,1868,89.2,89.22,30,92,0,0.0,6.37,110,152,120,146,302,326,292,2.253,-2.253,72.9,7.6,3.973193106,37,29,6,3,0,1,8,21.6,0,0,2.59,0.3,0.63,-0.63,93.0,155,37.93103448275862,10.344827586206897,8.108108108108109,5.68,1.48,0.21,1.89,0.27,3,-2.448913043,0.253,0.437,2.448913043,0.022,0.017,0.007,0.009,32.6,40.3,11.082559520817956,-4.242500986183658,34.32835879630731,0.4891304347826087,38.87655334154312,33.01950189872548,TBD
Spencer Miles,693686,2026,94.2,388,93,5,24.0,6.4,6,2,2.57,0.232,0.327,0.256,0.271,28.6,3.7,35.3,76.142895263,93.047286128,12.5,35.6,18.8,47.9,50.9,19.7,23.4,1502,TOR,82,693686,1510,5.4,0.237,0.026,0.29,0.263,0.221,0.231,0.214,9,38,87.4,5.5,2463,91.9,92.5,16,82,0,0.5999999999999943,6.68,105,148,114,144,294,315,282,4.666,-4.666,71.4,7.1,1.612880511,38,31,8,1,0,0,7,18.4,0,0,2.48,0.26,0.47,0.47,91.2,138,32.25806451612903,3.225806451612903,2.631578947368421,5.86,-1.21,0.06,2.53,0.237,1,-5.690243902,0.214,0.324,5.690243902,0.023,0.0229999999999999,-0.061,-0.01,19.5,36.8,7.141006506113339,5.457385766741721,29.756779808040804,0.5121951219512195,36.94490059410533,27.05393274356368,TOR
Kevin Herget,643361,2026,1.0,3,0,0,0.0,0.0,0,0,0.0,0.125,0.178,0.0,0.128,33.3,0.0,33.3,90.65818,93.652416667,0.0,,0.0,45.5,33.3,33.3,33.3,11,TBD,1,643361,11,9.1,0.0,0.0,0.0,0.0,0.0,0.074,0.049,0,1,93.4,38.0,2084,86.3,85.4,0,1,0,-0.8999999999999915,5.6,110,155,121,150,295,309,286,0.216,-0.216,72.5,7.8,,1,1,0,0,0,0,0,0.0,0,0,2.26,0.79,-0.01,-0.01,93.4,335,0.0,0.0,0.0,6.02,-1.71,-0.19,1.76,0.0,0,-21.6,0.049,0.135,21.6,-0.049,-0.049,-0.135,-0.074,0.0,43.3,3.790812533565472,-21.116801935138383,27.057707930082596,0.0,29.69130525489312,36.70895302810929,TBD
Shota Imanaga,684007,2026,173.1,702,171,34,24.4,5.3,11,10,3.74,0.235,0.409,0.308,0.301,34.1,9.7,36.8,77.34827624,93.81903469,20.6,45.3,29.6,51.7,37.8,32.2,21.1,2798,CHC,331,684007,2799,11.8,0.23,0.209,0.264,0.439,0.285,0.27,0.227,32,139,89.2,19.3,1754,85.4,85.3,108,331,0,-0.1000000000000085,6.18,110,152,121,149,305,321,293,12.6,-12.6,72.9,7.7,4.049340586,139,99,20,3,1,8,40,28.8,0,0,2.42,0.73,0.78,-0.78,91.8,165,38.38383838383838,9.090909090909092,6.474820143884892,5.44,1.32,0.08,2.27,0.23,9,-3.806646526,0.227,0.409,3.806646526,0.003,0.003,0.03,0.015,32.6,36.2,13.984555064571484,-10.154619716873736,30.449670245198966,0.5589123867069486,38.34576146459515,36.33635023114901,CHC
Cade Smith,671922,2026,73.1,295,107,5,36.3,7.8,6,1,1.96,0.189,0.315,0.241,0.261,35.4,8.7,42.8,82.0535845,94.653655813,25.4,50.7,34.5,49.6,41.0,29.8,21.7,1226,CLE,69,671922,1241,5.6,0.174,0.13,0.188,0.304,0.205,0.174,0.164,4,23,91.4,21.6,2121,95.3,97.27,23,69,0,2.0,7.43,106,153,124,149,306,320,289,2.463,-2.463,69.6,7.0,1.616637262,23,17,3,0,0,1,6,26.1,0,0,1.52,1.02,0.4,0.4,90.7,196,47.05882352941176,0.0,0.0,5.73,-1.8,0.05,2.56,0.174,0,-3.569565217,0.164,0.24,3.569565217,0.01,0.0099999999999999,0.064,0.031,33.3,40.2,5.929622224079094,6.895544621703948,30.72515178676484,0.4347826086956521,37.028849316115696,24.986521467755946,CLE
Javier Assad,665871,2026,94.1,378,63,16,16.7,7.1,6,2,3.63,0.261,0.421,0.304,0.324,32.6,6.7,43.5,79.438885786,94.378785786,11.8,28.1,15.9,44.6,47.7,27.4,18.6,1506,CHC,88,665871,1511,5.8,0.15,0.025,0.162,0.175,0.143,0.218,0.218,6,40,87.2,6.1,2108,92.3,92.73,11,88,0,0.4000000000000057,6.5,104,152,121,150,308,320,291,7.921,-7.921,71.6,7.2,2.36084184,40,37,5,1,0,0,3,7.5,0,0,1.84,0.85,0.69,0.69,90.4,135,24.324324324324326,0.0,0.0,5.87,-1.66,-0.1,2.43,0.15,0,-9.001136364,0.218,0.283,9.001136364,-0.068,-0.068,-0.108,-0.075,12.5,51.7,5.2077397722350725,3.0579220452529845,32.545090815235895,0.4204545454545454,36.08748606550239,27.97480841183481,CHC
Ryan Feltner,663372,2026,119.2,548,92,20,16.8,9.7,6,10,5.57,0.254,0.45,0.358,0.337,30.9,9.5,35.9,75.725484673,93.476085264,14.1,48.6,23.6,49.1,42.9,29.4,20.9,2049,COL,155,663372,2050,7.6,0.23,0.162,0.262,0.392,0.265,0.198,0.177,17,74,83.8,13.7,2314,90.2,91.11,29,155,0,0.8999999999999915,6.61,103,149,118,144,309,331,296,4.345,-4.345,73.0,7.6,2.79194179,74,62,8,7,1,1,12,16.2,0,0,2.23,0.58,0.18,0.18,90.8,140,24.193548387096776,4.838709677419355,4.054054054054054,5.53,-1.82,0.08,2.24,0.23,3,-2.803225806,0.177,0.286,2.803225806,0.053,0.053,0.106,0.067,18.7,44.3,10.639626937430991,-4.676303334719242,30.931113098218265,0.6,36.60506350356002,32.689927747736526,COL
Jason Adam,592094,2026,34.1,142,22,5,15.5,7.0,2,2,2.62,0.227,0.38,0.307,0.3,26.2,7.5,37.4,77.065990566,93.431740849,19.3,45.4,28.5,52.3,46.7,31.8,14.0,583,SD,6,592094,583,1.0,0.0,0.0,0.0,0.0,0.0,0.415,0.397,0,2,97.0,16.5,2189,87.5,87.85,2,6,0,0.4000000000000057,6.43,121,153,125,145,304,332,299,0.671,-0.671,73.7,7.8,2.982997464,2,2,0,0,0,0,0,0.0,0,0,2.53,0.44,0.85,0.85,96.3,205,100.0,0.0,0.0,6.26,-1.16,-0.22,2.21,0.0,0,-11.183333333,0.397,0.571,11.183333333,-0.397,-0.397,-0.571,-0.415,33.3,35.7,19.677311132639517,-19.7060855441916,35.380877135155416,0.3333333333333333,32.17179401742734,40.30417052432248,SD
AJ Blubaugh,805123,2026,96.0,401,94,13,23.4,10.5,5,3,3.66,0.226,0.397,0.307,0.317,37.0,10.3,37.0,79.202534141,93.871060784,17.3,51.0,28.1,48.8,34.7,34.0,23.3,1640,HOU,88,805123,1640,5.4,0.333,0.19,0.394,0.524,0.368,0.4,0.361,14,42,95.1,16.6,2376,92.7,92.95,26,88,0,0.2000000000000028,6.55,110,151,114,146,296,324,285,0.584,-0.584,72.9,7.5,3.111006227,42,34,9,3,1,1,8,19.0,0,0,1.57,1.11,0.53,0.53,93.4,197,52.94117647058824,14.705882352941178,11.904761904761903,6.2,-2.15,0.24,2.46,0.333,5,-0.663636364,0.361,0.574,0.663636364,-0.028,-0.0279999999999999,-0.05,-0.032,29.5,48.1,10.127117759550169,-1.4397715214631206,29.74184825699736,0.5909090909090909,38.27648263910272,30.10837439193444,HOU
Kyle Backhus,679775,2026,20.0,94,20,3,21.3,6.4,2,1,4.95,0.247,0.385,0.349,0.308,40.9,4.6,30.3,74.422889063,92.8346325,10.8,37.3,19.6,43.2,45.5,22.7,27.3,354,TBD,10,679775,354,2.8,0.0,0.0,0.0,0.0,0.0,0.221,0.246,0,3,56.4,-16.5,2171,86.4,87.8,2,10,0,1.3999999999999917,7.22,108,142,113,136,292,317,291,0.859,-0.859,72.3,6.9,0.1,3,2,0,0,0,0,1,33.3,0,0,2.84,0.28,0.92,-0.92,90.0,152,0.0,0.0,0.0,4.41,3.19,-0.19,2.47,0.0,0,-8.59,0.246,0.26,8.59,-0.246,-0.246,-0.26,-0.221,20.0,9.9,6.388807527894535,3.290464443561829,34.85610783327941,0.3,34.29014213095081,27.072803814496844,TBD
Caleb Ferguson,657571,2026,33.0,150,31,5,20.7,12.7,1,0,5.18,0.253,0.421,0.367,0.334,35.4,7.1,38.4,76.934017959,94.168223673,13.2,35.0,19.7,45.9,50.5,22.2,22.2,586,TBD,32,657571,595,5.4,0.4,0.35,0.353,0.75,0.467,0.465,0.38,8,20,95.0,12.8,2504,87.8,87.76,5,32,0,0.0,6.23,104,153,117,148,306,320,291,-1.581,1.581,74.2,7.2,2.677423968,21,19,5,1,0,2,2,9.5,0,0,2.56,0.42,0.11,-0.11,95.3,178,52.63157894736842,15.789473684210526,14.285714285714285,5.6,2.66,-0.15,2.26,0.381,3,4.940625,0.371,0.759,-4.940625,0.02,0.01,-0.009,0.002,15.6,38.2,8.460188766965738,-0.5615618197497059,34.93931181905918,0.46875,36.17830767677752,28.92610514151221,TBD
Landon Knack,689017,2026,11.2,50,8,4,16.0,4.0,1,0,3.86,0.221,0.445,0.371,0.311,35.9,12.8,43.6,82.654438,93.758425385,19.4,25.0,20.9,48.7,28.2,38.5,23.1,187,TBD,16,689017,187,8.6,0.167,0.0,0.167,0.167,0.148,0.245,0.219,2,12,89.5,29.7,2519,91.0,90.57,0,16,0,-0.4000000000000057,5.94,109,155,122,149,303,316,286,2.276,-2.276,71.9,7.1,,12,12,2,0,0,0,0,0.0,0,0,1.73,1.03,0.1,0.1,93.2,215,41.66666666666667,8.333333333333332,8.333333333333332,5.91,-0.92,0.33,2.73,0.167,1,-14.225,0.219,0.353,14.225,-0.052,-0.0519999999999999,-0.186,-0.097,0.0,56.3,9.63571587319623,0.0749032340542116,26.3573931470438,0.5625,39.57241267696783,31.04319566479497,TBD
Brenan Hanifee,669724,2026,21.1,93,10,5,10.8,7.5,0,1,5.06,0.301,0.5,0.369,0.37,28.0,8.1,45.3,80.043368056,94.960762222,7.1,38.2,14.4,45.5,61.3,21.3,14.7,321,TBD,9,669724,325,2.8,0.5,1.0,0.5,1.5,0.828,0.534,0.393,2,4,103.5,10.7,1997,95.6,95.5,3,9,0,-0.0999999999999943,6.17,113,151,124,146,308,330,292,-1.601,1.601,75.0,7.6,1.388419044,4,3,0,1,0,1,1,25.0,0,0,2.21,0.28,1.4,1.4,97.3,173,100.0,33.33333333333333,25.0,5.51,-2.67,-0.58,1.94,0.5,1,17.788888889,0.393,0.875,-17.788888889,0.107,0.1069999999999999,0.625,0.294,33.3,31.6,7.123785851526543,-1.2575035617761865,35.01417207471402,0.5555555555555556,28.918512499139275,27.804484293139232,TBD
Jesús Luzardo,666200,2026,178.2,727,221,15,30.4,7.2,14,5,2.87,0.204,0.304,0.275,0.262,32.5,5.9,33.2,76.419196452,93.164905127,16.7,55.9,31.9,46.3,49.9,22.3,22.1,2860,TBD,266,666200,2860,9.3,0.225,0.171,0.263,0.395,0.265,0.285,0.261,29,129,89.7,17.3,2192,90.1,89.03,77,266,0,-1.0999999999999943,5.71,110,152,117,144,299,324,284,9.112,-9.112,72.0,7.5,3.163520623,129,99,15,10,0,4,30,23.3,0,0,2.41,0.44,0.5,-0.5,92.3,163,42.42424242424242,8.080808080808081,6.2015503875969,5.51,2.73,-0.2,2.2,0.225,8,-3.42556391,0.261,0.404,3.42556391,-0.036,-0.036,-0.009,-0.02,28.9,26.0,10.510324798938068,-5.20372358764422,33.53092481652779,0.4436090225563909,34.70991851905993,31.84912875608356,TBD
JR Ritchie,702275,2026,67.2,300,66,12,22.0,13.7,1,4,4.79,0.234,0.401,0.342,0.338,31.0,9.6,39.6,79.425927419,93.891468054,12.9,43.8,23.8,42.1,45.5,29.4,20.3,1191,ATL,38,702275,1195,3.2,0.238,0.286,0.235,0.524,0.319,0.293,0.256,5,21,90.0,4.6,2396,89.8,90.38,6,38,0,0.6000000000000085,6.59,97,151,124,148,313,324,306,1.247,-1.247,70.4,7.3,0.919570807,21,18,2,1,1,1,3,14.3,0,0,2.68,0.18,0.19,0.19,91.9,128,38.88888888888889,11.11111111111111,9.523809523809524,5.5,-2.21,0.1,2.33,0.238,2,-3.281578947,0.256,0.429,3.281578947,-0.018,-0.018,0.095,0.026,15.8,27.4,10.96795554342616,-0.6521416195752853,32.1887748252012,0.631578947368421,36.67470287043721,30.747051686263926,ATL
Hayden Wesneski,669713,2026,54.0,246,46,4,18.7,8.1,5,2,3.5,0.247,0.363,0.281,0.301,33.1,5.1,39.9,76.220033596,93.959904011,13.6,39.9,23.6,49.1,44.9,19.7,27.0,898,HOU,153,669713,899,17.0,0.284,0.136,0.333,0.42,0.303,0.266,0.261,23,81,88.9,10.2,2266,89.7,90.32,36,153,0,0.5999999999999943,6.7,108,151,114,146,299,325,285,2.72,-2.72,73.1,7.6,3.081953292,81,67,16,4,2,1,14,17.3,0,0,2.32,0.54,0.13,0.13,92.7,141,41.7910447761194,1.4925373134328357,1.2345679012345678,6.06,-1.23,0.12,2.21,0.284,1,-1.777777778,0.261,0.353,1.777777778,0.023,0.0229999999999999,0.067,0.037,23.5,47.5,11.120895337520864,-4.153323224703359,30.72644912110027,0.5555555555555556,37.27317087059312,31.50166406822856,HOU
Wilber Dotel,696062,2026,42.1,182,41,3,22.5,8.8,1,5,4.46,0.249,0.365,0.3,0.301,25.6,4.0,44.8,79.862841452,94.66631626,20.0,36.7,24.8,48.6,47.2,27.2,20.0,706,TBD,59,696062,712,8.3,0.419,0.161,0.414,0.581,0.435,0.38,0.369,13,31,90.4,14.9,2281,93.5,94.28,11,59,0,0.7999999999999972,6.7,107,151,119,148,307,325,291,-2.379,2.379,71.0,7.1,2.454976977,31,30,10,2,0,1,1,3.2,0,0,1.84,0.78,0.05,0.05,92.4,143,40.0,3.333333333333333,3.225806451612903,5.86,-1.4,0.17,2.46,0.419,1,4.03220339,0.369,0.511,-4.03220339,0.05,0.0499999999999999,0.07,0.055,18.6,44.8,7.589508439594867,1.027978757889192,29.201094660492288,0.5423728813559322,37.04586967086437,30.15350840611395,TBD
Brock Burke,656271,2026,74.1,314,74,5,23.6,12.7,6,5,2.3,0.216,0.338,0.282,0.295,33.2,7.9,32.7,77.498450638,93.366755508,22.4,41.7,28.7,45.8,39.8,31.1,21.9,1180,CIN,107,656271,1205,8.9,0.171,0.073,0.222,0.244,0.18,0.227,0.207,7,41,88.9,22.4,2225,91.5,92.24,34,107,0,0.7000000000000028,6.76,111,151,115,146,302,324,286,6.462,-6.462,72.1,7.5,2.129977879,41,28,6,0,0,1,13,31.7,0,0,1.94,0.81,0.68,-0.68,91.1,170,39.285714285714285,10.714285714285714,7.317073170731707,6.27,1.71,-0.01,2.29,0.171,3,-6.039252336,0.207,0.322,6.039252336,-0.036,-0.0359999999999999,-0.078,-0.047,31.8,40.9,9.648955049410056,-3.883218100987993,31.65222016995609,0.4953271028037383,37.285974729934296,31.149936455893524,CIN
Colin Rea,607067,2026,135.0,581,100,21,17.2,8.1,8,8,4.4,0.274,0.477,0.331,0.354,36.3,10.3,41.9,79.882397773,94.406113152,10.4,37.7,19.7,46.7,43.8,28.8,22.5,2206,CHC,67,607067,2206,3.0,0.29,0.258,0.259,0.548,0.357,0.354,0.292,9,31,93.0,15.2,2169,90.6,91.06,12,67,0,0.5,6.57,113,152,121,149,305,322,293,0.472,-0.472,72.6,7.2,2.386298966,31,29,5,2,0,2,2,6.5,0,0,2.24,0.57,0.2,0.2,92.8,193,51.72413793103448,6.896551724137931,6.451612903225806,5.47,-1.65,0.23,2.37,0.29,2,-0.704477612,0.292,0.542,0.704477612,-0.002,-0.002,0.006,0.003,17.9,29.8,6.893873767001787,2.667762384925796,27.880452556853385,0.5522388059701493,39.71492888601477,29.178894739739956,CHC
Ryan Johnson,696270,2026,95.0,437,79,18,18.1,9.8,5,9,4.93,0.252,0.434,0.333,0.336,32.7,9.4,35.3,75.729998831,93.422879023,15.6,39.8,23.1,46.7,35.0,34.6,22.3,1722,LAA,138,696270,1726,8.0,0.238,0.127,0.265,0.365,0.261,0.294,0.274,15,63,88.4,22.7,2430,86.4,86.26,32,138,0,-0.1000000000000085,6.18,102,150,121,147,307,326,297,4.529,-4.529,72.4,7.6,3.469630997,63,51,11,2,0,2,12,19.0,0,0,2.45,0.63,-0.25,-0.25,91.2,191,39.21568627450981,7.84313725490196,6.349206349206349,5.87,-2.87,0.28,2.33,0.238,4,-3.281884058,0.274,0.41,3.281884058,-0.036,-0.036,-0.045,-0.033,23.2,22.8,11.902245089076375,-8.768713769787091,30.2926372948826,0.5434782608695652,38.70141340214934,34.39520775225994,LAA
Daniel Lynch IV,663738,2026,80.2,334,54,9,16.2,7.8,6,6,4.13,0.259,0.422,0.293,0.327,31.2,6.8,38.4,78.925601057,94.006026776,14.8,37.7,22.5,46.6,48.4,24.0,20.8,1224,KC,178,663738,1224,14.5,0.313,0.253,0.291,0.566,0.375,0.376,0.326,31,99,91.1,15.6,1919,88.4,88.66,25,178,0,0.2999999999999971,6.42,111,152,119,148,297,324,283,-1.237,1.237,73.3,7.7,3.072404682,99,92,18,7,0,6,7,7.1,0,0,2.49,0.45,0.75,-0.75,93.0,155,42.391304347826086,8.695652173913043,8.080808080808081,5.98,1.85,0.21,2.16,0.313,8,0.69494382,0.326,0.557,-0.69494382,-0.013,-0.013,0.009,-0.001,14.0,38.4,11.721210224987257,-5.703211964647505,31.391978037092095,0.601123595505618,39.0070213417484,33.48118685305833,KC
Austin Warren,681810,2026,49.1,210,55,6,26.2,11.0,2,3,4.01,0.241,0.387,0.325,0.321,44.2,11.0,38.0,77.057846349,94.037486508,15.0,50.0,27.5,40.1,41.9,22.5,31.0,907,NYM,45,681810,908,5.0,0.25,0.05,0.333,0.3,0.241,0.224,0.231,5,20,82.6,2.8,2504,89.4,89.35,12,45,0,0.0,6.44,110,153,126,148,299,321,287,2.491,-2.491,70.5,6.9,3.788698363,20,15,4,1,0,0,5,25.0,0,0,2.57,0.33,0.22,0.22,89.8,159,13.333333333333334,0.0,0.0,4.84,-2.29,0.37,2.48,0.25,0,-5.535555556,0.231,0.285,5.535555556,0.019,0.0189999999999999,0.015,0.017,26.7,24.5,5.150333221375876,3.776417786059604,28.947606332144407,0.4888888888888889,39.07466779747963,27.48599392963187,NYM
Nick Lodolo,666157,2026,108.2,486,83,20,17.1,9.5,3,6,4.97,0.297,0.484,0.374,0.38,37.6,9.0,40.3,79.209189697,94.662235333,12.6,38.6,21.5,45.1,41.8,25.6,28.2,1899,CIN,237,666157,1899,12.5,0.26,0.276,0.24,0.537,0.328,0.337,0.309,32,123,88.3,10.1,2173,89.8,89.38,39,237,0,-0.3999999999999915,6.15,112,151,114,146,300,324,288,2.265,-2.265,71.8,7.4,3.008365772,126,111,15,7,3,7,15,11.9,0,0,2.55,0.31,1.14,-1.14,92.5,170,39.63963963963964,9.00900900900901,7.936507936507936,5.35,3.58,0.17,2.16,0.254,10,-0.955696203,0.304,0.491,0.955696203,-0.049,-0.0499999999999999,0.046,-0.009,16.5,14.1,10.886298196831795,-2.036523315284149,32.39659186407992,0.5485232067510548,38.74980726476221,31.55003932983621,CIN
Carson Spiers,686730,2026,4.0,17,5,3,29.4,0.0,0,0,9.0,0.259,0.688,0.467,0.392,16.7,25.0,58.3,79.881951667,97.141708333,8.0,66.7,23.5,54.8,50.0,25.0,8.3,62,CIN,15,686730,62,24.2,0.167,0.5,0.0,0.667,0.342,0.412,0.254,1,6,91.5,13.6,2426,86.1,86.54,2,15,0,0.4000000000000057,6.64,111,153,117,149,302,325,286,0.153,-0.153,70.6,7.6,7.603353162,6,5,0,0,0,1,1,16.7,0,0,2.89,0.24,0.15,0.15,90.9,128,40.0,20.0,16.666666666666664,5.18,-0.63,-0.06,2.19,0.167,1,-1.02,0.254,0.762,1.02,-0.087,-0.087,-0.095,-0.07,13.3,29.3,15.546276745568331,-17.529674260223945,32.84701993037641,0.6,35.776360948419786,38.03637037752148,CIN
Keaton Winn,676775,2026,43.0,176,33,3,18.8,9.7,2,3,3.35,0.24,0.36,0.29,0.308,27.6,4.9,33.3,75.475094098,93.180974545,13.6,45.1,23.0,47.4,49.6,21.1,23.6,644,TBD,28,676775,648,4.3,0.167,0.083,0.154,0.25,0.154,0.281,0.273,2,12,90.1,14.0,2016,90.5,90.6,6,28,0,0.0999999999999943,6.26,102,149,118,145,301,316,292,2.232,-2.232,72.7,7.9,2.385992789,14,13,1,1,0,0,1,7.1,0,0,2.45,0.34,0.81,0.81,93.4,117,30.76923076923077,7.6923076923076925,7.142857142857142,6.08,-1.51,0.06,2.11,0.143,1,-7.971428571,0.283,0.324,7.971428571,-0.106,-0.1399999999999999,-0.074,-0.127,21.4,37.7,15.070332383701682,-6.479202766789385,31.637027643167848,0.7142857142857143,37.83069420027491,34.447198495175115,TBD
Gavin Collyer,686560,2026,25.0,113,23,2,20.4,16.8,1,1,5.4,0.203,0.322,0.32,0.328,35.4,6.2,29.2,76.6325,93.036276615,15.9,46.6,25.5,38.3,33.8,27.7,21.5,480,TBD,4,686560,484,0.8,0.0,0.0,0.0,0.0,0.0,0.008,0.009,0,1,90.4,58.0,2850,89.0,88.33,0,4,0,-0.7000000000000028,6.05,117,154,124,147,299,336,300,0.305,-0.305,74.4,7.6,,1,1,0,0,0,0,0,0.0,0,0,2.49,0.44,-0.38,-0.38,88.8,188,0.0,0.0,0.0,4.85,-3.73,0.04,2.55,0.0,0,-7.625,0.009,0.013,7.625,-0.009,-0.009,-0.013,-0.008,0.0,11.6,10.426828527570056,1.0033622921050718,30.475749064888507,0.75,38.28537726348672,30.78255018381823,TBD
Alex Vesia,681911,2026,56.0,234,73,4,31.2,13.7,2,1,2.73,0.164,0.281,0.236,0.256,28.7,6.2,34.1,77.469179846,92.831354109,26.2,46.0,33.3,48.2,30.2,38.8,19.4,1002,LAD,86,681911,1015,8.5,0.143,0.114,0.16,0.257,0.171,0.15,0.137,5,35,85.8,19.0,2392,89.8,90.08,24,86,0,0.2999999999999971,6.49,108,153,118,148,303,317,288,3.085,-3.085,71.7,7.3,2.888813452,35,26,3,1,0,1,9,25.7,0,0,1.42,1.43,0.38,-0.38,90.8,142,26.923076923076923,3.8461538461538463,2.857142857142857,5.88,0.24,-0.08,2.49,0.143,1,-3.587209302,0.137,0.211,3.587209302,0.006,0.0059999999999999,0.046,0.021,27.9,66.7,10.75434156175126,-3.909175125061023,30.842870426648155,0.5,34.14734415012942,32.19728786169033,LAD
Jake Bennett,687562,2026,113.1,455,91,12,20.0,4.6,9,7,3.65,0.234,0.382,0.286,0.286,32.4,7.9,37.9,77.27794897,94.122067576,16.1,37.3,23.7,53.6,43.8,27.1,20.9,1618,BOS,265,687562,1627,16.3,0.32,0.248,0.32,0.568,0.377,0.351,0.291,40,125,91.1,19.5,2082,88.7,89.93,58,265,0,1.2000000000000028,7.09,109,152,121,147,299,322,287,-2.877,2.877,72.7,7.3,2.468703684,126,110,23,10,0,7,16,12.7,0,0,2.32,0.6,1.0,-1.0,92.3,185,42.72727272727273,14.545454545454543,12.698412698412698,5.52,3.11,0.26,2.33,0.317,16,1.085660377,0.295,0.519,-1.085660377,0.029,0.022,0.049,0.026,21.9,29.9,11.030277336335452,-0.1824031405241844,32.19540514164093,0.5320754716981132,38.34284647198965,30.15276738107056,BOS
Orion Kerkering,689147,2026,58.0,268,63,5,23.5,12.7,7,1,4.97,0.215,0.327,0.317,0.303,36.6,6.1,31.1,73.845226914,92.757836852,16.8,42.5,26.1,42.0,34.8,29.9,25.6,1093,TBD,61,689147,1097,5.6,0.371,0.229,0.414,0.6,0.416,0.321,0.312,13,35,87.5,19.2,2606,91.5,91.34,10,61,0,-0.2000000000000028,6.18,109,150,116,141,300,324,288,-2.543,2.543,71.5,7.5,2.863482119,35,30,8,3,1,1,5,14.3,0,0,2.17,0.58,0.08,0.08,92.0,162,40.0,6.666666666666667,5.714285714285714,5.73,-1.5,0.14,2.42,0.371,2,4.168852459,0.312,0.433,-4.168852459,0.059,0.059,0.167,0.095,16.4,32.3,9.339680879532589,0.1301701729694163,29.642470071715053,0.6885245901639344,38.61238191224621,27.087220022033435,TBD
Nick Davila,689546,2026,27.1,119,13,2,10.9,10.9,0,0,4.94,0.273,0.386,0.316,0.34,28.1,4.5,28.1,79.078879333,92.678903146,8.7,30.8,15.8,45.5,51.7,20.2,21.3,446,TBD,17,689546,447,3.8,0.222,0.111,0.333,0.333,0.239,0.218,0.226,2,9,85.5,9.3,2113,90.9,90.88,4,17,0,0.0,6.24,109,151,120,144,294,325,290,0.381,-0.381,73.5,7.5,4.404813896,9,6,1,1,0,0,3,33.3,0,0,2.56,0.21,0.6,0.6,90.7,85,33.33333333333333,0.0,0.0,5.81,-1.49,-0.05,2.26,0.222,0,-2.241176471,0.226,0.272,2.241176471,-0.004,-0.004,0.061,0.021,23.5,29.6,7.902276831382771,-3.2369696071004443,28.76154013140423,0.7058823529411765,36.32339252532673,29.904903660730007,TBD
Ben Joyce,690829,2026,15.1,61,18,1,29.5,14.8,0,2,4.11,0.206,0.335,0.25,0.301,36.4,9.1,30.3,74.172056471,92.824502424,24.4,53.8,31.5,41.7,27.3,36.4,24.2,259,TBD,44,690829,263,16.7,0.211,0.053,0.267,0.263,0.207,0.263,0.244,4,19,80.6,23.1,2340,98.1,99.13,10,44,0,1.0,6.91,106,148,119,146,301,322,292,2.393,-2.393,71.5,7.0,2.624415555,19,15,3,1,0,0,4,21.1,0,0,1.44,0.96,0.67,0.67,89.6,176,20.0,6.666666666666667,5.263157894736842,5.07,-1.69,0.01,2.6,0.211,1,-5.438636364,0.244,0.366,5.438636364,-0.033,-0.033,-0.103,-0.056,22.7,27.5,5.269579177208676,2.5100479073745983,28.231687232224964,0.3636363636363636,37.23000744796327,26.949456644845103,TBD
Jordan Montgomery,656756,2026,23.1,94,17,3,18.1,6.4,1,0,4.63,0.228,0.359,0.267,0.281,25.7,7.1,32.9,73.972231429,93.165316429,13.2,36.5,21.5,47.1,61.4,21.4,12.9,376,TEX,100,656756,381,26.2,0.188,0.229,0.154,0.417,0.255,0.28,0.229,9,48,84.6,4.8,2066,86.0,86.82,19,100,0,0.7999999999999972,6.84,106,153,116,147,303,327,297,4.491,-4.491,72.6,7.5,2.378324664,48,42,4,2,0,3,6,12.5,0,0,2.52,0.61,0.55,-0.55,91.5,132,30.952380952380956,11.904761904761903,10.416666666666668,6.47,1.46,0.2,2.25,0.188,5,-4.491,0.229,0.429,4.491,-0.041,-0.041,-0.012,-0.025,19.0,46.9,13.10618357898086,-5.373282932553901,32.38551523546129,0.5,38.58090952862369,33.491287600828144,TEX
Brooks Raley,548384,2026,51.2,224,51,6,22.8,8.9,5,7,3.31,0.236,0.374,0.313,0.307,38.7,6.7,32.0,76.154968333,93.445607203,13.2,43.0,23.4,46.7,36.7,23.3,29.3,842,PHI,39,548384,846,4.6,0.25,0.5,0.154,0.75,0.415,0.379,0.295,5,20,90.5,25.5,2411,85.7,84.97,9,39,0,-0.7000000000000028,5.82,112,152,118,145,296,323,289,-2.474,2.474,72.5,7.4,2.236335021,20,16,1,1,0,3,4,20.0,0,0,2.79,0.32,0.31,-0.31,93.0,165,43.75,18.75,15.0,5.67,3.02,-0.16,2.39,0.25,3,6.343589744,0.295,0.605,-6.343589744,-0.045,-0.0449999999999999,0.145,0.036,23.1,33.0,11.389231657988564,-4.416561945942273,30.910915022340888,0.5897435897435898,35.08883348856359,31.429657309074116,PHI
Slade Cecconi,677944,2026,120.0,528,99,19,18.8,7.4,5,7,4.95,0.267,0.447,0.342,0.333,38.0,8.8,41.3,78.581288534,94.399007277,13.2,38.7,20.8,46.8,43.9,26.6,24.0,2003,CLE,53,677944,2009,2.6,0.304,0.304,0.294,0.609,0.388,0.323,0.245,7,23,95.4,20.5,2487,90.1,90.53,17,53,0,0.4000000000000057,6.52,107,154,125,149,298,325,294,-1.361,1.361,70.9,7.5,3.114006555,23,19,4,1,0,2,4,17.4,0,0,2.4,0.42,-0.04,-0.04,93.9,187,63.1578947368421,15.789473684210526,13.043478260869565,5.76,-1.93,0.35,2.34,0.304,3,2.567924528,0.245,0.526,-2.567924528,0.059,0.059,0.083,0.065,32.1,38.0,12.108456321042336,-2.3100349651565963,32.840701523671925,0.5660377358490566,38.672073790048906,30.903274214023607,CLE
Lake Bachar,669199,2026,85.0,352,89,13,25.3,10.2,1,4,3.49,0.203,0.35,0.287,0.289,29.9,7.7,34.4,78.799190367,93.625993716,19.9,48.0,29.7,45.1,39.8,32.1,18.1,1419,PIT,76,669199,1421,5.3,0.159,0.205,0.118,0.364,0.221,0.233,0.194,7,44,87.4,17.1,2752,90.3,89.7,17,76,0,-0.5999999999999943,5.89,107,151,119,148,309,323,293,4.54,-4.54,72.5,7.7,3.987867183,44,37,4,0,0,3,7,15.9,0,0,2.34,0.46,0.22,0.22,90.8,135,21.62162162162162,5.405405405405405,4.545454545454546,5.91,-1.41,0.28,2.22,0.159,2,-5.973684211,0.194,0.354,5.973684211,-0.035,-0.035,0.01,-0.012,22.4,41.3,11.891197949164708,-6.32888218715457,30.4146408283036,0.6578947368421053,38.356156214836766,32.900010909449634,PIT
Aaron Ashby,676879,2026,87.1,383,116,8,30.3,10.7,13,3,3.19,0.203,0.297,0.287,0.268,28.1,4.9,40.2,76.20475045,94.447155135,14.3,57.6,32.1,40.5,56.3,19.2,20.1,1582,MIL,115,676879,1586,7.3,0.226,0.075,0.25,0.302,0.231,0.309,0.275,12,53,90.8,7.1,2184,93.4,92.27,31,115,0,-1.1000000000000083,5.58,111,151,126,149,300,315,291,5.153,-5.153,71.8,7.5,3.217578092,53,45,10,1,0,1,8,15.1,0,0,2.49,0.15,0.7,-0.7,92.6,140,46.66666666666666,8.88888888888889,7.547169811320755,6.57,0.25,0.07,2.0,0.226,4,-4.480869565,0.275,0.45,4.480869565,-0.049,-0.049,-0.148,-0.078,27.0,56.4,10.935478887225624,-3.8642048757736447,33.90795018841776,0.5304347826086957,37.16925286930443,32.35524985968976,MIL
Ben Peoples,687239,2026,16.1,68,10,3,14.7,11.8,0,1,2.76,0.221,0.362,0.333,0.305,34.7,6.1,26.5,73.9668716,92.119654694,21.1,28.6,24.0,51.8,44.9,28.6,22.4,282,TBD,43,687239,282,15.2,0.273,0.0,0.273,0.273,0.223,0.269,0.301,3,11,86.2,7.0,2380,92.5,92.68,8,43,0,0.2000000000000028,6.45,110,149,117,143,300,321,297,2.194,-2.194,72.1,7.4,0.939111727,12,11,3,0,0,0,1,8.3,0,0,1.84,0.85,-0.12,-0.12,90.2,149,27.27272727272727,0.0,0.0,6.01,-1.08,0.18,2.4,0.25,0,-5.102325581,0.277,0.375,5.102325581,-0.028,-0.027,-0.102,-0.046,18.6,49.8,9.107889417194835,-2.1191487508522666,28.852991573163965,0.3255813953488372,38.2122512001628,29.856245304292568,TBD
Yunior Marte,805074,2026,24.1,103,15,5,14.6,9.7,0,2,4.44,0.276,0.485,0.357,0.36,32.1,11.5,46.2,77.008648205,95.190047403,12.2,39.2,20.1,45.7,41.0,26.9,24.4,381,TBD,77,805074,381,20.2,0.378,0.378,0.361,0.756,0.48,0.406,0.337,17,45,89.7,11.8,1947,88.9,90.0,12,77,0,1.0999999999999943,6.88,106,149,117,145,294,323,294,-2.852,2.852,72.1,7.6,2.804551159,45,40,9,3,1,4,5,11.1,0,0,2.25,0.65,0.35,0.35,92.9,162,50.0,12.5,11.11111111111111,6.1,-1.5,0.07,2.2,0.378,5,3.703896104,0.337,0.617,-3.703896104,0.041,0.0409999999999999,0.139,0.074,15.6,49.5,12.538232902378628,-6.10791872525996,32.658494151407794,0.6363636363636364,36.74906115062264,33.57266996936516,TBD
Chris Devenski,606965,2026,7.2,38,5,3,13.2,2.6,0,0,11.74,0.282,0.451,0.467,0.334,38.7,9.7,54.8,84.7264775,95.328017742,12.2,25.9,17.6,50.7,41.9,19.4,25.8,134,TBD,9,606965,134,6.7,0.167,0.0,0.2,0.167,0.148,0.251,0.274,1,6,92.5,29.6,2147,90.7,90.4,1,9,0,-0.2999999999999971,6.33,111,154,120,148,299,319,286,1.221,-1.221,71.7,7.4,1.543407672,6,5,1,0,0,0,1,16.7,0,0,1.78,1.03,0.95,0.95,92.5,135,60.0,0.0,0.0,6.2,-0.1,0.23,2.38,0.167,0,-13.566666667,0.274,0.303,13.566666667,-0.107,-0.107,-0.136,-0.103,11.1,38.5,11.900430827530602,-0.2655639676261972,28.779046710041847,0.6666666666666666,38.76679185901655,32.512920887239936,TBD
Robert Garcia,676395,2026,16.2,70,11,1,15.7,12.9,1,1,2.7,0.228,0.337,0.282,0.302,28.0,4.0,28.0,75.6061424,92.231111224,19.6,35.5,23.6,43.5,48.0,30.0,16.0,283,TEX,33,676395,283,11.7,0.25,0.188,0.2,0.438,0.295,0.301,0.26,4,16,83.6,18.5,1955,89.0,88.84,1,33,0,-0.2000000000000028,6.33,106,150,115,145,302,327,296,1.342,-1.342,71.8,7.6,4.349880684,16,16,3,0,0,1,0,0.0,0,0,2.59,0.31,0.86,-0.86,91.0,151,25.0,12.5,12.5,5.73,3.54,0.15,2.1,0.25,2,-4.066666667,0.26,0.454,4.066666667,-0.01,-0.01,-0.016,-0.006,3.0,26.4,9.451867147698998,-6.168623842321534,35.33050753739309,0.6060606060606061,38.26180961823596,33.24903276619105,TEX
Jesse Scholtens,669947,2026,44.2,196,34,10,17.3,7.1,5,3,4.03,0.276,0.466,0.348,0.348,37.2,10.3,35.2,76.816485556,93.396431469,13.9,34.5,20.6,49.8,38.6,26.9,24.1,723,TBD,23,669947,724,3.2,0.273,0.091,0.273,0.364,0.254,0.237,0.273,3,11,85.1,11.8,2035,88.3,89.07,5,23,0,0.7999999999999972,6.73,107,154,123,148,309,337,300,0.478,-0.478,70.0,7.0,0.852205178,12,11,2,1,0,0,1,8.3,0,0,2.26,0.68,0.36,0.36,90.5,140,27.27272727272727,0.0,0.0,5.8,-1.14,-0.12,2.4,0.25,0,-2.07826087,0.253,0.31,2.07826087,0.0,-0.003,0.054,0.017,21.7,41.1,6.034272293258933,9.181347865303916,32.071095574534795,0.3478260869565217,35.618905258316225,23.846948784541816,TBD
Austin Hedges,595978,2026,4.1,20,1,0,5.0,0.0,0,0,6.23,0.25,0.304,0.312,0.24,21.1,0.0,26.3,83.577997,93.014378947,5.6,9.1,6.9,52.7,47.4,26.3,21.1,15,CLE,9,595978,55,16.4,0.167,0.0,0.2,0.167,0.148,0.13,0.14,1,6,86.5,21.8,1801,69.8,68.28,2,9,0,-1.5,5.31,109,154,125,148,299,337,303,0.846,-0.846,72.6,7.0,0.549317052,6,5,1,0,0,0,1,16.7,0,0,4.17,0.61,1.0,1.0,92.1,108,40.0,0.0,0.0,5.3,-4.36,0.23,2.63,0.167,0,-9.4,0.14,0.153,9.4,0.027,0.0269999999999999,0.014,0.018,22.2,11.6,6.327958786669948,7.194291929156352,29.38927523947465,0.6666666666666666,36.89641617951664,26.960944082467133,CLE
Chad Patrick,694477,2026,105.2,437,93,10,21.3,10.5,9,4,3.07,0.237,0.378,0.294,0.313,32.4,6.1,36.9,77.528943099,94.099250246,19.8,39.7,26.2,47.7,39.9,29.7,20.5,1704,MIL,74,694477,1713,4.3,0.163,0.07,0.2,0.233,0.172,0.184,0.17,7,43,84.5,13.5,2348,93.4,93.12,24,74,0,-0.3000000000000113,6.07,106,152,128,148,304,318,294,7.293,-7.293,72.1,7.3,1.11398853,43,31,6,0,0,1,12,27.9,0,0,1.72,0.89,0.41,0.41,90.9,167,22.58064516129032,3.225806451612903,2.3255813953488373,5.44,-1.1,0.26,2.55,0.163,1,-9.855405405,0.17,0.255,9.855405405,-0.007,-0.007,-0.022,-0.012,32.4,30.1,8.475877004045728,3.2794158783309912,31.471759305465746,0.4324324324324324,39.54241213947749,27.338596337436243,MIL
Kade Anderson,807739,2026,32.1,146,32,4,21.9,6.2,2,2,4.18,0.257,0.394,0.306,0.305,35.2,7.6,41.0,75.477745577,93.919997885,18.3,39.1,24.4,54.5,43.8,25.7,23.8,541,SEA,210,807739,541,38.8,0.256,0.144,0.27,0.4,0.276,0.296,0.268,23,90,87.3,13.4,2035,89.1,90.3,47,210,0,1.2000000000000028,6.84,104,150,117,143,298,324,291,6.318,-6.318,72.9,7.3,2.15873172,92,77,17,2,1,3,15,16.3,0,0,2.2,0.67,0.35,-0.35,91.4,158,40.25974025974026,7.792207792207792,6.521739130434782,6.0,1.04,-0.03,2.29,0.25,6,-3.008571429,0.267,0.427,3.008571429,-0.012,-0.017,-0.027,-0.02,22.4,52.5,8.873981550587702,-2.2832401117905365,32.61976722984109,0.4857142857142857,35.039581942443945,30.58955860883003,SEA
Zach Agnos,688642,2026,91.0,407,58,10,14.3,8.6,0,2,5.93,0.281,0.46,0.351,0.349,38.5,8.8,41.4,77.914029085,94.159237934,9.7,42.7,21.1,50.1,38.5,31.4,26.2,1502,COL,101,688642,1511,6.7,0.279,0.186,0.275,0.465,0.298,0.26,0.24,12,43,89.0,18.9,2323,90.2,90.38,18,101,0,0.2000000000000028,6.13,104,147,118,144,310,334,294,3.665,-3.665,73.6,7.7,2.90215813,46,41,6,5,0,1,5,10.9,0,0,2.34,0.45,0.18,0.18,92.1,152,39.02439024390244,9.75609756097561,8.695652173913043,5.8,-2.24,0.03,2.15,0.261,4,-3.628712871,0.228,0.403,3.628712871,0.039,0.033,0.062,0.038,17.8,40.6,13.030379774062986,-7.090535586902479,33.40976553882535,0.6237623762376238,36.020974332334475,33.84726973607898,COL
Mason Miller,695243,2026,69.0,272,129,3,47.4,9.6,5,2,1.3,0.138,0.202,0.208,0.201,31.3,7.0,28.7,75.813395439,92.786414386,28.9,68.0,45.3,47.3,47.0,24.3,22.6,1149,SD,55,695243,1154,4.8,0.364,0.182,0.538,0.545,0.393,0.188,0.199,8,22,87.9,15.0,2445,97.4,98.15,18,55,0,0.6999999999999886,6.77,120,151,122,147,308,327,287,-1.281,1.281,71.7,7.2,4.139625687,22,14,6,1,0,1,8,36.4,0,0,1.62,0.81,0.09,0.09,90.0,157,28.57142857142857,7.142857142857142,4.545454545454546,6.25,-1.25,0.22,2.46,0.364,1,2.329090909,0.199,0.239,-2.329090909,0.165,0.1649999999999999,0.306,0.205,32.7,41.2,7.605157608367979,1.0049933617256068,29.548070108288734,0.6181818181818182,39.11797864736175,28.672087468560868,SD
Spencer Bivens,702352,2026,7.0,42,12,1,28.6,14.3,0,0,10.29,0.264,0.449,0.412,0.355,54.2,8.3,25.0,78.510693333,93.54966,18.9,34.6,24.1,43.4,33.3,29.2,33.3,182,KC,19,702352,182,10.4,0.4,0.1,0.5,0.5,0.393,0.276,0.272,4,10,84.7,24.6,2075,90.7,91.18,5,19,0,0.5,6.65,101,150,113,146,293,322,291,-0.504,0.504,70.3,6.8,3.961149564,10,8,3,1,0,0,2,20.0,0,0,2.27,0.55,0.44,0.44,90.3,178,12.5,0.0,0.0,5.87,-2.85,-0.22,2.57,0.4,0,2.652631579,0.272,0.37,-2.652631579,0.128,0.128,0.13,0.117,26.3,29.7,6.642974860661554,2.743111132333483,32.05306695900583,0.2631578947368421,32.84091901338559,30.358765028200786,KC
Mitch Keller,656605,2026,115.2,503,89,15,17.7,8.3,6,8,5.29,0.288,0.455,0.334,0.355,38.7,7.4,42.3,78.627953315,94.533052327,13.0,36.5,20.5,47.4,37.9,25.8,29.9,1887,TBD,19,656605,1888,1.0,0.375,0.875,0.25,1.25,0.67,0.648,0.355,3,8,92.4,23.5,2442,88.3,88.76,5,19,0,0.5,6.6,111,151,122,149,300,318,290,-2.165,2.165,71.3,7.3,3.103437615,8,6,0,1,0,2,2,25.0,0,0,2.35,0.6,0.17,0.17,92.3,205,50.0,50.0,37.5,5.76,-1.76,0.25,2.43,0.375,3,11.394736842,0.355,1.214,-11.394736842,0.02,0.02,0.036,0.022,26.3,35.3,12.10899843472704,0.382343774473994,33.25074830276097,0.5789473684210527,39.64233588141006,32.88884338533288,TBD
Nick Martinez,607259,2026,177.1,706,108,22,15.3,3.5,15,5,2.94,0.261,0.409,0.289,0.305,34.6,6.7,32.5,75.678181519,93.060889929,10.4,33.9,17.4,50.8,36.7,29.5,24.0,2472,TB,176,607259,2475,7.1,0.264,0.23,0.243,0.494,0.324,0.263,0.235,23,87,86.2,20.1,2258,89.5,88.92,27,176,0,-0.5999999999999943,5.94,104,153,123,148,310,331,293,0.951,-0.951,72.8,7.3,2.007207004,87,76,15,2,0,6,11,12.6,0,0,1.9,0.97,0.76,0.76,90.9,147,28.947368421052637,6.578947368421052,5.747126436781609,5.99,-1.64,-0.07,2.42,0.264,5,-0.540340909,0.235,0.377,0.540340909,0.029,0.029,0.117,0.061,15.3,53.3,10.270016393597558,-1.0863454359004208,31.403015831113503,0.5625,35.23234021643761,30.46750387720836,TB
Michael Lorenzen,547179,2026,127.1,619,90,23,14.5,8.7,3,13,7.21,0.3,0.493,0.406,0.372,34.5,9.2,46.3,80.902581974,95.328123798,10.7,36.9,18.0,44.5,43.7,24.7,26.7,2399,TBD,74,547179,2400,3.1,0.41,0.256,0.394,0.667,0.452,0.438,0.35,16,39,95.1,18.2,2476,88.8,88.06,14,74,0,-0.7000000000000028,5.86,105,151,117,145,300,324,290,-2.708,2.708,72.6,7.6,3.844606456,40,36,12,1,0,3,4,10.0,0,0,2.47,0.45,0.36,0.36,94.7,172,58.333333333333336,11.11111111111111,10.0,5.75,-1.95,0.08,2.3,0.4,4,3.659459459,0.355,0.673,-3.659459459,0.06,0.045,-0.006,0.014,18.9,41.1,10.157315737884694,-4.3545368231792825,31.103886537964044,0.527027027027027,36.911201354902246,31.360092525989057,TBD
Josh Simpson,681006,2026,7.1,38,10,4,26.3,10.5,0,0,9.82,0.227,0.532,0.482,0.369,39.1,17.4,43.5,82.3413875,95.654553043,13.3,36.8,20.3,41.8,30.4,43.5,13.0,153,TBD,20,681006,154,13.0,0.5,0.0,0.6,0.5,0.445,0.214,0.224,3,6,91.7,21.8,2370,83.8,83.11,3,20,0,-0.7000000000000028,5.71,104,150,115,147,292,323,286,-0.173,0.173,71.9,7.5,2.328906908,6,5,3,0,0,0,1,16.7,0,0,3.45,-0.18,-0.26,0.26,91.1,99,40.0,0.0,0.0,5.06,1.2,-0.13,1.92,0.5,0,0.865,0.224,0.272,-0.865,0.276,0.276,0.228,0.231,15.0,22.8,11.027372428859106,-8.356292282032758,29.95016838727105,0.4,35.11176792763092,34.54215300377162,TBD
Michael Soroka,647336,2026,111.1,454,110,9,24.2,5.9,9,5,3.31,0.252,0.401,0.282,0.311,36.8,8.1,33.9,76.469966169,93.367986331,12.4,41.6,23.1,49.7,37.1,27.7,26.5,1761,ARI,83,647336,1763,4.7,0.133,0.033,0.16,0.167,0.123,0.242,0.228,4,30,86.3,18.5,2620,89.0,88.8,19,83,0,-0.2000000000000028,6.13,106,149,121,147,306,323,294,6.432,-6.432,72.6,7.3,2.139320849,32,25,3,1,0,0,7,21.9,0,0,2.52,0.38,0.23,0.23,89.6,155,28.000000000000004,4.0,3.125,5.49,-2.61,0.18,2.55,0.125,1,-7.74939759,0.225,0.342,7.74939759,-0.095,-0.1,-0.175,-0.119,22.9,26.0,11.138526507564237,-3.638880097480231,29.62744874421417,0.6144578313253012,38.21093244413995,33.27379020535184,ARI
Manuel Rodríguez,655889,2026,4.2,31,9,1,29.0,19.4,0,0,3.86,0.221,0.36,0.408,0.344,33.3,6.7,33.3,82.09039,94.503791429,3.4,45.8,22.6,43.4,46.7,6.7,40.0,122,TB,32,655889,126,25.4,0.231,0.154,0.333,0.385,0.263,0.21,0.209,3,13,91.1,13.0,2186,92.7,93.53,9,32,0,0.7999999999999972,6.68,107,153,123,150,308,334,294,1.249,-1.249,71.9,7.4,1.813692972,13,9,1,2,0,0,4,30.8,0,0,2.17,0.49,0.44,0.44,90.5,110,33.33333333333333,0.0,0.0,5.41,-1.12,-0.19,2.41,0.231,0,-3.903125,0.209,0.271,3.903125,0.022,0.022,0.114,0.053,28.1,44.1,11.508271682454351,-1.054724665244183,32.20158314532509,0.5625,34.02013115703742,29.40787391958379,TB
Zach Maxwell,687209,2026,13.0,67,12,3,17.9,14.9,0,1,8.31,0.274,0.452,0.407,0.366,37.8,11.4,39.5,82.500818182,94.337208864,7.4,43.8,16.4,43.7,26.7,31.1,28.9,291,TBD,14,687209,293,4.8,0.375,0.0,0.375,0.375,0.297,0.153,0.186,3,8,85.2,25.8,2463,97.4,96.96,4,14,0,-0.4000000000000057,6.11,109,146,113,142,299,325,283,0.304,-0.304,73.8,7.6,0.331347426,9,8,3,0,0,0,1,11.1,0,0,1.22,1.19,0.67,0.67,91.7,113,25.0,0.0,0.0,6.12,-2.34,-0.14,2.18,0.333,0,-2.171428571,0.166,0.206,2.171428571,0.189,0.167,0.169,0.144,28.6,34.9,7.682264151378436,-3.913295207067806,32.53807711953069,0.5,35.99446828390243,31.20855496767048,TBD
Brock Stewart,592779,2026,25.2,103,25,3,24.3,9.7,1,2,2.45,0.186,0.301,0.258,0.248,23.5,4.4,27.9,65.876245588,92.388121765,22.9,37.1,28.2,49.2,55.9,22.1,8.8,382,LAD,37,592779,387,9.6,0.278,0.222,0.308,0.5,0.332,0.277,0.223,5,18,76.7,-1.4,2461,91.3,91.44,10,37,0,0.1000000000000085,6.33,105,148,117,143,308,321,288,0.067,-0.067,71.6,7.1,1.741322332,18,14,3,1,0,1,4,22.2,0,0,2.19,0.58,0.17,0.17,91.0,90,28.57142857142857,7.142857142857142,5.555555555555555,5.15,-1.65,-0.11,2.53,0.278,1,-0.181081081,0.223,0.422,0.181081081,0.055,0.055,0.078,0.055,27.0,20.4,7.664275005530484,4.237617160838349,31.15158098149013,0.4864864864864865,35.373139889879496,27.40922456879486,LAD
Gregory Soto,642397,2026,66.0,285,79,5,27.7,10.2,6,5,3.68,0.196,0.291,0.283,0.27,30.2,4.1,33.1,74.17841,93.124647636,15.1,46.4,27.3,43.2,46.2,23.7,18.9,1153,PIT,87,642397,1161,7.5,0.349,0.163,0.441,0.512,0.371,0.259,0.256,15,43,90.8,14.1,2424,89.5,89.52,18,87,0,0.0,6.38,110,151,120,148,310,324,288,-0.369,0.369,71.2,7.5,4.030934816,43,34,8,7,0,0,9,20.9,0,0,2.49,0.41,0.34,-0.34,91.7,164,38.23529411764706,0.0,0.0,5.55,1.95,-0.12,2.11,0.349,0,0.424137931,0.256,0.343,-0.424137931,0.093,0.0929999999999999,0.169,0.112,20.7,33.8,11.71130468964973,-6.518104417165273,35.04991095611312,0.4827586206896552,34.52059727786505,33.40013041837376,PIT
Tom Cosgrove,676680,2026,16.1,74,14,3,18.9,8.1,1,2,7.71,0.249,0.41,0.379,0.32,32.7,9.6,38.5,74.838292692,93.849098431,13.7,25.7,16.8,51.1,32.7,36.5,23.1,268,TBD,42,676680,268,15.7,0.421,0.526,0.4,0.947,0.573,0.412,0.332,8,19,90.6,18.3,2630,81.7,81.35,5,42,0,-0.2999999999999971,5.92,109,148,114,145,300,328,294,-4.15,4.15,71.8,7.3,4.820661199,19,17,3,2,1,2,2,10.5,0,0,2.97,0.53,-0.44,0.44,93.3,202,47.05882352941176,23.52941176470588,21.052631578947366,4.71,2.7,0.11,2.46,0.421,4,9.880952381,0.332,0.646,-9.880952381,0.089,0.0889999999999999,0.301,0.161,11.9,12.1,9.08053971620637,-2.4355907064083606,28.73597072505328,0.5238095238095238,38.31270889125296,31.57134221430417,TBD
Bryce Elder,693821,2026,149.0,633,121,24,19.1,7.7,8,8,4.11,0.252,0.401,0.313,0.313,33.1,6.8,39.9,79.952595759,94.304327455,12.3,42.0,21.6,46.3,44.2,26.4,23.5,2245,TBD,70,693821,2247,3.1,0.245,0.163,0.238,0.408,0.281,0.325,0.291,12,49,91.9,12.2,2160,88.3,88.52,11,70,0,0.2000000000000028,6.34,111,151,122,148,317,323,302,2.902,-2.902,72.7,7.4,3.186859209,49,44,8,2,0,2,5,10.2,0,0,2.31,0.61,0.57,0.57,93.4,146,45.45454545454545,11.363636363636363,10.20408163265306,6.21,-1.63,0.0,2.14,0.245,5,-4.145714286,0.291,0.469,4.145714286,-0.046,-0.0459999999999999,-0.061,-0.044,15.7,48.8,12.5874711124747,-5.437241775873653,32.956947842539726,0.7,35.12814719167007,33.78681572078849,TBD
Will Dion,702021,2026,47.2,193,53,8,27.5,8.3,2,2,3.78,0.213,0.361,0.316,0.284,39.0,7.3,33.3,76.2131615,93.129266417,18.8,44.0,27.6,50.9,36.6,34.1,21.1,755,WSH,111,702021,755,14.7,0.191,0.277,0.156,0.468,0.277,0.269,0.209,9,47,86.1,22.6,1948,83.8,83.77,29,111,0,0.0,6.19,107,152,117,147,306,330,297,1.715,-1.715,72.1,7.6,4.389585753,47,36,4,1,0,4,11,23.4,0,0,2.09,1.2,0.41,-0.41,91.3,178,33.33333333333333,13.88888888888889,10.638297872340424,5.99,0.39,0.17,2.41,0.191,5,-1.545045045,0.209,0.431,1.545045045,-0.018,-0.0179999999999999,0.037,0.008,26.1,67.2,13.429557546732998,-10.762695564496465,29.90293511888908,0.5855855855855856,37.398750421870034,36.135278070035405,WSH
AJ Smith-Shawver,700363,2026,30.0,139,24,6,17.3,11.5,0,3,6.6,0.239,0.403,0.356,0.33,33.0,8.2,36.1,76.721981875,93.802819479,16.1,33.0,21.7,49.7,40.2,24.7,22.7,557,ATL,108,700363,557,19.4,0.233,0.186,0.276,0.419,0.278,0.256,0.226,10,43,86.7,18.8,1800,87.6,88.44,26,108,0,0.8000000000000114,6.83,110,150,122,146,310,324,303,1.548,-1.548,72.0,7.7,4.863229104,43,31,6,2,0,2,12,27.9,0,0,2.55,0.48,0.68,0.68,91.2,186,25.806451612903224,9.67741935483871,6.976744186046512,5.69,-2.34,-0.05,2.22,0.233,3,-1.433333333,0.226,0.376,1.433333333,0.007,0.007,0.043,0.022,24.1,39.4,13.455701311813677,-12.099231005104,31.05639852105217,0.4722222222222222,35.567495076106475,37.264591620879486,ATL
Shawn Armstrong,542888,2026,34.1,154,34,4,22.1,12.3,2,1,4.72,0.216,0.383,0.307,0.315,31.3,7.1,35.4,78.298572708,93.400017604,17.9,41.9,23.7,49.0,44.4,28.3,19.2,628,CLE,1,542888,632,0.2,0.0,0.0,0.0,0.0,0.0,0.406,0.451,0,1,74.5,14.0,2602,83.3,83.9,0,1,0,0.6000000000000085,6.3,115,154,132,148,299,315,305,0.234,-0.234,70.0,8.5,,1,1,0,0,0,0,0,0.0,0,0,2.4,0.85,-0.71,-0.71,88.0,131,0.0,0.0,0.0,5.92,-1.68,0.05,1.45,0.0,0,-23.4,0.451,0.461,23.4,-0.451,-0.451,-0.461,-0.406,0.0,42.9,21.1642391978025,-23.38610152335051,40.33661309552522,0.0,34.873386644609624,42.245028578533216,CLE
Lyon Richardson,680689,2026,3.1,16,4,2,25.0,18.8,0,1,13.5,0.23,0.727,0.433,0.478,25.0,28.6,25.0,79.06667,94.366968571,26.7,40.0,32.0,36.8,62.5,25.0,0.0,68,TBD,9,680689,68,13.2,0.0,0.0,0.0,0.0,0.0,0.075,0.083,0,3,87.8,-10.5,2078,86.9,85.81,3,9,0,-1.1000000000000083,5.81,119,146,121,145,301,320,292,0.787,-0.787,71.6,8.0,3.026119296,3,2,0,0,0,0,1,33.3,0,0,2.83,0.23,1.04,1.04,88.8,35,0.0,0.0,0.0,5.2,-1.33,0.25,1.9,0.0,0,-8.744444444,0.083,0.093,8.744444444,-0.083,-0.083,-0.093,-0.075,33.3,27.3,15.331271369712404,-10.936299022938512,33.75505217194406,0.4444444444444444,37.30030776332866,37.35126408811968,TBD
Cal Quantrill,615698,2026,110.0,443,81,13,18.3,5.6,9,5,2.86,0.242,0.402,0.274,0.303,33.0,7.3,36.4,78.664019329,93.727857073,13.4,32.6,19.6,48.1,40.3,27.9,23.6,1669,TBD,124,615698,1673,7.4,0.169,0.141,0.155,0.31,0.202,0.257,0.227,12,71,89.9,15.3,1922,90.4,90.51,25,124,0,0.0999999999999943,6.39,108,152,114,147,303,326,298,7.967,-7.967,72.7,7.3,3.97942397,72,61,8,1,0,3,11,15.3,0,0,2.06,0.75,0.76,0.76,92.2,158,41.66666666666667,5.0,4.166666666666666,6.28,-1.32,-0.02,2.35,0.167,3,-6.425,0.224,0.386,6.425,-0.058,-0.0569999999999999,-0.076,-0.055,20.2,44.3,8.2456617530507,1.2295034222569037,32.02878558146037,0.4838709677419355,35.39942207581212,29.757957412686608,TBD
Emerson Hancock,676106,2026,138.2,566,126,20,22.3,5.7,7,8,3.57,0.242,0.41,0.302,0.308,30.9,8.8,41.6,78.990173166,94.375884623,18.1,39.0,23.7,51.9,43.9,28.9,20.0,2171,TBD,110,676106,2176,5.1,0.358,0.283,0.341,0.642,0.42,0.287,0.231,19,53,92.0,15.5,2423,90.8,90.52,25,110,0,-0.2999999999999971,6.16,107,150,116,147,290,323,295,-4.421,4.421,71.5,7.5,4.942539371,54,48,12,3,0,4,6,11.1,0,0,2.47,0.36,0.53,0.53,91.8,141,39.58333333333333,10.416666666666668,9.25925925925926,5.0,-2.94,-0.07,2.35,0.352,5,4.019090909,0.241,0.391,-4.019090909,0.127,0.1109999999999999,0.251,0.133,22.7,9.8,7.97724024081464,-4.025133379715939,32.239450056152776,0.4363636363636363,35.5238428610489,30.856168334538783,TBD
Tyler Zuber,676604,2026,39.2,175,42,10,24.0,6.3,2,1,5.67,0.24,0.389,0.369,0.301,28.3,6.7,44.2,81.202892034,94.65624839,14.5,42.0,22.9,47.3,44.2,34.2,17.5,694,TBD,88,676604,694,12.7,0.19,0.238,0.179,0.429,0.261,0.286,0.232,8,42,87.9,16.7,2540,90.3,89.81,27,88,0,-0.5,6.06,107,148,118,145,307,325,294,1.693,-1.693,71.4,7.3,2.369189301,42,31,4,1,0,3,11,26.2,0,0,2.17,0.67,-0.1,-0.1,92.5,159,41.935483870967744,12.903225806451612,9.523809523809524,4.99,-2.33,0.15,2.35,0.19,4,-1.923863636,0.232,0.444,1.923863636,-0.042,-0.042,-0.015,-0.025,30.7,30.3,7.779522661884827,0.8547965650598595,32.841360886382084,0.4090909090909091,37.59061694143218,28.690105729107515,TBD
Alex McFarlane,686934,2026,18.0,73,19,1,26.0,9.6,4,1,2.0,0.238,0.334,0.238,0.291,31.9,4.3,40.4,76.020103913,93.858198478,25.6,32.6,27.9,46.9,48.9,19.1,23.4,290,PHI,54,686934,290,18.6,0.208,0.125,0.2,0.333,0.234,0.336,0.313,5,24,84.5,4.1,2580,97.5,97.63,12,54,0,0.0999999999999943,6.34,112,153,119,145,302,324,287,3.321,-3.321,72.8,7.3,3.086150436,24,21,4,0,0,1,3,12.5,0,0,1.59,0.83,0.8,0.8,92.0,164,42.85714285714285,4.761904761904762,4.166666666666666,5.48,-2.13,-0.15,2.33,0.208,1,-6.15,0.313,0.464,6.15,-0.105,-0.105,-0.131,-0.102,22.2,26.0,6.435372537169282,2.0074067649307983,33.21832991872766,0.4074074074074074,34.88411935688944,26.35564482533188,PHI
Austin Peterson,804926,2026,2.0,8,3,0,37.5,0.0,0,0,0.0,0.142,0.172,0.111,0.137,20.0,0.0,60.0,81.535563333,94.341752,33.3,37.5,35.7,45.2,80.0,0.0,20.0,31,TBD,9,804926,31,29.0,0.2,0.0,0.25,0.2,0.178,0.114,0.116,1,5,85.2,-6.0,2251,86.9,87.84,4,9,0,0.8999999999999915,6.77,109,152,126,146,298,315,291,0.039,-0.039,70.5,7.6,3.952150725,5,4,1,0,0,0,1,20.0,0,0,2.65,0.39,-0.2,-0.2,92.3,113,50.0,0.0,0.0,5.29,-1.97,0.13,1.92,0.2,0,-0.433333333,0.116,0.147,0.433333333,0.084,0.084,0.053,0.064,44.4,28.0,13.325283497870874,-8.535158543506217,35.515414085541856,0.5555555555555556,37.01130544653099,36.1898521503817,TBD
Carlos Rodón,607074,2026,84.1,340,91,7,26.8,11.2,7,3,2.67,0.224,0.356,0.254,0.304,38.3,6.8,38.3,80.209887087,94.09593561,18.6,51.5,30.0,48.0,37.3,28.7,28.2,1438,NYY,191,607074,1438,13.3,0.158,0.158,0.155,0.316,0.198,0.301,0.254,12,76,91.5,20.3,2319,90.6,90.18,56,191,0,-0.3999999999999915,6.13,108,151,123,149,295,327,286,10.555,-10.555,73.0,7.6,3.205567111,77,61,6,3,0,3,16,20.8,0,0,1.93,0.88,0.38,-0.38,91.9,177,45.0,10.0,7.792207792207792,6.35,2.26,0.01,2.24,0.156,6,-5.52617801,0.257,0.452,5.52617801,-0.096,-0.101,-0.136,-0.103,29.3,46.2,10.498243327912638,-3.3209964247241324,32.85315856936316,0.5392670157068062,36.04456430284028,31.376401986826146,NYY
José Fermin,820862,2026,53.2,238,62,6,26.1,10.5,4,3,3.86,0.252,0.401,0.314,0.328,32.7,7.5,42.9,81.372723425,94.298914041,18.0,52.4,29.8,49.2,46.3,23.1,26.5,981,LAA,85,820862,987,8.6,0.361,0.139,0.444,0.5,0.374,0.345,0.306,13,36,89.0,12.0,2485,91.9,91.34,21,85,0,-0.6000000000000085,5.98,108,151,120,148,306,327,297,-0.946,0.946,72.4,7.5,6.045603838,36,28,10,2,0,1,8,22.2,0,0,2.32,0.39,0.32,0.32,91.1,129,35.714285714285715,7.142857142857142,5.555555555555555,6.23,-1.93,0.21,2.08,0.361,2,1.112941176,0.306,0.498,-1.112941176,0.055,0.0549999999999999,0.002,0.029,24.7,43.6,13.331412294345457,-6.673196763725396,31.531380147178805,0.6352941176470588,37.91416176733216,34.70963185662623,LAA
Jedixson Paez,699151,2026,11.2,57,8,4,14.0,8.8,1,1,10.8,0.33,0.628,0.428,0.418,34.1,15.9,47.7,79.938445,95.762905,16.5,33.3,21.7,50.2,45.5,36.4,13.6,229,BOS,27,699151,229,11.8,0.385,0.308,0.444,0.692,0.46,0.355,0.318,5,13,87.8,2.8,2451,84.5,84.72,6,27,0,0.2000000000000028,6.6,113,153,123,144,285,320,299,-0.402,0.402,72.0,7.7,2.595878952,13,10,3,1,0,1,3,23.1,0,0,3.09,0.16,-0.15,-0.15,92.2,115,40.0,10.0,7.6923076923076925,5.63,-3.34,0.09,1.98,0.385,1,1.488888889,0.318,0.51,-1.488888889,0.067,0.067,0.182,0.105,22.2,39.8,13.070090568233388,-15.162359959727183,30.53765235276625,0.4814814814814814,34.8387532924297,38.91699539435073,BOS
Yaramil Hiraldo,682274,2026,9.1,48,13,2,27.1,20.8,1,0,8.68,0.178,0.31,0.391,0.317,29.2,8.3,33.3,79.51324,93.161445,27.0,61.3,38.3,48.7,20.8,41.7,16.7,193,TBD,36,682274,193,18.7,0.25,0.125,0.4,0.375,0.269,0.158,0.152,4,16,90.8,35.3,2078,91.0,90.57,14,36,0,-0.4000000000000057,6.06,102,148,113,141,311,323,290,1.31,-1.31,72.5,7.4,1.366769033,16,10,2,2,0,0,6,37.5,0,0,1.74,1.04,0.22,0.22,91.6,180,30.0,0.0,0.0,6.24,-0.16,0.05,2.52,0.25,0,-3.638888889,0.152,0.217,3.638888889,0.098,0.098,0.158,0.111,38.9,62.7,14.137485699405492,-4.883700552478481,31.17208314521129,0.6111111111111112,36.33683991649394,31.84956788960501,TBD
Brandon Pfaadt,694297,2026,136.0,562,94,14,16.7,5.7,8,3,3.77,0.252,0.394,0.299,0.305,32.8,7.2,34.9,78.126912617,93.444159579,12.1,39.8,21.3,49.6,45.3,22.3,23.3,2032,ARI,212,694297,2038,10.4,0.264,0.085,0.31,0.349,0.267,0.265,0.245,28,106,89.3,19.5,2586,89.1,89.59,54,212,0,0.5,6.6,110,150,121,147,297,321,292,9.725,-9.725,72.8,7.5,2.583172847,106,88,22,4,1,1,18,17.0,0,0,2.24,0.66,0.13,0.13,91.8,165,34.090909090909086,5.681818181818182,4.716981132075472,5.48,-1.9,0.24,2.27,0.264,5,-4.587264151,0.245,0.376,4.587264151,0.019,0.019,-0.027,0.002,25.5,27.3,10.8001216910379,-4.9693358608640406,31.178166989368805,0.5990566037735849,38.22596917453537,33.42275348523165,ARI
Craig Kimbrel,518886,2026,46.0,196,40,4,20.4,11.2,1,5,4.5,0.244,0.374,0.313,0.316,31.3,5.3,36.6,80.940396,93.830723178,15.9,37.3,23.1,47.9,33.6,33.6,25.2,776,TBD,39,518886,786,5.0,0.455,0.091,0.476,0.545,0.439,0.465,0.428,10,22,94.6,13.4,2298,91.1,91.65,4,39,0,0.6000000000000085,6.7,106,152,119,148,299,326,288,-1.287,1.287,73.5,7.2,3.838433157,22,21,8,2,0,0,1,4.5,0,0,2.07,0.7,0.49,0.49,94.0,172,66.66666666666666,14.285714285714285,13.636363636363637,4.75,-3.2,-0.08,2.42,0.455,3,3.3,0.428,0.657,-3.3,0.027,0.027,-0.112,-0.026,10.3,24.2,7.614986072490614,-2.083176006428066,30.826303104400743,0.4871794871794871,35.05675260045831,30.24192631875914,TBD
Kirby Yates,489446,2026,40.2,178,49,3,27.5,9.6,2,5,3.32,0.213,0.321,0.291,0.285,35.2,5.6,47.2,82.153517736,95.127109057,21.9,38.3,28.0,52.1,33.3,26.9,28.7,726,PIT,70,489446,726,9.6,0.31,0.103,0.4,0.414,0.316,0.226,0.216,9,29,86.2,19.8,2046,89.3,88.77,14,70,0,-0.5,6.06,108,151,118,148,309,323,295,1.628,-1.628,70.6,7.0,2.578225854,29,21,8,0,0,1,8,27.6,0,0,2.03,0.85,1.1,1.1,90.2,171,28.57142857142857,4.761904761904762,3.4482758620689653,5.08,-2.32,0.01,2.73,0.31,1,-2.325714286,0.216,0.313,2.325714286,0.094,0.094,0.101,0.09,20.0,18.0,4.924062876045321,3.410556867273388,29.705345204361127,0.3428571428571428,35.79345745197119,27.73192035920088,PIT
River Ryan,689981,2026,3.0,12,3,0,25.0,8.3,0,0,0.0,0.26,0.341,0.238,0.294,62.5,0.0,37.5,80.39341,95.5042925,30.0,37.5,33.3,41.9,25.0,12.5,62.5,43,DET,3,689981,43,7.0,0.667,0.333,1.0,1.0,0.717,0.295,0.319,2,3,93.1,-4.0,2363,94.2,94.8,1,3,0,0.5999999999999943,6.53,115,150,110,149,309,333,281,-0.819,0.819,72.5,7.0,3.344086704,3,2,1,1,0,0,1,33.3,0,0,1.85,0.71,1.28,1.28,98.7,95,50.0,0.0,0.0,5.51,-2.21,-0.57,2.11,0.667,0,27.3,0.319,0.349,-27.3,0.348,0.348,0.651,0.422,33.3,38.7,-0.8654059488712225,5.768900726500581,34.47721504454528,0.3333333333333333,31.50588902019708,22.6917958836212,DET
Brandon Sproat,687075,2026,97.0,422,101,17,23.9,12.3,3,7,5.57,0.245,0.407,0.352,0.341,34.7,8.6,42.7,79.511800551,94.630858031,17.0,45.0,25.0,45.6,43.2,27.8,23.2,1727,TBD,9,687075,1757,0.5,0.0,0.0,0.0,0.0,0.0,0.036,0.039,0,4,88.0,30.3,2208,92.7,92.64,1,9,0,-0.1000000000000085,6.34,108,153,126,149,294,315,296,1.258,-1.258,71.0,7.2,1.644217548,4,3,0,0,0,0,1,25.0,0,0,2.52,0.18,0.41,0.41,88.9,110,0.0,0.0,0.0,5.51,-2.39,-0.25,2.11,0.0,0,-13.977777778,0.039,0.046,13.977777778,-0.039,-0.039,-0.046,-0.036,11.1,31.2,8.30888755492195,-1.1821716652350194,36.263998403835295,0.4444444444444444,33.302526074640234,29.078371541004696,TBD
Graham Ashcraft,668933,2026,34.1,151,40,2,26.5,15.9,1,1,4.19,0.211,0.31,0.302,0.301,30.2,6.3,36.0,77.33545275,93.58313038,16.5,50.0,30.5,46.1,53.5,20.9,19.8,612,CIN,20,668933,614,3.3,0.444,0.0,0.571,0.444,0.396,0.353,0.325,4,9,95.9,1.3,2704,94.2,93.13,5,20,0,-1.1000000000000083,5.51,113,153,116,149,303,322,286,-0.219,0.219,71.8,7.4,2.629316168,9,7,4,0,0,0,2,22.2,0,0,2.15,0.41,-0.35,-0.35,93.2,82,57.14285714285714,14.285714285714285,11.11111111111111,6.45,0.05,0.45,2.11,0.444,1,1.095,0.325,0.498,-1.095,0.119,0.119,-0.054,0.043,25.0,56.0,7.394186566949339,2.835078393591989,29.57210673055225,0.6,42.70587720743254,27.21487472213822,CIN
CJ Van Eyk,669310,2026,11.2,55,3,2,5.5,3.6,0,2,5.4,0.303,0.557,0.364,0.395,33.3,12.5,43.8,74.9996525,94.502705208,9.5,28.2,15.9,50.2,43.8,33.3,18.8,225,TBD,32,669310,225,14.2,0.273,0.364,0.2,0.636,0.382,0.567,0.38,3,11,88.2,5.4,2084,86.7,86.48,5,32,0,-0.2000000000000028,6.32,115,153,122,147,307,320,289,-0.149,0.149,72.4,7.4,5.920274902,11,11,1,1,0,1,0,0.0,0,0,2.88,0.21,-0.15,-0.15,92.1,154,36.36363636363637,27.27272727272727,27.27272727272727,5.31,-1.57,0.29,2.11,0.273,3,0.465625,0.38,0.981,-0.465625,-0.107,-0.1069999999999999,-0.345,-0.185,15.6,33.4,12.588186669930815,-4.15539115256542,32.973181690171074,0.6875,38.24106633924586,32.981611740347184,TBD
Blas Castaño,680604,2026,27.1,111,21,4,18.9,8.1,2,0,3.62,0.288,0.493,0.351,0.367,38.0,9.0,48.1,81.988921026,94.698184103,12.8,31.8,18.6,46.7,44.3,30.4,22.8,460,TBD,22,680604,460,4.8,0.1,0.0,0.111,0.1,0.089,0.291,0.244,1,10,87.0,11.0,2288,90.8,89.57,2,22,0,-1.2000000000000028,5.35,102,147,118,145,307,337,297,1.965,-1.965,73.9,7.6,1.883157084,10,9,1,0,0,0,1,10.0,0,0,2.25,0.53,0.37,0.37,92.8,133,44.44444444444444,11.11111111111111,10.0,5.05,-2.08,0.16,2.13,0.1,1,-8.931818182,0.244,0.435,8.931818182,-0.144,-0.144,-0.335,-0.202,9.1,36.1,11.18767017088122,1.5352973608461291,34.98908454053635,0.7727272727272727,38.84017132716075,27.29881111947567,TBD
Gerrit Cole,543037,2026,127.0,519,131,22,25.2,4.8,10,9,3.61,0.248,0.401,0.303,0.3,36.2,9.0,44.6,81.410383164,94.50239887,14.6,39.4,21.3,49.2,34.3,27.0,28.1,1923,NYY,166,543037,1953,8.5,0.245,0.223,0.237,0.468,0.303,0.352,0.304,23,94,93.7,16.4,2394,92.8,92.46,28,166,0,-0.2999999999999971,6.2,106,150,127,149,294,328,293,4.417,-4.417,73.4,7.3,1.219414366,94,81,13,4,1,5,13,13.8,0,0,1.96,0.72,0.32,0.32,93.2,171,56.79012345679012,9.876543209876544,8.51063829787234,5.88,-2.05,0.15,2.37,0.245,8,-2.660843373,0.304,0.524,2.660843373,-0.059,-0.059,-0.056,-0.049,16.9,38.7,7.371833520324509,1.9305744097417303,31.242195705545605,0.5481927710843374,37.36438581660749,28.52641454461351,NYY
Michael Fulmer,605242,2026,13.2,61,18,2,29.5,13.1,0,1,3.29,0.212,0.343,0.32,0.299,32.4,14.7,32.4,78.493695294,93.083997941,20.0,56.4,36.7,45.5,38.2,35.3,23.5,264,NYY,50,605242,268,18.7,0.292,0.167,0.368,0.458,0.32,0.336,0.315,7,24,91.0,15.6,2598,87.4,87.7,16,50,0,0.2999999999999971,6.59,104,149,121,147,295,327,293,0.852,-0.852,71.6,7.6,2.347434236,24,19,4,2,1,0,5,20.8,0,0,2.76,0.27,-0.55,-0.55,91.7,156,36.84210526315789,15.789473684210526,12.5,6.06,-2.3,0.43,2.41,0.292,3,-1.704,0.315,0.463,1.704,-0.023,-0.023,-0.005,-0.016,32.0,38.9,11.463218882997264,-7.485498125979885,28.694715494499125,0.56,40.82050210925392,34.74566148857963,NYY
Cole Winn,668390,2026,48.0,215,49,7,22.8,7.4,5,3,5.63,0.274,0.442,0.342,0.337,34.2,6.8,43.6,75.571779863,94.554598288,17.1,47.6,27.7,53.6,38.3,28.9,27.5,787,TBD,49,668390,788,6.2,0.304,0.0,0.368,0.304,0.271,0.316,0.29,7,23,86.9,9.2,2554,91.1,92.22,14,49,0,1.1000000000000083,6.91,109,150,115,144,302,329,301,1.607,-1.607,73.1,7.4,1.993618864,23,19,7,0,0,0,4,17.4,0,0,2.17,0.59,0.13,0.13,90.9,145,36.84210526315789,5.263157894736842,4.3478260869565215,5.53,-1.41,0.09,2.42,0.304,1,-3.279591837,0.29,0.446,3.279591837,0.014,0.014,-0.142,-0.045,28.6,42.2,9.879925104755651,-0.2147387311635215,30.04645234597561,0.5306122448979592,37.60603309215087,29.19713834621633,TBD
Randy Dobnak,677976,2026,74.1,321,49,7,15.3,8.1,3,5,3.51,0.291,0.402,0.325,0.336,34.3,4.6,40.9,79.839269328,94.63596865,9.0,37.0,19.1,45.6,51.2,22.3,24.0,1264,KC,143,677976,1264,11.3,0.265,0.044,0.31,0.309,0.252,0.288,0.29,18,68,89.8,11.1,2028,87.4,86.47,31,143,0,-0.9000000000000057,5.68,107,152,117,148,301,323,284,7.244,-7.244,73.2,7.7,3.470347457,68,58,15,3,0,0,10,14.7,0,0,3.02,-0.01,0.51,0.51,92.7,127,41.37931034482759,0.0,0.0,5.39,-1.95,-0.07,1.93,0.265,0,-5.065734266,0.29,0.379,5.065734266,-0.025,-0.0249999999999999,-0.07,-0.036,21.7,18.7,12.538664287560502,-8.077762684096816,35.368885161271656,0.4965034965034965,34.58408319934792,33.08612676803303,KC
Peter Strzelecki,657265,2026,14.0,61,8,1,13.1,9.8,1,1,5.79,0.201,0.318,0.326,0.294,20.0,4.4,37.8,83.304908636,93.894146364,9.7,32.4,17.0,42.2,40.0,37.8,15.6,251,TBD,38,657265,251,15.1,0.227,0.136,0.227,0.364,0.242,0.215,0.184,5,22,90.8,27.3,2582,87.8,88.53,5,38,0,0.7000000000000028,6.83,106,150,116,145,305,319,289,2.148,-2.148,72.0,7.1,1.677748224,23,22,2,3,0,0,1,4.3,0,0,2.87,0.14,0.11,0.11,91.4,182,36.36363636363637,0.0,0.0,4.95,-1.97,0.08,2.48,0.217,0,-5.652631579,0.2,0.258,5.652631579,0.043,0.0169999999999999,0.106,0.027,13.2,21.0,9.103131471409917,-1.3249680702525986,29.80566127447455,0.6842105263157895,37.20347045164841,31.560440475556863,TBD
Jose Cuas,621016,2026,22.1,108,25,0,23.1,13.9,0,1,2.42,0.297,0.392,0.325,0.352,39.7,2.9,35.3,73.094343824,92.81102,19.7,38.6,27.3,46.5,27.9,20.6,36.8,473,KC,81,621016,477,17.0,0.323,0.032,0.417,0.355,0.29,0.302,0.288,10,31,83.3,21.6,2524,89.1,88.66,19,81,0,-0.3999999999999915,6.3,109,151,118,148,299,323,285,1.924,-1.924,71.4,7.4,4.447419159,32,24,9,1,0,0,8,25.0,0,0,2.58,0.34,0.68,0.68,90.6,160,33.33333333333333,4.166666666666666,3.125,4.07,-4.24,-0.03,2.41,0.313,1,-2.375308642,0.292,0.4,2.375308642,0.035,0.021,-0.045,-0.012,23.5,2.4,9.22428381654093,-5.689471194595794,32.38264742970919,0.5432098765432098,35.74566773693843,30.53052160704312,KC
Michael Petersen,656848,2026,64.1,264,81,5,30.7,10.6,3,4,3.08,0.19,0.353,0.277,0.284,31.1,12.0,42.4,80.867947867,94.6575674,21.9,46.0,30.5,50.6,35.8,30.5,19.2,1103,MIA,69,656848,1111,6.2,0.308,0.269,0.438,0.577,0.376,0.211,0.184,8,26,90.1,15.5,2249,95.7,95.54,18,69,0,-0.2000000000000028,6.31,108,149,120,144,305,329,298,-0.065,0.065,71.7,7.4,2.983715176,26,17,3,4,0,1,9,34.6,0,0,1.3,1.21,0.42,0.42,90.6,172,47.05882352941176,17.647058823529413,11.538461538461538,6.62,-0.74,0.04,2.51,0.308,3,0.094202899,0.184,0.316,-0.094202899,0.124,0.124,0.261,0.165,26.1,53.3,10.112800712660116,0.3514675537527452,32.64211620138689,0.391304347826087,36.12418092931434,29.28359371135522,MIA
Matt Waldron,663362,2026,42.2,194,33,7,17.0,5.7,2,2,6.54,0.235,0.374,0.379,0.291,27.0,5.4,36.5,78.247271111,93.241847431,12.3,29.9,17.8,49.6,44.6,29.7,18.2,690,TBD,31,663362,690,4.5,0.316,0.0,0.333,0.316,0.281,0.259,0.273,6,19,87.4,5.7,1556,84.6,84.92,5,31,0,0.3000000000000113,6.49,105,151,116,147,303,328,295,0.285,-0.285,72.1,7.4,1.741290594,19,18,6,0,0,0,1,5.3,0,0,2.87,0.35,0.1,0.1,91.6,138,27.77777777777778,0.0,0.0,5.67,-1.08,0.2,2.34,0.316,0,-0.919354839,0.273,0.323,0.919354839,0.043,0.0429999999999999,-0.007,0.022,16.1,31.4,9.280622125059953,-1.308595132689247,29.30004559172105,0.6129032258064516,38.25481050121167,30.983116805380963,TBD
Franco Aleman,680916,2026,22.1,103,28,4,27.2,9.7,0,1,4.43,0.233,0.384,0.365,0.324,39.3,6.6,39.3,79.101760645,94.389512295,17.3,50.0,26.7,45.7,29.5,29.5,26.2,427,TBD,46,680916,427,10.8,0.375,0.188,0.455,0.563,0.406,0.353,0.307,6,16,92.2,20.8,2561,92.0,92.6,9,46,0,0.5999999999999943,6.78,109,153,126,148,301,315,278,-1.213,1.213,70.9,7.1,2.662455074,16,12,5,0,0,1,4,25.0,0,0,2.0,0.73,0.55,0.55,90.4,169,33.33333333333333,8.333333333333332,6.25,5.67,-2.12,0.34,2.52,0.375,1,2.636956522,0.307,0.521,-2.636956522,0.068,0.068,0.042,0.053,19.6,20.9,9.531572797209906,1.7937453804361212,30.829660561827858,0.5,39.57165769919012,28.64459414369577,TBD
Garrett Cleavinger,664076,2026,41.1,181,54,6,29.8,12.2,4,4,4.79,0.239,0.377,0.326,0.317,36.9,7.8,40.8,74.0462202,93.9375836,19.4,41.7,28.3,47.7,39.8,22.3,29.1,734,TBD,65,664076,738,8.8,0.227,0.182,0.286,0.409,0.272,0.221,0.202,5,22,87.5,5.4,2570,90.4,90.15,22,65,0,-0.2000000000000028,6.02,100,150,119,145,313,339,300,2.403,-2.403,73.9,7.4,1.978774595,22,15,3,1,0,1,7,31.8,0,0,2.28,0.51,0.04,-0.04,91.8,143,46.66666666666666,6.666666666666667,4.545454545454546,5.19,1.1,-0.3,2.24,0.227,1,-3.696923077,0.202,0.31,3.696923077,0.025,0.0249999999999999,0.099,0.051,33.8,30.7,11.009900817957623,-6.228704393601074,32.97463742568458,0.5538461538461539,33.520441040246936,33.15037046116132,TBD
Chase Silseth,681217,2026,59.2,267,73,5,27.3,13.1,3,3,3.32,0.216,0.357,0.314,0.304,38.7,9.0,32.3,75.950647763,93.390747763,24.1,48.3,32.5,47.1,39.4,30.3,26.5,1078,TEX,95,681217,1097,8.7,0.316,0.184,0.44,0.5,0.35,0.265,0.236,12,38,92.0,15.4,2389,92.0,91.37,31,95,0,-0.5999999999999943,5.99,110,152,119,147,302,327,297,1.525,-1.525,72.8,7.3,2.674580633,38,26,8,2,1,1,12,31.6,0,0,1.98,0.75,0.17,0.17,91.8,178,46.15384615384615,7.6923076923076925,5.263157894736842,5.77,-1.98,0.26,2.44,0.316,2,-1.605263158,0.236,0.383,1.605263158,0.08,0.08,0.117,0.085,32.6,33.8,8.830356851064634,-0.3850601910387237,30.093479061827445,0.5052631578947369,38.60693169180215,29.91927411489545,TEX
Taylor Rogers,573124,2026,59.1,276,54,5,19.6,11.2,6,4,4.4,0.24,0.364,0.338,0.312,38.7,5.9,28.0,75.631042556,92.327270726,13.5,31.2,18.9,42.8,37.1,31.2,25.3,1076,MIN,73,573124,1100,6.6,0.258,0.194,0.292,0.452,0.303,0.25,0.205,8,31,87.1,15.2,2644,82.5,81.69,13,73,0,-0.7999999999999972,5.75,103,148,117,140,297,323,292,2.326,-2.326,72.5,7.4,2.24046868,31,25,4,3,0,1,6,19.4,0,0,3.18,0.22,-0.62,0.62,92.9,179,32.0,12.0,9.67741935483871,5.53,1.75,-0.39,2.27,0.258,3,-3.18630137,0.205,0.39,3.18630137,0.053,0.053,0.062,0.053,17.8,29.2,14.642364761421506,-11.066124293126128,32.16971009475805,0.5205479452054794,33.16070267688276,36.50531455427399,MIN
Brandyn Garcia,805299,2026,50.1,187,59,3,31.6,5.9,0,1,1.97,0.162,0.249,0.211,0.222,20.7,5.4,30.6,75.894637593,93.243761111,18.9,48.8,27.2,43.8,60.4,18.0,13.5,687,ARI,59,805299,692,8.5,0.152,0.182,0.115,0.333,0.205,0.293,0.243,5,33,87.0,4.9,2309,95.0,93.55,7,59,0,-1.4000000000000057,5.43,111,150,120,149,301,321,293,4.912,-4.912,72.3,7.2,1.287031309,33,28,3,0,0,2,5,15.2,0,0,2.15,0.39,0.66,-0.66,91.7,163,35.714285714285715,10.714285714285714,9.090909090909092,5.67,1.58,-0.01,2.42,0.152,3,-8.325423729,0.243,0.446,8.325423729,-0.091,-0.091,-0.113,-0.088,11.9,18.1,6.354104215040901,5.714480315537321,31.687252654067308,0.4915254237288136,36.30051863344045,25.62347254231116,ARI
Juan Mejia,675848,2026,70.0,323,66,6,20.4,12.4,4,6,5.27,0.262,0.384,0.345,0.332,33.2,3.8,38.8,77.425355619,94.307856,15.3,39.7,23.7,47.0,42.5,25.2,26.2,1303,COL,70,675848,1317,5.3,0.313,0.031,0.313,0.344,0.281,0.257,0.248,10,32,87.0,19.0,2642,91.4,91.61,9,70,0,0.1999999999999886,6.05,103,149,119,144,306,331,295,2.076,-2.076,72.0,7.2,1.358021865,33,32,9,1,0,0,1,3.0,0,0,2.27,0.46,-0.14,-0.14,91.0,160,34.375,0.0,0.0,5.88,-1.63,0.1,2.47,0.303,0,-2.965714286,0.255,0.333,2.965714286,0.065,0.0479999999999999,0.011,0.024,12.9,35.6,5.855885696888224,2.113172831953882,30.29550831041999,0.5,37.3883122716822,27.988150072886324,COL
Jameson Taillon,592791,2026,86.0,370,76,27,20.5,8.6,2,6,5.65,0.261,0.532,0.364,0.367,36.9,14.6,39.6,77.992759077,94.451266525,16.0,45.6,26.5,46.3,34.2,38.1,20.8,1443,TBD,36,592791,1447,2.5,0.353,0.412,0.308,0.765,0.473,0.471,0.378,6,17,94.2,16.1,2480,85.2,86.12,10,36,0,0.8999999999999915,6.89,104,152,112,148,289,321,281,-1.77,1.77,72.9,7.5,2.729360624,17,15,3,1,0,2,2,11.8,0,0,2.86,0.31,-0.3,-0.3,94.3,135,66.66666666666666,13.333333333333334,11.76470588235294,6.05,-1.12,0.08,2.26,0.353,2,4.916666667,0.378,0.734,-4.916666667,-0.025,-0.025,0.031,0.002,27.8,46.5,13.476350436895704,-9.60170631688986,30.00062565286079,0.5555555555555556,35.77796941244228,34.22243648242771,TBD
Brendan Cellucci,676454,2026,8.2,30,11,0,36.7,10.0,0,0,0.0,0.171,0.333,0.134,0.247,31.3,6.3,31.3,83.78441,92.937016875,13.3,68.4,34.7,43.8,25.0,50.0,18.8,112,TOR,27,676454,116,23.3,0.0,0.0,0.0,0.0,0.0,0.201,0.184,0,12,90.2,23.4,2403,88.5,88.9,7,27,0,0.4000000000000057,6.7,105,152,120,148,301,324,284,3.509,-3.509,73.9,7.5,3.86668148,12,9,0,0,0,0,3,25.0,0,0,2.2,0.75,-0.57,0.57,90.8,145,33.33333333333333,0.0,0.0,5.57,1.99,-0.27,2.37,0.0,0,-12.996296296,0.184,0.282,12.996296296,-0.184,-0.184,-0.282,-0.201,25.9,40.5,12.316320533713276,-8.020504661619068,32.96934214328749,0.4444444444444444,34.225114884788944,33.51406004042647,TOR
Parker Mushinski,656786,2026,6.2,34,0,0,0.0,14.7,1,0,2.7,0.325,0.459,0.36,0.39,41.4,3.4,37.9,82.107151333,93.465733103,2.5,33.3,12.1,41.7,34.5,27.6,31.0,139,TBD,14,656786,139,10.1,0.3,0.0,0.3,0.3,0.267,0.318,0.333,3,10,94.6,2.9,2498,87.7,88.32,0,14,0,0.5999999999999943,6.39,102,148,112,143,305,325,291,0.615,-0.615,71.3,7.0,,10,10,3,0,0,0,0,0.0,0,0,2.61,0.34,-0.11,0.11,93.2,151,50.0,0.0,0.0,5.58,1.49,-0.12,2.31,0.3,0,-4.392857143,0.333,0.408,4.392857143,-0.033,-0.033,-0.108,-0.051,0.0,39.8,3.084949250217048,4.254078838123176,31.795410838084937,0.4285714285714285,34.8838941649869,27.7993182941313,TBD
John Schreiber,670167,2026,60.1,246,40,7,16.3,10.6,2,4,3.28,0.245,0.386,0.3,0.309,33.5,5.1,38.0,77.86320375,93.8817088,13.1,36.7,20.9,44.6,46.9,23.5,24.6,997,NYY,85,670167,1011,8.4,0.147,0.029,0.161,0.176,0.142,0.19,0.19,5,34,82.2,0.5,2342,90.8,91.05,13,85,0,0.2999999999999971,6.51,112,153,125,149,297,326,289,4.911,-4.911,71.2,7.3,3.058781203,34,31,4,1,0,0,3,8.8,0,0,2.49,0.31,0.47,0.47,89.7,127,16.129032258064516,0.0,0.0,4.59,-2.64,0.21,2.26,0.147,0,-5.777647059,0.19,0.25,5.777647059,-0.043,-0.043,-0.074,-0.048,15.3,11.3,7.228614705747443,-0.2369234528418513,32.06462819037879,0.4705882352941176,38.19484418423872,29.845510123307623,NYY
Cole Irvin,608344,2026,6.0,30,5,1,16.7,10.0,0,1,9.0,0.288,0.512,0.395,0.39,33.3,9.5,52.4,75.433176,96.2271275,12.8,31.3,18.2,53.9,52.4,28.6,19.0,102,TBD,35,608344,102,34.3,0.214,0.357,0.182,0.571,0.327,0.302,0.225,3,14,95.0,13.8,1747,84.2,84.46,6,35,0,0.2999999999999971,6.36,101,150,115,143,302,311,289,0.889,-0.889,71.7,7.5,3.87382771,14,12,0,2,0,1,2,14.3,0,0,2.65,0.59,0.45,-0.45,91.7,145,58.333333333333336,8.333333333333332,7.142857142857142,5.95,1.69,0.09,2.06,0.214,1,-2.54,0.225,0.492,2.54,-0.011,-0.011,0.079,0.025,17.1,37.3,14.392858052191905,-6.887750181506038,33.49777853815515,0.6285714285714286,36.87344201709015,36.3416011417794,TBD
Sean Burke,680732,2026,172.1,716,185,19,25.8,8.7,11,7,3.34,0.228,0.373,0.302,0.3,35.3,8.3,38.8,79.394902291,93.969692313,18.0,41.0,25.5,49.1,35.9,30.5,24.4,2878,CWS,197,680732,2880,6.8,0.198,0.148,0.233,0.346,0.232,0.277,0.239,16,81,91.3,25.8,2544,89.8,90.63,61,197,0,0.7999999999999972,6.8,114,151,122,144,298,327,295,7.67,-7.67,71.4,7.4,3.248824027,81,62,8,6,0,2,19,23.5,0,0,2.11,0.75,0.0,0.0,92.0,186,48.38709677419355,8.064516129032258,6.172839506172839,6.16,-1.98,0.21,2.41,0.198,5,-3.893401015,0.239,0.412,3.893401015,-0.041,-0.0409999999999999,-0.066,-0.045,31.0,40.3,12.713702939905756,-4.465060268428134,31.524547905975105,0.5228426395939086,37.27036037064159,32.740072160233254,CWS
José Urquidy,664353,2026,33.2,164,30,4,18.3,4.3,2,2,4.54,0.247,0.353,0.347,0.286,35.2,5.6,36.8,76.980915645,93.448633548,16.7,34.8,22.0,51.6,39.2,27.2,26.4,607,PHI,104,664353,608,17.1,0.286,0.224,0.275,0.51,0.341,0.29,0.263,14,49,89.9,19.0,2364,86.6,86.04,19,104,0,-0.5999999999999943,5.92,112,151,123,145,301,325,291,-0.287,0.287,72.7,7.6,4.064223764,49,43,9,2,0,3,6,12.2,0,0,2.37,0.72,0.59,0.59,92.4,144,41.86046511627907,6.976744186046512,6.122448979591836,5.88,-1.48,-0.01,2.25,0.286,3,0.275961538,0.263,0.417,-0.275961538,0.023,0.0229999999999999,0.093,0.051,18.3,44.6,13.374490765620097,-9.126181437556625,32.38592718416198,0.4807692307692308,35.59158885042897,35.58758002750515,PHI
Joey Estes,683155,2026,7.1,34,5,4,14.7,5.9,0,0,11.05,0.337,0.576,0.545,0.396,40.7,14.8,37.0,82.426099286,93.888562963,18.4,43.8,24.6,52.0,14.8,48.1,33.3,125,TBD,16,683155,125,12.8,0.333,0.667,0.2,1.0,0.552,0.499,0.401,2,6,94.5,31.0,2450,88.3,88.12,3,16,0,-0.2000000000000028,6.09,107,152,119,148,311,324,297,-1.796,1.796,73.8,7.6,0.931232492,6,6,0,1,0,1,0,0.0,0,0,1.97,0.98,0.18,0.18,92.1,176,50.0,16.666666666666664,16.666666666666664,5.76,-1.9,-0.04,2.43,0.333,1,11.225,0.401,0.788,-11.225,-0.068,-0.068,0.212,0.053,18.8,35.0,11.8459091275477,-4.065181590635234,32.82352179502817,0.5,34.25296119256153,32.28956346716933,TBD
Carson Palmquist,687223,2026,16.1,78,15,1,19.2,10.3,0,2,7.71,0.271,0.374,0.378,0.337,40.4,3.8,23.1,75.2212944,91.862239184,12.0,39.0,22.5,48.2,36.5,28.8,26.9,313,TBD,6,687223,313,1.9,0.667,0.0,0.667,0.667,0.594,0.65,0.712,2,3,88.4,10.0,2092,81.6,83.08,1,6,0,1.5,7.33,105,152,115,146,310,328,294,-0.674,0.674,69.2,7.5,0.974526012,3,3,2,0,0,0,0,0.0,0,0,3.14,0.41,0.01,-0.01,91.9,176,33.33333333333333,0.0,0.0,4.84,3.2,0.29,2.21,0.667,0,11.233333333,0.712,0.783,-11.233333333,-0.045,-0.0449999999999999,-0.116,-0.056,16.7,16.9,6.8036762936198825,-2.455026620642556,30.520515976305088,0.6666666666666666,36.534325855170415,32.38822341659227,TBD
Carlos Vargas,672841,2026,17.1,81,17,2,21.0,4.9,2,0,5.19,0.246,0.401,0.303,0.32,37.5,9.1,28.6,73.977031071,93.102717818,14.2,21.4,16.2,52.5,48.2,23.2,25.0,282,SEA,69,672841,282,24.5,0.152,0.091,0.185,0.242,0.169,0.259,0.241,5,33,84.6,2.7,2289,93.7,94.12,15,69,0,0.3999999999999915,6.56,108,152,119,145,292,321,293,5.182,-5.182,71.2,7.2,3.651487241,33,27,2,3,0,0,6,18.2,0,0,2.19,0.42,0.49,0.49,92.3,153,34.61538461538461,7.6923076923076925,6.0606060606060606,5.94,-2.37,-0.06,2.33,0.152,2,-7.510144928,0.241,0.361,7.510144928,-0.089,-0.089,-0.119,-0.09,21.7,37.2,8.72266166980739,-0.3652492681181353,30.987392739028174,0.5072463768115942,36.108379736004856,29.733741948839647,SEA
Davis Martin,663436,2026,145.1,617,122,14,19.8,7.5,9,7,3.84,0.271,0.414,0.32,0.331,34.2,6.5,45.1,79.801111721,94.916930606,13.7,40.8,23.4,48.4,43.3,23.0,27.6,2317,CWS,92,663436,2349,3.9,0.267,0.267,0.216,0.533,0.341,0.33,0.29,12,45,89.5,17.0,2473,90.1,90.24,15,92,0,0.1000000000000085,6.3,107,151,121,145,297,327,292,0.715,-0.715,72.5,7.4,1.622557947,45,41,8,0,0,4,4,8.9,0,0,2.38,0.44,0.38,0.38,92.6,138,43.90243902439025,4.878048780487805,4.444444444444445,5.83,-2.13,0.05,2.13,0.267,2,-0.777173913,0.29,0.485,0.777173913,-0.023,-0.0229999999999999,0.048,0.011,16.3,34.5,10.58301738565412,-0.904543928477688,34.2916556457611,0.5869565217391305,36.64187219912884,30.317515370180725,CWS
Tanner Scott,656945,2026,62.2,251,82,4,32.7,6.0,1,6,2.73,0.234,0.346,0.25,0.27,35.9,6.5,34.6,77.9267356,93.6064356,26.1,52.3,35.5,56.4,39.9,28.8,23.5,963,LAD,133,656945,979,13.6,0.25,0.125,0.364,0.375,0.269,0.254,0.255,12,48,88.9,11.3,2595,93.5,93.56,40,133,0,0.0999999999999943,6.16,109,153,120,147,303,316,288,3.753,-3.753,71.9,7.4,2.724749448,48,33,6,6,0,0,15,31.3,0,0,1.76,0.85,0.1,-0.1,92.0,153,39.39393939393939,3.0303030303030303,2.083333333333333,5.21,2.47,-0.16,2.39,0.25,1,-2.821804511,0.255,0.331,2.821804511,-0.005,-0.005,0.044,0.015,30.1,34.6,8.24632035569002,-0.4357221663518285,32.10301077362941,0.4285714285714285,34.45414148464088,28.78076114985604,LAD
Michael McGreevy,700241,2026,168.2,702,115,21,16.4,6.8,7,9,3.95,0.283,0.475,0.32,0.351,34.9,9.1,41.8,79.09144812,94.675024229,9.8,39.2,20.1,44.6,44.4,27.3,24.5,2774,STL,123,700241,2774,4.4,0.221,0.074,0.25,0.294,0.224,0.259,0.252,15,68,86.9,4.7,2303,87.1,87.98,30,123,0,0.9000000000000057,6.76,103,152,116,147,309,323,290,7.392,-7.392,72.0,7.3,3.352182726,68,57,12,2,0,1,11,16.2,0,0,2.93,0.1,0.09,0.09,91.5,136,31.57894736842105,3.508771929824561,2.941176470588235,5.72,-2.15,-0.08,2.16,0.221,2,-6.009756098,0.252,0.347,6.009756098,-0.031,-0.031,-0.053,-0.035,24.4,32.0,11.029593646993607,-2.776769707896534,32.507472056182635,0.6097560975609756,35.45928688000032,31.75374839715598,STL
Will Warren,701542,2026,156.0,677,158,21,23.3,8.0,11,6,3.92,0.257,0.407,0.329,0.32,33.1,7.2,44.0,80.801949518,95.031624527,14.8,36.8,22.7,44.1,45.5,22.9,25.1,2642,NYY,161,701542,2646,6.1,0.24,0.253,0.228,0.493,0.311,0.265,0.215,18,75,90.4,16.6,2639,90.3,90.83,43,161,0,0.5,6.76,107,150,124,149,293,328,289,1.322,-1.322,72.4,7.3,2.95199151,75,62,9,4,0,5,13,17.3,0,0,2.26,0.58,0.12,0.12,92.2,152,40.32258064516129,11.29032258064516,9.333333333333334,5.47,-3.28,0.28,2.34,0.24,7,-0.821118012,0.215,0.413,0.821118012,0.025,0.0249999999999999,0.08,0.046,26.7,31.8,10.429586039873682,-2.6000678712208254,30.612193769048453,0.6149068322981367,38.054507385865854,31.75226500562443,NYY
Tanner Banks,621383,2026,35.0,176,38,8,21.6,8.5,0,4,6.43,0.253,0.402,0.405,0.315,41.0,6.6,33.6,75.221785254,93.363377521,17.9,33.0,22.8,49.2,38.5,30.3,26.2,669,PHI,28,621383,673,4.2,0.357,0.0,0.385,0.357,0.318,0.203,0.21,5,14,82.0,12.8,2245,88.5,87.58,4,28,0,-0.9000000000000057,5.64,109,152,118,143,307,320,288,0.638,-0.638,69.8,6.7,0.447641676,14,13,5,0,0,0,1,7.1,0,0,2.17,0.75,-0.07,0.07,90.2,145,23.07692307692308,0.0,0.0,6.45,2.52,-0.27,2.82,0.357,0,-2.278571429,0.21,0.248,2.278571429,0.147,0.147,0.109,0.115,14.3,50.6,2.823006673476522,11.05350475960259,30.802060299246087,0.4285714285714285,32.23775902940766,23.91340891429324,PHI
Yuki Matsui,673513,2026,63.2,260,68,7,26.2,13.8,4,1,1.84,0.17,0.3,0.267,0.27,26.6,7.2,30.5,76.276890135,92.645001554,22.5,50.3,33.1,47.2,36.4,27.9,16.9,1086,SD,95,673513,1099,8.6,0.235,0.206,0.25,0.441,0.289,0.231,0.21,8,34,86.4,24.2,2019,87.4,86.67,29,95,0,-0.7000000000000028,5.82,110,152,120,146,303,323,292,4.155,-4.155,71.5,7.7,5.900709634,34,26,5,1,0,2,8,23.5,0,0,2.14,0.86,0.38,-0.38,90.5,158,23.07692307692308,3.8461538461538463,2.941176470588235,6.08,1.98,0.19,2.09,0.235,1,-4.373684211,0.21,0.331,4.373684211,0.025,0.0249999999999999,0.11,0.058,30.5,53.7,12.950923181305514,-8.06055716366149,32.90947355638586,0.4736842105263157,37.79276084551019,35.16817951526167,SD
Justin Verlander,434378,2026,3.2,39,7,1,17.9,7.7,0,1,12.27,0.271,0.572,0.422,0.382,31.0,13.8,44.8,83.038193333,95.503844828,17.9,20.0,18.6,50.3,17.2,41.4,27.6,171,DET,7,434378,171,4.1,0.667,0.0,0.667,0.667,0.594,0.498,0.469,2,3,97.3,30.7,2457,91.7,90.99,1,7,0,-0.7000000000000028,5.79,118,153,122,146,300,329,294,-0.354,0.354,74.2,7.6,1.15967148,3,3,2,0,0,0,0,0.0,0,0,1.49,1.22,0.46,0.46,93.6,193,66.66666666666666,0.0,0.0,6.86,-1.88,0.22,2.78,0.667,0,5.057142857,0.469,0.685,-5.057142857,0.198,0.198,-0.018,0.096,14.3,,12.242216985441978,2.024590038595993,29.325413929320685,0.4285714285714285,42.82148610637508,28.26090393241927,DET
Miles Mikolas,571945,2026,116.0,498,58,27,11.6,4.6,3,9,5.82,0.288,0.506,0.364,0.354,34.2,9.2,43.6,78.822472341,95.003337482,10.4,24.9,14.5,48.4,45.3,26.5,22.4,1826,TBD,35,571945,1827,1.9,0.389,0.444,0.313,0.833,0.517,0.469,0.366,7,18,92.4,4.0,2207,88.9,88.83,7,35,0,-0.1000000000000085,6.08,106,150,120,149,308,329,294,-2.01,2.01,74.2,7.5,1.687983859,18,18,3,2,0,2,0,0.0,0,0,2.18,0.73,0.37,0.37,93.9,156,55.55555555555556,16.666666666666664,16.666666666666664,6.59,-1.81,0.22,2.36,0.389,3,5.742857143,0.366,0.75,-5.742857143,0.023,0.023,0.083,0.048,20.0,43.4,11.236487478112965,-1.6310223058589743,32.470368963280706,0.6285714285714286,38.43672595909806,31.38523462770384,TBD
Tyler Kinley,641755,2026,56.2,232,48,10,20.7,11.2,7,5,3.49,0.205,0.354,0.296,0.288,32.3,6.5,27.7,73.000517763,92.373871776,17.3,48.1,27.1,45.0,34.2,31.6,21.3,909,DET,67,641755,925,7.2,0.091,0.182,0.037,0.273,0.151,0.302,0.238,3,33,87.0,21.1,2546,87.0,85.97,17,67,0,-1.0,5.43,109,151,123,148,307,324,290,5.07,-5.07,71.7,8.0,3.140863512,33,29,1,0,0,2,4,12.1,0,0,2.87,0.13,-0.11,-0.11,91.6,151,41.37931034482759,10.344827586206897,9.090909090909092,6.38,-0.83,0.29,2.1,0.091,3,-7.567164179,0.238,0.476,7.567164179,-0.147,-0.147,-0.203,-0.151,25.4,44.7,15.216139229934155,-10.013372065490554,32.1755849195866,0.5970149253731343,39.548910449645234,35.998677350224604,DET
Jonathan Hernández,642546,2026,25.1,109,22,4,20.2,11.9,0,0,5.68,0.255,0.389,0.304,0.321,27.0,5.5,40.5,77.904588919,93.577970411,10.6,39.7,19.9,43.8,40.5,31.1,24.3,413,TBD,22,642546,418,5.3,0.071,0.0,0.077,0.071,0.064,0.229,0.238,1,14,90.4,8.7,2345,94.2,94.41,3,22,0,0.2000000000000028,6.39,115,154,123,149,305,317,291,2.881,-2.881,73.4,7.5,4.438889512,14,13,1,0,0,0,1,7.1,0,0,2.22,0.36,0.81,0.81,95.2,102,61.53846153846154,0.0,0.0,5.54,-2.41,-0.02,2.2,0.071,0,-13.095454545,0.238,0.288,13.095454545,-0.167,-0.1669999999999999,-0.217,-0.165,13.6,29.2,10.830862931414725,-6.8848547813866325,30.388582283852124,0.6363636363636364,36.2994672912217,33.78930095246395,TBD
Patrick Monteverde,687287,2026,4.0,18,2,1,11.1,5.6,0,0,9.0,0.255,0.409,0.41,0.307,40.0,6.7,33.3,81.734025,92.057346,6.9,25.0,10.8,56.9,20.0,46.7,26.7,65,TBD,18,687287,65,27.7,0.25,0.5,0.143,0.75,0.414,0.38,0.315,2,8,91.9,30.3,2034,82.9,83.01,2,18,0,0.0999999999999943,6.16,104,151,119,146,306,322,295,0.034,-0.034,73.7,7.6,1.00996785,8,8,0,1,0,1,0,0.0,0,0,3.14,0.18,0.0,0.0,92.3,230,50.0,12.5,12.5,5.88,1.8,-0.07,2.19,0.25,1,-0.188888889,0.315,0.583,0.188888889,-0.065,-0.065,0.167,0.034,11.1,38.8,15.872547212634425,-6.537189391638775,34.90993998061328,0.5555555555555556,36.05424233627765,35.48778752438,TBD
Andrew Alvarez,674841,2026,112.2,473,114,7,24.1,10.8,2,6,3.43,0.245,0.375,0.298,0.315,32.8,6.2,40.7,77.963605828,94.479949636,11.3,51.5,26.4,44.2,49.8,19.0,25.9,1857,WSH,246,674841,1857,13.2,0.205,0.126,0.235,0.331,0.228,0.281,0.259,26,127,88.1,9.7,2492,87.3,87.32,56,246,0,0.0,6.24,108,152,118,147,309,331,298,12.746,-12.746,72.5,7.5,3.289686154,128,101,16,7,0,3,27,21.1,0,0,2.95,0.06,-0.02,0.02,91.7,131,34.65346534653465,5.9405940594059405,4.6875,6.41,1.42,-0.04,2.08,0.203,6,-5.181300813,0.257,0.402,5.181300813,-0.054,-0.0539999999999999,-0.071,-0.053,22.8,45.6,9.062792032049504,-1.6232848116881984,33.54249431716524,0.5487804878048781,35.66429978837884,30.73532921952293,WSH
Shane Bieber,669456,2026,55.2,242,44,10,18.2,9.9,5,2,4.37,0.282,0.5,0.335,0.368,34.5,10.9,46.0,78.436498046,95.228101609,8.9,44.8,23.5,43.0,43.7,25.3,22.4,930,TBD,55,669456,930,5.9,0.321,0.0,0.375,0.321,0.286,0.381,0.352,9,28,90.2,10.6,2405,87.8,88.32,13,55,0,0.5,6.61,103,152,116,148,289,327,289,2.429,-2.429,72.7,7.6,3.020971449,28,24,9,0,0,0,4,14.3,0,0,2.62,0.35,0.33,0.33,91.9,150,33.33333333333333,12.5,10.714285714285714,5.61,-1.53,0.19,2.15,0.321,3,-4.416363636,0.352,0.534,4.416363636,-0.031,-0.0309999999999999,-0.213,-0.095,23.6,38.3,10.929359302094136,-3.962434790403624,29.089750112940493,0.5272727272727272,39.48427080133008,31.55165486819137,TBD
Mason Fluharty,689254,2026,61.2,261,65,6,24.9,10.7,7,1,3.36,0.189,0.308,0.284,0.262,37.7,6.0,31.7,74.600051951,92.717452393,20.1,43.2,28.9,49.3,36.5,31.1,24.6,1027,TOR,60,689254,1037,5.8,0.185,0.037,0.227,0.222,0.179,0.213,0.213,5,27,87.8,16.8,2489,88.7,89.55,16,60,0,0.8999999999999915,6.85,101,152,118,148,293,321,283,4.082,-4.082,72.8,7.5,3.1803136,27,22,4,1,0,0,5,18.5,0,0,2.2,0.72,-0.08,0.08,90.9,155,31.818181818181817,0.0,0.0,5.69,3.79,-0.05,2.25,0.185,0,-6.803333333,0.213,0.28,6.803333333,-0.028,-0.0279999999999999,-0.058,-0.034,26.7,30.7,11.46516536517906,-1.953310989566558,32.63330172332622,0.5666666666666667,37.16426468798205,29.396721766463376,TOR
Cooper Criswell,681867,2026,39.2,167,31,3,18.6,9.0,4,2,3.4,0.253,0.357,0.313,0.297,25.8,4.2,37.5,74.48237322,93.843015678,15.0,29.4,20.7,47.5,59.2,19.2,17.5,630,SEA,38,681867,642,5.9,0.4,0.1,0.5,0.5,0.391,0.307,0.312,8,20,85.1,0.6,1912,87.5,87.81,6,38,0,0.2999999999999971,6.63,102,145,115,139,289,319,291,-0.771,0.771,71.2,7.1,2.43673374,20,16,7,0,1,0,4,20.0,0,0,3.21,-0.21,0.97,0.97,91.8,109,43.75,6.25,5.0,4.7,-1.9,-0.16,2.14,0.4,1,2.028947368,0.312,0.394,-2.028947368,0.088,0.088,0.106,0.084,15.8,7.1,5.990384050476083,-0.5458863161347072,34.461367762224135,0.5,33.79509969966249,29.578969261542937,SEA
Dylan Dodd,689266,2026,48.2,194,53,6,27.3,7.2,4,1,2.22,0.198,0.354,0.26,0.273,37.9,8.9,37.1,80.094113934,93.49856377,22.8,41.9,29.5,54.4,27.4,33.1,24.2,779,ATL,101,689266,783,12.9,0.265,0.294,0.273,0.559,0.349,0.287,0.234,9,34,88.8,30.0,2151,90.8,90.73,31,101,0,-0.0999999999999943,6.2,110,150,122,146,312,324,300,0.142,-0.142,72.5,7.6,1.751186538,34,25,5,1,0,3,9,26.5,0,0,1.72,1.06,0.39,-0.39,90.7,170,36.0,12.0,8.823529411764707,6.08,1.98,-0.12,2.51,0.265,3,-0.140594059,0.234,0.448,0.140594059,0.031,0.031,0.111,0.062,30.7,43.3,12.333303103242963,-6.341206853330503,30.09415070409206,0.4851485148514851,35.07216972560477,33.47862952228655,ATL
Ryne Stanek,592773,2026,62.2,267,65,9,24.3,12.0,2,3,4.02,0.228,0.375,0.314,0.311,29.9,7.8,35.9,78.136750602,94.122006687,21.7,45.5,29.7,48.7,40.7,26.9,22.8,1079,STL,75,592773,1081,6.9,0.2,0.286,0.217,0.486,0.286,0.321,0.271,7,35,93.5,15.0,2241,94.9,94.38,25,75,0,-0.5,5.95,105,151,118,146,309,322,290,2.791,-2.791,71.7,7.3,3.427168178,35,25,2,2,1,2,10,28.6,0,0,1.59,0.96,0.52,0.52,92.7,172,60.0,12.0,8.571428571428571,6.4,-0.6,0.08,2.45,0.2,3,-3.721333333,0.271,0.487,3.721333333,-0.071,-0.071,-0.001,-0.035,33.3,46.4,10.762143617951788,2.475128123066664,31.643890747588166,0.6266666666666667,38.134327163994506,27.89180847349832,STL
Ryan Fernandez,681676,2026,23.0,100,28,2,28.0,11.0,1,2,3.52,0.218,0.347,0.295,0.291,41.0,6.6,39.3,74.983979355,93.819617377,20.3,58.5,33.5,48.6,41.0,27.9,26.2,387,TBD,31,681676,387,8.0,0.267,0.2,0.333,0.467,0.312,0.261,0.256,4,15,93.3,5.4,2311,91.5,92.04,10,31,0,0.5,6.56,103,153,119,147,307,317,290,0.51,-0.51,71.4,7.3,4.017093645,15,12,1,3,0,0,3,20.0,0,0,1.93,0.8,0.06,0.06,93.6,157,58.333333333333336,0.0,0.0,6.04,-1.79,0.17,2.3,0.267,0,-1.64516129,0.256,0.353,1.64516129,0.011,0.011,0.114,0.051,32.3,60.7,11.339671813609565,-1.1949215018845596,33.24245229896719,0.5806451612903226,38.80974337014575,30.620242206635265,TBD
Shane McClanahan,663556,2026,118.0,487,106,10,21.8,8.0,10,7,3.36,0.245,0.413,0.273,0.318,31.8,8.9,41.5,78.059291718,94.5463836,16.4,47.8,26.8,48.5,46.9,27.3,21.4,1830,TBD,108,663556,1830,5.9,0.216,0.059,0.262,0.275,0.214,0.257,0.249,11,51,87.8,14.4,2062,90.8,91.36,30,108,0,0.6000000000000085,6.69,101,154,121,147,312,340,300,6.097,-6.097,73.4,7.3,2.048921122,51,42,8,3,0,0,9,17.6,0,0,2.11,0.69,0.78,-0.78,92.1,150,42.85714285714285,4.761904761904762,3.92156862745098,6.25,0.67,0.1,2.25,0.216,2,-5.64537037,0.249,0.351,5.64537037,-0.033,-0.033,-0.076,-0.043,27.8,39.9,10.875837191299553,-1.2344778809182315,32.01010977520989,0.5,36.91021102542514,31.318520086555434,TBD
Aaron Civale,650644,2026,111.1,493,91,18,18.5,7.1,6,8,4.2,0.254,0.417,0.35,0.32,37.4,8.0,40.2,77.502786056,93.845239081,13.1,35.4,20.7,46.2,31.6,30.7,27.7,1896,CHC,112,650644,1904,5.9,0.214,0.071,0.25,0.286,0.217,0.217,0.226,12,56,80.3,11.0,2683,88.0,87.7,17,112,0,-0.2999999999999971,5.92,113,152,120,149,302,318,292,5.934,-5.934,71.7,7.4,1.358130833,56,48,9,2,1,0,8,14.3,0,0,2.44,0.52,-0.17,-0.17,89.7,148,14.583333333333334,0.0,0.0,6.27,-1.52,0.12,2.43,0.214,0,-5.298214286,0.226,0.271,5.298214286,-0.012,-0.012,0.015,0.0,15.2,46.2,10.694602042580987,-2.896758971865659,29.661282974234854,0.6339285714285714,38.527291385870114,32.0620593091177,CHC
Kade Strowd,669704,2026,2.2,14,1,0,7.1,35.7,0,0,3.38,0.406,0.479,0.377,0.496,62.5,0.0,25.0,79.1106375,94.010565714,0.0,0.0,0.0,28.8,12.5,12.5,62.5,59,TBD,4,669704,59,6.8,0.0,0.0,0.0,0.0,0.0,0.373,0.414,0,2,74.3,17.5,2426,91.8,91.75,0,4,0,0.0,6.2,94,143,119,143,289,321,298,0.622,-0.622,67.4,6.7,,2,2,0,0,0,0,0,0.0,0,0,2.24,0.47,-0.06,-0.06,88.9,84,0.0,0.0,0.0,5.65,-1.56,-0.17,2.46,0.0,0,-15.55,0.414,0.45,15.55,-0.414,-0.414,-0.45,-0.373,0.0,42.8,6.647972558774919,-0.3683613904070572,32.599597730970665,0.25,34.18847384140543,27.316964443429526,TBD
Kohl Drake,684442,2026,20.2,95,17,5,17.9,7.4,0,1,6.53,0.298,0.597,0.403,0.412,44.8,16.4,49.3,82.025661212,95.518452615,18.6,30.0,22.0,44.0,29.9,37.3,26.9,382,TBD,47,684442,382,12.3,0.261,0.348,0.25,0.609,0.35,0.337,0.298,6,23,88.6,9.9,2207,87.2,87.39,11,47,0,0.2000000000000028,6.47,108,150,118,147,301,322,286,-0.555,0.555,70.9,7.6,3.711798368,24,18,2,2,0,2,6,25.0,0,0,2.1,0.93,0.85,-0.85,92.7,207,44.44444444444444,16.666666666666664,12.5,5.81,1.38,0.13,2.37,0.25,3,1.180851064,0.286,0.53,-1.180851064,-0.037,-0.0359999999999999,0.079,0.013,23.4,38.8,13.538152249934544,-8.353567969732042,30.43999419175828,0.3829787234042553,36.30662862316061,34.91332681929259,TBD
Paxton Schultz,687606,2026,32.1,153,32,5,20.9,7.8,1,2,6.4,0.275,0.453,0.372,0.342,35.5,8.4,39.3,82.112614528,94.211306095,12.6,30.8,18.7,44.8,34.6,36.4,22.4,610,TBD,6,687606,612,1.0,1.0,0.667,1.0,1.667,1.138,0.688,0.71,3,3,87.7,24.3,2365,90.2,90.22,1,6,0,0.0,5.95,108,153,117,144,308,330,309,-2.007,2.007,71.5,7.2,0.1,3,3,1,2,0,0,0,0.0,0,0,1.86,0.91,-0.03,-0.03,92.1,211,33.33333333333333,0.0,0.0,5.93,-2.54,0.24,2.98,1.0,0,33.45,0.71,0.877,-33.45,0.29,0.29,0.79,0.45,16.7,32.3,16.897468572141626,-2.9761770728664225,26.75893779036065,0.8333333333333334,35.92268639838361,30.89283209944616,TBD
Kyle Finnegan,640448,2026,60.2,270,47,10,17.4,12.6,3,1,4.3,0.272,0.461,0.374,0.362,32.4,9.6,44.7,79.276730753,95.061698,15.3,47.1,25.2,47.5,46.3,25.0,23.4,1062,TBD,75,640448,1064,7.0,0.469,0.406,0.44,0.875,0.574,0.531,0.418,15,32,91.8,8.8,1942,90.4,91.08,15,75,0,0.6999999999999886,6.64,109,150,121,146,308,323,286,-7.194,7.194,72.8,7.5,4.679552614,32,29,10,1,0,4,3,9.4,0,0,1.98,0.83,0.39,0.39,93.4,151,58.620689655172406,20.689655172413797,18.75,5.63,-1.88,0.15,2.34,0.469,6,9.592,0.418,0.839,-9.592,0.051,0.0509999999999999,0.036,0.043,20.0,52.2,12.309392231907328,-6.464832961940312,29.519815284660066,0.56,37.97032608027409,33.33394325651382,TBD
Chris Sale,519242,2026,162.2,648,200,10,30.9,4.8,14,9,2.16,0.216,0.327,0.26,0.267,34.3,6.2,35.1,76.8971828,93.43608195,19.5,49.6,30.4,50.7,44.5,24.6,24.9,2574,ATL,266,519242,2575,10.3,0.209,0.104,0.256,0.313,0.225,0.258,0.232,24,115,89.5,14.0,2399,90.0,90.25,72,266,0,0.2000000000000028,6.54,110,151,123,147,312,324,297,13.813,-13.813,71.5,7.3,2.215989868,115,88,16,6,0,2,27,23.5,0,0,2.55,0.34,0.42,-0.42,91.8,158,42.04545454545455,7.954545454545454,6.086956521739131,4.89,2.93,-0.07,2.31,0.209,7,-5.192857143,0.232,0.371,5.192857143,-0.023,-0.023,-0.058,-0.033,27.1,11.8,8.367209708921296,-1.620076350149517,32.64404367567943,0.4511278195488721,36.26789882835909,30.7478186957393,ATL
Luis Medina,665622,2026,73.0,317,93,7,29.3,12.3,6,3,3.08,0.217,0.358,0.311,0.303,37.0,7.9,38.7,80.052898295,94.222761486,20.8,56.0,32.4,43.5,39.2,31.5,23.8,1270,OAK,85,665622,1284,6.6,0.216,0.081,0.304,0.297,0.224,0.234,0.211,8,37,89.7,4.4,2407,93.3,93.07,26,85,0,-0.2000000000000028,6.14,105,151,115,145,302,326,293,4.725,-4.725,72.0,7.5,5.738156838,37,24,7,0,0,1,13,35.1,0,0,2.08,0.57,0.39,0.39,91.2,140,41.66666666666667,8.333333333333332,5.405405405405405,6.07,-1.46,0.17,2.18,0.216,2,-5.558823529,0.211,0.335,5.558823529,0.005,0.005,-0.038,-0.01,30.6,36.9,11.698829081408428,-6.557069161892727,31.46148257974073,0.4941176470588235,37.74587588836761,32.00363549469178,OAK
Garrett Whitlock,676477,2026,52.1,198,59,3,29.8,4.5,7,2,1.72,0.219,0.319,0.233,0.251,30.0,3.8,33.8,78.365594688,93.234516094,19.2,52.9,31.5,57.3,40.0,28.5,20.8,743,BOS,32,676477,743,4.3,0.154,0.0,0.286,0.154,0.137,0.233,0.231,2,13,96.0,20.4,2087,91.1,92.49,15,32,0,1.4000000000000057,7.13,103,149,120,144,300,324,292,2.452,-2.452,73.3,7.7,3.507231171,13,7,2,0,0,0,6,46.2,0,0,2.12,0.65,0.47,0.47,92.2,157,57.14285714285714,0.0,0.0,6.01,-0.86,0.46,2.16,0.154,0,-7.6625,0.231,0.31,7.6625,-0.077,-0.077,-0.156,-0.096,46.9,44.8,11.139598318515652,-3.23663085358251,31.86789043676696,0.625,40.38348272443604,31.880430152574636,BOS
Riley Cornelio,683000,2026,34.2,153,38,2,24.8,18.3,3,2,3.89,0.2,0.311,0.3,0.31,33.3,8.0,44.8,76.548494186,94.173750118,25.7,48.8,34.8,47.4,40.2,32.2,17.2,654,WSH,58,683000,658,8.8,0.2,0.16,0.25,0.36,0.239,0.289,0.247,5,25,93.5,9.1,2344,90.6,91.01,23,58,0,0.4000000000000057,6.52,108,152,121,147,308,331,302,2.131,-2.131,72.6,8.0,5.503511,25,17,3,1,0,1,8,32.0,0,0,2.07,0.73,0.2,0.2,94.4,169,64.70588235294117,5.88235294117647,4.0,5.83,-2.21,0.42,2.14,0.2,1,-3.674137931,0.247,0.431,3.674137931,-0.047,-0.0469999999999999,-0.071,-0.05,39.7,43.9,14.956449034678617,-10.16075211308121,31.351727967620725,0.5517241379310345,41.16075794353549,35.9087275211678,WSH
Kyle Harrison,690986,2026,113.2,505,141,20,27.9,7.1,10,5,4.28,0.245,0.389,0.336,0.308,39.4,8.1,38.8,78.96419327,94.027615868,16.9,49.0,27.9,48.3,37.2,28.1,28.4,2106,MIL,180,690986,2107,8.5,0.432,0.407,0.448,0.84,0.535,0.418,0.361,35,81,92.3,17.1,2193,89.6,89.75,40,180,0,0.2000000000000028,6.57,107,151,126,149,304,320,295,-15.484,15.484,71.8,7.3,2.290861836,82,67,20,6,0,9,15,18.3,0,0,2.25,0.65,0.49,-0.49,91.8,198,49.25373134328358,16.417910447761194,13.414634146341465,5.03,3.01,0.15,2.42,0.427,11,8.602222222,0.362,0.621,-8.602222222,0.071,0.065,0.219,0.117,22.2,30.7,8.913813920082816,0.7488118658293101,32.17598300534073,0.4944444444444444,39.02604950252791,28.19043133017152,MIL
Casey Legumina,668984,2026,70.2,300,55,7,18.3,6.3,2,2,3.82,0.261,0.401,0.322,0.315,36.2,6.4,38.3,75.838370926,93.447315163,15.8,33.1,20.9,52.1,41.7,28.9,24.3,1102,TB,114,668984,1132,10.1,0.34,0.151,0.372,0.491,0.347,0.299,0.286,18,53,84.6,6.5,2392,89.8,90.66,21,114,0,0.9000000000000057,6.86,101,151,121,146,309,333,295,-0.86,0.86,71.6,7.1,2.204384458,55,45,14,2,0,2,10,18.2,0,0,2.06,0.8,0.95,0.95,90.6,149,33.33333333333333,4.444444444444445,3.636363636363636,4.43,-2.19,-0.11,2.44,0.327,2,0.754385965,0.278,0.424,-0.754385965,0.054,0.0489999999999999,0.067,0.048,18.4,14.0,6.57484035111675,5.0090238736696575,30.99535089582112,0.5175438596491229,34.8358637042128,26.14854087553796,TB
Chris Roycroft,688297,2026,37.1,179,27,10,15.1,9.5,2,0,6.27,0.292,0.483,0.396,0.37,28.0,9.9,43.2,79.763579531,95.149589134,12.2,31.3,17.2,47.8,58.3,16.7,21.2,647,OAK,63,688297,649,9.7,0.394,0.273,0.458,0.667,0.455,0.444,0.388,13,33,94.0,7.2,2199,95.1,96.3,16,63,0,1.2000000000000028,7.02,106,149,119,145,310,330,295,-3.526,3.526,72.6,7.1,1.306797752,33,26,8,3,0,2,7,21.2,0,0,2.21,0.33,0.94,0.94,93.7,160,56.00000000000001,12.0,9.090909090909092,5.41,-2.13,-0.11,2.35,0.394,3,5.596825397,0.388,0.657,-5.596825397,0.006,0.006,0.01,0.011,25.4,26.7,6.943823268432334,5.164845400762164,28.891840217722265,0.5079365079365079,36.6382719224843,26.704433681519927,OAK
Hunter Greene,668881,2026,27.2,121,33,4,27.3,7.4,2,2,6.83,0.268,0.429,0.322,0.325,41.8,5.1,46.8,79.592857692,94.803173333,17.0,51.4,27.2,53.3,26.6,27.8,35.4,456,TBD,14,668881,456,3.1,0.167,0.0,0.143,0.167,0.127,0.238,0.241,1,6,92.5,18.6,2387,95.3,95.68,4,14,0,0.4000000000000057,6.65,103,151,118,147,297,316,283,1.072,-1.072,73.0,7.4,1.276068873,7,7,1,0,0,0,0,0.0,0,0,1.52,1.02,0.48,0.48,94.2,200,42.85714285714285,0.0,0.0,6.06,-2.4,-0.12,2.66,0.143,0,-7.657142857,0.208,0.404,7.657142857,-0.074,-0.065,-0.237,-0.111,28.6,38.3,11.11717901855006,1.0689074421785212,32.42356739687081,0.5714285714285714,37.78893352005493,25.706594847080773,TBD
Taj Bradley,671737,2026,178.1,748,205,23,27.4,10.2,12,6,3.73,0.227,0.38,0.294,0.307,40.2,9.1,45.4,80.944982348,94.922949804,16.9,51.0,27.4,47.2,35.6,29.2,27.4,2997,MIN,152,671737,2998,5.1,0.222,0.111,0.255,0.333,0.239,0.322,0.293,14,63,91.7,8.4,2273,94.7,94.78,39,152,0,0.0999999999999943,6.34,110,152,117,143,304,324,294,8.33,-8.33,72.1,7.1,1.994151407,63,52,10,2,1,1,11,17.5,0,0,1.61,0.95,0.25,0.25,92.7,164,48.07692307692308,5.769230769230769,4.761904761904762,6.18,-1.1,0.1,2.42,0.222,3,-5.480263158,0.293,0.462,5.480263158,-0.071,-0.0709999999999999,-0.129,-0.083,25.7,55.0,7.76805147146231,4.56922892223425,31.72917226326979,0.4539473684210526,36.38608968622715,26.684851938067045,MIN
Tobias Myers,668964,2026,52.2,230,41,9,17.8,7.0,1,2,5.64,0.259,0.407,0.341,0.313,31.2,5.2,44.5,81.755760833,94.743331905,15.1,33.9,20.3,52.5,32.4,28.3,26.0,836,NYM,26,668964,840,3.1,0.3,0.0,0.375,0.3,0.267,0.237,0.233,3,10,91.3,23.9,2065,88.2,88.68,5,26,0,0.5,6.67,103,153,126,150,305,323,288,1.028,-1.028,72.5,7.6,5.354587728,10,8,3,0,0,0,2,20.0,0,0,1.58,1.39,0.25,0.25,91.9,154,50.0,0.0,0.0,5.89,-0.55,-0.02,2.47,0.3,0,-3.953846154,0.233,0.315,3.953846154,0.067,0.0669999999999999,-0.015,0.03,19.2,66.2,13.117763123751097,-7.897469829880274,29.69003954103549,0.5,37.893138902583,32.5733315559542,NYM
Luis Morales,806960,2026,16.0,90,13,7,14.4,15.6,0,2,13.5,0.303,0.522,0.499,0.407,38.7,11.3,40.3,77.223118065,94.018958226,12.2,30.2,18.5,43.6,38.7,21.0,27.4,346,TBD,13,806960,346,3.8,0.556,0.667,0.429,1.222,0.753,0.347,0.317,5,9,86.7,-1.4,2623,92.6,92.16,0,13,0,-0.3999999999999915,5.89,100,142,105,131,305,322,287,-3.102,3.102,68.7,7.3,,9,9,3,0,0,2,0,0.0,0,0,1.84,0.84,0.06,0.06,92.4,152,33.33333333333333,11.11111111111111,11.11111111111111,5.73,-1.49,0.05,2.47,0.556,1,23.861538462,0.317,0.487,-23.861538462,0.239,0.239,0.735,0.406,0.0,42.8,10.654493950044364,0.1570784843865107,31.350366954366496,0.6153846153846154,36.603701584921815,29.41267742459944,TBD
Brandon Williamson,682227,2026,49.2,215,33,8,15.3,12.6,5,4,4.89,0.266,0.467,0.336,0.365,35.8,9.3,41.7,77.453069067,94.523802483,20.6,31.8,24.0,44.2,40.4,27.2,23.2,831,CIN,70,682227,835,8.4,0.314,0.286,0.308,0.6,0.39,0.304,0.259,11,35,90.7,9.1,2278,88.9,88.59,15,70,0,-0.3000000000000113,5.95,116,154,116,147,306,327,289,-2.796,2.796,73.0,7.5,2.02065443,35,29,7,1,0,3,6,17.1,0,0,2.2,0.69,0.31,-0.31,92.3,138,37.93103448275862,6.896551724137931,5.714285714285714,6.48,1.35,-0.07,2.39,0.314,2,3.994285714,0.259,0.453,-3.994285714,0.055,0.0549999999999999,0.147,0.086,21.4,38.0,10.744408753282183,-1.9114919078744093,30.76063030651018,0.4285714285714285,36.53843698534134,31.290249403597915,CIN
Andrew Abbott,671096,2026,166.0,729,131,26,18.0,10.4,6,11,4.61,0.261,0.437,0.334,0.338,32.9,8.3,38.7,79.41985728,94.19366968,12.2,42.7,22.4,46.0,39.8,28.5,22.9,2858,CIN,258,671096,2869,9.0,0.302,0.18,0.319,0.482,0.332,0.305,0.286,42,139,88.8,17.7,2425,87.8,88.1,52,258,0,0.2999999999999971,6.54,107,152,115,147,303,325,287,1.924,-1.924,73.0,7.5,2.895622959,141,123,25,13,0,4,18,12.8,0,0,2.28,0.7,0.25,-0.25,91.8,171,35.77235772357724,7.317073170731707,6.382978723404255,6.0,2.69,0.14,2.24,0.298,9,-0.745736434,0.282,0.436,0.745736434,0.016,0.016,0.046,0.027,20.2,48.6,10.01427792666032,-2.490387730864144,32.01092546538454,0.5348837209302325,38.576765209926414,31.6812380487721,CIN
Steven Matz,571927,2026,79.1,342,61,15,17.8,7.3,5,6,5.56,0.274,0.458,0.32,0.342,40.6,10.6,35.4,76.306606508,93.92085123,15.7,33.0,20.8,47.9,39.0,25.6,28.7,1345,TB,105,571927,1345,7.8,0.233,0.163,0.216,0.395,0.27,0.366,0.32,10,43,88.9,18.7,2257,88.0,88.37,18,105,0,0.4000000000000057,6.62,104,153,123,148,309,337,296,3.437,-3.437,71.8,7.2,1.938508307,43,39,7,1,0,2,4,9.3,0,0,2.71,0.29,0.99,-0.99,92.1,166,38.46153846153847,7.6923076923076925,6.976744186046512,5.61,2.78,0.08,2.23,0.233,3,-3.273333333,0.32,0.539,3.273333333,-0.087,-0.087,-0.144,-0.096,17.1,30.8,7.644117191954505,2.515485855404944,33.19998023048157,0.4476190476190476,36.95709002292752,30.194862878218,TB
Tristan Beck,663941,2026,17.2,83,9,2,10.8,6.0,1,0,5.6,0.253,0.428,0.33,0.321,25.0,8.8,35.3,80.269796765,93.463736269,10.9,36.4,18.2,49.2,51.5,29.4,14.7,313,SF,22,663941,313,7.0,0.167,0.083,0.2,0.25,0.179,0.295,0.224,2,12,93.9,25.6,2473,89.5,89.97,4,22,0,0.5,6.7,108,152,121,147,298,316,293,1.78,-1.78,72.1,7.2,4.00050608,12,10,1,1,0,0,2,16.7,0,0,2.29,0.6,-0.44,-0.44,92.1,228,50.0,10.0,8.333333333333332,5.88,-2.26,0.31,2.38,0.167,1,-8.090909091,0.224,0.476,8.090909091,-0.057,-0.0569999999999999,-0.226,-0.116,18.2,39.4,6.450450769537105,-0.0614946256774011,30.854697857120968,0.5,39.24897497283396,29.978146546713223,SF
Owen Murphy,702566,2026,12.0,56,9,4,16.1,5.4,0,1,6.0,0.328,0.567,0.424,0.404,44.2,11.6,48.8,83.906927727,95.492985349,11.8,37.1,19.2,56.6,20.9,39.5,34.9,212,TBD,23,702566,212,10.8,0.273,0.636,0.143,0.909,0.488,0.364,0.241,3,11,87.3,32.2,2236,89.0,89.21,6,23,0,0.2000000000000028,6.32,106,152,125,148,309,325,305,-2.007,2.007,72.6,7.6,4.099479429,11,9,0,1,0,2,2,18.2,0,0,1.74,1.14,0.51,0.51,92.2,201,44.44444444444444,22.22222222222222,18.181818181818183,5.58,-1.8,0.15,2.43,0.273,2,8.726086957,0.241,0.637,-8.726086957,0.032,0.032,0.272,0.124,26.1,43.6,16.321275780900358,-10.86815652286948,32.29486180099561,0.6956521739130435,36.88254416220098,35.63756026747219,TBD
Yusei Kikuchi,579328,2026,62.2,282,60,7,21.3,10.3,1,6,4.88,0.264,0.435,0.349,0.343,33.5,8.9,46.1,80.091076354,95.618050785,17.0,43.6,23.9,48.5,42.4,22.0,27.2,1112,LAA,173,579328,1116,15.5,0.289,0.263,0.281,0.553,0.348,0.341,0.306,22,76,92.1,12.9,2220,90.7,91.64,37,173,0,0.8999999999999915,6.81,102,151,121,148,313,332,299,2.467,-2.467,73.4,7.2,3.12504262,78,68,11,6,1,4,10,12.8,0,0,2.12,0.68,0.31,-0.31,93.3,169,48.52941176470589,8.823529411764707,7.6923076923076925,5.58,2.29,-0.06,2.39,0.282,6,-1.426011561,0.305,0.496,1.426011561,-0.017,-0.023,0.057,0.007,21.4,44.6,9.056216857322546,1.6513081584208005,33.003515238025955,0.4913294797687861,35.77308031551383,29.81578089318094,LAA
Samy Natera Jr.,696519,2026,31.2,131,48,1,36.6,9.9,1,2,3.13,0.178,0.261,0.256,0.246,33.8,4.4,35.3,78.913498788,93.454441667,29.1,51.9,35.7,47.8,22.1,36.8,30.9,580,TBD,64,696519,580,11.0,0.238,0.048,0.333,0.286,0.21,0.256,0.251,5,21,94.9,27.7,2384,93.3,93.92,23,64,0,0.6000000000000085,6.71,102,150,115,148,306,327,300,3.687,-3.687,72.5,7.2,2.694743577,23,15,4,1,0,0,8,34.8,0,0,1.25,1.38,0.16,-0.16,91.2,211,60.0,6.666666666666667,4.3478260869565215,6.21,0.98,0.04,2.4,0.217,1,-5.7609375,0.234,0.388,5.7609375,-0.013,-0.017,-0.102,-0.046,35.9,52.3,9.786722665669028,-1.7163138755902465,31.574635814956903,0.546875,36.06982386001779,30.813726564009585,TBD
Alexander Cornielle,529017,2026,1.0,7,2,1,28.6,14.3,0,0,18.0,0.334,1.089,0.7,0.602,50.0,50.0,50.0,92.956505,98.90072,14.3,40.0,21.1,55.9,25.0,50.0,25.0,34,NYY,15,529017,34,44.1,0.25,0.0,0.5,0.25,0.223,0.085,0.089,1,4,93.0,-6.0,2450,89.1,88.95,4,15,0,-0.0999999999999943,6.24,107,146,131,147,290,327,286,0.782,-0.782,75.5,7.1,2.916448345,4,2,1,0,0,0,2,50.0,0,0,1.82,1.07,0.17,0.17,91.7,163,0.0,0.0,0.0,5.23,-0.86,0.43,2.56,0.25,0,-5.213333333,0.089,0.117,5.213333333,0.161,0.161,0.133,0.138,26.7,26.2,6.440051193680634,1.982578354780668,32.12915302232925,0.4666666666666667,39.52726423465283,27.573051730304996,NYY
Cade Winquest,685464,2026,12.2,57,16,1,28.1,14.0,1,0,4.26,0.155,0.212,0.278,0.242,21.9,3.1,28.1,78.069405625,92.194844839,16.0,55.6,26.5,41.6,53.1,28.1,15.6,245,STL,26,685464,245,10.6,0.364,0.0,0.444,0.364,0.324,0.256,0.276,4,11,88.6,9.1,2449,92.1,93.36,7,26,0,1.3000000000000114,6.92,107,150,117,144,311,317,292,0.619,-0.619,70.7,7.2,3.037359783,11,9,4,0,0,0,2,18.2,0,0,2.29,0.42,0.09,0.09,90.2,117,22.22222222222222,0.0,0.0,5.14,-1.04,0.04,2.19,0.364,0,-2.380769231,0.276,0.312,2.380769231,0.088,0.0879999999999999,0.052,0.068,26.9,41.6,9.048504563600858,2.577224820157475,34.841926299775665,0.5384615384615384,36.49939968218902,29.247611023416702,STL
Didier Fuentes,800311,2026,73.1,297,92,6,31.0,7.1,7,2,2.45,0.223,0.347,0.269,0.275,36.3,6.6,34.6,77.508901348,93.351390506,22.8,48.4,30.4,52.7,39.0,26.4,26.9,1231,ATL,85,800311,1239,6.9,0.167,0.028,0.25,0.194,0.159,0.223,0.215,6,36,88.1,17.4,2228,93.9,94.95,26,85,0,1.0999999999999943,6.89,111,150,123,147,309,324,300,6.358,-6.358,72.0,7.2,3.03152077,36,24,5,1,0,0,12,33.3,0,0,1.77,0.85,0.32,0.32,90.9,169,37.5,4.166666666666666,2.7777777777777777,5.03,-2.33,0.18,2.47,0.167,1,-7.48,0.215,0.302,7.48,-0.048,-0.0479999999999999,-0.108,-0.064,30.6,26.7,7.4614362584237215,1.9998236160082,29.05692050785068,0.4941176470588235,38.47115526638814,28.790158432965576,ATL
Tony Santillan,663574,2026,40.2,191,36,11,18.8,14.7,3,4,6.42,0.262,0.52,0.374,0.385,36.8,13.8,45.6,82.241141167,94.800150667,14.3,41.7,22.9,43.8,34.4,38.4,21.6,698,TBD,25,663574,704,3.6,0.375,0.188,0.357,0.563,0.383,0.3,0.255,6,16,88.1,16.7,2198,90.6,90.04,6,25,0,-0.5999999999999943,6.01,108,149,113,143,300,325,285,-0.893,0.893,72.9,7.5,2.04803025,17,15,5,0,0,1,2,11.8,0,0,2.12,0.69,0.21,0.21,92.1,153,40.0,6.666666666666667,5.88235294117647,5.42,-2.21,-0.04,2.39,0.353,1,3.572,0.255,0.42,-3.572,0.12,0.0979999999999999,0.143,0.083,24.0,29.3,12.141763056144748,-6.1236908006746384,29.99054957794224,0.64,37.56789407005183,32.700924965821514,TBD
Brett Kerry,695049,2026,13.2,54,12,1,22.2,3.7,0,0,3.95,0.231,0.361,0.269,0.27,25.0,5.0,42.5,76.830881,94.504978,21.5,35.0,26.7,49.5,47.5,20.0,20.0,212,TBD,30,695049,212,14.2,0.273,0.182,0.375,0.455,0.31,0.294,0.253,3,11,91.4,10.5,2016,88.0,87.94,8,30,0,-0.0999999999999943,6.47,113,152,120,149,307,323,302,0.77,-0.77,72.9,7.7,3.234035009,11,8,1,2,0,0,3,27.3,0,0,2.19,0.79,0.31,0.31,91.6,162,50.0,12.5,9.090909090909092,5.98,-1.33,0.32,2.0,0.273,1,-2.566666667,0.253,0.435,2.566666667,0.02,0.02,0.02,0.016,26.7,53.1,12.787899763357895,-10.342573541871689,27.92292245272737,0.6,38.70288399945866,35.81523162490388,TBD
Josh Walker,677020,2026,30.1,126,29,2,23.0,9.5,1,0,2.08,0.204,0.292,0.265,0.255,29.8,3.6,35.7,79.495273171,92.92126963,13.1,40.3,21.6,48.5,44.0,31.0,17.9,505,BAL,70,677020,513,13.6,0.2,0.033,0.261,0.233,0.19,0.197,0.202,6,30,88.3,16.2,2083,89.8,91.14,19,70,0,1.2999999999999972,7.1,106,149,116,143,306,325,293,5.509,-5.509,72.5,7.3,1.445330478,30,23,5,1,0,0,7,23.3,0,0,1.95,0.9,0.47,-0.47,91.3,172,34.78260869565217,0.0,0.0,6.13,2.97,0.13,2.62,0.2,0,-7.87,0.202,0.251,7.87,-0.002,-0.002,-0.018,-0.007,27.1,40.6,8.965118774774735,0.8189527033836335,27.674201034831487,0.6,38.076005534356,29.585028554948703,BAL
Louis Varland,686973,2026,78.0,307,97,2,31.6,7.5,5,6,1.27,0.204,0.269,0.228,0.239,26.2,3.7,36.9,76.307341196,93.486047268,17.9,48.5,29.4,52.0,55.6,18.2,21.9,1236,TOR,74,686973,1240,6.0,0.214,0.143,0.25,0.357,0.237,0.228,0.222,6,28,89.2,13.3,2414,94.3,95.1,22,74,0,0.7999999999999972,6.79,108,149,117,146,295,320,287,2.555,-2.555,72.0,7.1,1.77071679,29,21,4,1,0,1,8,27.6,0,0,2.04,0.55,0.04,0.04,90.7,150,42.85714285714285,9.523809523809524,6.896551724137931,5.43,-2.89,0.12,2.2,0.207,2,-3.452702703,0.215,0.326,3.452702703,-0.008,-0.008,0.031,0.009,29.7,40.3,5.5091234672346125,3.707838217925546,31.447179926023352,0.4594594594594595,38.246543001587696,27.398067891587228,TOR
Aaron Nola,605400,2026,174.1,744,177,36,23.8,7.9,7,11,4.54,0.243,0.419,0.346,0.314,35.0,9.3,40.3,76.926068884,94.306734192,15.5,44.3,27.1,46.3,41.1,27.9,24.5,2946,PHI,126,605400,2955,4.3,0.306,0.226,0.32,0.532,0.353,0.338,0.296,19,62,86.1,8.6,2370,84.8,85.57,32,126,0,0.7999999999999972,6.86,109,153,116,145,296,326,289,1.627,-1.627,73.1,7.7,3.52175885,63,53,11,5,0,3,10,15.9,0,0,3.19,0.04,0.04,0.04,92.2,147,32.075471698113205,9.433962264150944,7.936507936507936,5.0,-1.89,0.15,2.02,0.302,5,-1.291269841,0.292,0.514,1.291269841,0.01,0.01,0.018,0.015,25.4,19.2,11.2534121963108,-7.482637374593457,31.66689673560912,0.4841269841269841,37.71561062198797,35.49448907730632,PHI
Isaac Mattson,676755,2026,38.2,176,36,3,20.5,10.2,0,0,5.35,0.292,0.498,0.35,0.374,46.3,12.4,52.1,82.981156102,95.532500932,14.3,39.2,21.0,49.7,27.3,31.4,33.9,728,TBD,14,676755,728,1.9,0.4,0.0,0.4,0.4,0.356,0.273,0.285,2,5,91.4,13.0,2365,91.5,92.06,4,14,0,0.5999999999999943,6.6,106,144,115,141,310,318,283,0.009,-0.009,69.3,6.9,4.008025866,5,5,2,0,0,0,0,0.0,0,0,1.73,1.01,0.24,0.24,93.0,137,60.0,0.0,0.0,5.95,-1.53,0.03,2.66,0.4,0,-0.064285714,0.285,0.347,0.064285714,0.115,0.115,0.053,0.083,28.6,48.1,7.2962147363758065,8.191793269358008,32.08175728729174,0.5714285714285714,34.27493863830325,25.5726233458252,TBD
Kyle Hurt,669165,2026,45.2,198,58,5,29.3,11.6,4,1,4.14,0.214,0.366,0.3,0.299,31.9,7.8,40.5,79.299953448,94.208150348,25.8,56.9,34.6,51.8,43.1,24.1,25.0,742,TBD,63,669165,746,8.4,0.154,0.115,0.267,0.269,0.18,0.148,0.138,4,26,88.5,9.1,1829,92.9,93.32,29,63,0,0.3999999999999915,6.47,111,153,122,148,303,318,291,1.79,-1.79,72.0,7.6,2.471496823,26,15,1,3,0,0,11,42.3,0,0,1.83,0.83,0.75,0.75,91.1,175,33.33333333333333,0.0,0.0,5.71,-0.92,0.07,2.31,0.154,0,-2.841269841,0.138,0.214,2.841269841,0.016,0.0159999999999999,0.055,0.032,46.0,45.0,10.41566430176241,-4.15437563543303,30.405855887488386,0.5079365079365079,37.95969813211632,31.35008257841164,TBD
Jonathan Loáisiga,642528,2026,65.0,261,48,3,18.4,5.0,7,3,2.22,0.237,0.335,0.257,0.269,28.1,3.5,31.7,72.745510204,92.850123077,16.8,34.6,23.1,52.6,55.8,17.6,22.1,962,ARI,90,642528,974,9.2,0.239,0.022,0.289,0.261,0.221,0.224,0.232,11,46,81.6,-0.9,2296,96.2,96.55,16,90,0,0.2999999999999971,6.45,110,150,119,148,297,322,290,5.125,-5.125,72.1,7.3,1.008144246,46,38,10,1,0,0,8,17.4,0,0,1.9,0.57,1.09,1.09,91.2,112,28.947368421052637,2.631578947368421,2.1739130434782608,5.31,-1.89,-0.3,2.21,0.239,1,-5.694444444,0.232,0.283,5.694444444,0.007,0.0069999999999999,-0.022,-0.003,17.8,40.3,7.252019249757574,1.4366977417581686,32.644223741539015,0.5222222222222223,33.897284660584255,27.513680828556044,ARI
Alec Gamboa,687941,2026,33.0,132,23,1,17.4,8.3,1,0,1.91,0.206,0.308,0.288,0.272,29.9,3.1,41.2,80.406624255,94.501330532,10.7,31.8,16.4,52.4,53.6,17.5,21.6,466,BOS,78,687941,466,16.7,0.222,0.083,0.222,0.306,0.223,0.262,0.244,8,36,90.4,-1.4,2100,92.4,92.59,10,78,0,0.1999999999999886,6.37,102,149,120,142,293,320,286,4.317,-4.317,71.9,7.2,1.503526091,37,36,5,3,0,0,1,2.7,0,0,1.81,0.87,0.21,-0.21,91.5,118,47.22222222222222,2.7777777777777777,2.702702702702702,6.4,1.52,0.08,2.34,0.216,1,-5.534615385,0.24,0.379,5.534615385,-0.022,-0.0239999999999999,-0.073,-0.039,12.8,62.6,4.359349217821788,5.671938083966669,32.74808314030244,0.3974358974358974,36.45339824663954,25.05265917019241,BOS
Angel Chivilli,683409,2026,16.2,73,16,4,21.9,9.6,1,1,3.78,0.22,0.394,0.321,0.309,32.7,6.3,38.8,75.91804375,94.493778298,21.5,52.9,32.6,50.5,38.8,38.8,18.4,285,TBD,9,683409,285,3.2,0.2,0.0,0.2,0.2,0.178,0.326,0.328,1,5,91.0,19.3,2010,94.5,94.66,1,9,0,0.2000000000000028,6.27,104,150,130,148,299,320,293,0.833,-0.833,72.0,7.7,2.514078648,5,5,1,0,0,0,0,0.0,0,0,1.89,0.67,0.82,0.82,96.5,138,50.0,0.0,0.0,5.65,-1.48,-0.02,2.08,0.2,0,-9.255555556,0.328,0.422,9.255555556,-0.128,-0.128,-0.222,-0.148,11.1,32.5,9.972134463864515,-9.391748177587868,31.39603434738682,0.7777777777777778,37.84182936840733,32.88464237252066,TBD
Yerry De los Santos,660787,2026,22.0,94,17,4,18.1,8.5,1,0,2.05,0.272,0.437,0.305,0.334,30.4,7.2,43.5,81.158811471,94.989843134,9.7,40.0,16.0,47.2,46.4,23.2,18.8,358,NYY,50,660787,362,13.8,0.194,0.29,0.12,0.484,0.285,0.387,0.3,6,31,90.8,22.9,2118,94.2,94.54,7,50,0,0.2999999999999971,6.62,104,149,123,148,298,327,287,1.743,-1.743,73.7,7.2,1.404005508,31,28,3,0,0,3,3,9.7,0,0,1.94,0.65,1.39,1.39,93.7,178,50.0,17.857142857142858,16.129032258064516,5.77,-2.79,-0.12,2.4,0.194,5,-3.486,0.3,0.623,3.486,-0.106,-0.1059999999999999,-0.139,-0.102,14.0,27.0,7.636764259944697,2.0506052389906677,31.155804761409023,0.6,34.13408879536436,28.464821181981115,NYY
Ryan Rolison,669020,2026,63.0,256,55,6,21.5,10.9,9,2,3.14,0.238,0.376,0.304,0.309,35.8,7.0,38.6,77.564032353,93.505629412,10.5,41.2,19.7,45.6,43.9,28.9,22.0,990,CHC,69,669020,1009,6.8,0.367,0.333,0.346,0.7,0.453,0.333,0.268,11,30,84.1,11.7,2396,89.2,89.55,9,69,0,0.2999999999999971,6.47,108,152,118,149,302,317,291,-1.943,1.943,72.0,7.1,1.585665839,30,28,5,4,0,2,2,6.7,0,0,2.58,0.34,-0.12,0.12,91.9,167,39.285714285714285,10.714285714285714,10.0,5.97,1.72,-0.15,2.31,0.367,3,2.815942029,0.268,0.52,-2.815942029,0.099,0.0989999999999999,0.18,0.12,13.0,48.3,6.979380866110324,1.4054817543101326,31.23465043706851,0.4492753623188406,35.2273809021832,30.00901273698227,CHC
Sam Hentges,656529,2026,35.2,168,39,0,23.2,14.9,1,7,3.28,0.22,0.304,0.31,0.302,28.0,4.0,30.0,78.279802245,92.679715773,12.9,58.4,27.2,42.5,48.0,24.0,21.0,666,SF,59,656529,672,8.8,0.308,0.115,0.348,0.423,0.317,0.301,0.303,8,26,87.2,13.6,2222,92.4,93.79,13,59,0,1.3999999999999917,7.07,105,150,118,145,292,317,293,1.078,-1.078,71.9,7.1,1.308961645,26,23,5,3,0,0,3,11.5,0,0,1.9,0.8,0.44,-0.44,90.2,163,21.73913043478261,4.3478260869565215,3.8461538461538463,6.23,1.91,-0.12,2.38,0.308,1,-1.827118644,0.303,0.393,1.827118644,0.005,0.005,0.03,0.016,22.0,36.6,5.758635864360077,3.0866276786964475,33.28735376895256,0.4576271186440678,34.326680182143406,27.40008240615585,SF
Yoshinobu Yamamoto,808967,2026,185.0,708,182,20,25.7,5.9,14,9,2.53,0.211,0.335,0.242,0.266,29.1,6.5,35.5,76.04979859,93.786488889,17.6,46.6,27.9,49.6,48.6,22.9,21.4,2734,LAD,171,808967,2740,6.2,0.234,0.195,0.241,0.429,0.276,0.243,0.213,18,77,90.1,12.0,2242,92.5,93.09,57,171,0,0.5999999999999943,6.55,111,153,119,148,304,320,291,3.704,-3.704,72.3,7.3,2.874862525,79,62,11,3,0,4,17,21.5,0,0,2.04,0.64,0.42,0.42,92.2,154,44.26229508196721,8.19672131147541,6.329113924050633,5.37,-1.9,0.03,2.14,0.228,5,-2.166081871,0.213,0.352,2.166081871,0.021,0.015,0.077,0.033,33.3,40.1,7.966441331934889,-2.508854339107714,33.82160262719251,0.4561403508771929,36.122654719127866,30.834634918510496,LAD
Ryne Nelson,669194,2026,86.1,368,64,18,17.4,6.5,3,5,4.8,0.263,0.5,0.333,0.351,35.0,10.2,43.8,80.361222117,94.74945663,14.8,35.4,21.2,53.8,32.8,36.9,22.6,1352,ARI,13,669194,1357,1.0,0.25,0.0,0.333,0.25,0.223,0.26,0.246,1,4,95.5,8.3,2332,91.8,92.73,5,13,0,0.9000000000000057,6.82,109,149,114,150,299,322,287,0.507,-0.507,70.1,6.8,3.2501571,4,3,1,0,0,0,1,25.0,0,0,2.13,0.6,-0.07,-0.07,91.6,162,33.33333333333333,0.0,0.0,6.19,-0.72,0.11,2.4,0.25,0,-3.9,0.246,0.36,3.9,0.004,0.004,-0.11,-0.037,38.5,55.0,7.679698246623887,4.220080878361339,27.13623289592145,0.3846153846153846,37.3530614262463,28.462276154177104,ARI
Tejay Antone,622088,2026,54.0,235,57,6,24.3,7.7,3,2,3.17,0.224,0.366,0.29,0.297,30.9,8.2,33.6,77.062931831,93.330443404,16.3,47.4,27.9,46.2,42.8,27.0,21.1,906,CIN,68,622088,915,7.4,0.258,0.194,0.35,0.452,0.303,0.307,0.301,8,31,88.0,22.3,2871,86.8,86.6,22,68,0,-0.2000000000000028,6.15,113,151,116,146,301,324,287,-0.632,0.632,72.3,7.5,3.662638798,31,21,4,3,0,1,10,32.3,0,0,2.85,0.2,-0.69,-0.69,91.6,166,33.33333333333333,9.523809523809524,6.451612903225806,5.62,-1.85,0.35,2.25,0.258,2,0.929411765,0.301,0.409,-0.929411765,-0.043,-0.0429999999999999,0.043,-0.004,32.4,26.2,10.91544020587974,-4.307639021283783,31.830054998017808,0.4264705882352941,40.80154395137247,32.29501003112707,CIN
Brandon Eisert,685126,2026,44.0,189,49,6,25.9,7.4,3,3,5.52,0.239,0.378,0.327,0.299,34.4,6.4,39.2,79.3312155,93.990497667,20.4,47.4,30.6,45.9,41.6,27.2,26.4,784,PIT,22,685126,784,2.8,0.111,0.111,0.125,0.222,0.14,0.487,0.394,1,9,94.9,19.1,2012,86.8,88.24,9,22,0,1.4000000000000057,7.23,115,152,120,149,305,327,285,1.981,-1.981,73.2,7.4,2.478559012,9,8,0,1,0,0,1,11.1,0,0,2.34,0.71,0.21,-0.21,95.3,168,62.5,12.5,11.11111111111111,5.03,3.89,-0.04,2.18,0.111,1,-9.004545455,0.394,0.757,9.004545455,-0.283,-0.283,-0.535,-0.347,40.9,36.8,11.171580490307711,-1.3839405641162803,31.84316627224924,0.5909090909090909,36.18359641129042,31.20202424768828,PIT
Logan VanWey,701121,2026,11.2,42,9,1,21.4,0.0,1,0,1.54,0.26,0.36,0.267,0.261,27.3,6.1,48.5,79.69341125,95.926905938,22.5,36.0,26.0,53.9,42.4,24.2,24.2,178,HOU,27,701121,178,15.2,0.375,0.0,0.429,0.375,0.334,0.386,0.391,3,8,94.4,14.0,2317,90.9,91.54,5,27,0,0.5999999999999943,6.66,110,153,116,148,304,323,289,1.011,-1.011,72.5,7.1,0.804676155,8,7,3,0,0,0,1,12.5,0,0,1.84,0.93,0.36,0.36,91.4,150,57.14285714285714,14.285714285714285,12.5,5.15,-2.55,-0.08,2.67,0.375,1,-3.744444444,0.391,0.51,3.744444444,-0.016,-0.016,-0.135,-0.052,18.5,23.8,5.570365705190973,7.010729963736175,29.948830636962843,0.4444444444444444,35.72517346400033,26.055158864604312,HOU
Blake Treinen,595014,2026,29.2,130,31,3,23.8,10.0,4,1,3.64,0.261,0.465,0.329,0.343,35.3,10.7,41.2,75.82214875,94.597450625,13.1,43.5,24.9,48.0,47.1,29.4,18.8,494,LAD,32,595014,499,6.4,0.467,0.4,0.5,0.867,0.565,0.427,0.378,7,15,94.7,17.8,2440,93.2,92.19,7,32,0,-1.0,5.78,104,151,117,144,301,314,289,-2.822,2.822,73.1,7.5,3.50081033,15,13,4,1,1,1,2,13.3,0,0,2.23,0.42,0.8,0.8,93.8,161,46.15384615384615,7.6923076923076925,6.666666666666667,6.18,-2.93,0.1,2.31,0.467,1,8.81875,0.378,0.623,-8.81875,0.089,0.089,0.244,0.138,21.9,30.9,10.96517916098409,-1.86107191904093,33.95110509753468,0.6875,36.893237062608286,31.25615312668149,LAD
Brady Basso,669620,2026,42.0,192,30,4,15.6,4.7,1,3,5.36,0.28,0.384,0.365,0.308,38.6,5.2,37.9,77.287895132,94.161776954,11.5,40.2,20.3,51.7,42.5,26.1,26.8,677,OAK,156,669620,681,22.9,0.373,0.173,0.397,0.547,0.393,0.286,0.284,28,75,89.6,17.0,2240,88.6,88.65,26,156,0,0.0,6.3,105,152,116,147,305,324,293,-0.701,0.701,72.6,7.3,3.439326848,76,66,21,4,0,3,10,13.2,0,0,2.2,0.75,0.23,-0.23,92.0,166,40.909090909090914,4.545454545454546,3.947368421052632,6.45,2.17,0.07,2.33,0.368,3,0.449358974,0.281,0.386,-0.449358974,0.089,0.0869999999999999,0.161,0.107,16.7,49.1,6.911564178591618,1.9533571441628,31.55622276991705,0.4102564102564102,37.02944264944525,29.326547300477404,OAK
Troy Johnston,687859,2026,2.0,9,0,0,0.0,11.1,0,0,0.0,0.177,0.207,0.258,0.289,0.0,0.0,42.9,82.4785175,92.391702857,0.0,18.2,10.5,54.3,57.1,28.6,0.0,35,COL,5,687859,35,14.3,0.0,0.0,0.0,0.0,0.0,0.009,0.008,0,3,81.6,48.7,1639,75.1,74.06,1,5,0,-1.0,5.24,110,149,119,146,300,338,299,0.709,-0.709,68.1,6.8,0.270070368,3,3,0,0,0,0,0,0.0,0,0,3.03,0.99,0.78,-0.78,90.6,186,0.0,0.0,0.0,6.03,2.14,0.07,2.9,0.0,0,-14.18,0.008,0.016,14.18,-0.008,-0.008,-0.016,-0.009,20.0,38.8,4.768715611390305,15.979015313287968,24.75754753031793,0.2,40.19734416037673,22.877880360040912,COL
Trey Yesavage,702056,2026,95.2,401,97,11,24.2,11.7,5,5,3.67,0.198,0.333,0.284,0.284,36.5,6.7,34.1,78.152234,93.36483316,17.6,52.7,30.2,47.3,34.9,29.4,24.7,1619,TOR,32,702056,1619,2.0,0.067,0.2,0.0,0.267,0.137,0.281,0.225,1,15,89.5,26.1,2108,88.6,88.32,8,32,0,-0.2999999999999971,5.99,107,152,118,148,303,322,291,2.685,-2.685,71.8,7.6,3.4516098,15,12,0,0,0,1,3,20.0,0,0,2.06,0.85,0.4,0.4,91.0,156,33.33333333333333,16.666666666666664,13.333333333333334,7.16,-0.6,0.02,2.39,0.067,2,-8.390625,0.225,0.451,8.390625,-0.158,-0.158,-0.184,-0.144,25.0,67.3,17.62352090203896,-6.582965571093719,34.118973820216446,0.46875,35.93984825362234,34.63156574473881,TOR
Chase Lee,695445,2026,9.2,42,5,3,11.9,19.0,1,0,6.52,0.227,0.331,0.379,0.312,24.1,10.3,34.5,75.198984286,93.516621071,5.7,47.6,21.4,38.4,48.3,31.0,13.8,146,TOR,21,695445,154,13.6,0.167,0.25,0.111,0.417,0.245,0.225,0.196,2,12,83.4,22.2,2767,84.3,83.44,7,21,0,-0.8999999999999915,5.97,103,147,111,144,295,306,283,1.835,-1.835,69.2,7.3,5.695252161,12,10,1,0,0,1,2,16.7,0,0,2.83,0.43,-0.59,-0.59,90.2,151,20.0,10.0,8.333333333333332,3.91,-2.78,0.5,2.4,0.167,1,-8.738095238,0.196,0.33,8.738095238,-0.029,-0.0289999999999999,0.087,0.02,33.3,-3.7,12.150647016063717,-2.542688738255868,32.40703470265928,0.4285714285714285,40.9839211591442,31.49819869068977,TOR
Cade Povich,700249,2026,37.0,160,28,6,17.5,9.4,2,1,4.38,0.254,0.426,0.35,0.331,25.0,6.9,39.7,79.616194828,94.483620087,9.8,46.5,22.6,46.3,44.0,29.3,18.1,611,TBD,80,700249,611,13.1,0.282,0.103,0.333,0.385,0.29,0.262,0.245,11,39,90.2,24.1,2273,88.1,88.18,14,80,0,0.1000000000000085,6.38,107,152,116,145,313,331,296,2.976,-2.976,74.2,7.3,1.570665988,39,31,9,1,0,1,8,20.5,0,0,2.2,0.78,0.49,-0.49,90.9,169,32.25806451612903,3.225806451612903,2.564102564102564,5.86,1.38,0.13,2.52,0.282,1,-3.72,0.245,0.366,3.72,0.037,0.0369999999999999,0.019,0.028,17.5,44.1,10.349216827210237,-0.61279590869091,31.226012315449875,0.6125,36.88455450502275,31.059824302871647,TBD
Shane Drohan,675660,2026,123.0,523,123,14,23.5,8.4,7,5,4.24,0.234,0.379,0.325,0.304,35.9,8.6,38.7,77.832892632,94.023838713,18.7,42.6,27.1,48.1,41.3,29.6,23.6,1980,MIL,171,675660,1980,8.6,0.292,0.361,0.26,0.653,0.399,0.355,0.279,21,72,91.5,19.9,2613,91.2,91.12,45,171,0,-0.1000000000000085,6.19,109,152,125,149,301,318,295,-2.777,2.777,73.4,7.3,1.434789766,72,58,11,2,0,8,14,19.4,0,0,2.2,0.56,0.52,-0.52,92.5,185,43.103448275862064,17.24137931034483,13.88888888888889,5.41,1.71,-0.07,2.3,0.292,10,1.623976608,0.279,0.566,-1.623976608,0.013,0.0129999999999999,0.087,0.044,26.3,30.6,9.0734606656975,-0.2527999498467551,33.634845522833125,0.5029239766081871,36.03009899144298,29.99847956168127,MIL
Yovanny Cruz,672442,2026,16.0,70,15,2,21.4,12.9,0,2,5.06,0.263,0.405,0.358,0.352,43.2,2.3,43.2,77.191992273,94.084549545,16.3,47.2,25.9,45.3,36.4,22.7,31.8,256,WSH,41,672442,256,16.0,0.286,0.19,0.294,0.476,0.327,0.254,0.256,6,21,82.6,14.4,2280,95.0,94.78,8,41,0,-0.2000000000000028,6.23,105,148,112,145,305,327,293,-0.642,0.642,72.4,7.4,4.295067179,21,18,4,1,0,1,3,14.3,0,0,2.08,0.47,0.46,0.46,90.9,109,33.33333333333333,0.0,0.0,5.99,-2.9,-0.19,2.24,0.286,0,1.565853659,0.256,0.331,-1.565853659,0.03,0.0299999999999999,0.145,0.073,19.5,30.7,11.424279579484471,-5.490432323292914,32.48534130736939,0.5121951219512195,33.91203656874757,32.59557480304816,WSH
Khristian Curtis,694753,2026,21.0,87,13,1,14.9,13.8,2,0,4.71,0.196,0.346,0.289,0.298,34.4,8.2,29.5,73.980757419,92.602039016,15.8,36.1,23.5,46.4,34.4,27.9,16.4,349,TBD,47,694753,349,13.5,0.318,0.227,0.3,0.545,0.37,0.27,0.201,7,22,89.9,27.1,2524,91.8,92.89,10,47,0,1.1000000000000083,6.79,105,150,119,147,305,321,290,-0.328,0.328,73.1,7.5,3.029043446,22,21,4,2,0,1,1,4.5,0,0,1.85,0.86,0.07,0.07,91.9,161,47.61904761904761,14.285714285714285,13.636363636363637,5.89,-1.09,0.19,2.45,0.318,3,0.69787234,0.201,0.442,-0.69787234,0.117,0.1169999999999999,0.103,0.1,21.3,48.2,10.391634329302844,-3.5711797538847803,28.65506079038437,0.7446808510638298,38.601647304696,32.169196594856864,TBD
Brandon Young,687064,2026,156.2,669,133,22,19.9,9.1,9,6,3.56,0.25,0.398,0.323,0.319,34.1,6.9,39.4,78.413877576,94.191988268,14.2,41.6,24.3,49.0,42.9,25.6,23.2,2530,BAL,179,687064,2530,7.1,0.357,0.226,0.387,0.583,0.405,0.349,0.303,30,84,89.0,9.4,2082,89.7,89.71,43,179,0,0.0,6.35,109,151,117,145,310,326,292,-5.037,5.037,72.5,7.5,4.167142744,84,68,23,1,0,6,16,19.0,0,0,2.15,0.73,0.34,0.34,92.3,152,42.64705882352941,11.76470588235294,9.523809523809524,6.0,-1.46,0.11,2.35,0.357,8,2.81396648,0.303,0.512,-2.81396648,0.054,0.0539999999999999,0.071,0.056,24.0,41.3,9.875921039218632,-3.346664345539572,30.350404103613048,0.4860335195530726,36.99228124371998,31.481620634956997,BAL
Camilo Doval,666808,2026,58.2,269,65,7,24.2,11.9,3,2,4.3,0.225,0.337,0.321,0.301,28.4,6.5,47.9,81.199986829,94.879226707,14.1,54.7,28.0,46.1,52.7,18.3,22.5,1023,SF,65,666808,1035,6.3,0.31,0.138,0.381,0.448,0.329,0.245,0.231,9,29,89.5,7.7,2642,93.5,93.38,19,65,0,-0.0999999999999943,6.11,101,148,117,146,309,323,290,0.92,-0.92,70.8,7.5,3.974022173,29,22,7,1,0,1,7,24.1,0,0,2.57,0.05,0.06,0.06,92.0,142,45.45454545454545,9.090909090909092,6.896551724137931,5.49,-1.47,-0.06,2.07,0.31,2,-1.415384615,0.231,0.34,1.415384615,0.079,0.0789999999999999,0.108,0.084,29.2,22.0,11.215426778694496,-4.928536963248534,32.301831802282514,0.4923076923076923,35.64988985460445,32.19962025611261,SF
Blake Burkhalter,686628,2026,1.0,5,1,0,20.0,20.0,0,0,9.0,0.429,0.551,0.318,0.395,66.7,0.0,66.7,89.14268,96.185006667,25.0,50.0,40.0,43.5,0.0,33.3,66.7,23,TBD,6,686628,23,26.1,0.5,0.0,0.333,0.5,0.297,0.426,0.643,1,2,93.4,30.0,2422,89.5,89.78,1,6,0,0.2999999999999971,6.28,115,147,118,148,308,320,302,0.004,-0.004,71.0,7.4,3.681803712,3,3,1,0,0,0,0,0.0,0,0,2.41,0.43,-0.15,-0.15,92.9,213,66.66666666666666,0.0,0.0,5.71,-2.58,0.36,2.54,0.333,0,-0.066666667,0.432,0.827,0.066666667,-0.143,-0.0989999999999999,-0.327,-0.129,16.7,44.4,7.845490448224021,-3.838038388091387,29.221745004527804,0.5,40.93156537751076,30.29178109943326,TBD
John Klein,804619,2026,4.1,35,7,1,20.0,17.1,0,1,4.15,0.188,0.343,0.311,0.33,31.8,9.1,36.4,65.800059091,93.027508182,14.0,26.3,17.4,46.6,40.9,36.4,13.6,148,TOR,14,804619,148,9.5,0.143,0.0,0.2,0.143,0.127,0.337,0.25,1,7,75.7,-2.8,2258,86.7,87.48,4,14,0,0.7999999999999972,6.72,107,152,116,149,303,326,291,0.46,-0.46,74.7,7.7,0.517859856,7,5,1,0,0,0,2,28.6,0,0,2.57,0.5,0.01,0.01,92.1,144,40.0,20.0,14.285714285714285,6.06,-1.06,0.21,2.45,0.143,1,-3.285714286,0.25,0.556,3.285714286,-0.107,-0.107,-0.413,-0.21,28.6,,15.499396941819134,-4.541577073466711,33.49445038330744,0.2857142857142857,37.968911760660376,35.4012505175073,TOR
Eduard Bazardo,660825,2026,66.1,291,67,13,23.0,8.2,3,4,3.93,0.264,0.454,0.347,0.34,37.9,9.6,40.4,79.43629,94.405245155,13.0,44.9,21.7,45.0,35.9,30.8,24.7,1107,SEA,79,660825,1115,7.1,0.341,0.415,0.29,0.756,0.453,0.461,0.38,14,41,93.0,12.0,2321,92.7,91.91,15,79,0,-0.7999999999999972,5.84,112,152,119,146,290,321,295,-5.892,5.892,73.7,7.4,2.83281406,42,36,7,2,0,5,6,14.3,0,0,2.17,0.52,0.54,0.54,94.7,179,55.55555555555556,13.88888888888889,11.904761904761903,5.82,-1.75,0.02,2.28,0.333,5,7.458227848,0.379,0.718,-7.458227848,-0.039,-0.0459999999999999,0.038,-0.008,19.0,43.7,8.656919984928885,-2.337821446269792,30.667196884460918,0.5443037974683544,36.380252512806976,30.478134637474767,SEA
Steven Cruz,674444,2026,58.2,246,65,14,26.4,8.1,2,4,4.3,0.24,0.402,0.336,0.31,36.1,11.4,37.3,77.949388961,94.351879416,19.9,55.4,28.6,53.0,46.2,22.8,22.8,930,TBD,57,674444,939,6.1,0.37,0.222,0.348,0.593,0.416,0.335,0.313,10,27,88.3,9.7,2152,96.5,96.77,7,57,0,0.2999999999999971,6.49,109,149,118,144,300,324,286,-1.114,1.114,70.8,7.0,2.327463924,27,25,8,0,0,2,2,7.4,0,0,1.55,0.91,0.53,0.53,91.3,169,28.000000000000004,8.0,7.4074074074074066,5.53,-3.38,0.07,2.46,0.37,2,1.954385965,0.313,0.462,-1.954385965,0.057,0.0569999999999999,0.131,0.081,12.3,27.8,3.3073172830945854,6.506353271306041,32.217191498837245,0.4210526315789473,37.16851048862761,25.358322557236825,TBD
Tyler Holton,663947,2026,72.0,301,55,8,18.3,6.3,2,5,2.75,0.247,0.364,0.316,0.3,31.2,5.5,37.6,76.083224495,93.552477051,14.4,43.6,23.4,46.9,52.0,17.2,22.6,1130,DET,74,663947,1130,6.5,0.243,0.054,0.281,0.297,0.237,0.269,0.253,9,37,89.7,17.3,2066,87.4,88.06,19,74,0,0.6999999999999886,6.54,107,152,121,147,304,322,288,4.488,-4.488,72.5,7.4,2.658680401,37,32,7,2,0,0,5,13.5,0,0,2.31,0.67,0.44,-0.44,91.8,161,43.75,3.125,2.702702702702702,5.84,1.65,0.16,2.14,0.243,1,-6.064864865,0.253,0.375,6.064864865,-0.01,-0.01,-0.078,-0.032,25.7,39.7,9.043893611833338,-3.517963215657083,32.876109020473194,0.5405405405405406,37.57935159049535,32.83079172710077,DET
Aaron Bummer,607481,2026,16.2,88,13,7,14.8,12.5,1,2,10.26,0.271,0.521,0.457,0.382,34.9,12.7,49.2,82.032936129,95.460967581,9.2,44.4,19.5,47.0,47.6,30.2,15.9,328,TBD,11,607481,329,3.3,0.5,0.0,0.5,0.5,0.445,0.251,0.274,2,4,76.3,-1.0,2214,84.7,85.21,0,11,0,0.5,6.44,98,147,115,144,301,325,285,-0.268,0.268,70.6,6.9,,4,4,2,0,0,0,0,0.0,0,0,3.29,-0.11,-0.23,0.23,89.4,160,0.0,0.0,0.0,5.32,2.08,-0.16,2.27,0.5,0,2.436363636,0.274,0.306,-2.436363636,0.226,0.2259999999999999,0.194,0.194,0.0,18.2,1.1981533817741776,4.80827430107233,37.92273586274406,0.3636363636363636,33.70204407391257,26.15702635558297,TBD
Gavin Williams,668909,2026,184.1,746,248,28,33.2,8.2,14,8,3.76,0.219,0.396,0.294,0.302,35.0,11.4,46.6,79.297357934,94.995264941,21.0,54.3,32.8,49.1,44.5,25.5,23.2,2960,CLE,147,668909,2991,4.9,0.284,0.209,0.294,0.493,0.333,0.316,0.255,19,67,89.0,10.9,2332,91.4,92.62,43,147,0,1.1999999999999886,7.03,103,152,123,147,298,322,294,3.402,-3.402,70.8,7.3,3.063683103,67,55,13,2,0,4,12,17.9,0,0,2.6,0.18,-0.14,-0.14,91.9,162,41.81818181818181,12.727272727272728,10.44776119402985,5.99,-2.63,0.29,2.34,0.284,7,-2.314285714,0.255,0.492,2.314285714,0.029,0.0289999999999999,0.001,0.017,29.3,36.1,8.91545764036287,0.1328050833160982,29.34704375574001,0.4897959183673469,39.206150580514176,30.261450956446183,CLE
José A. Ferrer,678606,2026,64.1,295,54,7,18.3,6.8,4,4,3.92,0.252,0.386,0.333,0.311,28.0,6.1,36.0,74.687788571,93.411498565,14.1,34.2,19.6,50.1,56.5,21.5,18.7,1090,SEA,94,678606,1101,8.5,0.409,0.295,0.389,0.705,0.478,0.479,0.408,18,44,89.9,8.7,2200,94.8,94.16,18,94,0,-0.5999999999999943,5.99,108,150,116,145,292,323,288,-5.619,5.619,71.7,7.2,3.256711023,44,40,13,1,0,4,4,9.1,0,0,2.2,0.36,1.34,-1.34,92.2,164,47.5,12.5,11.363636363636363,5.69,2.82,0.17,2.11,0.409,5,5.977659574,0.408,0.712,-5.977659574,0.001,0.001,-0.007,-0.001,19.1,29.9,5.74258223498298,3.396955227943105,34.339614066636386,0.3404255319148936,38.71863438060821,27.033470756166444,SEA
Jacob Lopez,682052,2026,123.1,551,112,23,20.3,10.5,7,5,5.47,0.214,0.357,0.348,0.295,33.2,6.9,31.5,72.154590161,92.546214582,17.5,38.4,24.1,46.0,32.4,34.7,18.6,2226,OAK,340,682052,2244,15.2,0.267,0.26,0.276,0.527,0.337,0.249,0.196,40,150,84.6,24.0,2280,82.7,83.49,86,340,0,0.7999999999999972,6.87,105,151,116,146,304,323,292,4.289,-4.289,72.8,7.6,3.286038897,150,116,23,6,0,11,34,22.7,0,0,2.79,0.61,0.14,-0.14,90.8,167,34.48275862068966,11.20689655172414,8.666666666666668,5.1,3.57,0.16,2.28,0.267,13,-1.261470588,0.196,0.394,1.261470588,0.071,0.071,0.133,0.088,25.3,17.8,13.74053929339581,-7.560355896692611,30.664945327175545,0.4794117647058823,39.15879209575394,36.27897349336417,OAK
Christian Scott,681035,2026,110.0,474,134,12,28.3,9.9,4,5,3.85,0.221,0.344,0.302,0.297,38.4,6.3,34.5,75.445340286,93.111514714,20.3,42.1,27.0,49.5,32.7,29.6,28.5,1964,TBD,122,681035,1965,6.2,0.204,0.019,0.275,0.222,0.188,0.208,0.198,11,54,86.0,14.7,2410,89.8,90.76,38,122,0,1.0,7.02,105,153,123,148,305,323,292,6.816,-6.816,71.7,7.3,1.677606922,54,40,10,1,0,0,14,25.9,0,0,2.05,0.84,-0.05,-0.05,91.9,169,40.0,5.0,3.7037037037037033,5.19,-2.98,0.23,2.6,0.204,2,-5.586885246,0.198,0.285,5.586885246,0.006,0.0059999999999999,-0.063,-0.02,31.1,28.1,10.195063879312803,-3.157370490910388,28.750567944176236,0.5327868852459017,38.2277658670943,31.43331038179554,TBD
Zak Kent,687849,2026,16.1,77,12,3,15.6,10.4,0,0,5.51,0.259,0.447,0.38,0.349,35.1,12.3,43.9,80.695861379,94.365274386,8.5,45.8,21.1,48.3,36.8,38.6,21.1,294,TBD,7,687849,294,2.4,0.25,0.0,0.333,0.25,0.223,0.41,0.342,1,4,93.9,30.7,2697,90.5,90.66,2,7,0,0.2000000000000028,6.21,110,153,124,150,302,329,303,0.461,-0.461,77.7,7.5,1.029872382,4,3,1,0,0,0,1,25.0,0,0,2.33,0.47,-0.12,-0.12,92.4,220,33.33333333333333,33.33333333333333,25.0,6.05,-0.94,0.02,2.72,0.25,1,-6.585714286,0.342,0.633,6.585714286,-0.092,-0.092,-0.383,-0.187,28.6,51.0,10.99849463576834,-1.4718769431506638,26.512925297011,0.8571428571428571,36.99802881660968,33.01469833132468,TBD
Brent Suter,608718,2026,88.0,377,78,9,20.7,6.9,3,2,3.48,0.252,0.396,0.305,0.306,33.6,6.7,31.0,75.068237481,93.096854924,16.8,38.6,23.6,46.6,50.6,21.4,23.2,1526,ATL,120,608718,1534,7.8,0.233,0.1,0.25,0.333,0.246,0.24,0.226,14,60,87.3,5.3,2035,86.2,87.89,31,120,0,1.7000000000000028,7.35,113,151,123,148,313,322,301,4.415,-4.415,71.8,7.1,2.130446626,60,53,10,3,0,1,7,11.7,0,0,2.04,1.06,0.52,-0.52,91.7,142,35.84905660377358,3.7735849056603774,3.333333333333333,6.02,3.44,0.18,2.53,0.233,2,-3.679166667,0.226,0.334,3.679166667,0.007,0.007,-0.001,0.006,25.8,47.1,6.744811451629726,4.576553568775414,30.05168544527113,0.3833333333333333,37.66425721250607,28.61699374383236,ATL
Ryan Thompson,657044,2026,40.2,186,29,3,15.6,7.0,4,2,4.43,0.275,0.381,0.346,0.311,33.3,4.3,34.0,77.181734783,93.778151957,11.3,31.7,19.2,48.6,51.8,14.9,24.8,654,TBD,13,657044,667,1.9,0.5,0.25,0.667,0.75,0.538,0.195,0.195,2,4,98.3,-5.0,2128,85.1,85.35,2,13,0,0.3000000000000113,6.64,103,148,123,148,310,324,288,-0.687,0.687,72.1,7.3,2.172876024,4,3,1,1,0,0,1,25.0,0,0,3.12,0.11,-0.14,-0.14,91.1,149,100.0,0.0,0.0,3.76,-3.78,-0.03,2.3,0.5,0,5.284615385,0.195,0.266,-5.284615385,0.305,0.305,0.484,0.343,15.4,-7.8,6.159843656443857,2.130937260273672,32.61722431670643,0.4615384615384615,36.53870282734543,29.93353460861089,TBD
Carlos Duran,679922,2026,1.1,9,1,0,11.1,33.3,1,0,13.5,0.166,0.199,0.431,0.334,40.0,0.0,0.0,67.74778,88.840146,16.7,50.0,30.0,28.6,80.0,0.0,20.0,35,TBD,4,679922,35,11.4,0.333,0.0,0.333,0.333,0.297,0.192,0.211,1,3,80.1,-5.3,2310,92.9,93.28,0,4,0,0.3999999999999915,6.6,114,151,123,148,301,325,286,0.062,-0.062,69.2,6.8,,3,3,1,0,0,0,0,0.0,0,0,1.95,0.71,0.58,0.58,89.4,99,0.0,0.0,0.0,5.62,-2.52,-0.02,2.55,0.333,0,-1.55,0.211,0.263,1.55,0.122,0.122,0.07,0.105,0.0,22.0,7.470461451668864,8.358845255771667,34.0719709224789,0.25,35.07433571775909,21.85059850151197,TBD
Reynaldo López,625643,2026,79.1,346,73,11,21.1,9.8,4,5,4.54,0.262,0.428,0.336,0.335,39.2,7.2,35.9,76.056520684,93.600347436,12.0,44.7,22.3,45.5,38.0,26.2,28.3,1368,TBD,23,625643,1370,1.7,0.417,0.0,0.417,0.417,0.342,0.337,0.373,5,12,80.3,10.2,2132,88.0,88.61,2,23,0,0.5999999999999943,6.6,105,150,123,146,313,325,308,-0.401,0.401,72.0,7.9,1.195413792,13,12,5,0,0,0,1,7.7,0,0,2.39,0.58,0.03,0.03,89.4,147,16.666666666666664,0.0,0.0,5.57,-2.05,-0.11,2.2,0.385,0,1.743478261,0.355,0.419,-1.743478261,0.044,0.03,-0.002,0.005,8.7,37.8,8.24838723361633,-11.258440670530542,29.887338646417152,0.4347826086956521,35.036827154452595,36.89803245338321,TBD
Jordan Romano,605447,2026,32.2,153,39,3,25.5,12.4,0,4,4.96,0.216,0.332,0.307,0.294,35.1,5.3,34.0,76.445590426,93.001577979,12.9,52.2,28.2,45.3,31.9,26.6,28.7,643,COL,69,605447,648,10.6,0.25,0.292,0.263,0.542,0.317,0.28,0.247,6,24,87.5,12.2,2198,87.4,89.46,13,69,0,2.0999999999999943,7.24,107,149,119,144,304,331,295,0.265,-0.265,73.4,7.5,4.135683218,25,20,3,0,2,1,5,20.0,0,0,2.66,0.32,-0.07,-0.07,91.4,168,40.0,5.0,4.0,6.09,-1.83,0.06,2.31,0.24,1,-0.384057971,0.255,0.389,0.384057971,0.003,-0.015,0.153,0.037,18.8,52.7,9.96854258943624,-6.227650711885371,30.109532190729126,0.463768115942029,35.97562196345396,33.59012302771393,COL
Joel Kuhnel,669270,2026,44.0,198,27,7,13.6,8.6,1,3,4.5,0.299,0.456,0.351,0.365,34.0,6.8,40.0,77.710757973,94.180477162,11.0,46.8,22.7,46.1,50.7,17.3,25.3,736,SF,42,669270,739,5.7,0.211,0.211,0.188,0.421,0.255,0.421,0.313,4,19,90.0,14.1,2341,93.5,94.05,12,42,0,0.5999999999999943,6.57,108,152,118,147,295,320,294,2.409,-2.409,72.6,7.4,2.522268732,20,17,2,1,0,1,3,15.0,0,0,2.16,0.45,0.69,0.69,94.5,172,52.94117647058824,17.647058823529413,15.0,6.47,-1.14,-0.18,2.19,0.2,3,-5.735714286,0.321,0.646,5.735714286,-0.102,-0.121,-0.225,-0.166,28.6,40.5,9.207646819705827,-1.2116587119212547,33.90161218300167,0.5476190476190477,33.593562871306254,28.036063092115228,SF
Hunter Gaddis,683769,2026,60.1,257,57,7,22.2,8.6,6,3,2.98,0.249,0.384,0.3,0.311,33.7,7.5,29.9,75.512971294,92.352765294,19.4,49.1,29.5,51.7,36.6,30.3,23.4,983,CLE,77,683769,984,7.8,0.128,0.051,0.147,0.179,0.13,0.219,0.218,5,39,87.1,18.1,2246,90.2,91.39,20,77,0,1.2000000000000028,6.92,99,153,124,147,292,322,292,7.186,-7.186,72.3,7.5,3.513149278,40,34,3,2,0,0,6,15.0,0,0,2.16,0.65,-0.07,-0.07,91.0,157,32.35294117647059,2.941176470588235,2.5,6.21,-2.18,0.36,2.47,0.125,1,-9.332467532,0.214,0.295,9.332467532,-0.09,-0.089,-0.116,-0.089,26.0,36.4,11.6744662963216,-5.93053317333222,28.816747710332045,0.6233766233766234,39.23873013496748,33.841611200154325,CLE
JT Brubaker,664141,2026,60.1,250,39,5,15.6,10.4,0,0,3.58,0.274,0.427,0.294,0.341,36.1,5.5,36.1,77.08366011,93.579520879,9.9,39.3,20.9,45.0,41.5,25.7,27.9,1000,TBD,30,664141,1002,3.0,0.286,0.214,0.231,0.5,0.337,0.356,0.356,4,14,88.1,-1.8,2431,88.4,87.59,5,30,0,-0.8000000000000114,5.71,105,154,121,148,296,314,292,-0.307,0.307,74.0,7.6,2.302897431,14,14,3,0,0,1,0,0.0,0,0,2.62,0.3,0.28,0.28,93.5,128,35.714285714285715,7.142857142857142,7.142857142857142,6.29,-2.22,0.19,2.22,0.286,1,1.023333333,0.356,0.462,-1.023333333,-0.07,-0.07,0.038,-0.019,16.7,45.9,13.48412238009073,-8.79818451127045,31.744398565620592,0.7333333333333333,37.34036702643164,35.938095138598506,TBD
Bryan Baker,641329,2026,62.1,244,63,4,25.8,9.0,4,2,1.44,0.205,0.319,0.231,0.272,33.1,7.0,35.7,74.996232987,93.55885961,21.2,38.5,27.2,52.6,40.1,26.8,22.9,977,TB,82,641329,981,8.4,0.219,0.125,0.25,0.344,0.243,0.322,0.288,7,32,88.7,20.5,2099,91.9,91.93,19,82,0,0.0,6.4,102,153,124,148,308,342,300,1.367,-1.367,73.4,7.4,1.720615074,32,25,5,1,0,1,7,21.9,0,0,1.44,1.29,0.52,0.52,92.3,184,52.0,8.0,6.25,6.57,-0.66,-0.06,2.44,0.219,2,-1.667073171,0.288,0.466,1.667073171,-0.069,-0.0689999999999999,-0.122,-0.079,23.2,56.9,10.71950601761675,-4.19060720338237,31.08543766117309,0.573170731707317,35.64310191049143,31.126646185949262,TB
Dax Fulton,690978,2026,26.0,122,29,1,23.8,12.3,2,0,3.46,0.226,0.32,0.296,0.298,31.2,5.3,41.6,78.187634211,94.292281974,20.7,37.8,26.8,43.6,55.8,11.7,28.6,479,MIA,60,690978,479,12.5,0.219,0.063,0.292,0.281,0.217,0.225,0.239,7,32,89.3,-6.3,2320,91.3,92.11,17,60,0,0.7999999999999972,6.76,104,150,121,147,306,324,294,2.629,-2.629,72.2,7.3,0.955660316,32,24,6,0,1,0,8,25.0,0,0,2.31,0.44,-0.15,0.15,91.9,123,39.130434782608695,0.0,0.0,6.27,2.76,0.13,2.12,0.219,0,-4.381666667,0.239,0.278,4.381666667,-0.02,-0.0199999999999999,0.003,-0.008,28.3,42.1,4.966627373739133,6.470637140864023,32.728182016732305,0.3833333333333333,37.54809344875218,26.3537447999468,MIA
Steven Okert,595345,2026,67.2,261,68,7,26.1,5.4,6,2,2.13,0.21,0.361,0.252,0.274,33.7,6.9,35.4,76.784037294,93.312259588,26.3,42.1,30.9,50.0,28.0,35.4,20.6,1050,TBD,49,595345,1051,4.7,0.182,0.227,0.176,0.409,0.236,0.275,0.224,4,22,89.8,24.4,2376,83.4,83.33,19,49,0,-0.1000000000000085,6.22,109,152,113,147,293,325,286,1.383,-1.383,71.4,7.6,3.028901829,23,18,2,0,1,1,5,21.7,0,0,2.56,0.75,-0.35,0.35,94.2,205,55.55555555555556,16.666666666666664,13.043478260869565,5.92,3.13,-0.03,2.3,0.174,3,-2.82244898,0.214,0.459,2.82244898,-0.042,-0.04,-0.05,-0.039,38.8,33.6,13.245362359930612,-9.391656591414243,31.18377376248145,0.4285714285714285,36.70681959093293,35.08284853987634,TBD
Kyle Freeland,607536,2026,131.1,593,106,27,17.9,4.9,4,11,6.58,0.289,0.493,0.382,0.354,34.7,11.1,44.0,79.950922287,95.335856726,11.1,44.0,22.2,50.9,40.7,28.5,26.3,2125,COL,153,607536,2125,7.2,0.346,0.295,0.338,0.641,0.421,0.358,0.31,27,78,93.3,14.6,2249,86.4,87.3,33,153,0,0.8999999999999915,6.58,105,151,118,147,309,333,295,-2.085,2.085,73.2,7.5,2.951602191,78,70,14,8,0,5,8,10.3,0,0,2.65,0.39,0.51,-0.51,93.3,178,48.57142857142857,10.0,8.974358974358974,5.68,2.67,0.12,2.21,0.346,7,1.362745098,0.31,0.534,-1.362745098,0.036,0.0359999999999999,0.107,0.063,21.6,25.9,10.141878955736948,-3.251339660760131,32.373197632436266,0.5424836601307189,37.8612353427154,31.43017975806038,COL
Jacob Latz,656641,2026,71.0,271,83,6,30.6,8.5,3,4,2.15,0.188,0.332,0.207,0.253,28.5,8.5,41.2,78.97146963,93.949980124,23.9,45.5,31.5,52.8,37.0,30.3,19.4,1128,TEX,138,656641,1152,12.0,0.143,0.163,0.207,0.306,0.189,0.249,0.198,7,49,89.4,24.2,2336,91.5,91.41,53,138,0,-0.0999999999999943,6.4,109,152,117,148,304,326,297,6.812,-6.812,72.6,7.5,3.451914475,49,30,1,5,0,1,19,38.8,0,0,1.46,1.3,0.86,-0.86,91.2,186,53.333333333333336,16.666666666666664,10.20408163265306,6.03,1.9,0.2,2.5,0.143,5,-4.936231884,0.198,0.393,4.936231884,-0.055,-0.055,-0.087,-0.06,38.4,52.5,12.990813726024584,-8.901734855727032,31.12431992065463,0.5289855072463768,37.86426165360032,33.68322303557626,TEX
Albert Suárez,544150,2026,63.0,262,46,8,17.6,7.6,3,0,3.86,0.249,0.399,0.308,0.311,39.8,7.1,39.3,79.228780833,93.954084844,17.2,37.1,23.7,50.0,33.7,27.6,29.6,970,BAL,84,544150,971,8.7,0.194,0.028,0.226,0.222,0.179,0.244,0.231,7,36,87.4,10.8,2257,88.3,88.94,19,84,0,0.6000000000000085,6.66,108,151,118,144,309,323,290,6.203,-6.203,71.5,7.4,1.664834547,37,31,6,1,0,0,6,16.2,0,0,1.99,0.97,0.19,0.19,91.1,159,41.935483870967744,3.225806451612903,2.702702702702702,6.37,-1.22,0.3,2.37,0.189,1,-7.38452381,0.235,0.326,7.38452381,-0.037,-0.0459999999999999,-0.104,-0.065,22.6,43.8,11.14355257975295,-2.676895304492957,30.17077066259164,0.5714285714285714,39.00637842336394,33.242808371364546,BAL
Luis Perales,691384,2026,11.0,60,13,5,21.7,21.7,0,0,11.45,0.246,0.488,0.483,0.394,44.1,14.7,50.0,80.658115882,94.827093824,23.9,56.8,33.6,50.0,38.2,35.3,20.6,250,TBD,70,691384,250,28.0,0.346,0.423,0.3,0.769,0.471,0.31,0.263,9,26,89.5,20.7,1994,91.3,91.33,17,70,0,0.0,6.11,102,150,117,146,304,327,294,-1.068,1.068,71.5,7.6,3.43859803,26,23,4,2,0,3,3,11.5,0,0,2.01,0.72,0.37,0.37,91.0,148,47.82608695652174,13.043478260869565,11.538461538461538,5.83,-1.17,-0.05,2.11,0.346,3,1.525714286,0.263,0.469,-1.525714286,0.083,0.0829999999999999,0.3,0.161,24.3,45.1,14.325557968192289,-10.092428530668869,32.50699365909181,0.5,35.50374382379871,36.3323069289702,TBD
Jake Woodford,663765,2026,27.2,134,25,5,18.7,6.0,1,0,7.81,0.333,0.493,0.401,0.374,45.5,8.9,48.5,81.9313264,94.8229848,12.7,39.4,20.6,46.0,39.6,25.7,30.7,485,TBD,10,663765,485,2.1,0.333,0.333,0.4,0.667,0.421,0.365,0.382,2,6,90.8,-9.2,2116,92.1,92.63,2,10,0,0.5,6.61,105,153,118,149,304,324,280,0.373,-0.373,71.4,7.2,2.854817124,6,5,0,2,0,0,1,16.7,0,0,2.18,0.52,0.96,0.96,94.8,120,60.0,0.0,0.0,5.06,-2.12,-0.29,2.18,0.333,0,-3.73,0.382,0.456,3.73,-0.049,-0.0489999999999999,0.211,0.056,20.0,24.7,7.065643971806924,-1.064958614029562,33.573464198359325,0.6,33.408493653892506,30.12935531645173,TBD
Ryan Walker,676254,2026,32.2,155,23,5,14.8,12.3,0,1,7.16,0.254,0.393,0.375,0.323,31.3,6.3,34.8,74.555571481,93.368978037,10.3,26.3,14.9,42.9,46.4,24.1,24.1,609,TBD,26,676254,619,4.2,0.231,0.0,0.214,0.231,0.178,0.158,0.174,3,13,88.3,16.5,2328,89.8,89.96,3,26,0,0.2000000000000028,6.4,106,142,112,137,290,317,293,2.175,-2.175,69.2,7.1,2.523316124,15,14,3,0,0,0,1,6.7,0,0,2.66,0.2,0.04,0.04,90.5,156,21.428571428571427,0.0,0.0,4.97,-3.16,-0.04,2.21,0.2,0,-8.365384615,0.161,0.218,8.365384615,0.057,0.039,0.013,0.02,11.5,16.7,4.707041044342277,4.412774549890133,38.00790022260416,0.4615384615384615,34.10972682041329,27.16911071250984,TBD
Bryan Hudson,663542,2026,66.2,282,59,5,20.9,6.4,5,4,3.38,0.235,0.331,0.304,0.277,29.5,4.0,37.0,77.03898567,93.301948299,18.5,38.8,23.1,47.9,47.0,25.5,22.5,1057,CWS,90,663542,1063,8.5,0.333,0.021,0.372,0.354,0.305,0.243,0.249,16,48,87.8,11.9,2134,87.9,89.22,16,90,0,1.2999999999999972,7.21,111,151,120,144,302,326,293,1.298,-1.298,72.0,6.9,1.891595351,48,43,15,1,0,0,5,10.4,0,0,2.51,0.5,0.2,-0.2,92.4,148,39.53488372093023,2.3255813953488373,2.083333333333333,4.84,3.59,-0.1,2.43,0.333,1,-1.442222222,0.249,0.31,1.442222222,0.084,0.084,0.044,0.062,17.8,9.0,3.750983370667422,8.319506511072271,33.62279975553528,0.3666666666666666,35.13733214874576,25.46786883149686,CWS
Abner Uribe,682842,2026,59.1,234,62,3,26.5,8.1,6,3,1.97,0.22,0.292,0.239,0.26,27.0,2.0,34.9,76.721875867,93.478825705,16.4,48.8,26.8,43.0,54.6,18.4,19.7,918,MIL,52,682842,927,5.6,0.174,0.043,0.211,0.217,0.164,0.261,0.228,4,23,91.8,12.6,2445,94.0,94.34,16,52,0,0.2999999999999971,6.56,108,152,126,149,304,318,294,4.695,-4.695,72.6,7.7,3.796457093,24,19,3,1,0,0,5,20.8,0,0,2.11,0.5,0.2,0.2,92.6,161,57.89473684210527,5.263157894736842,4.166666666666666,5.81,-1.37,-0.05,2.22,0.167,1,-9.028846154,0.226,0.376,9.028846154,-0.054,-0.059,-0.159,-0.097,30.8,36.3,14.753445988493883,-8.252608689003951,34.46275526754106,0.5576923076923077,35.59483408607475,34.042034772516416,MIL
Justin Bruihl,677865,2026,75.2,340,53,4,15.6,8.2,1,1,3.81,0.257,0.38,0.313,0.324,31.2,5.7,34.8,75.051105083,93.405876109,12.1,29.6,18.0,45.6,51.0,19.4,23.1,1300,STL,67,677865,1311,5.1,0.313,0.094,0.385,0.406,0.313,0.336,0.299,10,32,89.9,15.1,2333,81.9,82.23,16,67,0,0.2999999999999971,6.72,104,152,118,145,308,321,290,0.643,-0.643,72.6,7.7,3.765153509,32,26,7,3,0,0,6,18.8,0,0,3.46,0.01,-0.38,0.38,92.0,136,38.46153846153847,11.538461538461538,9.375,4.86,3.5,0.01,1.93,0.313,3,-0.959701493,0.299,0.488,0.959701493,0.014,0.014,-0.082,-0.023,23.9,27.9,14.555290251255308,-8.965647692916782,36.03303422580883,0.4328358208955223,37.72976095612896,37.526925097209485,STL
Rhett Lowder,695076,2026,127.1,603,103,18,17.1,9.3,6,12,6.01,0.274,0.463,0.349,0.353,37.4,9.8,38.1,79.945296432,94.193184,9.3,39.5,18.6,44.1,41.5,27.1,25.9,2296,CIN,146,695076,2302,6.3,0.284,0.259,0.254,0.543,0.352,0.346,0.3,23,81,88.0,12.6,2518,89.6,89.34,15,146,0,-0.2999999999999971,6.11,112,152,116,147,301,322,287,-3.402,3.402,71.6,7.4,4.30075473,81,76,12,6,0,5,5,6.2,0,0,2.67,0.19,0.62,0.62,91.5,142,32.89473684210527,11.842105263157894,11.11111111111111,5.56,-2.41,-0.04,2.2,0.284,9,2.330136986,0.3,0.51,-2.330136986,-0.016,-0.016,0.033,0.006,10.3,28.4,9.405959071698886,-0.982778184540574,33.03540712055913,0.5205479452054794,36.22778100223648,30.702356769765174,CIN
Tyler Mahle,641816,2026,149.0,614,137,20,22.3,7.5,7,10,3.99,0.245,0.391,0.311,0.306,32.0,6.8,37.1,80.019062512,93.831595995,15.6,37.4,22.9,45.6,44.4,26.6,22.2,2402,ATL,142,641816,2404,5.9,0.323,0.154,0.345,0.477,0.346,0.319,0.293,21,65,91.7,10.0,2077,90.0,90.68,31,142,0,0.7000000000000028,6.69,110,152,125,148,310,324,300,1.421,-1.421,72.4,7.3,1.76912744,65,57,15,4,0,2,8,12.3,0,0,1.96,0.86,0.82,0.82,92.5,148,47.368421052631575,5.263157894736842,4.615384615384616,5.51,-1.66,0.19,2.45,0.323,3,-1.000704225,0.293,0.45,1.000704225,0.03,0.03,0.027,0.027,21.8,40.4,11.069946265010977,-0.2178164281686104,30.3474067541628,0.5774647887323944,38.0854904255929,30.252207022846257,ATL
Dylan Lee,669276,2026,66.0,262,77,3,29.4,6.5,6,1,3.14,0.201,0.315,0.248,0.252,35.7,5.4,32.7,77.001041951,93.192195092,24.1,57.9,35.7,52.7,32.7,33.9,25.6,1054,ATL,76,669276,1059,7.2,0.212,0.061,0.259,0.273,0.211,0.267,0.241,7,33,88.2,21.3,2068,87.4,87.38,23,76,0,0.0,6.27,111,152,125,148,312,325,301,3.879,-3.879,72.7,7.7,3.666945955,33,27,5,2,0,0,6,18.2,0,0,2.09,0.91,0.4,-0.4,91.5,169,44.44444444444444,7.4074074074074066,6.0606060606060606,6.49,1.85,0.21,2.18,0.212,2,-5.103947368,0.241,0.385,5.103947368,-0.029,-0.0289999999999999,-0.112,-0.056,30.3,45.8,13.52795666708196,-8.762897111017464,31.347265090159546,0.5131578947368421,38.53542923032271,35.35715322383785,ATL
J.T. Ginn,669372,2026,138.1,580,121,17,20.9,9.8,9,8,3.71,0.241,0.372,0.303,0.312,31.0,6.1,35.4,75.767236891,93.593564416,16.9,43.4,26.7,45.7,46.3,24.2,23.2,2185,TBD,121,669372,2189,5.5,0.288,0.154,0.283,0.442,0.299,0.334,0.313,15,52,89.3,11.2,1993,90.9,91.54,28,121,0,0.5999999999999943,6.67,105,151,113,144,295,321,294,3.042,-3.042,72.1,7.6,3.518609308,55,48,11,2,0,2,7,12.7,0,0,2.54,0.24,0.71,0.71,92.6,146,40.42553191489361,6.382978723404255,5.454545454545454,5.54,-1.35,0.03,2.16,0.273,3,-2.514049587,0.304,0.486,2.514049587,-0.025,-0.0309999999999999,-0.044,-0.035,23.1,41.4,13.737727714138035,-6.913344954461946,32.49148640266496,0.5206611570247934,36.44510482373629,34.773256028290575,TBD
Max Kranick,668820,2026,18.1,94,11,4,11.7,13.8,0,1,9.33,0.28,0.446,0.449,0.369,37.7,5.8,34.8,78.365140294,93.297253582,12.3,43.9,23.3,47.9,31.9,26.1,29.0,340,TBD,60,668820,340,17.6,0.448,0.483,0.417,0.931,0.582,0.392,0.322,13,29,90.3,19.7,2087,88.4,89.1,11,60,0,0.6999999999999886,6.6,108,150,118,146,306,329,298,-4.855,4.855,73.6,7.5,2.998842543,29,27,6,3,1,3,2,6.9,0,0,2.28,0.65,-0.2,-0.2,91.9,170,44.44444444444444,11.11111111111111,10.344827586206897,5.73,-2.56,0.19,2.38,0.448,3,8.091666667,0.322,0.606,-8.091666667,0.126,0.126,0.325,0.19,18.3,38.0,12.97860516077462,-7.51045039098927,31.183143500475698,0.5833333333333334,37.30847593418501,34.91002873141239,TBD
Mitch Bratt,683352,2026,44.0,194,30,5,15.5,13.9,1,3,4.7,0.227,0.356,0.341,0.312,30.9,6.6,33.8,76.395157121,92.768892348,11.2,24.7,14.9,47.2,28.7,31.6,22.1,726,TBD,140,683352,730,19.2,0.246,0.138,0.278,0.385,0.271,0.28,0.256,16,65,89.1,28.4,2222,87.1,86.94,19,140,0,-0.1999999999999886,6.18,107,149,120,147,294,320,291,3.701,-3.701,73.1,7.3,0.94150727,65,55,9,6,0,1,10,15.4,0,0,2.23,0.8,0.23,-0.23,91.7,162,43.63636363636363,7.272727272727272,6.153846153846154,5.53,2.35,-0.11,2.45,0.246,4,-2.643571429,0.256,0.399,2.643571429,-0.01,-0.01,-0.014,-0.009,13.6,34.3,9.998061910827628,-2.1965609673705813,31.76977335074505,0.5714285714285714,34.759037699199865,31.226846334029947,TBD
Travis Adams,701519,2026,57.0,247,62,8,25.1,10.1,3,0,4.74,0.239,0.395,0.324,0.314,38.1,6.3,33.1,75.007129103,93.573543097,17.9,42.7,27.5,48.2,40.6,28.1,24.4,950,MIN,77,701519,950,8.1,0.231,0.115,0.3,0.346,0.231,0.242,0.253,6,26,82.7,-1.7,2340,90.6,90.24,24,77,0,-0.3999999999999915,6.08,106,148,115,139,302,323,290,3.173,-3.173,71.4,7.5,3.8343603,28,20,3,3,0,0,8,28.6,0,0,2.12,0.67,0.22,0.22,90.1,153,20.0,0.0,0.0,5.99,-2.72,0.32,2.22,0.214,0,-4.120779221,0.252,0.288,4.120779221,-0.022,-0.038,0.058,-0.011,31.2,42.7,14.242700560603554,-5.859042737142319,31.779681396713805,0.5584415584415584,38.74800541580689,35.35390993923814,MIN
Shane Baz,669358,2026,179.2,769,154,15,20.0,8.2,6,15,4.11,0.255,0.399,0.315,0.317,35.5,6.8,41.2,79.956193727,94.335776691,11.7,42.9,21.5,48.2,39.0,26.9,27.8,2910,BAL,128,669358,2921,4.4,0.242,0.015,0.267,0.258,0.218,0.237,0.244,16,66,89.0,7.6,2366,91.9,92.23,24,128,0,0.2999999999999971,6.49,107,151,116,145,309,328,293,8.749,-8.749,73.2,7.3,2.041496845,67,60,15,1,0,0,7,10.4,0,0,2.06,0.66,0.46,0.46,91.8,136,35.0,0.0,0.0,5.77,-1.31,0.07,2.46,0.239,0,-6.83515625,0.245,0.299,6.83515625,-0.002,-0.006,-0.041,-0.019,18.8,37.3,7.798426630797682,2.1897331928884345,30.10088493929469,0.5546875,37.35511828121295,28.514934676411336,BAL
Daniel Palencia,694037,2026,29.2,123,30,4,24.4,8.9,2,2,3.64,0.228,0.375,0.299,0.298,43.2,5.0,30.9,79.39280875,92.93369875,18.1,47.9,27.0,49.7,33.3,28.4,32.1,477,CHC,43,694037,481,8.9,0.12,0.04,0.136,0.16,0.122,0.258,0.245,3,25,88.6,13.9,2341,95.7,96.72,7,43,0,1.0,6.84,112,151,118,149,306,322,293,5.026,-5.026,72.3,7.3,2.490454479,25,22,2,1,0,0,3,12.0,0,0,1.61,0.89,0.61,0.61,91.8,154,33.33333333333333,0.0,0.0,5.31,-1.27,-0.02,2.5,0.12,0,-11.688372093,0.245,0.353,11.688372093,-0.125,-0.125,-0.193,-0.136,16.3,32.0,8.360557793500199,0.9157432390659213,28.33787782214724,0.6744186046511628,37.54673232859055,29.03044669595516,CHC
Tyron Guerrero,594027,2026,40.2,166,41,2,24.7,4.8,1,2,3.1,0.22,0.308,0.263,0.254,29.6,3.5,33.0,73.587211455,93.042132385,19.0,38.9,24.1,57.3,54.8,18.3,22.6,607,BOS,49,594027,612,8.0,0.4,0.04,0.4,0.44,0.371,0.359,0.358,10,25,84.9,3.7,2164,99.7,101.22,4,49,0,1.5,7.1,110,149,119,142,298,317,287,-0.868,0.868,71.2,6.9,1.377088204,25,25,9,1,0,0,0,0.0,0,0,1.28,1.01,1.15,1.15,90.7,151,36.0,4.0,4.0,6.27,-1.8,-0.28,2.56,0.4,1,1.771428571,0.358,0.469,-1.771428571,0.042,0.042,-0.029,0.012,8.2,42.4,2.931607240991333,10.358782977601525,31.78100479470253,0.3265306122448979,33.3154605937052,23.203130812968528,BOS
Gage Jump,695611,2026,98.2,437,108,12,24.7,10.5,6,11,5.47,0.262,0.402,0.343,0.329,40.5,6.8,39.8,79.206498333,94.427945055,15.0,46.5,25.2,48.3,39.1,26.2,28.3,1756,TBD,212,695611,1762,12.0,0.305,0.211,0.342,0.516,0.352,0.34,0.306,29,95,90.0,18.4,2222,90.9,91.17,49,212,0,0.2999999999999971,6.41,103,150,115,146,303,324,295,-0.829,0.829,71.6,7.2,2.08275028,95,77,18,6,1,4,18,18.9,0,0,2.16,0.62,0.28,-0.28,91.4,177,36.36363636363637,7.792207792207792,6.315789473684211,5.57,1.79,0.15,2.32,0.305,6,0.391037736,0.306,0.49,-0.391037736,-0.001,-0.001,0.026,0.012,23.1,44.2,7.989767006862177,1.1475196373194474,31.3265357685578,0.4858490566037736,37.35085254639484,29.77074141296661,TBD
Clayton Beeter,690925,2026,48.0,209,47,8,22.5,14.8,6,5,4.5,0.226,0.379,0.315,0.334,28.1,6.3,43.0,80.489659839,94.415450806,14.2,52.7,28.2,44.5,48.4,28.1,20.3,796,TBD,55,690925,808,6.8,0.231,0.0,0.231,0.231,0.198,0.331,0.328,6,26,92.7,19.8,2631,91.2,91.06,9,55,0,-0.1000000000000085,6.07,108,147,116,144,305,325,293,2.94,-2.94,71.9,7.3,3.601672923,27,26,6,0,0,0,1,3.7,0,0,2.26,0.49,0.03,0.03,92.3,168,46.15384615384615,0.0,0.0,6.01,-1.01,0.15,2.29,0.222,0,-5.345454545,0.33,0.426,5.345454545,-0.097,-0.108,-0.195,-0.133,16.4,52.0,9.06688803015707,0.8567305237240564,30.17570419698375,0.6909090909090909,37.30661309214384,29.988935814731967,TBD
Parker Messick,800048,2026,183.1,731,191,17,26.1,6.6,12,9,2.55,0.222,0.337,0.272,0.272,31.4,4.9,33.8,76.151959623,93.430124163,18.0,40.5,25.7,48.5,45.1,21.7,22.1,2884,CLE,295,800048,2890,10.2,0.259,0.148,0.314,0.407,0.287,0.27,0.252,35,135,88.1,14.7,2140,91.7,92.06,72,295,0,0.3999999999999915,6.48,104,153,124,147,299,321,292,8.721,-8.721,71.5,7.1,1.983719459,135,105,22,9,1,3,30,22.2,0,0,1.84,0.89,0.62,-0.62,91.1,164,36.53846153846153,3.8461538461538463,2.9629629629629632,5.38,1.05,0.14,2.37,0.259,4,-2.956271186,0.252,0.378,2.956271186,0.007,0.007,0.029,0.017,24.4,39.9,6.314291161574932,3.848466629173598,31.56414961094636,0.4135593220338983,37.01626152714447,27.995740769183616,CLE
Seth Martinez,661527,2026,1.0,6,1,0,16.7,0.0,0,0,9.0,0.283,0.38,0.48,0.36,50.0,0.0,50.0,67.40518,93.0476125,33.3,40.0,36.4,50.0,25.0,0.0,50.0,22,TBD,6,661527,22,27.3,0.667,0.333,0.667,1.0,0.717,0.454,0.446,2,3,92.1,29.3,2232,82.1,82.97,2,6,0,0.9000000000000057,6.9,104,155,124,143,293,320,279,-1.215,1.215,70.0,7.4,0.711704628,3,3,1,1,0,0,0,0.0,0,0,3.0,0.42,-0.22,-0.22,93.0,180,66.66666666666666,0.0,0.0,4.13,-2.13,-0.1,2.09,0.667,0,20.25,0.446,0.607,-20.25,0.221,0.221,0.393,0.263,33.3,5.7,8.4307267220945,-3.380093015073599,35.627953235205815,0.6666666666666666,33.63474136495942,26.56332773740893,TBD
Kevin Kelly,687330,2026,73.2,279,63,6,22.6,3.9,6,4,2.44,0.251,0.37,0.246,0.284,31.2,6.0,44.6,78.7371153,94.606937387,12.4,45.1,24.0,49.4,57.9,13.4,26.7,987,TB,95,687330,999,9.5,0.25,0.021,0.353,0.271,0.23,0.208,0.218,12,48,87.3,-1.4,1999,89.3,90.29,34,95,0,1.0,6.99,102,151,122,146,309,333,295,5.203,-5.203,73.2,7.3,1.995527132,48,34,11,1,0,0,14,29.2,0,0,3.27,-0.39,1.28,1.28,91.7,87,38.23529411764706,0.0,0.0,3.62,-1.67,-0.25,1.88,0.25,0,-5.476842105,0.218,0.262,5.476842105,0.032,0.032,0.009,0.022,35.8,0.4,8.000971945707235,0.3226195429263703,34.059218622255564,0.4842105263157895,33.86343592006512,29.346561822177417,TB
Huascar Brazobán,623211,2026,65.2,267,56,5,21.0,10.9,6,2,3.02,0.221,0.335,0.271,0.289,27.6,5.0,30.9,74.787456067,92.96359236,16.5,43.2,25.6,49.5,50.8,22.7,18.8,1040,CWS,65,623211,1048,6.2,0.345,0.276,0.346,0.621,0.397,0.414,0.342,10,29,93.6,10.0,2233,94.7,93.72,16,65,0,-1.0,5.69,110,149,121,143,297,326,292,-1.338,1.338,73.9,7.7,2.617308208,30,27,4,5,0,1,3,10.0,0,0,1.98,0.57,1.31,1.31,94.3,141,51.85185185185185,11.11111111111111,10.0,5.99,-1.3,-0.11,2.16,0.333,3,2.058461538,0.357,0.609,-2.058461538,0.003,-0.0239999999999999,0.012,-0.017,24.6,36.8,13.950811978982276,-8.242590366465201,31.80954080719699,0.4923076923076923,35.02751671074567,34.16334926740743,CWS
Tyler Wells,669330,2026,72.0,277,72,8,26.0,6.5,5,2,2.38,0.201,0.346,0.251,0.266,35.1,7.0,33.0,78.441537253,92.953249171,23.5,45.1,30.6,52.3,27.6,33.0,23.2,1068,TBD,70,669330,1072,6.5,0.088,0.176,0.038,0.265,0.139,0.208,0.155,3,34,91.3,29.1,2423,90.4,90.31,22,70,0,-0.1000000000000085,6.15,102,153,120,147,309,340,299,4.935,-4.935,73.3,7.4,1.748810089,36,28,1,0,0,2,8,22.2,0,0,1.69,1.1,-0.12,-0.12,91.3,192,39.285714285714285,14.285714285714285,11.11111111111111,7.06,-0.72,0.44,2.59,0.083,4,-7.05,0.156,0.338,7.05,-0.067,-0.073,-0.073,-0.069,31.4,53.9,13.956427078491158,-2.776659021634791,28.99641913624668,0.6142857142857143,40.918452130575176,30.68579583058701,TBD
Logan Henderson,701656,2026,98.1,371,110,14,29.6,5.1,11,3,2.47,0.201,0.342,0.252,0.257,32.4,8.3,36.9,77.233269412,93.814807899,21.7,38.7,26.5,53.2,32.0,30.7,25.3,1505,MIL,130,701656,1505,8.6,0.175,0.158,0.178,0.333,0.216,0.231,0.204,10,57,88.1,16.4,2416,88.1,88.03,33,130,0,-0.0999999999999943,6.31,113,153,128,149,304,320,294,6.148,-6.148,73.0,7.6,3.472766648,57,47,5,3,0,2,10,17.5,0,0,2.09,0.88,0.88,0.88,90.9,170,27.659574468085108,8.51063829787234,7.017543859649122,5.15,-1.66,0.01,2.39,0.175,4,-4.729230769,0.204,0.337,4.729230769,-0.029,-0.0289999999999999,-0.004,-0.015,25.4,29.7,12.808429234213095,-9.96772627706238,31.85806123951409,0.4692307692307692,36.41518365500028,34.860806677600145,MIL
Griffin Canning,656288,2026,85.2,377,85,14,22.5,10.6,4,9,5.57,0.246,0.405,0.352,0.328,33.7,8.5,44.7,79.603318293,94.682338939,14.1,49.8,25.9,45.1,47.6,23.6,22.4,1480,SD,64,656288,1481,4.3,0.267,0.2,0.261,0.467,0.315,0.255,0.217,8,30,86.7,3.1,2227,90.3,89.7,19,64,0,-0.5999999999999943,5.85,116,152,125,146,307,329,297,2.132,-2.132,71.5,7.2,1.969695704,30,25,6,0,0,2,5,16.7,0,0,2.57,0.24,0.4,0.4,92.0,151,36.0,8.0,6.666666666666667,5.64,-0.79,0.29,2.32,0.267,2,-3.33125,0.217,0.38,3.33125,0.05,0.05,0.087,0.06,29.7,39.3,8.512646886866937,3.973570953059319,30.536507078329446,0.546875,39.38240418756583,28.692984391356376,SD
Juan Burgos,686228,2026,4.1,17,0,0,0.0,0.0,0,0,2.08,0.196,0.374,0.251,0.274,12.5,6.3,25.0,71.981467143,92.574533571,4.8,25.0,10.3,54.7,50.0,18.8,6.3,53,TBD,1,686228,53,1.9,0.0,0.0,0.0,0.0,0.0,0.064,0.071,0,1,64.9,51.0,2814,87.3,87.1,0,1,0,-0.2000000000000028,6.2,113,150,128,151,309,315,287,0.234,-0.234,70.6,8.2,,1,1,0,0,0,0,0,0.0,0,0,2.75,0.24,-0.99,-0.99,88.0,182,0.0,0.0,0.0,4.79,-2.63,0.48,1.42,0.0,0,-23.4,0.071,0.071,23.4,-0.071,-0.071,-0.071,-0.064,0.0,22.5,21.87328374348605,-19.941413695791837,32.21613081762894,0.0,38.29425927248644,44.60821218420223,TBD
Scott Blewett,656240,2026,35.1,154,34,3,22.1,7.1,2,2,2.8,0.255,0.352,0.309,0.298,32.1,4.6,34.9,77.24867,93.319828148,15.0,45.2,26.5,53.7,50.5,20.2,23.9,562,OAK,126,656240,567,22.2,0.232,0.018,0.277,0.25,0.206,0.265,0.254,13,56,88.3,8.9,2224,89.9,91.16,31,126,0,1.2999999999999972,6.98,106,152,116,146,304,323,293,7.387,-7.387,72.0,7.4,3.345748375,58,47,12,1,0,0,11,19.0,0,0,2.3,0.53,0.13,0.13,91.8,118,40.42553191489361,4.25531914893617,3.4482758620689653,6.11,-1.88,0.24,2.14,0.224,2,-5.862698413,0.264,0.325,5.862698413,-0.022,-0.04,-0.075,-0.059,24.6,43.5,9.6407938086628,-1.4108643170088535,30.443936917013133,0.5317460317460317,38.89253537573579,31.64208234459725,OAK
Seranthony Domínguez,622554,2026,61.0,260,65,9,25.0,11.9,5,3,3.69,0.207,0.346,0.296,0.295,30.4,6.9,32.9,75.610567342,93.351024304,19.5,45.0,27.9,46.8,41.6,26.1,20.5,1111,SEA,110,622554,1119,9.8,0.205,0.205,0.194,0.409,0.259,0.204,0.191,9,44,85.5,14.9,2340,94.6,94.67,22,110,0,0.1000000000000085,6.36,110,150,115,145,295,324,293,4.965,-4.965,71.7,7.3,3.032676187,44,38,5,1,1,2,6,13.6,0,0,1.64,0.93,0.42,0.42,91.4,164,32.432432432432435,2.702702702702702,2.272727272727273,5.59,-1.77,-0.01,2.48,0.205,1,-4.513636364,0.191,0.286,4.513636364,0.014,0.0139999999999999,0.123,0.055,20.0,30.0,8.54836156071062,-1.3956064594197746,30.121633896813396,0.5272727272727272,36.522974435145706,30.783375463847783,SEA
Max Fried,608331,2026,112.2,434,104,4,24.0,7.6,5,5,2.8,0.199,0.272,0.245,0.246,28.5,2.4,29.8,74.556119375,92.608685451,16.6,40.7,25.0,46.0,49.8,25.1,17.3,1696,NYY,195,608331,1696,11.5,0.217,0.12,0.246,0.337,0.239,0.256,0.239,20,92,85.0,12.4,2259,87.4,87.57,50,195,0,0.1999999999999886,6.46,105,150,124,149,294,328,287,7.367,-7.367,71.9,7.4,2.949568028,92,72,15,2,0,3,20,21.7,0,0,2.82,0.25,-0.09,0.09,90.7,158,29.166666666666668,4.166666666666666,3.260869565217391,5.84,1.26,0.0,2.35,0.217,3,-3.777948718,0.239,0.359,3.777948718,-0.022,-0.0219999999999999,-0.022,-0.017,25.6,46.1,11.187137141260976,-3.2293258524840045,30.27034774384761,0.5282051282051282,36.128889389715766,32.56024567668692,NYY
Daniel Espino,682982,2026,15.1,65,25,3,38.5,10.8,0,0,4.11,0.182,0.317,0.299,0.264,27.3,12.1,36.4,72.897165882,93.172357879,28.1,54.5,36.8,48.7,36.4,39.4,21.2,273,CLE,36,682982,273,13.2,0.385,0.462,0.333,0.846,0.521,0.387,0.278,5,13,83.5,5.8,2384,96.0,96.58,9,36,0,0.5999999999999943,6.62,106,153,128,147,296,317,300,-1.612,1.612,72.1,7.2,1.375171774,13,11,3,0,0,2,2,15.4,0,0,1.6,0.88,0.17,0.17,90.6,147,27.27272727272727,18.181818181818183,15.384615384615383,5.85,-1.36,0.31,2.38,0.385,2,4.477777778,0.278,0.649,-4.477777778,0.107,0.1069999999999999,0.197,0.134,25.0,42.1,8.72244053826946,2.290943361796969,31.481336862665422,0.6944444444444444,39.28927692479808,28.888571290711518,CLE
Tarik Skubal,669373,2026,158.2,620,186,14,30.0,4.4,12,7,2.72,0.226,0.338,0.264,0.266,34.6,6.7,34.8,75.355637897,93.484764538,22.7,48.7,31.7,53.4,45.0,24.4,24.1,2356,LAD,378,669373,2357,16.0,0.225,0.092,0.275,0.318,0.236,0.274,0.25,39,173,88.3,15.9,2169,92.6,92.78,116,378,0,0.2000000000000028,6.38,109,153,119,147,302,317,287,18.297,-18.297,71.9,7.3,2.893007711,173,134,29,7,0,3,39,22.5,0,0,1.82,0.86,0.46,-0.46,91.9,164,40.298507462686565,7.462686567164178,5.780346820809249,6.21,1.82,0.09,2.39,0.225,10,-4.84047619,0.25,0.391,4.84047619,-0.025,-0.0249999999999999,-0.073,-0.038,30.7,48.1,8.535912634838166,0.207095944703249,31.387718219598508,0.5291005291005291,37.69737144284656,29.28115473179309,LAD
Eric Lauer,641778,2026,108.1,466,72,26,15.5,7.5,8,7,5.23,0.256,0.475,0.347,0.342,34.8,11.0,36.0,78.165668324,93.677637543,13.9,28.0,18.6,51.9,31.7,38.2,20.4,1814,TBD,166,641778,1816,9.1,0.344,0.266,0.346,0.609,0.408,0.363,0.314,22,64,90.8,20.0,2263,88.2,87.71,28,166,0,-0.5,5.83,108,153,120,147,304,319,291,-4.7,4.7,73.1,7.2,1.463792666,64,56,13,5,0,4,8,12.5,0,0,2.13,0.8,0.3,-0.3,91.6,163,37.5,8.928571428571429,7.8125,6.05,1.6,-0.05,2.67,0.344,5,2.831325301,0.314,0.541,-2.831325301,0.03,0.0299999999999999,0.068,0.045,16.9,38.4,8.254237147340818,-0.2094494733231025,29.649476584484347,0.536144578313253,36.44623831209565,28.656661897469625,TBD
David Bednar,670280,2026,69.1,280,76,4,27.1,7.1,7,3,2.47,0.215,0.309,0.249,0.263,26.4,4.9,35.7,76.065211111,93.295998994,22.2,44.0,30.8,53.1,51.6,20.9,17.6,1154,NYY,84,670280,1160,7.2,0.2,0.086,0.259,0.286,0.193,0.258,0.234,7,35,88.4,17.6,1971,92.6,93.06,28,84,0,0.5,6.56,108,149,123,148,297,328,290,5.289,-5.289,73.0,7.3,1.917667606,38,27,4,3,0,0,11,28.9,0,0,1.9,0.78,0.65,0.65,90.7,151,29.629629629629623,7.4074074074074066,5.263157894736842,5.97,-1.72,0.07,2.3,0.184,2,-6.296428571,0.233,0.334,6.296428571,-0.034,-0.049,-0.048,-0.065,33.3,40.9,8.66095260640434,-1.1244738863673058,31.40916122171907,0.5357142857142857,36.87228742625212,30.30906755384393,NYY
Logan Gilbert,669302,2026,182.0,737,197,29,26.7,6.5,12,11,3.81,0.232,0.39,0.303,0.297,36.5,10.1,41.2,78.925298487,94.37875834,21.1,49.0,30.4,50.4,39.6,28.0,24.3,2921,SEA,196,669302,2930,6.7,0.311,0.356,0.302,0.667,0.413,0.301,0.251,28,90,89.1,16.4,2096,90.9,92.79,63,196,0,1.8999999999999917,7.36,105,151,116,145,294,323,296,-2.801,2.801,73.3,7.5,2.353002919,90,72,15,3,1,9,18,20.0,0,0,2.18,0.62,0.26,0.26,92.2,157,40.27777777777778,13.88888888888889,11.11111111111111,6.05,-1.38,-0.09,2.23,0.311,10,1.429081633,0.251,0.458,-1.429081633,0.06,0.06,0.209,0.112,32.1,41.9,8.957741584082362,-4.859171598339214,30.92430569837357,0.4693877551020408,35.08820806032054,32.33980322011559,SEA
Yunior Tur,814305,2026,10.1,78,14,4,17.9,14.1,0,0,16.55,0.307,0.618,0.511,0.438,46.2,13.7,38.5,78.693950385,94.573726078,18.4,53.5,30.0,44.2,30.8,36.5,21.2,294,OAK,35,814305,294,11.9,0.4,0.4,0.333,0.8,0.511,0.518,0.385,6,15,93.7,22.4,1756,90.2,91.58,8,35,0,1.3999999999999917,7.07,107,152,118,146,308,326,293,-1.582,1.582,73.0,7.3,2.785380271,15,14,4,0,0,2,1,6.7,0,0,2.09,0.72,0.01,0.01,92.6,203,46.15384615384615,15.384615384615383,13.333333333333334,6.02,-0.37,0.19,2.41,0.4,2,4.52,0.385,0.845,-4.52,0.015,0.015,-0.045,-0.007,22.9,55.0,7.339484049957776,1.844972374909653,28.5256837652058,0.4571428571428571,39.96307222508512,28.3755471228029,OAK
Jack Perkins,678022,2026,116.0,541,140,20,25.9,9.4,3,12,5.9,0.234,0.39,0.351,0.311,35.9,8.9,36.7,78.209969167,93.512319851,14.7,48.1,27.3,48.1,37.4,32.1,25.0,2066,OAK,158,678022,2110,7.5,0.29,0.203,0.304,0.493,0.335,0.308,0.259,20,69,86.4,15.5,2373,91.3,91.39,46,158,0,0.1000000000000085,6.3,104,150,116,146,303,325,293,2.663,-2.663,73.6,7.6,3.677141969,69,59,12,5,0,3,10,14.5,0,0,2.21,0.54,0.2,0.2,90.6,163,25.86206896551724,12.06896551724138,10.144927536231885,5.42,-1.77,0.28,2.27,0.29,7,-1.685443038,0.259,0.463,1.685443038,0.031,0.0309999999999999,0.03,0.027,29.1,33.4,9.83582704144734,-4.051858680764506,29.74413636898344,0.6518987341772152,39.51097177070416,32.38080961636281,OAK
Aroldis Chapman,547973,2026,51.2,213,71,3,33.3,10.8,3,4,1.92,0.179,0.277,0.263,0.252,26.3,6.8,38.1,77.162659107,94.466137143,21.4,49.3,30.4,52.0,48.3,28.0,16.9,841,BOS,88,547973,843,10.4,0.171,0.229,0.222,0.4,0.24,0.203,0.168,6,35,93.1,13.0,2184,95.3,96.91,31,88,0,1.6000000000000083,7.16,109,148,119,142,291,317,286,4.295,-4.295,71.8,7.1,2.629947762,35,20,2,2,0,2,15,42.9,0,0,1.44,1.08,0.43,-0.43,91.3,177,50.0,5.0,2.857142857142857,6.12,0.44,0.07,2.41,0.171,1,-4.880681818,0.168,0.312,4.880681818,0.003,0.003,0.088,0.037,35.2,52.0,8.960310222531914,-0.7023867844475994,30.82526018481622,0.5340909090909091,36.06254696167101,30.378441263710616,BOS
Trevor Rogers,669432,2026,169.2,699,157,19,22.5,5.6,10,11,4.03,0.239,0.387,0.304,0.293,31.8,6.8,36.2,77.048872154,93.709961362,16.9,40.4,24.4,53.3,39.4,25.0,24.2,2689,BAL,372,669432,2690,13.8,0.281,0.263,0.308,0.544,0.346,0.296,0.247,45,160,88.6,19.4,2243,90.2,90.9,94,372,0,0.7000000000000028,6.75,105,151,115,144,307,327,295,-0.466,0.466,72.8,7.4,2.089866696,162,126,24,9,3,9,36,22.2,0,0,2.04,0.8,0.68,-0.68,91.5,177,34.92063492063492,9.523809523809524,7.4074074074074066,5.72,2.29,0.04,2.41,0.278,12,0.125268817,0.245,0.458,-0.125268817,0.034,0.033,0.086,0.05,25.3,21.9,8.934131867143407,-1.4214909514315344,31.083874118030984,0.5483870967741935,36.90465338238332,30.809779321778105,BAL
Caleb Thielbar,573204,2026,50.0,211,60,11,28.4,8.1,3,4,4.86,0.244,0.461,0.327,0.328,34.6,10.6,38.3,76.848110308,94.439259615,19.3,45.9,28.9,51.8,31.6,33.8,23.3,848,CHC,74,573204,859,8.6,0.313,0.094,0.385,0.406,0.313,0.328,0.32,10,32,88.7,11.0,2439,85.8,85.76,15,74,0,0.0,6.28,111,153,120,149,301,320,290,2.189,-2.189,71.3,7.4,2.774093836,32,26,7,3,0,0,6,18.8,0,0,2.9,0.28,-0.17,0.17,91.6,157,34.61538461538461,3.8461538461538463,3.125,6.1,-0.04,-0.1,2.37,0.313,1,-2.958108108,0.32,0.437,2.958108108,-0.007,-0.007,-0.031,-0.015,20.3,55.9,11.913908299297942,-8.914009794047043,29.230092985492192,0.5540540540540541,36.34484513716745,35.07456522155444,CHC
Enmanuel De Jesus,646241,2026,42.1,178,39,3,21.9,8.4,2,0,3.83,0.253,0.407,0.3,0.323,36.9,7.4,43.4,81.234065167,94.536764583,14.5,46.4,24.2,47.5,41.8,27.0,23.8,669,TBD,44,646241,669,6.6,0.313,0.188,0.308,0.5,0.351,0.423,0.377,5,16,91.3,9.5,2269,90.9,90.32,9,44,0,-0.6000000000000085,5.93,107,152,124,148,307,323,287,0.365,-0.365,71.8,7.3,1.839829148,16,14,4,0,0,1,2,12.5,0,0,1.76,1.01,0.98,-0.98,91.3,152,50.0,7.142857142857142,6.25,5.92,2.85,0.25,2.44,0.313,1,-0.829545455,0.377,0.61,0.829545455,-0.064,-0.064,-0.11,-0.072,20.5,44.9,9.667578960186072,1.9634230496256209,32.29621519875621,0.4545454545454545,38.26410985135012,29.65394031107066,TBD
Mark Manfredi,815081,2026,15.2,68,15,1,22.1,13.2,1,2,3.45,0.234,0.416,0.332,0.332,22.7,9.1,45.5,79.911122727,95.232429545,16.5,48.3,24.6,42.2,38.6,31.8,22.7,270,COL,51,815081,270,18.9,0.269,0.115,0.286,0.385,0.284,0.301,0.245,7,26,88.3,18.4,2350,92.0,92.6,12,51,0,0.5999999999999943,6.31,100,147,118,142,303,333,297,2.005,-2.005,72.5,7.1,1.842996754,26,22,6,0,0,1,4,15.4,0,0,1.84,0.84,0.57,-0.57,92.0,166,36.36363636363637,9.090909090909092,7.6923076923076925,5.45,1.82,-0.01,2.42,0.269,2,-3.931372549,0.245,0.463,3.931372549,0.024,0.024,-0.078,-0.017,23.5,27.4,4.323085511129242,5.156597403400934,33.43406033663591,0.4117647058823529,35.82424273337501,25.78349458183224,COL
Bryan King,687911,2026,59.2,272,49,9,18.0,8.1,3,6,5.28,0.248,0.369,0.347,0.308,31.3,5.2,35.9,75.051374737,93.326297105,12.3,30.9,18.1,49.8,50.8,16.9,25.6,1044,HOU,52,687911,1053,4.9,0.478,0.348,0.45,0.826,0.559,0.373,0.338,11,23,83.5,12.0,2169,89.5,89.91,7,52,0,0.4000000000000057,6.52,107,151,114,146,293,323,281,-4.68,4.68,71.1,6.9,2.115183055,23,22,7,2,0,2,1,4.3,0,0,2.05,0.82,-0.06,0.06,91.3,145,38.095238095238095,9.523809523809524,8.695652173913043,5.58,2.67,-0.09,2.62,0.478,2,9.0,0.338,0.527,-9.0,0.14,0.1399999999999999,0.299,0.186,13.5,34.6,5.382716323499328,7.496862062009792,31.26271233843,0.4615384615384615,34.22377095843445,26.05385058036095,HOU
Victor Robles,645302,2026,1.0,9,0,0,0.0,11.1,0,0,27.0,0.49,0.618,0.572,0.504,50.0,0.0,37.5,87.5538325,94.46135875,0.0,0.0,0.0,42.3,37.5,12.5,50.0,22,SEA,6,645302,26,23.1,0.5,0.0,0.5,0.5,0.445,0.318,0.321,2,4,96.1,13.8,1364,53.2,50.88,0,6,0,-2.200000000000003,3.87,110,148,115,146,296,324,303,-0.614,0.614,72.4,7.3,,4,4,2,0,0,0,0,0.0,0,0,7.95,0.97,0.29,0.29,94.5,184,50.0,0.0,0.0,6.21,-2.52,0.12,2.59,0.5,0,10.233333333,0.321,0.425,-10.233333333,0.179,0.179,0.075,0.127,0.0,23.7,12.493433860614298,-1.5084491761952736,31.181196524282758,0.3333333333333333,36.15795230715011,30.23495109810379,SEA
Seth Halvorsen,678020,2026,29.0,141,23,6,16.3,12.1,1,2,5.9,0.295,0.475,0.368,0.375,34.3,7.1,39.4,79.63697551,94.58040898,13.5,37.0,21.0,48.3,44.4,21.2,28.3,521,TBD,40,678020,530,7.5,0.273,0.364,0.235,0.636,0.382,0.299,0.249,6,22,85.9,8.4,2478,93.8,94.79,7,40,0,1.0,6.85,109,152,121,147,305,319,288,-0.269,0.269,72.2,7.6,7.302970574,22,19,2,2,0,2,3,13.6,0,0,2.02,0.6,0.23,0.23,92.0,158,31.57894736842105,10.526315789473683,9.090909090909092,5.88,-2.28,0.13,2.42,0.273,2,0.6725,0.249,0.452,-0.6725,0.024,0.024,0.184,0.083,17.5,46.6,11.624594013997363,-6.780593197808295,28.37373041557196,0.575,38.168298166603925,33.646218759675065,TBD
Devin Williams,642207,2026,39.2,184,52,3,28.3,11.4,3,2,4.54,0.218,0.306,0.326,0.278,35.1,4.5,29.7,78.060197593,92.785165648,26.5,44.6,34.4,51.0,39.6,18.9,28.8,759,NYM,21,642207,763,2.8,0.333,0.0,0.5,0.333,0.297,0.259,0.274,2,6,88.3,17.3,2438,89.2,90.56,6,21,0,1.3999999999999917,7.34,109,154,122,148,299,323,288,0.762,-0.762,71.4,7.4,2.235408744,6,4,2,0,0,0,2,33.3,0,0,2.32,0.6,1.26,1.26,90.0,131,50.0,0.0,0.0,5.22,-2.42,0.24,2.38,0.333,0,-3.628571429,0.274,0.318,3.628571429,0.059,0.059,0.015,0.038,28.6,18.8,11.466820383555016,-5.847309520084926,27.30649903203037,0.4761904761904761,37.977240320255866,34.8584862317049,NYM
Braxton Ashcraft,677952,2026,165.1,667,173,22,25.9,5.2,14,6,3.65,0.232,0.369,0.292,0.287,32.1,6.2,41.6,79.124396652,94.461768971,13.9,47.9,25.6,52.0,46.5,25.4,21.5,2413,TBD,125,677952,2413,5.2,0.23,0.164,0.229,0.393,0.263,0.31,0.282,14,61,89.3,6.2,2495,93.7,93.62,36,125,0,-0.1000000000000085,6.24,109,151,119,148,310,323,294,3.522,-3.522,73.0,7.6,2.216191065,62,51,10,1,0,3,11,17.7,0,0,2.27,0.34,0.45,0.45,92.7,132,50.98039215686274,5.88235294117647,4.838709677419355,6.09,-0.85,0.05,2.21,0.226,3,-2.8176,0.285,0.434,2.8176,-0.052,-0.0589999999999999,-0.041,-0.047,28.8,37.1,9.996463215306694,-1.9541421528459624,31.925092457013537,0.48,36.824974389202914,30.725387385489118,TBD
Andrew Sears,808825,2026,19.0,92,15,3,16.3,8.7,0,1,7.11,0.234,0.386,0.399,0.323,36.9,6.2,33.8,80.884244063,93.737872031,15.5,46.7,27.0,44.8,29.2,35.4,26.2,364,TBD,99,808825,365,27.1,0.268,0.22,0.273,0.488,0.323,0.256,0.223,11,41,90.2,28.7,2133,89.6,90.38,30,99,0,0.8000000000000114,6.74,105,151,120,147,303,323,288,2.415,-2.415,72.8,7.5,3.459139453,41,35,6,3,0,2,6,14.6,0,0,2.18,0.68,0.63,-0.63,90.9,177,31.428571428571427,5.714285714285714,4.878048780487805,5.22,2.23,0.03,2.21,0.268,2,-2.439393939,0.223,0.378,2.439393939,0.045,0.045,0.11,0.067,30.3,24.1,11.850790809168906,-6.768580853417503,31.42145713745174,0.5454545454545454,37.17959405903098,34.534848484740614,TBD
Merrill Kelly,518876,2026,162.0,704,113,28,16.1,9.9,10,14,4.94,0.292,0.51,0.35,0.377,37.8,11.0,41.5,78.418128196,94.587108094,11.6,36.3,21.6,49.4,41.5,26.7,26.6,2616,ARI,150,518876,2626,5.7,0.246,0.082,0.275,0.328,0.238,0.221,0.23,15,61,86.8,19.7,2325,89.8,89.55,32,150,0,-0.2000000000000028,6.13,111,149,119,147,297,323,294,6.782,-6.782,72.8,7.5,3.437125021,64,52,12,2,0,1,12,18.8,0,0,2.29,0.55,0.64,0.64,90.7,137,25.0,3.8461538461538463,3.125,5.4,-1.84,0.03,2.14,0.234,2,-4.521333333,0.223,0.297,4.521333333,0.016,0.011,0.031,0.017,21.3,22.8,12.398860163743814,-7.373202619831137,32.29731685606058,0.6066666666666667,35.93257363700912,32.96980618416012,ARI
MacKenzie Gore,669022,2026,170.2,741,174,19,23.5,9.4,8,11,4.59,0.243,0.384,0.316,0.311,33.9,8.6,41.0,77.596668471,94.499560021,16.5,42.9,25.2,48.9,40.4,26.5,26.3,2937,TEX,299,669022,2944,10.2,0.273,0.197,0.295,0.47,0.318,0.314,0.283,36,132,87.2,15.3,2164,90.4,91.11,71,299,0,0.6999999999999886,6.79,106,152,116,147,302,325,298,6.224,-6.224,72.3,7.3,2.798500994,132,110,20,11,0,5,22,16.7,0,0,1.93,0.9,0.62,-0.62,91.7,162,34.54545454545455,9.090909090909092,7.575757575757576,5.67,1.83,0.11,2.4,0.273,10,-2.081605351,0.283,0.452,2.081605351,-0.01,-0.0099999999999999,0.018,0.004,23.7,46.0,7.488049707078834,0.8739005372687216,30.78351019530407,0.4782608695652174,37.09825214326303,29.630789827113706,TEX
Josh Ekness,694795,2026,29.2,131,23,2,17.6,15.3,3,4,3.34,0.215,0.344,0.299,0.309,31.4,5.8,31.4,75.464015952,92.911392143,14.4,41.0,21.5,42.6,40.7,32.6,18.6,535,MIA,77,694795,543,14.2,0.156,0.031,0.192,0.188,0.151,0.122,0.12,5,32,84.8,20.5,2556,93.7,94.37,22,77,0,0.7000000000000028,6.74,109,148,119,146,299,321,292,4.577,-4.577,70.1,7.0,2.854388951,32,26,4,1,0,0,6,18.8,0,0,1.94,0.7,-0.02,-0.02,91.0,155,30.76923076923077,0.0,0.0,5.2,-3.45,0.09,2.43,0.156,0,-5.944155844,0.12,0.16,5.944155844,0.036,0.036,0.028,0.029,28.6,24.5,5.858444590569546,2.446957023451533,31.87193680571384,0.4545454545454545,36.70537218481698,27.517249253013592,MIA
Ryan Watson,670245,2026,72.0,307,65,8,21.2,7.5,1,1,4.0,0.263,0.432,0.308,0.331,36.6,9.8,36.6,77.617586698,94.044805566,17.1,40.9,25.5,49.2,40.3,23.6,27.3,1138,LAA,27,670245,1146,2.4,0.125,0.063,0.2,0.188,0.135,0.155,0.161,2,16,80.7,15.0,2162,85.9,86.65,10,27,0,0.7999999999999972,6.95,99,149,118,145,302,322,297,2.701,-2.701,71.8,7.8,3.456006617,16,10,1,1,0,0,6,37.5,0,0,3.14,-0.02,-0.82,-0.82,89.9,142,20.0,0.0,0.0,5.6,-0.93,0.66,1.76,0.125,0,-10.003703704,0.161,0.192,10.003703704,-0.036,-0.036,-0.004,-0.02,37.0,38.6,11.624753765908784,-7.820229636199505,32.26996036549359,0.5185185185185185,42.66767429598504,35.2297018089043,LAA
José Suarez,660761,2026,61.1,277,61,6,22.0,9.7,1,4,5.87,0.267,0.36,0.359,0.317,38.2,2.7,32.3,77.496151319,93.154141758,17.0,43.2,26.7,48.7,40.9,23.7,28.5,1068,TBD,32,660761,1073,3.0,0.667,0.533,0.6,1.2,0.745,0.544,0.509,10,15,89.1,17.6,2169,84.6,83.99,4,32,0,-0.5999999999999943,5.79,104,149,114,144,304,325,294,-4.652,4.652,71.3,7.6,7.510972134,16,16,4,5,0,1,0,0.0,0,0,2.75,0.45,0.6,-0.6,92.9,206,37.5,12.5,12.5,5.69,2.14,0.08,1.83,0.625,2,14.5375,0.5,0.729,-14.5375,0.158,0.125,0.471,0.201,12.5,39.3,14.858217621009365,-10.868452424710924,32.92699430037146,0.71875,37.5809245150604,38.828026612756574,TBD
Jack Weisenburger,674073,2026,12.2,50,14,0,28.0,8.0,0,0,2.13,0.192,0.285,0.254,0.246,34.4,6.3,31.3,79.900574375,93.226258387,13.1,44.2,26.0,50.7,46.9,31.3,18.8,205,TBD,35,674073,205,17.1,0.15,0.0,0.188,0.15,0.134,0.195,0.173,3,20,88.0,13.6,2287,87.5,88.48,9,35,0,1.0,6.87,109,153,128,148,303,328,291,3.794,-3.794,72.1,7.3,2.084483849,20,16,3,0,0,0,4,20.0,0,0,2.43,0.58,-0.35,-0.35,92.4,168,37.5,6.25,5.0,5.69,-2.35,0.31,2.38,0.15,1,-10.84,0.173,0.283,10.84,-0.023,-0.0229999999999999,-0.133,-0.061,25.7,41.4,10.69776438950324,-0.8058888931433561,32.37338479659324,0.4571428571428571,39.40339435758748,30.936799156155452,TBD
Tony Gonsolin,664062,2026,2.2,15,5,1,33.3,20.0,0,0,16.88,0.206,0.463,0.479,0.365,28.6,14.3,28.6,62.536505,93.426995714,15.4,44.4,27.3,34.9,57.1,14.3,14.3,63,KC,11,664062,63,17.5,0.4,0.2,0.5,0.6,0.43,0.217,0.222,2,5,79.4,-4.3,2090,87.7,86.92,3,11,0,-0.7999999999999972,5.83,103,151,126,149,299,326,285,0.102,-0.102,72.5,7.7,4.563440316,5,4,1,1,0,0,1,20.0,0,0,2.22,0.77,0.78,0.78,92.2,114,25.0,0.0,0.0,6.35,-0.65,0.16,2.76,0.4,0,-0.927272727,0.222,0.277,0.927272727,0.178,0.178,0.323,0.213,27.3,42.8,20.173789272012925,-15.280125340067173,26.48591544165713,0.1818181818181818,39.42874173106825,36.14026255687013,KC
Michael King,650633,2026,185.0,757,159,20,21.0,9.2,12,10,3.21,0.24,0.403,0.295,0.322,33.7,8.2,32.7,75.924543175,93.05490175,17.3,38.0,24.5,46.5,45.1,26.5,20.8,2981,SD,132,650633,2981,4.4,0.218,0.145,0.233,0.364,0.25,0.23,0.206,12,55,85.2,8.9,2411,90.3,89.6,30,132,0,-0.7000000000000028,5.88,112,151,121,146,304,326,294,5.562,-5.562,70.7,7.4,2.964902592,55,45,8,2,0,2,10,18.2,0,0,2.22,0.6,0.53,0.53,90.2,136,24.444444444444443,4.444444444444445,3.636363636363636,5.54,-3.03,-0.02,2.42,0.218,2,-4.213636364,0.206,0.331,4.213636364,0.012,0.012,0.033,0.02,22.7,27.4,11.305296096986412,-5.232186169441163,33.24717617150838,0.553030303030303,35.53712797669051,31.14755974388909,SD
Chase Petty,695534,2026,31.2,139,15,6,10.8,6.5,1,2,4.83,0.278,0.47,0.328,0.361,35.7,9.1,37.5,77.668980909,93.925085545,17.4,24.6,19.6,48.2,38.4,30.4,25.0,477,TBD,10,695534,477,2.1,0.2,0.2,0.25,0.4,0.252,0.126,0.136,1,5,88.0,-4.3,2096,90.1,90.48,4,10,0,0.4000000000000057,6.36,106,152,118,148,305,325,283,-0.224,0.224,74.0,7.2,1.294830213,5,4,0,1,0,0,1,20.0,0,0,2.44,0.4,0.57,0.57,93.4,126,25.0,0.0,0.0,5.5,-1.86,-0.32,2.37,0.2,0,2.24,0.136,0.15,-2.24,0.064,0.064,0.25,0.126,40.0,32.4,14.620085603685869,-3.670218946532629,31.10632557497004,0.5,31.77950481222329,34.388448341292296,TBD
Nate Pearson,663878,2026,45.1,197,41,2,20.8,12.7,2,4,4.17,0.223,0.359,0.307,0.321,33.6,7.3,36.0,76.260720323,93.784027258,14.7,38.3,22.6,44.6,45.6,26.4,20.8,763,KC,75,663878,765,9.8,0.282,0.179,0.313,0.462,0.311,0.285,0.248,11,39,87.6,18.9,2388,93.8,94.97,14,75,0,1.2000000000000028,6.85,107,151,116,147,299,323,287,2.145,-2.145,71.0,7.3,2.825481635,40,33,6,4,0,1,7,17.5,0,0,1.98,0.63,0.21,0.21,92.1,145,36.36363636363637,6.0606060606060606,5.0,5.67,-1.66,-0.05,2.41,0.275,2,-2.86,0.243,0.432,2.86,0.034,0.032,0.03,0.026,18.7,43.7,10.335834660316808,-2.631179711302765,31.425488233930693,0.56,35.10129278405035,30.07010657894428,KC
Quinn Mathews,687273,2026,44.1,211,46,4,21.8,9.5,2,3,3.65,0.246,0.359,0.317,0.302,32.6,4.9,36.8,78.502964,94.046755857,16.5,51.3,26.8,45.7,43.1,25.7,25.0,867,STL,255,687273,867,29.4,0.284,0.095,0.31,0.379,0.282,0.266,0.262,33,116,89.6,14.7,2081,87.4,87.93,58,255,0,0.5,6.57,104,152,115,146,306,319,286,8.404,-8.404,72.0,7.4,3.398168649,119,102,26,5,0,2,17,14.3,0,0,2.41,0.62,0.26,-0.26,92.0,154,37.25490196078432,1.96078431372549,1.680672268907563,5.32,1.22,0.02,2.27,0.277,2,-3.295686275,0.257,0.364,3.295686275,0.022,0.02,0.015,0.016,22.7,37.2,10.263266447831308,-1.4195384387413448,31.774844225954386,0.5058823529411764,36.82019338255205,31.31141034144229,STL
Jakob Junis,596001,2026,53.0,230,37,4,16.1,6.5,1,3,3.57,0.275,0.394,0.287,0.319,38.2,3.5,35.3,76.892383678,93.28685659,11.4,33.6,18.3,46.5,42.2,23.7,29.5,824,TEX,32,596001,835,3.8,0.412,0.412,0.333,0.824,0.525,0.441,0.378,7,17,95.2,13.7,2191,87.0,86.53,4,32,0,-0.5,6.0,107,151,116,148,301,326,296,-2.081,2.081,71.6,7.4,1.975713188,17,17,4,1,0,2,0,0.0,0,0,2.71,0.33,-0.19,-0.19,94.1,167,58.82352941176471,11.76470588235294,11.76470588235294,5.61,-2.05,0.24,2.28,0.412,2,6.503125,0.378,0.666,-6.503125,0.034,0.0339999999999999,0.158,0.084,12.5,29.2,8.963244832371144,-3.030702172568554,30.092744985416765,0.65625,38.89847465013568,31.80612314284181,TEX
Pete Fairbanks,664126,2026,41.1,183,57,8,31.1,11.5,4,5,6.31,0.211,0.421,0.327,0.322,37.3,11.9,43.1,81.4480466,95.039719697,23.9,45.7,31.9,45.0,24.5,43.1,22.5,766,TBD,26,664126,768,3.4,0.0,0.0,0.0,0.0,0.0,0.251,0.167,0,11,94.8,24.0,2545,90.5,90.25,15,26,0,-0.2999999999999971,6.18,105,152,119,146,308,324,292,2.991,-2.991,70.3,7.4,2.426119271,11,6,0,0,0,0,5,45.5,0,0,2.28,0.53,-0.36,-0.36,93.0,216,66.66666666666666,16.666666666666664,9.090909090909092,7.01,-0.3,0.13,2.65,0.0,1,-11.503846154,0.167,0.437,11.503846154,-0.167,-0.167,-0.437,-0.251,57.7,59.7,13.970077344179426,-2.53305967592106,28.78191335259958,0.6153846153846154,37.90278143365157,31.096778221802925,TBD
Josh Hendrickson,681973,2026,2.2,9,3,0,33.3,0.0,0,0,3.38,0.215,0.292,0.198,0.219,33.3,0.0,66.7,95.29247,98.031085,33.3,50.0,40.0,42.9,33.3,33.3,33.3,35,HOU,6,681973,35,17.1,0.333,0.0,0.5,0.333,0.297,0.206,0.222,1,3,97.7,31.5,2074,90.3,90.52,3,6,0,0.2000000000000028,6.55,105,152,117,148,302,327,288,0.031,-0.031,69.2,6.8,1.176846993,3,2,1,0,0,0,1,33.3,0,0,1.67,1.16,0.35,-0.35,94.4,140,50.0,0.0,0.0,6.06,2.37,0.03,3.1,0.333,0,-0.516666667,0.222,0.253,0.516666667,0.111,0.111,0.08,0.091,50.0,41.1,8.333708347826084,11.140267276364344,28.180125759532945,0.5,34.924949507448865,24.944743189342248,HOU
George Soriano,666277,2026,66.0,290,66,10,22.8,12.1,6,5,4.23,0.231,0.4,0.323,0.327,28.0,9.1,39.5,80.626898791,94.32177967,15.8,50.2,29.0,48.0,45.2,25.3,21.0,1149,STL,55,666277,1171,4.7,0.409,0.5,0.4,0.909,0.556,0.383,0.291,9,22,92.1,21.1,2273,90.8,91.26,15,55,0,0.5,6.54,104,150,117,144,311,323,292,-3.177,3.177,71.3,7.7,5.090344871,22,18,4,2,0,3,4,18.2,0,0,2.51,0.27,0.46,0.46,93.2,165,44.44444444444444,22.22222222222222,18.181818181818183,5.55,-2.52,0.13,1.96,0.409,4,5.776363636,0.291,0.619,-5.776363636,0.118,0.118,0.29,0.173,27.3,33.4,14.413042582753295,-10.609712377588153,33.644105863931074,0.5636363636363636,37.931923512325874,36.41417922896184,STL
Colin Holderman,670059,2026,52.2,222,50,1,22.5,9.0,6,4,2.73,0.219,0.341,0.254,0.303,23.9,7.8,44.4,74.337009714,94.545200071,16.5,44.1,27.0,44.3,55.6,22.5,16.2,860,TBD,41,670059,864,4.7,0.455,0.136,0.476,0.591,0.417,0.408,0.379,10,22,91.5,16.4,2445,90.1,90.67,9,41,0,0.6000000000000085,6.55,105,148,124,144,300,326,298,-1.748,1.748,71.2,7.4,8.89315436,24,21,7,3,0,0,3,12.5,0,0,2.48,0.36,0.21,0.21,94.4,185,61.90476190476191,14.285714285714285,12.5,5.37,-2.01,0.21,2.36,0.417,3,4.263414634,0.376,0.577,-4.263414634,0.076,0.0409999999999999,0.014,0.009,22.0,23.2,11.381920141631324,-5.052411366435343,32.39232504324447,0.4634146341463415,37.16639838699469,31.682070391147885,TBD
Julian Aguiar,687924,2026,3.0,14,2,0,14.3,7.1,1,0,6.0,0.2,0.303,0.304,0.251,45.5,0.0,36.4,70.667311667,92.04468,5.6,28.6,12.0,46.3,45.5,27.3,18.2,54,TBD,12,687924,54,22.2,0.286,0.0,0.333,0.286,0.254,0.241,0.233,2,7,81.4,7.7,2030,88.5,88.24,1,12,0,-0.2999999999999971,6.07,116,150,110,145,305,319,287,0.318,-0.318,70.2,7.3,4.416284988,7,6,2,0,0,0,1,14.3,0,0,2.46,0.48,1.0,1.0,92.6,90,33.33333333333333,0.0,0.0,5.4,-2.19,-0.33,2.3,0.286,0,-2.65,0.233,0.322,2.65,0.053,0.0529999999999999,-0.036,0.013,8.3,27.2,11.779906662743189,-3.20184823558567,36.05223312337955,0.4166666666666667,32.93602024555052,32.74678672312956,TBD
Dylan Ross,697811,2026,1.0,3,0,0,0.0,0.0,0,0,0.0,0.119,0.141,0.0,0.108,33.3,0.0,0.0,50.697315,88.0,0.0,50.0,16.7,54.5,66.7,0.0,0.0,11,TBD,4,697811,11,36.4,0.0,0.0,0.0,0.0,0.0,0.003,0.003,0,1,51.6,72.0,921,88.8,89.7,1,4,0,0.9000000000000057,6.9,111,155,114,147,307,327,292,0.411,-0.411,71.8,7.6,3.4536222,1,1,0,0,0,0,0,0.0,0,0,2.79,0.1,0.05,0.05,88.0,68,0.0,0.0,0.0,6.09,-0.87,0.06,2.6,0.0,0,-10.275,0.003,0.003,10.275,-0.003,-0.003,-0.003,-0.003,25.0,49.6,8.407828665891914,-9.88636498520713,18.86614401172961,0.75,36.59762818311652,33.41389724896107,TBD
Tyler Rogers,643511,2026,71.0,294,40,2,13.6,7.5,2,3,1.77,0.229,0.305,0.255,0.263,23.2,1.8,26.8,72.1084275,92.390376143,8.5,32.5,14.5,50.3,63.2,14.9,15.8,1018,TOR,55,643511,1038,5.3,0.192,0.115,0.2,0.308,0.216,0.221,0.179,5,26,88.5,3.1,2148,79.8,78.75,16,55,0,-1.0,6.04,107,149,112,149,295,317,283,2.272,-2.272,71.0,7.1,2.434896598,26,21,4,0,0,1,5,19.2,0,0,3.95,-0.27,-0.26,-0.26,90.9,143,23.809523809523807,4.761904761904762,3.8461538461538463,1.27,-3.86,0.32,2.11,0.192,1,-4.130909091,0.179,0.345,4.130909091,0.013,0.013,-0.037,-0.005,29.1,-59.8,3.2417810725667087,4.624977761034949,32.16763273032818,0.3272727272727272,40.44921805610648,27.07860498400756,TOR
Cade Cavalli,676917,2026,169.2,706,200,18,28.3,6.8,13,5,3.02,0.232,0.361,0.292,0.296,32.6,7.0,40.5,78.545867661,94.2981775,15.6,49.9,27.4,47.6,50.7,24.2,21.3,2776,WSH,128,676917,2782,4.6,0.228,0.263,0.225,0.491,0.304,0.306,0.23,13,57,89.8,10.9,2299,92.4,92.68,36,128,0,0.2999999999999971,6.3,107,151,117,148,311,329,300,3.725,-3.725,71.9,7.4,2.914675116,57,44,6,3,0,4,13,22.8,0,0,2.43,0.25,-0.06,-0.06,91.5,158,38.63636363636363,11.363636363636363,8.771929824561402,6.06,-1.57,0.31,2.15,0.228,5,-2.91015625,0.23,0.496,2.91015625,-0.002,-0.002,-0.005,-0.002,28.1,37.0,10.148889484476705,-1.414109119687053,32.94676505917155,0.546875,38.03623532945883,32.61085557806962,WSH
Joe Boyle,671212,2026,19.0,81,21,1,25.9,11.1,0,1,5.21,0.234,0.361,0.262,0.307,39.2,4.0,39.2,73.4467232,93.770476,18.2,38.3,24.2,45.2,41.2,21.6,19.6,347,TBD,16,671212,347,4.6,0.2,0.2,0.2,0.4,0.252,0.051,0.052,1,5,81.6,11.6,2560,92.5,92.96,2,16,0,0.5,6.53,98,154,129,149,311,340,297,0.535,-0.535,71.4,7.3,1.100225946,5,5,0,1,0,0,0,0.0,0,0,2.2,0.48,0.18,0.18,89.3,73,20.0,0.0,0.0,6.06,-1.32,-0.06,2.53,0.2,0,-3.34375,0.052,0.061,3.34375,0.148,0.148,0.339,0.201,12.5,38.6,9.486729243306192,-2.434253568042138,30.44004189380657,0.5,35.22107918694512,30.17311885773692,TBD
Gordon Graceffo,700669,2026,79.0,326,63,5,19.3,11.0,8,2,2.73,0.243,0.415,0.262,0.328,34.1,9.0,43.5,80.770719099,94.899808869,12.3,37.4,21.2,45.5,47.5,27.4,21.1,1222,STL,65,700669,1233,5.3,0.323,0.129,0.4,0.452,0.335,0.283,0.276,10,31,83.2,16.8,2094,91.5,91.45,16,65,0,0.0,6.24,102,150,116,145,308,320,288,1.177,-1.177,71.4,7.1,2.476640631,31,25,6,4,0,0,6,19.4,0,0,2.04,0.7,0.5,0.5,91.3,153,40.0,4.0,3.225806451612903,6.09,-1.25,-0.11,2.44,0.323,1,-1.810769231,0.276,0.38,1.810769231,0.047,0.0469999999999999,0.072,0.052,24.6,52.8,9.54931390842035,3.337084583463493,33.44368225868265,0.6,35.344777080090346,28.3516072262219,STL
Brendon Little,663893,2026,27.1,132,44,5,33.3,18.9,0,3,6.59,0.184,0.304,0.377,0.282,25.4,6.3,41.3,79.988454839,94.287445323,24.0,62.0,41.6,42.2,60.3,19.0,17.5,552,TOR,52,663893,574,9.1,0.333,0.042,0.571,0.375,0.312,0.235,0.243,8,24,96.2,0.2,2144,90.6,89.98,26,52,0,-0.5999999999999943,5.9,103,148,116,145,292,324,289,0.616,-0.616,73.2,7.6,3.567505247,24,14,7,1,0,0,10,41.7,0,0,2.91,-0.12,0.33,-0.33,94.7,107,57.14285714285714,0.0,0.0,6.24,1.62,-0.28,1.69,0.333,0,-1.184615385,0.243,0.295,1.184615385,0.09,0.09,0.08,0.077,50.0,40.5,13.676313379509027,-5.710011150850528,34.91622542028776,0.6346153846153846,33.49198491024816,33.96911446426267,TOR
Geoff Hartlieb,664129,2026,26.1,116,21,1,18.1,11.2,2,1,4.78,0.242,0.351,0.327,0.305,33.3,6.2,43.2,81.110816098,94.448738395,16.1,45.3,27.1,48.8,39.5,28.4,27.2,408,OAK,42,664129,408,10.3,0.174,0.0,0.222,0.174,0.155,0.225,0.236,4,23,88.1,13.9,2381,90.6,90.23,12,42,0,-0.3999999999999915,6.16,104,151,117,147,308,327,294,3.611,-3.611,71.5,7.5,4.104241768,23,18,4,0,0,0,5,21.7,0,0,2.29,0.52,0.39,0.39,91.6,159,27.77777777777778,0.0,0.0,6.26,-2.1,0.28,2.1,0.174,0,-8.597619048,0.236,0.284,8.597619048,-0.062,-0.062,-0.11,-0.07,28.6,42.1,11.57516904569226,-2.961037930100999,30.2817727438461,0.4761904761904761,38.03056421828233,32.494473151217925,OAK
Kai-Wei Teng,678906,2026,73.2,329,73,10,22.2,10.0,5,7,4.76,0.249,0.404,0.342,0.339,36.7,8.1,39.0,79.241448846,94.185621154,15.8,46.6,26.3,43.9,39.5,24.3,27.6,1266,TBD,14,678906,1266,1.1,0.375,0.25,0.429,0.625,0.427,0.467,0.351,3,8,87.6,28.9,2697,85.8,85.55,5,14,0,-0.2000000000000028,6.31,105,150,113,142,292,324,285,-0.86,0.86,70.3,7.1,1.482416131,8,7,1,2,0,0,1,12.5,0,0,2.97,0.17,-0.97,-0.97,93.1,193,42.85714285714285,28.57142857142857,25.0,5.43,-2.19,0.5,2.34,0.375,2,6.142857143,0.351,0.76,-6.142857143,0.024,0.024,-0.135,-0.04,35.7,21.8,9.023722718608958,4.497405752680574,31.50722590538444,0.7142857142857143,39.527306797780994,26.712849683964663,TBD
Tyler Glasnow,607192,2026,74.0,288,98,7,34.0,8.7,5,2,3.53,0.19,0.332,0.245,0.263,32.3,8.5,38.4,80.944570988,93.941386111,14.9,60.3,32.1,42.3,41.5,29.3,23.2,1149,LAD,78,607192,1156,6.7,0.256,0.051,0.357,0.308,0.247,0.24,0.235,10,39,88.0,20.9,2619,91.3,93.25,26,78,0,1.9000000000000057,7.41,111,153,121,148,308,321,290,3.848,-3.848,72.3,7.6,3.546704218,39,28,8,2,0,0,11,28.2,0,0,2.3,0.46,-0.05,-0.05,91.8,137,32.142857142857146,3.571428571428571,2.564102564102564,5.98,-1.47,0.22,2.21,0.256,1,-4.933333333,0.235,0.319,4.933333333,0.021,0.021,-0.011,0.007,33.3,54.2,11.359845222933096,-3.199830303998612,31.091974063480897,0.6025641025641025,38.66036801698496,31.81058778356056,LAD
Peyton Gray,682608,2026,56.0,249,60,9,24.1,6.8,6,0,3.86,0.236,0.375,0.317,0.292,33.9,7.2,34.5,75.594274146,93.157421768,20.1,36.4,25.4,50.1,36.9,25.0,27.4,944,TEX,66,682608,954,6.9,0.357,0.393,0.333,0.75,0.453,0.375,0.308,10,28,91.0,13.9,2220,89.1,90.02,12,66,0,0.9000000000000057,6.9,108,150,116,146,302,325,297,-2.9,2.9,72.4,7.6,3.283154842,29,24,5,2,0,3,5,17.2,0,0,2.01,0.88,0.73,0.73,91.9,181,45.83333333333333,16.666666666666664,13.79310344827586,5.64,-2.65,0.01,2.25,0.345,4,4.393939394,0.301,0.603,-4.393939394,0.049,0.0439999999999999,0.147,0.078,18.2,39.4,10.84574034382672,-6.827331342122157,32.2506497395323,0.4242424242424242,35.44827373263184,33.46753650884811,TEX
Ethan Pecko,814490,2026,31.1,130,21,5,16.2,10.8,1,0,4.31,0.241,0.438,0.31,0.34,32.3,10.9,41.9,78.082488913,94.653612391,13.1,33.7,20.8,45.5,36.6,30.1,21.5,538,HOU,85,814490,538,15.8,0.211,0.079,0.276,0.289,0.217,0.2,0.181,8,38,88.3,16.6,2283,90.1,89.94,22,85,0,-0.1999999999999886,6.38,107,150,114,146,298,323,281,5.813,-5.813,72.4,7.3,1.371790117,38,29,5,3,0,0,9,23.7,0,0,2.14,0.71,0.45,0.45,91.1,156,37.93103448275862,10.344827586206897,7.894736842105263,5.63,-3.26,-0.08,2.53,0.211,3,-6.838823529,0.181,0.289,6.838823529,0.03,0.03,0.0,0.017,25.9,38.5,7.506281139042301,-0.6168043156371621,30.75811909766341,0.5411764705882353,33.78346554756311,30.045173832349644,HOU
Chase Burns,695505,2026,154.1,630,185,17,29.4,8.9,15,3,2.86,0.207,0.347,0.288,0.279,34.4,8.2,38.2,79.91015266,93.796248271,18.3,52.9,32.0,48.9,38.0,28.9,23.5,2569,TBD,114,695505,2569,4.4,0.224,0.082,0.313,0.306,0.231,0.207,0.198,11,49,89.6,15.8,2739,94.5,94.51,36,114,0,0.0,6.27,110,152,116,148,300,322,286,5.13,-5.13,72.0,7.6,3.832517793,49,33,9,1,0,1,16,32.7,0,0,1.71,0.85,0.02,0.02,90.4,156,36.36363636363637,3.0303030303030303,2.0408163265306123,6.61,-1.31,0.36,2.25,0.224,1,-4.5,0.198,0.282,4.5,0.026,0.0259999999999999,0.024,0.024,31.6,55.2,10.674707847181718,-3.748731857560416,29.069799521473627,0.6491228070175439,40.871872082831096,30.168191718740815,TBD
Tanner Rainey,663432,2026,7.0,31,6,0,19.4,25.8,0,0,3.86,0.156,0.213,0.302,0.317,43.8,0.0,18.8,74.689145,91.568885625,35.5,50.0,39.5,33.9,18.8,37.5,31.3,127,TBD,17,663432,127,13.4,0.222,0.111,0.25,0.333,0.239,0.274,0.285,2,9,85.9,18.3,2386,91.7,91.75,5,17,0,0.0999999999999943,6.25,110,149,122,144,302,326,292,1.184,-1.184,72.7,7.8,3.408135564,9,8,1,1,0,0,1,11.1,0,0,2.08,0.65,0.11,0.11,90.1,167,25.0,0.0,0.0,6.11,-2.39,-0.01,2.14,0.222,0,-6.964705882,0.285,0.346,6.964705882,-0.063,-0.0629999999999999,-0.013,-0.035,29.4,42.9,11.54916869471082,-6.957781675276096,30.664847583345217,0.5882352941176471,37.82534315094696,32.91930771542879,TBD
Braydon Fisher,680755,2026,74.2,310,74,8,23.9,14.2,3,4,3.25,0.223,0.358,0.293,0.316,31.7,9.5,39.2,76.701211739,93.652916685,19.5,42.6,28.3,43.6,43.9,24.9,22.2,1256,TOR,69,680755,1275,5.4,0.192,0.0,0.208,0.192,0.165,0.239,0.249,5,26,81.6,14.6,2300,88.3,86.86,24,69,0,-1.3999999999999917,5.39,102,150,114,145,291,320,282,5.543,-5.543,71.5,7.7,4.042714504,27,24,5,0,0,0,3,11.1,0,0,2.47,0.48,0.05,0.05,89.5,139,25.0,0.0,0.0,6.57,0.58,0.38,2.14,0.185,0,-8.033333333,0.251,0.289,8.033333333,-0.057,-0.066,-0.097,-0.074,34.8,48.0,14.476899484115876,-8.091490988092348,30.17416292904908,0.5362318840579711,40.47378856455529,34.69487847573801,TOR
David Morgan,688158,2026,32.1,162,39,2,24.1,13.6,4,1,3.9,0.232,0.31,0.349,0.301,38.5,3.1,32.3,75.975402979,92.732784516,17.2,55.2,30.6,49.7,51.0,20.8,24.0,597,SD,50,688158,607,8.2,0.25,0.042,0.3,0.292,0.229,0.265,0.276,6,24,87.0,6.1,2311,92.8,92.6,15,50,0,-0.2000000000000028,6.1,114,149,117,144,305,327,294,1.647,-1.647,73.0,7.6,2.473595087,25,20,5,1,0,0,5,20.0,0,0,2.36,0.31,0.3,0.3,91.6,162,35.0,5.0,4.0,5.28,-1.84,0.05,2.19,0.24,1,-3.294,0.268,0.349,3.294,-0.026,-0.028,-0.057,-0.036,30.0,35.5,10.17242256406652,-5.649630818607135,30.063964823057155,0.52,37.51167801967411,32.05350236257959,SD
Noah Schultz,702273,2026,71.0,324,67,9,20.7,9.6,4,9,5.58,0.269,0.455,0.336,0.358,38.7,9.7,41.9,78.222889528,94.448487488,12.9,38.5,21.0,45.2,36.9,27.6,26.7,1262,CWS,56,702273,1262,4.4,0.308,0.231,0.261,0.538,0.363,0.418,0.349,8,26,92.3,14.9,2512,92.5,92.43,12,56,0,-0.0999999999999943,6.29,106,152,117,145,302,329,293,-0.557,0.557,72.5,7.5,2.080683352,26,25,6,0,0,2,1,3.8,0,0,1.99,0.69,0.6,-0.6,94.2,176,64.0,12.0,11.538461538461538,5.89,2.2,0.03,2.45,0.308,3,0.994642857,0.349,0.638,-0.994642857,-0.041,-0.0409999999999999,-0.1,-0.055,21.4,22.3,8.849399173903546,-1.4516986923528152,28.254286459782605,0.5,36.31237423812194,31.155730427266462,CWS
Yennier Cano,666974,2026,49.2,203,45,2,22.2,5.9,4,3,2.9,0.228,0.342,0.25,0.283,26.6,5.8,39.9,78.667521857,94.259977914,13.3,47.3,25.7,44.6,62.2,16.8,18.2,794,BAL,53,666974,794,6.7,0.217,0.0,0.313,0.217,0.194,0.181,0.186,5,23,83.8,-5.2,1947,92.9,91.94,13,53,0,-1.0,5.84,112,152,117,146,307,323,287,3.582,-3.582,73.6,7.5,4.707387185,23,16,5,0,0,0,7,30.4,0,0,2.88,-0.22,1.03,1.03,90.6,108,25.0,0.0,0.0,5.5,-2.39,-0.22,1.92,0.217,0,-6.758490566,0.186,0.229,6.758490566,0.031,0.031,-0.012,0.013,24.5,17.8,8.37117136568314,0.1469111491730059,33.42169295940306,0.4528301886792453,33.9575827241069,29.817248255613325,BAL
Trevor Williams,592866,2026,28.2,120,34,4,28.3,8.3,2,0,3.14,0.233,0.351,0.3,0.302,35.1,6.8,36.5,73.184645405,93.495855946,18.6,44.0,27.9,48.1,47.3,25.7,21.6,514,TEX,110,592866,514,21.4,0.286,0.143,0.303,0.429,0.296,0.292,0.279,12,42,86.2,9.8,2176,86.0,86.68,20,110,0,0.7000000000000028,6.69,107,151,118,147,308,330,296,3.789,-3.789,72.7,7.3,1.769166197,44,35,10,0,0,2,9,20.5,0,0,2.47,0.64,0.26,0.26,90.9,151,42.85714285714285,5.714285714285714,4.545454545454546,4.9,-2.28,0.06,2.26,0.273,2,-3.444545455,0.272,0.422,3.444545455,0.007,0.001,0.007,0.004,18.2,16.3,6.667951399490489,0.6249052763664835,31.91024159152801,0.4090909090909091,36.54125392901638,30.505166753727632,TEX
Craig Yoho,684974,2026,38.0,164,41,6,25.0,11.0,2,1,4.5,0.227,0.385,0.314,0.318,43.1,9.0,31.4,74.298822449,92.988084388,21.5,39.6,28.4,46.0,41.2,23.5,29.4,635,CLE,62,684974,635,9.8,0.333,0.125,0.5,0.458,0.343,0.318,0.278,8,24,85.1,4.2,2463,81.5,82.65,23,62,0,1.0999999999999943,7.14,101,154,125,149,297,319,286,0.76,-0.76,71.0,7.9,3.907956174,24,16,5,3,0,0,8,33.3,0,0,3.88,-0.39,1.14,1.14,90.6,135,18.75,12.5,8.333333333333332,4.86,-1.99,-0.02,1.9,0.333,2,-1.225806452,0.278,0.469,1.225806452,0.055,0.0549999999999999,-0.011,0.025,37.1,17.9,16.12900914042214,-17.236661376618674,33.85280061512742,0.2741935483870967,35.13800993259677,40.06305024284149,CLE
Victor Vodnik,680767,2026,57.2,266,44,3,16.5,12.4,3,3,4.99,0.239,0.356,0.323,0.313,28.5,4.3,39.8,81.731847033,94.210686209,15.9,46.6,25.2,46.7,56.5,16.1,24.2,1027,MIA,72,680767,1032,7.0,0.182,0.0,0.214,0.182,0.157,0.197,0.2,6,33,87.8,1.6,2250,94.8,95.36,19,72,0,0.6000000000000085,6.62,111,150,121,145,307,326,295,3.532,-3.532,71.4,7.2,2.925799514,34,28,6,0,0,0,6,17.6,0,0,1.96,0.59,0.35,0.35,90.4,148,21.428571428571427,0.0,0.0,5.48,-1.9,0.1,2.41,0.176,0,-4.905555556,0.195,0.264,4.905555556,-0.018,-0.019,-0.082,-0.04,26.4,47.9,5.645073181067088,4.764292478578662,28.88007467140376,0.4583333333333333,37.54366133260376,26.231942027576377,MIA
Nolan Kingham,663884,2026,1.0,6,1,0,16.7,33.3,0,0,9.0,0.152,0.175,0.381,0.333,33.3,0.0,0.0,79.57791,89.35786,0.0,50.0,25.0,36.4,33.3,33.3,33.3,22,TBD,5,663884,22,22.7,0.333,0.0,0.5,0.333,0.297,0.141,0.152,1,3,83.1,16.5,2333,90.6,90.6,2,5,0,0.0,6.34,103,150,117,146,295,327,299,0.161,-0.161,72.1,7.4,0.859952802,3,2,1,0,0,0,1,33.3,0,0,2.4,0.4,0.72,0.72,89.4,150,0.0,0.0,0.0,5.83,-2.0,-0.61,2.39,0.333,0,-3.22,0.152,0.175,3.22,0.181,0.181,0.158,0.156,40.0,33.4,11.67787751289563,-1.2278240820119208,31.230397124736665,0.4,31.67777214785509,26.68203084281931,TBD
Nathan Eovaldi,543135,2026,141.1,613,144,24,23.5,5.7,11,10,4.27,0.254,0.422,0.323,0.318,31.0,8.3,41.6,77.082098626,94.362791588,18.0,48.9,29.4,51.8,48.0,24.8,21.7,2220,TEX,81,543135,2220,3.6,0.359,0.256,0.364,0.615,0.406,0.406,0.36,14,39,91.7,20.7,1886,87.7,88.54,18,81,0,0.7999999999999972,6.77,110,152,117,146,297,329,299,-1.425,1.425,73.2,7.4,3.372349657,40,35,9,2,1,2,5,12.5,0,0,2.62,0.38,0.68,0.68,93.3,158,54.285714285714285,8.571428571428571,7.5,5.75,-2.13,0.02,2.06,0.35,3,1.759259259,0.352,0.618,-1.759259259,-0.001,-0.002,-0.003,0.0,22.2,39.0,11.458536757495043,-5.877677696497504,32.36688753353403,0.4938271604938271,35.27608354183785,32.597378705603724,TEX
Braxton Roxby,694820,2026,3.2,18,3,0,16.7,0.0,0,0,4.91,0.238,0.281,0.337,0.255,21.4,0.0,50.0,75.878988571,93.317374286,31.0,20.0,28.2,51.3,57.1,21.4,14.3,76,SF,14,694820,76,18.4,0.0,0.0,0.0,0.0,0.0,0.119,0.13,0,4,88.2,21.0,2588,85.9,86.75,6,14,0,0.8999999999999915,6.96,110,152,119,146,291,316,292,1.291,-1.291,71.4,8.1,1.351976476,4,3,0,0,0,0,1,25.0,0,0,2.78,0.36,-0.59,-0.59,89.4,99,33.33333333333333,0.0,0.0,5.14,-3.55,0.25,2.11,0.0,0,-9.221428571,0.13,0.146,9.221428571,-0.13,-0.13,-0.146,-0.119,42.9,25.1,11.863267144393529,-14.737314174530889,34.04769804992564,0.6428571428571429,37.13573534334858,38.07378640890018,SF
Jose Quintana,500779,2026,45.0,212,25,8,11.8,9.4,2,3,5.4,0.279,0.483,0.37,0.357,35.5,9.6,34.9,78.646501951,93.541115276,13.6,32.7,20.9,46.9,34.3,33.7,22.3,816,COL,28,500779,820,3.4,0.375,0.75,0.182,1.125,0.624,0.548,0.348,6,16,90.6,33.9,1943,85.0,85.63,3,28,0,0.5999999999999943,6.49,103,151,117,145,302,329,294,-3.987,3.987,75.9,7.8,3.025618668,16,15,2,0,0,4,1,6.3,0,0,2.59,0.57,0.41,-0.41,93.3,206,46.66666666666666,20.0,18.75,5.79,2.46,0.08,2.13,0.375,3,14.239285714,0.348,0.982,-14.239285714,0.027,0.027,0.143,0.076,10.7,42.2,16.992993007594116,-7.1492694607601015,33.30350247815208,0.6428571428571429,37.41823772549895,35.697955804782794,COL
Elieser Hernández,622694,2026,11.0,50,11,3,22.0,12.0,2,0,2.45,0.194,0.299,0.339,0.272,28.1,9.4,37.5,77.333616875,93.2980675,15.5,48.5,27.5,44.8,31.3,28.1,18.8,203,ATL,28,622694,207,13.5,0.231,0.462,0.143,0.692,0.384,0.257,0.218,3,13,88.3,31.9,2221,85.5,85.96,10,28,0,0.5,6.6,113,152,124,148,314,323,303,-2.764,2.764,72.9,7.7,4.255564688,13,9,1,0,0,2,4,30.8,0,0,2.08,1.08,0.26,0.26,91.5,183,33.33333333333333,22.22222222222222,15.384615384615383,5.33,-2.08,0.1,2.77,0.231,2,9.871428571,0.218,0.384,-9.871428571,0.013,0.013,0.308,0.127,35.7,37.2,14.267015044544738,-15.711423040871276,26.041901367203295,0.6071428571428571,36.12362671363519,39.613922569697735,ATL
Adrian Morejon,670970,2026,85.0,352,107,4,30.4,8.0,9,3,2.86,0.195,0.267,0.244,0.237,28.3,2.8,32.5,74.331806132,93.323366588,18.8,59.8,34.2,52.6,58.0,16.0,22.2,1318,SD,122,670970,1344,9.1,0.188,0.104,0.276,0.292,0.202,0.185,0.169,9,48,90.1,12.7,1803,96.5,96.14,51,122,0,-0.4000000000000057,6.2,108,147,116,142,305,322,282,7.721,-7.721,72.3,7.3,2.952284907,49,30,6,2,0,1,19,38.8,0,0,2.03,0.44,1.01,-1.01,91.4,185,36.66666666666666,6.666666666666667,4.081632653061225,5.93,2.54,0.14,2.16,0.184,2,-6.328688525,0.169,0.265,6.328688525,0.019,0.0149999999999999,0.027,0.017,41.8,41.4,7.667215370850564,3.3223577890573908,31.73903857401377,0.5573770491803278,38.46196971929413,27.5976042800306,SD
Shaun Anderson,641312,2026,20.0,93,17,4,18.3,10.8,2,0,7.65,0.303,0.515,0.38,0.391,33.8,9.2,38.5,77.226670625,93.647248889,18.9,42.3,26.6,45.0,46.2,21.5,24.6,351,TBD,20,641312,351,5.7,0.375,0.0,0.5,0.375,0.334,0.193,0.199,3,8,89.3,22.8,2709,88.5,88.97,7,20,0,0.5,6.66,110,151,124,147,309,325,301,0.332,-0.332,73.7,7.2,1.834263314,8,6,3,0,0,0,2,25.0,0,0,2.45,0.5,-0.36,-0.36,91.3,117,33.33333333333333,0.0,0.0,6.02,-2.3,0.43,2.25,0.375,0,-1.66,0.199,0.244,1.66,0.176,0.176,0.131,0.141,35.0,42.8,11.150589813714175,-2.878865959128883,35.0585250500044,0.6,38.27189204477809,32.8241691578556,TBD
Cooper Hjerpe,687309,2026,12.1,55,15,0,27.3,16.4,1,0,4.38,0.211,0.26,0.268,0.302,24.1,0.0,27.6,72.910233571,92.887483704,17.9,40.0,24.8,44.5,48.3,17.2,20.7,254,TBD,42,687309,255,16.5,0.286,0.071,0.4,0.357,0.281,0.296,0.301,4,14,81.0,20.2,2183,84.8,86.01,9,42,0,1.2000000000000028,7.05,104,152,114,147,311,321,282,1.384,-1.384,71.2,7.2,3.913684523,14,10,3,1,0,0,4,28.6,0,0,2.91,0.3,0.62,-0.62,90.0,154,40.0,0.0,0.0,3.8,2.85,-0.11,2.46,0.286,0,-3.295238095,0.301,0.376,3.295238095,-0.015,-0.015,-0.019,-0.015,21.4,-1.5,9.40685545525127,-2.937904162419372,31.16659061415935,0.4523809523809524,35.23486733682564,32.07167987359642,TBD
Ryan Weathers,677960,2026,137.1,568,143,18,25.2,6.7,5,8,3.6,0.255,0.424,0.306,0.319,32.0,8.6,40.6,77.68228672,94.601750608,16.4,47.2,27.0,44.8,49.5,21.4,24.5,2280,TBD,121,677960,2281,5.3,0.242,0.106,0.268,0.348,0.256,0.317,0.289,16,66,91.3,6.4,2275,88.4,87.25,25,121,0,-1.2000000000000028,5.66,106,150,125,149,296,325,289,6.205,-6.205,73.1,7.6,3.788879433,66,57,11,4,0,1,9,13.6,0,0,2.67,0.29,0.74,-0.74,93.2,128,47.368421052631575,7.017543859649122,6.0606060606060606,5.39,3.01,0.22,2.06,0.242,4,-5.128099174,0.289,0.45,5.128099174,-0.047,-0.0469999999999999,-0.102,-0.061,20.7,31.1,9.407246526209317,-1.876056205214024,31.75698771053847,0.4793388429752066,38.73472465086407,31.416565369939068,TBD
Anthony Gose,543238,2026,13.0,51,7,0,13.7,3.9,1,1,0.0,0.25,0.408,0.269,0.292,42.9,7.1,26.2,78.44825,92.283609756,15.0,37.8,24.8,52.5,28.6,31.0,26.2,200,KC,55,543238,200,27.5,0.276,0.172,0.292,0.448,0.301,0.204,0.215,8,29,89.5,25.8,2312,91.8,91.04,13,55,0,-0.7999999999999972,5.82,106,146,115,143,297,321,284,1.217,-1.217,72.6,7.5,5.89435231,30,25,5,2,0,1,5,16.7,0,0,1.69,1.04,0.18,-0.18,91.7,183,28.000000000000004,4.0,3.333333333333333,5.88,0.84,-0.23,2.35,0.267,1,-2.212727273,0.208,0.269,2.212727273,0.061,0.059,0.179,0.097,23.6,53.9,13.536917401245177,-12.649496050402592,30.401951279629102,0.5818181818181818,33.065584057295844,36.43946667924373,KC
Gavin Hollowell,668970,2026,14.2,64,13,2,20.3,14.1,0,0,2.45,0.247,0.45,0.316,0.359,39.0,14.6,36.6,75.8865825,93.96529175,19.7,45.5,27.5,42.1,22.0,41.5,24.4,259,CHC,2,668970,259,0.8,0.5,0.0,0.5,0.5,0.445,0.402,0.427,1,2,74.8,51.0,2747,90.0,90.5,0,2,0,0.5,6.75,102,153,122,151,314,324,294,-0.204,0.204,69.4,7.4,,2,2,1,0,0,0,0,0.0,0,0,2.18,0.66,-0.23,-0.23,88.0,155,0.0,0.0,0.0,5.11,-3.31,0.17,2.26,0.5,0,10.2,0.427,0.473,-10.2,0.073,0.073,0.027,0.043,0.0,7.7,8.862281651811191,-2.2766826725956277,27.842368332376804,1.0,39.06562511407272,34.14694006886386,CHC
Erick Fedde,607200,2026,141.0,606,99,23,16.3,8.6,8,9,3.83,0.258,0.442,0.328,0.334,36.5,8.3,40.5,77.653434688,94.077809263,12.2,31.5,18.2,42.4,37.9,29.8,24.9,2413,CWS,135,607200,2422,5.6,0.323,0.154,0.339,0.477,0.341,0.357,0.305,21,65,90.0,19.6,2294,88.7,89.4,24,135,0,0.7000000000000028,6.66,108,151,121,145,298,330,292,1.794,-1.794,71.6,7.4,2.216168166,66,58,15,4,0,2,8,12.1,0,0,2.5,0.43,-0.3,-0.3,92.1,176,43.103448275862064,12.06896551724138,10.606060606060606,5.88,-1.27,0.29,2.22,0.318,7,-1.328888889,0.304,0.529,1.328888889,0.018,0.014,-0.052,-0.016,17.8,35.9,9.443557752610944,-1.3265075238979234,33.436623809215845,0.4888888888888889,38.34975768870216,31.56493440963127,CWS
Jared Simpson,688692,2026,4.1,20,4,0,20.0,35.0,1,1,10.38,0.291,0.366,0.289,0.431,66.7,0.0,22.2,83.673332,93.883793333,10.5,25.0,16.1,33.3,22.2,22.2,55.6,93,TBD,20,688692,93,21.5,0.167,0.0,0.25,0.167,0.148,0.438,0.438,1,6,95.0,11.5,2113,93.0,93.17,4,20,0,0.2000000000000028,6.43,105,152,120,150,303,330,302,1.66,-1.66,73.2,7.2,0.820670223,6,4,1,0,0,0,2,33.3,0,0,1.77,0.88,1.01,-1.01,92.3,193,25.0,0.0,0.0,5.78,2.93,0.13,2.32,0.167,0,-8.3,0.438,0.57,8.3,-0.271,-0.271,-0.403,-0.29,20.0,34.6,7.03078678917874,5.70608476744493,33.19707620844346,0.45,37.36665432182093,27.44961657459206,TBD
Sandy Alcantara,645261,2026,213.0,890,152,24,17.1,6.6,13,11,3.89,0.251,0.377,0.308,0.302,32.7,5.5,36.1,78.031119149,93.736327036,14.7,35.4,21.0,50.7,42.4,24.8,23.6,3283,MIA,184,645261,3283,5.6,0.19,0.036,0.225,0.226,0.183,0.199,0.193,16,84,88.2,21.0,2217,91.6,91.19,36,184,0,-0.3999999999999915,6.07,111,151,120,146,307,327,298,11.983,-11.983,71.9,7.5,1.694616685,84,71,13,3,0,0,13,15.5,0,0,2.29,0.46,0.58,0.58,91.3,153,36.61971830985916,2.8169014084507045,2.380952380952381,5.82,-1.93,0.04,2.37,0.19,2,-6.5125,0.193,0.271,6.5125,-0.003,-0.003,-0.045,-0.016,19.6,32.2,10.310162556135248,-2.4294296459803717,32.703560486101324,0.5271739130434783,35.73765030385554,30.668696996982536,MIA
Josiah Gray,680686,2026,4.0,15,2,0,13.3,6.7,0,0,0.0,0.207,0.26,0.249,0.237,25.0,0.0,25.0,79.15886,92.821365,6.3,50.0,23.1,44.8,41.7,33.3,16.7,58,WSH,15,680686,58,25.9,0.286,0.143,0.286,0.429,0.307,0.159,0.16,2,7,84.7,8.1,2047,86.7,86.05,2,15,0,-0.7000000000000028,5.72,106,151,117,147,309,334,291,0.957,-0.957,72.1,7.7,3.406429974,7,7,1,1,0,0,0,0.0,0,0,2.54,0.48,0.06,0.06,90.1,153,14.285714285714285,0.0,0.0,5.15,-1.38,-0.02,2.18,0.286,0,-6.38,0.16,0.201,6.38,0.126,0.1259999999999999,0.228,0.148,13.3,34.3,12.837514148910817,-6.114107998173888,32.976087357582834,0.7333333333333333,34.84699834334063,34.27521516034639,WSH
Jovani Morán,663558,2026,65.0,268,72,9,26.9,11.9,2,3,3.18,0.194,0.326,0.27,0.279,30.2,7.5,29.0,75.238512857,93.276928247,23.0,50.3,32.2,45.8,40.7,29.6,19.8,1044,BOS,95,663558,1053,9.0,0.171,0.098,0.214,0.268,0.189,0.206,0.182,7,41,86.3,23.7,2085,88.1,88.12,34,95,0,0.0,6.26,107,148,121,142,297,317,287,6.53,-6.53,71.5,7.6,6.765091802,41,29,5,1,0,1,12,29.3,0,0,2.0,0.96,0.83,-0.83,91.9,170,28.57142857142857,7.142857142857142,4.878048780487805,5.76,1.31,0.18,2.14,0.171,2,-6.873684211,0.182,0.299,6.873684211,-0.011,-0.0109999999999999,-0.031,-0.017,35.8,44.7,12.507063812127342,-11.82831186495193,31.19269617223388,0.5052631578947369,37.27274634861033,36.82086824191116,BOS
Ben Bowden,641386,2026,1.0,8,0,0,0.0,25.0,0,0,36.0,0.387,0.632,0.535,0.539,40.0,20.0,40.0,78.30372,94.419728,18.2,0.0,14.3,35.0,20.0,40.0,20.0,40,TBD,11,641386,40,27.5,0.667,0.333,0.667,1.0,0.717,0.697,0.62,2,3,92.6,3.0,2260,91.9,91.13,2,11,0,-0.8000000000000114,5.84,100,143,109,133,304,322,287,-0.519,0.519,72.2,7.7,0.801600522,3,3,1,1,0,0,0,0.0,0,0,1.61,1.1,1.06,-1.06,92.7,163,66.66666666666666,33.33333333333333,33.33333333333333,5.76,1.79,-0.13,2.32,0.667,1,4.718181818,0.62,1.013,-4.718181818,0.047,0.047,-0.013,0.02,18.2,31.0,13.77617360194167,-10.843007078188329,35.58356315945474,0.5454545454545454,34.91845413442407,32.744148313632955,TBD
Grant Holmes,656550,2026,151.2,642,115,22,17.9,9.7,10,6,3.44,0.262,0.447,0.314,0.342,34.2,8.9,45.2,82.097232183,94.933788534,13.5,51.9,27.3,48.7,43.7,26.4,24.7,2382,ATL,143,656550,2385,6.0,0.273,0.212,0.283,0.485,0.323,0.357,0.303,18,66,94.7,14.5,2441,90.2,89.85,41,143,0,-0.2999999999999971,5.99,107,151,122,147,310,324,300,0.46,-0.46,73.2,7.6,4.786080753,66,56,11,3,1,3,10,15.2,0,0,2.37,0.45,0.43,0.43,94.3,162,57.14285714285714,12.5,10.606060606060606,5.82,-2.33,0.09,1.94,0.273,7,-0.321678322,0.303,0.537,0.321678322,-0.03,-0.0299999999999999,-0.052,-0.034,28.7,39.1,11.811918113246344,-6.04336536161391,32.73471786524129,0.5734265734265734,36.990482858438426,34.15283944497884,ATL
Tyler Davis,699823,2026,31.2,128,27,2,21.1,12.5,2,3,3.41,0.219,0.338,0.262,0.286,30.6,5.9,41.2,80.623975116,94.063795176,15.6,36.4,22.7,52.3,37.6,27.1,23.5,488,CWS,35,699823,497,7.0,0.154,0.231,0.111,0.385,0.226,0.281,0.206,2,13,91.4,25.5,2424,93.5,94.34,7,35,0,0.7999999999999972,6.73,114,154,124,146,300,327,289,1.292,-1.292,70.6,7.1,1.795933849,13,10,1,0,0,1,3,23.1,0,0,1.67,0.95,0.32,0.32,91.6,190,40.0,20.0,15.384615384615383,5.91,-1.22,0.18,2.5,0.154,2,-3.691428571,0.206,0.464,3.691428571,-0.052,-0.0519999999999999,-0.079,-0.055,20.0,46.6,9.092293497472326,2.2515810866988564,30.261090457923206,0.5714285714285714,37.72828794060021,29.55812666871031,CWS
Jackson Kent,800600,2026,36.1,170,30,2,17.6,14.7,2,4,5.94,0.274,0.409,0.352,0.353,35.7,6.1,40.0,75.991521579,93.851242368,12.6,40.0,23.8,45.3,49.6,20.0,25.2,677,TBD,210,800600,677,31.0,0.274,0.095,0.309,0.368,0.279,0.327,0.309,26,95,88.1,9.5,2120,88.3,89.34,48,210,0,1.0,6.95,107,151,116,145,307,329,295,6.909,-6.909,72.1,7.4,3.090544328,95,82,19,6,0,1,13,13.7,0,0,2.39,0.56,0.55,-0.55,91.7,139,40.2439024390244,6.097560975609756,5.263157894736842,5.52,1.99,0.03,2.09,0.274,5,-3.29,0.309,0.45,3.29,-0.035,-0.0349999999999999,-0.082,-0.048,22.9,40.1,10.169023902312116,-4.243777486959599,31.842240959207544,0.5190476190476191,37.17174837295962,32.17485613633189,TBD
Griffin Jax,643377,2026,109.1,459,116,15,25.3,7.6,8,10,3.62,0.253,0.407,0.296,0.317,33.7,8.5,39.2,77.504651733,94.063749197,18.0,48.2,30.0,48.1,47.1,23.5,24.2,1724,TB,59,643377,1732,3.4,0.167,0.067,0.192,0.233,0.173,0.27,0.275,5,30,86.1,12.4,2595,92.6,92.5,9,59,0,-0.0999999999999943,6.33,103,153,121,148,308,334,295,4.745,-4.745,72.4,7.6,3.429877763,30,26,3,2,0,0,4,13.3,0,0,1.93,0.75,0.79,0.79,91.7,116,30.76923076923077,3.8461538461538463,3.333333333333333,5.54,-0.99,-0.11,2.27,0.167,1,-8.042372881,0.275,0.349,8.042372881,-0.108,-0.108,-0.116,-0.097,15.3,42.5,11.609930556072015,-4.1818100974311365,30.93802904529297,0.5932203389830508,35.602063136328795,31.016808610359377,TB
Robert Gasser,688107,2026,109.1,462,103,15,22.3,7.4,5,5,3.87,0.249,0.398,0.309,0.317,37.8,7.6,34.0,74.591601538,93.170492147,15.8,40.7,22.5,49.3,33.7,27.3,27.6,1817,MIL,274,688107,1817,15.1,0.277,0.16,0.315,0.437,0.308,0.347,0.307,33,119,87.7,16.9,2264,89.2,90.08,58,274,0,0.8999999999999915,6.91,110,153,128,149,303,316,294,3.381,-3.381,73.1,7.5,2.157386403,119,96,22,7,0,4,23,19.3,0,0,2.3,0.6,0.31,-0.31,91.8,169,39.58333333333333,11.458333333333332,9.243697478991598,5.03,2.81,-0.05,2.26,0.277,11,-1.233941606,0.307,0.507,1.233941606,-0.03,-0.0299999999999999,-0.07,-0.039,21.2,23.9,10.305991337438186,-3.3407733468627634,34.053297901490154,0.5766423357664233,36.72413594246535,31.548265203196983,MIL
Hunter Dobbins,690928,2026,54.0,231,52,7,22.5,10.4,3,3,3.67,0.233,0.366,0.322,0.306,35.9,7.2,39.2,77.503833553,93.898949013,15.5,39.4,23.1,44.5,43.8,26.8,24.8,932,TBD,40,690928,932,4.3,0.286,0.286,0.3,0.571,0.364,0.312,0.283,4,14,94.8,4.0,2505,89.4,89.62,11,40,0,0.1999999999999886,6.25,102,149,118,145,307,321,288,0.472,-0.472,72.4,7.3,3.487404789,14,11,2,1,0,1,3,21.4,0,0,2.42,0.45,-0.26,-0.26,91.6,145,36.36363636363637,9.090909090909092,7.142857142857142,6.06,-1.07,0.19,2.25,0.286,1,-1.18,0.283,0.448,1.18,0.003,0.003,0.123,0.052,27.5,46.4,10.904594501738412,-2.0431804072161217,32.111881725923226,0.45,39.51170654928329,31.091151808723545,TBD
Mason Adams,690279,2026,29.0,124,31,6,25.0,9.7,0,2,4.03,0.259,0.457,0.373,0.343,41.3,10.0,56.3,83.619262,95.9296315,11.7,46.3,22.2,47.2,40.0,28.7,27.5,468,COL,101,690279,468,21.6,0.325,0.3,0.333,0.625,0.394,0.33,0.269,13,40,92.5,14.0,2313,89.9,91.09,18,101,0,1.1999999999999886,6.71,104,150,120,145,307,331,294,-0.31,0.31,73.7,7.5,3.421494597,41,33,7,3,0,3,8,19.5,0,0,2.55,0.26,0.36,0.36,91.6,153,51.51515151515152,12.12121212121212,9.75609756097561,5.05,-1.15,0.0,2.19,0.317,4,0.306930693,0.263,0.529,-0.306930693,0.056,0.0539999999999999,0.096,0.064,17.8,26.9,9.092784217937565,-2.541370757456026,33.033171255397534,0.5544554455445545,35.942409851980315,31.987119434815583,COL
Nolan McLean,690997,2026,179.2,747,194,17,26.0,9.4,12,10,3.16,0.219,0.339,0.288,0.294,32.5,6.5,35.5,76.941804391,93.541793595,14.9,41.1,23.6,44.3,45.9,23.9,23.7,2914,NYM,145,690997,2915,5.0,0.119,0.015,0.133,0.134,0.11,0.172,0.148,8,67,85.6,17.4,2632,91.1,90.91,28,145,0,-0.1999999999999886,6.44,107,153,126,149,302,327,294,14.022,-14.022,72.3,7.4,3.031870843,68,60,7,1,0,0,8,11.8,0,0,2.51,0.3,0.27,0.27,90.7,136,21.666666666666668,3.333333333333333,2.941176470588235,5.23,-3.98,0.02,2.38,0.118,2,-9.670344828,0.155,0.214,9.670344828,-0.029,-0.037,-0.08,-0.062,19.3,30.2,10.37059421980391,-4.241425920075438,29.75334279589189,0.6206896551724138,36.44161622648299,32.483761955307905,NYM
Wandy Peralta,593974,2026,77.1,321,50,7,15.6,7.2,3,3,3.61,0.275,0.394,0.327,0.319,37.1,4.5,35.9,77.143855,93.573145063,13.7,37.8,22.3,51.2,47.8,18.0,28.2,1224,SD,105,593974,1230,8.5,0.275,0.157,0.31,0.431,0.298,0.333,0.316,14,51,88.4,13.2,2064,92.3,91.4,27,105,0,-0.8999999999999915,5.72,114,149,120,144,304,325,292,2.603,-2.603,72.5,7.5,2.772657799,52,43,8,5,0,1,9,17.3,0,0,2.2,0.48,1.22,-1.22,91.5,157,37.2093023255814,9.30232558139535,7.6923076923076925,5.99,0.29,0.35,2.04,0.269,4,-2.479047619,0.312,0.464,2.479047619,-0.041,-0.0429999999999999,-0.033,-0.035,25.7,41.3,11.245142854025795,-4.406228704536376,32.350047613951425,0.5428571428571428,40.55582492324447,32.846730028233985,SD
Easton McGee,668834,2026,11.1,52,9,3,17.3,9.6,0,0,7.15,0.297,0.456,0.468,0.36,42.1,10.5,47.4,80.677935789,94.632513158,14.5,30.0,18.9,57.6,34.2,34.2,28.9,184,TBD,44,668834,184,23.9,0.421,0.263,0.438,0.684,0.475,0.381,0.38,8,19,89.5,18.3,2321,87.6,88.75,6,44,0,1.1000000000000083,6.77,111,152,119,148,301,327,289,-0.878,0.878,71.0,7.2,1.209762054,19,17,5,2,0,1,2,10.5,0,0,2.53,0.45,0.18,0.18,91.2,147,41.17647058823529,5.88235294117647,5.263157894736842,5.56,-1.77,-0.05,2.55,0.421,1,1.995454545,0.38,0.497,-1.995454545,0.041,0.0409999999999999,0.187,0.094,13.6,25.2,10.160013513286206,-3.613621222629785,29.97000943202482,0.5,35.06377120343938,29.03670903223465,TBD
Nate Lavender,681320,2026,20.2,79,26,1,32.9,5.1,1,0,1.74,0.187,0.29,0.213,0.228,32.7,8.2,34.7,77.1496,92.986921633,24.0,33.3,26.6,48.6,30.6,34.7,18.4,294,NYM,71,681320,294,24.1,0.133,0.2,0.143,0.333,0.193,0.195,0.169,4,30,87.3,25.0,2211,90.5,91.75,23,71,0,1.2000000000000028,7.11,107,153,123,148,300,322,289,4.242,-4.242,72.5,7.2,1.431460422,30,22,1,1,1,1,8,26.7,0,0,1.49,1.33,0.6,-0.6,90.4,184,27.27272727272727,9.090909090909092,6.666666666666667,5.5,1.52,0.33,2.71,0.133,2,-5.974647887,0.169,0.289,5.974647887,-0.036,-0.036,0.044,-0.002,32.4,44.4,8.555999162167206,3.18735858594442,26.19403891356354,0.6056338028169014,40.73498526423491,28.785721329799543,NYM
Ryan Yarbrough,642232,2026,63.1,268,49,3,18.3,8.6,2,1,3.69,0.233,0.325,0.286,0.286,37.0,3.6,25.0,72.177732258,91.67577828,21.7,33.1,25.0,47.9,35.4,28.6,25.5,1061,NYY,105,642232,1064,9.9,0.302,0.093,0.361,0.395,0.303,0.328,0.304,13,43,86.2,21.1,1987,80.8,80.82,28,105,0,0.0,6.41,109,150,124,147,293,328,287,3.021,-3.021,71.7,7.3,3.795994537,43,36,10,2,1,0,7,16.3,0,0,3.04,0.52,0.65,-0.65,90.7,178,33.33333333333333,8.333333333333332,6.976744186046512,4.98,3.13,0.23,2.33,0.302,3,-2.877142857,0.304,0.465,2.877142857,-0.002,-0.002,-0.07,-0.025,26.7,15.3,9.557411382669898,-1.6058875207356913,33.060122079247606,0.4666666666666667,39.284691554102615,32.07518410464533,NYY
Trey Gibson,694346,2026,39.2,185,37,7,20.0,14.6,2,3,6.13,0.279,0.457,0.357,0.372,30.8,8.5,45.0,79.953026271,95.275285508,10.9,41.3,21.5,41.8,54.2,18.3,25.0,711,TBD,16,694346,711,2.3,0.125,0.0,0.2,0.125,0.111,0.168,0.184,1,8,95.0,-8.0,2140,91.5,92.13,3,16,0,0.5999999999999943,6.74,112,153,120,147,303,323,294,1.766,-1.766,69.5,7.0,0.442412862,8,5,1,0,0,0,3,37.5,0,0,2.16,0.58,-0.01,-0.01,91.2,93,40.0,0.0,0.0,6.07,-2.35,-0.05,2.25,0.125,0,-11.0375,0.184,0.203,11.0375,-0.059,-0.059,-0.078,-0.057,18.8,46.1,7.450143185552861,6.6198880444555135,31.919352309669243,0.5,35.66821650567287,27.1346087923216,TBD
Carson Whisenhunt,687931,2026,34.2,164,26,5,15.9,12.8,3,4,6.49,0.272,0.467,0.372,0.368,39.7,7.8,44.8,81.944113966,95.059663739,18.2,43.6,28.2,45.4,33.6,33.6,27.6,617,TBD,119,687931,617,19.3,0.362,0.207,0.388,0.569,0.393,0.332,0.292,21,58,93.3,20.3,2108,87.2,87.66,34,119,0,0.5,6.64,103,151,117,145,300,322,296,-1.246,1.246,73.9,7.8,5.844577251,59,51,14,4,1,2,8,13.6,0,0,2.32,0.72,0.99,-0.99,93.6,175,49.01960784313725,5.88235294117647,5.084745762711865,6.01,1.92,0.16,2.11,0.356,3,1.047058824,0.301,0.469,-1.047058824,0.07,0.0549999999999999,0.1,0.061,28.6,46.5,15.370552065953104,-10.370887561280345,32.542295775957115,0.5294117647058824,37.91484292798847,36.743198423065365,TBD
Tyler Phillips,663969,2026,126.2,538,101,17,18.8,10.4,5,6,3.34,0.256,0.414,0.314,0.332,32.4,8.0,42.2,79.135979947,94.262393324,11.8,50.1,26.4,45.8,47.7,27.9,22.0,2037,MIA,122,663969,2037,6.0,0.271,0.237,0.261,0.508,0.333,0.301,0.27,16,59,88.2,3.0,1954,88.6,88.43,33,122,0,-0.1999999999999886,6.27,109,150,120,146,303,322,291,0.038,-0.038,71.7,7.7,4.794551404,59,50,10,2,0,4,9,15.3,0,0,2.72,0.22,0.44,0.44,92.5,116,40.0,8.0,6.779661016949152,6.14,-1.01,0.07,1.99,0.271,4,-0.031147541,0.27,0.434,0.031147541,0.001,0.001,0.074,0.032,27.0,34.1,13.946599313667086,-8.308929346988304,35.39670380200295,0.4754098360655737,36.46334143686671,34.747942695186794,MIA
Hoby Milner,571948,2026,40.0,169,24,5,14.2,5.9,1,0,3.83,0.294,0.454,0.321,0.35,36.4,6.1,39.4,77.899199231,93.849960775,13.9,29.0,18.6,45.5,43.9,22.0,28.0,648,SEA,22,571948,652,3.4,0.273,0.364,0.333,0.636,0.382,0.323,0.233,3,11,88.5,9.9,1685,82.3,82.85,8,22,0,0.6000000000000085,6.8,109,152,121,146,286,317,288,-0.028,0.028,72.5,7.7,1.954026646,11,7,1,1,0,1,4,36.4,0,0,3.32,0.08,0.93,-0.93,92.0,141,57.14285714285714,14.285714285714285,9.090909090909092,4.2,4.4,0.11,2.05,0.273,1,0.127272727,0.233,0.538,-0.127272727,0.04,0.04,0.098,0.059,36.4,-3.9,12.342553995768826,-9.7998503626386,33.6238330490506,0.5454545454545454,37.8100279754033,35.70404128415938,SEA
Hayden Juenger,696522,2026,16.0,81,6,0,7.4,9.9,0,1,9.0,0.313,0.473,0.388,0.371,43.1,7.7,35.4,78.314023125,93.703478906,10.0,24.4,14.8,46.2,29.2,26.2,33.8,292,TBD,44,696522,292,15.1,0.417,0.208,0.435,0.625,0.429,0.271,0.292,10,24,87.2,18.0,2348,91.0,90.51,6,44,0,-0.5,5.92,99,145,112,140,300,323,291,-1.31,1.31,71.7,7.3,3.546006912,25,23,6,3,1,0,2,8.0,0,0,1.88,0.87,0.34,0.34,90.8,179,30.434782608695656,0.0,0.0,5.47,-1.2,0.21,2.5,0.4,0,2.977272727,0.281,0.356,-2.977272727,0.125,0.119,0.269,0.158,13.6,38.4,8.84558738849886,1.5342598334411095,30.5678389859444,0.5909090909090909,38.05960526157296,28.28472532733405,TBD
Ranger Suarez,624133,2026,148.1,612,140,10,22.9,7.5,8,5,3.22,0.243,0.349,0.286,0.294,36.8,5.3,33.7,75.252062512,93.221690944,13.1,35.3,21.7,45.1,43.4,22.7,26.7,2384,BOS,236,624133,2387,9.9,0.26,0.144,0.261,0.404,0.284,0.262,0.244,27,104,89.0,13.8,1992,85.0,84.57,38,236,0,-0.4000000000000057,6.02,109,152,123,146,297,321,286,8.425,-8.425,72.7,7.4,3.951873004,105,92,20,3,0,4,13,12.4,0,0,2.92,0.29,0.14,-0.14,91.8,138,39.130434782608695,5.434782608695652,4.761904761904762,5.89,2.29,0.0,2.13,0.257,5,-3.569915254,0.242,0.371,3.569915254,0.016,0.015,0.033,0.022,16.1,41.4,10.001162738667,-3.9985346667056105,32.15247196486113,0.5169491525423728,35.53899635929847,33.35527007649161,BOS
Chris Bassitt,605135,2026,102.0,460,74,10,16.1,8.3,9,5,4.59,0.279,0.413,0.348,0.338,31.9,5.0,37.8,77.101129821,93.832486518,14.3,37.7,20.9,46.4,45.4,24.5,23.6,1731,BAL,117,605135,1733,6.8,0.302,0.111,0.34,0.413,0.306,0.294,0.277,19,63,88.0,16.7,2237,86.4,86.2,25,117,0,-0.2000000000000028,6.25,109,151,117,146,307,326,292,1.592,-1.592,71.8,7.3,2.261918703,64,54,14,4,0,1,10,15.6,0,0,2.93,0.25,0.24,0.24,91.7,175,37.03703703703704,3.7037037037037033,3.125,5.28,-1.51,0.02,2.38,0.297,2,-1.360683761,0.276,0.405,1.360683761,0.025,0.0209999999999999,0.008,0.012,21.4,30.8,8.782203634011829,-0.8500698562302917,30.499509584800663,0.4444444444444444,36.3023875447,30.787190649300143,BAL
Thomas Pannone,623381,2026,3.0,14,2,1,14.3,14.3,0,1,6.0,0.317,0.508,0.373,0.401,70.0,10.0,30.0,78.04101,93.350786,9.5,14.3,10.7,50.0,40.0,20.0,40.0,56,TBD,13,623381,56,23.2,0.667,1.0,0.5,1.667,0.98,0.764,0.58,2,3,96.2,23.0,2263,86.3,86.67,0,13,0,0.4000000000000057,6.35,117,151,120,147,293,319,295,-0.964,0.964,70.6,7.4,,3,3,1,0,0,1,0,0.0,0,0,2.38,0.68,0.53,-0.53,91.7,188,66.66666666666666,33.33333333333333,33.33333333333333,5.39,1.8,-0.24,2.45,0.667,1,7.415384615,0.58,1.238,-7.415384615,0.087,0.087,0.429,0.216,0.0,29.9,12.70898204269101,0.3993382825948697,32.36878543622783,0.6153846153846154,34.84207000610074,32.14880295927724,TBD
John King,667463,2026,49.2,197,33,7,16.8,8.6,6,2,3.99,0.229,0.404,0.281,0.31,32.2,8.5,37.8,79.649369437,93.72125,12.9,36.2,21.7,47.2,47.6,26.6,21.0,714,TBD,26,667463,723,3.6,0.583,0.75,0.556,1.333,0.806,0.513,0.39,7,12,95.3,14.4,2322,85.1,84.71,3,26,0,-0.3999999999999915,6.07,108,147,113,144,310,325,294,-4.799,4.799,73.6,7.7,0.457910236,12,11,2,3,0,2,1,8.3,0,0,3.32,-0.15,0.23,-0.23,94.9,150,63.63636363636363,18.181818181818183,16.666666666666664,5.56,1.96,0.06,1.9,0.583,2,18.457692308,0.39,0.834,-18.457692308,0.193,0.1929999999999999,0.499,0.293,11.5,29.0,10.461819438118471,-0.2257583249840721,35.71500554647912,0.4615384615384615,37.23753519870253,28.68705044925752,TBD
Connelly Early,813349,2026,91.2,400,94,15,23.5,8.5,7,5,3.44,0.232,0.404,0.314,0.317,32.7,10.6,39.9,80.898823672,94.361787461,14.5,39.8,23.5,46.8,43.7,30.0,19.4,1562,WSH,6,813349,1563,0.4,0.0,0.0,0.0,0.0,0.0,0.034,0.036,0,6,85.0,18.0,2000,89.1,89.3,0,6,0,0.2000000000000028,6.62,112,153,119,146,310,330,308,1.613,-1.613,76.1,7.6,,6,6,0,0,0,0,0,0.0,0,0,2.52,0.42,0.65,-0.65,88.8,86,0.0,0.0,0.0,5.7,2.9,0.05,1.84,0.0,0,-26.883333333,0.036,0.04,26.883333333,-0.036,-0.036,-0.04,-0.034,0.0,,5.448219439620307,-0.1669639473117836,36.73330124453437,0.5,36.03863555055264,29.03199201594966,WSH
Tim Herrin,682120,2026,56.2,240,54,5,22.5,11.7,3,4,3.02,0.213,0.357,0.308,0.304,32.7,8.5,37.3,75.510758684,93.778213026,19.7,48.3,30.7,46.8,44.4,26.1,20.9,983,CLE,104,682120,994,10.5,0.256,0.116,0.323,0.372,0.272,0.257,0.233,11,43,85.6,7.7,2262,87.7,87.92,24,104,0,0.2000000000000028,6.35,103,152,123,145,294,324,298,2.432,-2.432,71.5,7.6,5.927584423,43,32,8,2,0,1,11,25.6,0,0,2.76,0.25,0.04,-0.04,92.0,140,34.375,6.25,4.651162790697675,5.87,1.86,0.02,1.96,0.256,2,-2.338461538,0.233,0.371,2.338461538,0.023,0.0229999999999999,0.001,0.015,23.1,34.2,11.869526401786787,-7.862531649221821,34.25293945338057,0.4134615384615384,35.95348992052708,34.05225751338255,CLE
Tanner Gordon,685299,2026,103.2,473,85,21,18.0,5.1,1,6,6.68,0.274,0.489,0.406,0.345,35.1,11.0,43.1,81.215675337,94.68054677,15.4,37.8,21.7,52.5,33.1,36.5,25.7,1692,COL,137,685299,1700,8.1,0.441,0.338,0.431,0.779,0.513,0.409,0.346,30,68,93.3,16.9,2169,89.6,89.8,24,137,0,0.2000000000000028,6.15,104,151,119,146,306,332,295,-6.739,6.739,74.1,7.5,2.88585184,69,63,19,4,2,5,6,8.7,0,0,1.92,0.91,0.59,0.59,94.1,177,53.96825396825397,11.11111111111111,10.144927536231885,6.32,-2.7,0.1,2.35,0.435,7,4.918978102,0.346,0.615,-4.918978102,0.095,0.089,0.164,0.104,17.5,44.2,10.341864301217626,-4.106955672600957,31.435574015680977,0.5182481751824818,36.49207754520733,32.201778529754975,COL
Blake Weiman,676620,2026,16.2,79,16,3,20.3,3.8,1,1,2.7,0.231,0.39,0.332,0.27,30.0,10.0,33.3,75.26389931,93.286208276,14.4,43.2,23.4,49.6,36.7,31.7,21.7,284,LAA,70,676620,296,23.6,0.351,0.243,0.355,0.595,0.395,0.37,0.304,13,37,90.7,16.6,2477,83.4,83.48,12,70,0,0.2000000000000028,6.5,106,150,121,147,305,325,300,-1.971,1.971,71.7,7.4,1.785941796,38,33,8,3,0,2,5,13.2,0,0,3.05,0.27,-0.49,0.49,92.4,168,45.45454545454545,15.151515151515152,13.157894736842104,5.6,2.71,0.08,2.08,0.342,5,2.815714286,0.307,0.55,-2.815714286,0.047,0.035,0.045,0.025,17.1,33.5,9.811745468835776,-3.759640984346658,32.87511774156077,0.5142857142857142,37.32630498539005,32.992175925725284,LAA
Evan Sisk,681895,2026,44.0,197,50,2,25.4,12.7,1,0,3.07,0.206,0.293,0.319,0.299,31.0,3.5,31.0,73.653770182,92.876725321,19.3,44.1,27.4,40.7,45.1,14.2,26.5,833,PIT,37,681895,834,4.4,0.286,0.143,0.308,0.429,0.287,0.254,0.282,4,14,87.5,8.6,2167,84.5,85.34,12,37,0,0.7999999999999972,6.9,103,147,117,146,309,321,287,0.734,-0.734,70.5,7.6,5.194805986,15,13,2,2,0,0,2,13.3,0,0,3.14,0.11,-0.01,0.01,91.0,136,30.76923076923077,0.0,0.0,5.12,3.85,0.14,2.12,0.267,0,-1.983783784,0.265,0.338,1.983783784,0.004,0.002,0.091,0.033,32.4,22.6,11.294274345861233,-6.14601021466683,30.806415699508086,0.5675675675675675,39.3185180803043,31.796201825702724,PIT
Bobby Miller,676272,2026,5.1,24,3,1,12.5,8.3,1,0,5.06,0.313,0.609,0.362,0.449,31.3,12.5,50.0,82.8218175,95.38445875,20.0,21.4,20.5,39.0,50.0,25.0,18.8,100,TBD,22,676272,104,21.2,0.222,0.333,0.143,0.556,0.327,0.373,0.279,2,9,92.7,21.8,2417,93.9,94.51,6,22,0,0.5999999999999943,6.74,110,154,124,148,301,316,287,-0.338,0.338,70.6,7.3,0.494274997,9,8,1,0,0,1,1,11.1,0,0,1.73,0.89,0.56,0.56,92.0,161,50.0,12.5,11.11111111111111,6.11,-0.99,0.24,2.54,0.222,1,1.536363636,0.279,0.604,-1.536363636,-0.057,-0.057,-0.048,-0.046,27.3,42.2,10.88692218496466,2.29109312680074,31.882746381024976,0.5,39.560686383124505,28.63603417467604,TBD
Matthew Liberatore,669461,2026,155.0,674,154,28,22.8,8.2,6,14,5.23,0.266,0.455,0.356,0.341,40.2,9.3,42.4,79.668559167,94.63173375,12.4,48.4,23.9,46.2,38.0,28.7,25.9,2609,STL,249,669461,2613,9.5,0.304,0.196,0.318,0.5,0.346,0.36,0.31,34,112,90.3,16.6,2380,88.3,88.6,58,249,0,0.2999999999999971,6.35,102,152,115,146,310,321,289,4.503,-4.503,72.7,7.6,3.032417815,112,94,24,4,0,6,18,16.1,0,0,2.55,0.4,0.16,-0.16,92.3,158,44.680851063829785,9.574468085106384,8.035714285714286,6.5,0.7,-0.1,2.23,0.304,9,-1.808433735,0.31,0.538,1.808433735,-0.006,-0.006,-0.038,-0.014,23.3,46.5,12.946204927477138,-6.323836228965084,33.50881187861376,0.465863453815261,35.23867073762435,33.487584036167284,STL
Kenley Jansen,445276,2026,45.0,180,51,7,28.3,12.8,4,6,3.2,0.194,0.363,0.259,0.293,32.4,9.5,38.1,78.891191765,93.927649118,19.8,41.4,26.6,48.8,24.8,39.0,20.0,725,DET,42,445276,729,5.8,0.154,0.231,0.1,0.385,0.21,0.404,0.288,2,13,97.9,37.3,2641,91.4,92.53,11,42,0,1.2000000000000028,6.97,108,151,121,147,309,324,288,1.861,-1.861,73.5,7.4,0.804487632,14,11,1,0,0,1,3,21.4,0,0,1.6,1.15,-0.29,-0.29,92.5,222,72.72727272727273,36.36363636363637,28.57142857142857,6.25,-1.99,-0.13,2.59,0.143,4,-4.430952381,0.268,0.762,4.430952381,-0.134,-0.125,-0.377,-0.194,26.2,55.1,10.532826873953349,-5.231070726401958,28.847951062804665,0.5952380952380952,35.81421885619409,32.102714124045896,DET
Taylor Clarke,664199,2026,72.1,288,45,7,15.6,4.9,2,4,2.86,0.26,0.436,0.27,0.322,34.2,8.9,34.7,76.118654595,93.585851216,11.8,43.2,22.7,49.7,45.8,24.9,20.4,1069,ARI,70,664199,1078,6.5,0.242,0.182,0.269,0.424,0.285,0.288,0.241,8,33,89.2,31.7,2271,92.1,92.22,21,70,0,0.1000000000000085,6.21,110,149,120,147,297,321,291,1.52,-1.52,72.7,7.5,2.65142743,33,27,4,3,0,1,6,18.2,0,0,2.09,0.59,0.28,0.28,92.5,173,40.74074074074074,14.814814814814811,12.12121212121212,6.05,-0.92,0.02,2.2,0.242,4,-2.171428571,0.241,0.443,2.171428571,0.001,0.001,-0.019,-0.003,30.0,45.9,13.693918439213093,-7.725708665098596,32.01315392542053,0.6714285714285714,36.668417034580735,33.214181805236095,ARI
Matt Strahm,621381,2026,35.2,161,30,12,18.6,8.7,3,4,7.32,0.225,0.428,0.389,0.316,28.7,11.3,39.1,80.020580172,93.65788513,17.5,35.7,23.2,49.8,27.8,44.3,17.4,633,TBD,4,621381,634,0.6,0.333,1.0,0.0,1.333,0.684,0.354,0.222,1,3,91.9,25.3,2582,92.3,92.8,0,4,0,0.5,6.22,114,154,116,148,306,335,290,-1.131,1.131,73.7,7.4,,3,3,0,0,0,1,0,0.0,0,0,1.48,1.16,0.79,-0.79,92.2,242,33.33333333333333,33.33333333333333,33.33333333333333,5.37,1.6,-0.55,2.54,0.333,1,28.275,0.222,0.628,-28.275,0.111,0.111,0.705,0.33,0.0,30.7,11.544100645191593,-2.2659086665821504,37.690499009382336,1.0,30.146390376064268,27.88772964894109,TBD
Simeon Woods Richardson,680573,2026,66.0,303,40,11,13.2,12.2,2,7,6.68,0.28,0.467,0.39,0.368,33.5,8.5,44.2,79.067889636,94.806903091,13.4,32.1,18.5,42.3,38.8,28.6,23.2,1161,TBD,18,680573,1164,1.5,0.571,0.143,0.5,0.714,0.492,0.493,0.57,4,7,88.1,22.8,2228,87.0,87.12,0,18,0,0.0999999999999943,6.61,102,149,112,146,292,325,284,-1.034,1.034,73.8,7.4,,8,8,3,1,0,0,0,0.0,0,0,2.36,0.72,0.15,0.15,93.3,164,50.0,0.0,0.0,6.47,-1.18,-0.08,2.19,0.5,0,5.744444444,0.5,0.724,-5.744444444,0.001,0.0,-0.01,-0.001,0.0,50.5,12.621626985614595,-2.6214229805559754,33.70950678909058,0.7222222222222222,33.56358961171623,32.09290161930004,TBD
Freddy Peralta,642547,2026,169.0,730,156,23,21.4,8.6,10,11,4.42,0.234,0.371,0.323,0.302,35.2,5.8,37.2,76.423850202,93.480881149,19.0,38.1,26.1,48.0,40.4,28.2,23.9,2959,TB,164,642547,2960,5.5,0.219,0.141,0.24,0.359,0.248,0.302,0.259,14,64,88.0,17.4,2366,91.6,92.1,43,164,0,0.5,6.67,103,152,122,145,310,332,296,8.109,-8.109,72.1,7.2,1.640591587,64,52,10,1,1,2,12,18.8,0,0,1.72,1.03,0.57,0.57,90.9,164,36.53846153846153,7.6923076923076925,6.25,5.22,-3.67,-0.18,2.5,0.219,4,-4.944512195,0.259,0.455,4.944512195,-0.04,-0.04,-0.096,-0.054,26.2,36.6,8.652244818097618,-2.787288545265013,31.98421184129855,0.4634146341463415,33.697179625542766,29.945253268961725,TB
Myles Straw,664702,2026,4.0,20,0,1,0.0,5.0,0,0,4.5,0.319,0.485,0.449,0.365,26.3,5.3,26.3,72.232687,91.511635789,16.7,5.3,8.0,46.3,52.6,15.8,21.1,11,TOR,3,664702,54,5.6,0.667,0.0,0.667,0.667,0.594,0.369,0.394,2,3,83.2,30.0,928,36.6,33.7,0,3,0,-2.8999999999999986,3.17,111,151,121,143,293,310,290,-0.387,0.387,74.2,6.9,,3,3,2,0,0,0,0,0.0,0,0,15.75,2.33,0.59,0.59,89.5,144,0.0,0.0,0.0,7.47,-0.88,0.17,2.26,0.667,0,12.9,0.394,0.445,-12.9,0.273,0.273,0.222,0.225,0.0,64.8,13.141310221944908,-20.54718087197902,27.36422885619653,1.0,37.31550832895849,43.30393631457349,TOR
Noah Cameron,702070,2026,177.1,746,158,21,21.2,7.8,9,8,4.11,0.245,0.405,0.306,0.312,37.1,8.2,37.7,78.05787428,94.050283346,16.9,44.7,25.8,48.3,40.0,28.0,25.5,2892,KC,360,702070,2895,12.4,0.174,0.174,0.175,0.348,0.22,0.228,0.201,28,161,88.3,16.6,2150,86.7,86.86,97,360,0,0.2000000000000028,6.3,109,152,116,147,299,323,283,19.8,-19.8,73.0,7.6,3.758058514,162,132,13,8,1,6,30,18.5,0,0,2.42,0.64,0.21,-0.21,92.1,155,34.090909090909086,6.0606060606060606,4.938271604938271,6.3,1.28,-0.05,2.25,0.173,8,-5.5,0.202,0.333,5.5,-0.027,-0.029,0.015,-0.008,26.9,53.9,11.65750026811306,-7.803720247204867,32.617736820153624,0.5166666666666667,35.27107252290881,34.27512788503358,KC
Bryce Miller,682243,2026,118.2,485,119,21,24.5,7.8,4,10,4.17,0.226,0.385,0.309,0.297,32.2,8.0,32.2,76.865401688,92.970371656,17.9,39.2,25.0,54.2,37.7,33.7,21.2,1884,SEA,183,682243,1890,9.7,0.215,0.169,0.216,0.385,0.253,0.316,0.252,14,65,87.0,14.4,2325,91.5,91.71,39,183,0,0.2000000000000028,6.3,106,151,120,145,294,323,294,5.728,-5.728,71.9,7.3,2.249393759,66,54,9,2,0,3,12,18.2,0,0,1.87,0.87,0.15,0.15,90.5,169,27.77777777777778,11.11111111111111,9.090909090909092,5.69,-1.09,0.17,2.42,0.212,6,-3.130054645,0.258,0.483,3.130054645,-0.037,-0.046,-0.098,-0.063,21.3,48.0,9.281175345789627,-1.4728634910318084,30.678011304245796,0.6120218579234973,37.90096484991753,30.478869922823,SEA
Jeremiah Estrada,669093,2026,31.0,126,38,2,30.2,12.7,2,3,3.48,0.21,0.315,0.259,0.286,37.5,6.9,33.3,73.665732,92.74302971,19.4,50.0,31.7,46.9,37.5,26.4,27.8,512,TBD,32,669093,513,6.2,0.333,0.0,0.5,0.333,0.297,0.302,0.284,4,12,96.7,15.4,1843,90.4,91.73,8,32,0,1.2999999999999972,7.11,113,150,121,145,306,326,293,0.015,-0.015,72.3,7.3,5.045670449,12,8,4,0,0,0,4,33.3,0,0,1.72,1.12,0.22,0.22,91.1,171,75.0,12.5,8.333333333333332,5.83,-0.3,-0.11,2.52,0.333,1,-0.046875,0.284,0.423,0.046875,0.049,0.049,-0.09,-0.005,25.0,72.6,9.471933271090268,-4.791352123917025,28.58954778266931,0.46875,35.52057424619824,31.42292313541833,TBD
Patrick Sandoval,663776,2026,65.2,299,68,7,22.7,10.4,1,7,5.07,0.269,0.426,0.36,0.339,33.3,6.6,35.9,76.535384742,93.60557886,19.7,40.3,25.7,47.2,38.9,26.3,25.3,1121,BOS,279,663776,1121,24.9,0.322,0.169,0.347,0.492,0.343,0.337,0.303,38,118,88.7,12.3,2026,87.7,87.64,71,279,0,-0.1000000000000085,6.18,107,152,121,146,298,320,287,1.895,-1.895,72.4,7.5,3.111802749,121,102,26,8,0,4,19,15.7,0,0,2.14,0.85,0.61,-0.61,91.6,171,39.21568627450981,7.84313725490196,6.6115702479338845,5.88,1.21,0.18,2.26,0.314,8,-0.67921147,0.297,0.505,0.67921147,0.019,0.017,-0.013,0.006,25.4,49.7,10.13033203109939,-3.8390720246812977,31.63432409822481,0.4372759856630824,37.4053644530672,31.578909781698265,BOS
Alex Lange,656638,2026,59.2,275,60,11,21.8,12.0,2,7,6.18,0.252,0.445,0.385,0.353,35.8,13.6,43.8,80.610434091,94.9903748,13.4,53.0,27.3,46.5,45.5,27.3,25.0,1135,KC,58,656638,1135,5.1,0.174,0.391,0.071,0.565,0.306,0.258,0.226,4,23,90.2,7.3,2199,90.9,90.99,22,58,0,0.0999999999999943,6.41,111,151,119,147,298,326,287,1.034,-1.034,73.1,7.6,3.883057767,23,17,1,0,0,3,6,26.1,0,0,2.59,0.19,0.59,0.59,92.4,129,47.05882352941176,11.76470588235294,8.695652173913043,5.77,-1.84,0.0,2.07,0.174,2,-1.782758621,0.226,0.382,1.782758621,-0.052,-0.052,0.183,0.048,37.9,41.9,12.307505819460534,-8.715123561128987,31.45672291555632,0.603448275862069,36.171527311718,34.3558124294856,KC
Zac Gallen,668678,2026,105.1,472,64,19,13.6,7.4,3,9,6.07,0.311,0.529,0.369,0.384,35.2,10.8,44.1,80.33452462,95.048510981,9.3,35.6,19.0,46.2,43.9,27.4,25.2,1779,ARI,36,668678,1789,2.0,0.222,0.0,0.222,0.222,0.198,0.287,0.253,2,9,89.0,29.8,2323,88.5,89.31,6,36,0,0.7999999999999972,6.67,109,151,126,149,305,319,292,1.834,-1.834,71.2,7.3,6.846532481,9,9,2,0,0,0,0,0.0,0,0,2.57,0.35,-0.06,-0.06,90.8,160,11.11111111111111,0.0,0.0,5.94,-2.87,-0.05,2.1,0.222,0,-5.094444444,0.253,0.427,5.094444444,-0.031,-0.031,-0.205,-0.089,16.7,43.6,12.161633531005108,-6.201300783959399,34.052561514839056,0.5833333333333334,36.35735858095592,30.30127426186576,ARI
Kyle Bradish,680694,2026,155.0,669,142,20,21.2,10.5,7,14,4.12,0.245,0.403,0.34,0.324,33.3,8.5,38.8,77.138643408,93.996358607,9.3,48.5,23.6,45.6,46.0,24.2,22.7,2629,TBD,106,680694,2630,4.0,0.295,0.25,0.286,0.545,0.359,0.337,0.284,13,44,89.2,12.0,2382,91.7,91.85,25,106,0,0.0999999999999943,6.45,105,150,114,145,309,328,294,-0.645,0.645,72.5,7.3,3.821127418,44,38,8,2,0,3,6,13.6,0,0,2.17,0.56,0.09,0.09,91.6,150,39.47368421052632,10.526315789473683,9.090909090909092,6.19,-1.3,0.08,2.36,0.295,4,0.608490566,0.284,0.509,-0.608490566,0.011,0.011,0.036,0.022,23.6,52.1,9.131387127760393,1.001973674861766,30.370530395019102,0.5849056603773585,38.04132348353513,30.40919279874984,TBD
Jonah Tong,804636,2026,25.2,134,34,2,25.4,10.4,2,2,4.21,0.197,0.311,0.274,0.274,29.8,6.0,36.9,80.17668625,94.042658875,23.1,43.5,30.2,49.2,45.2,34.5,15.5,539,NYM,44,804636,539,8.2,0.316,0.158,0.429,0.474,0.338,0.237,0.237,6,19,93.9,12.9,2117,90.1,90.14,19,44,0,0.0,6.59,107,153,125,149,304,321,289,0.928,-0.928,73.7,7.2,1.57305346,19,14,4,1,1,0,5,26.3,0,0,1.87,0.99,0.48,0.48,94.1,178,57.14285714285714,0.0,0.0,5.65,-2.73,0.13,2.63,0.316,0,-2.109090909,0.237,0.31,2.109090909,0.079,0.079,0.164,0.101,43.2,55.8,10.745723048448802,-1.9606934210483105,28.811290358811128,0.6818181818181818,36.19547154055387,31.98778526673449,NYM
Gerardo Carrillo,672629,2026,17.1,81,21,0,25.9,19.8,3,1,4.15,0.184,0.277,0.323,0.299,38.1,7.1,28.6,77.319806667,92.721842857,16.9,52.4,28.8,39.6,45.2,21.4,26.2,316,TBD,21,672629,320,6.6,0.2,0.1,0.286,0.3,0.215,0.157,0.128,2,10,91.5,35.7,2360,90.5,90.77,10,21,0,0.2999999999999971,6.47,112,150,125,148,297,321,288,1.396,-1.396,72.1,8.0,7.554690341,10,7,1,1,0,0,3,30.0,0,0,2.34,0.47,-0.01,-0.01,92.7,203,42.85714285714285,14.285714285714285,10.0,5.27,-2.67,0.12,1.87,0.2,1,-6.647619048,0.128,0.233,6.647619048,0.072,0.072,0.067,0.058,47.6,34.4,16.048437485188572,-15.338694285994428,33.71001491853835,0.7142857142857143,37.7210143459376,41.05499577878143,TBD
Cristian Javier,664299,2026,63.0,276,59,10,21.4,10.1,2,6,5.14,0.254,0.421,0.341,0.333,40.1,9.1,33.7,79.589907204,93.749699516,21.0,43.3,29.0,51.3,24.6,41.2,25.7,1108,TBD,156,664299,1110,14.1,0.295,0.23,0.318,0.525,0.345,0.378,0.307,18,61,92.7,25.0,2297,89.5,89.22,53,156,0,-0.2999999999999971,6.18,108,150,115,145,293,325,286,3.743,-3.743,72.5,7.5,3.478458807,62,48,12,2,0,4,14,22.6,0,0,1.77,1.11,-0.02,-0.02,91.7,198,41.66666666666667,12.5,9.67741935483871,5.54,-1.84,0.25,2.59,0.29,6,-2.399358974,0.308,0.585,2.399358974,-0.012,-0.018,-0.06,-0.033,34.0,35.5,11.04043269281394,-4.753761102852107,29.011941616507123,0.6217948717948718,37.906369440961605,31.315445017718613,TBD
Ray Kerr,678061,2026,18.1,66,11,2,16.7,3.0,0,0,1.47,0.238,0.357,0.209,0.281,27.5,5.9,31.4,77.899917917,93.208475625,19.7,31.4,23.4,52.4,43.1,19.6,17.6,212,ATL,62,678061,212,29.2,0.156,0.188,0.115,0.344,0.205,0.246,0.221,5,32,90.5,19.9,2139,89.5,89.49,16,62,0,0.0,6.21,107,150,120,145,311,323,300,2.894,-2.894,72.0,7.4,5.444317122,33,28,3,0,0,2,5,15.2,0,0,2.29,0.59,0.43,-0.43,93.0,146,35.714285714285715,7.142857142857142,6.0606060606060606,5.32,1.5,0.1,2.35,0.152,2,-4.667741935,0.214,0.374,4.667741935,-0.065,-0.062,-0.03,-0.041,25.8,27.3,9.518077715297524,-2.0677697866894165,30.928747916965857,0.4193548387096774,37.96246424822495,30.718686137132057,ATL
Chase Shugart,663767,2026,52.0,223,59,10,26.5,9.0,2,1,3.98,0.214,0.39,0.314,0.3,35.7,10.0,33.6,75.889306,93.222298643,19.5,31.6,23.4,40.4,35.7,38.6,20.0,867,PHI,62,663767,871,7.1,0.267,0.067,0.276,0.333,0.254,0.244,0.237,8,30,86.4,17.7,2467,89.6,89.61,12,62,0,0.0,6.21,113,149,118,142,298,324,288,2.638,-2.638,71.9,7.4,1.180467127,31,29,6,2,0,0,2,6.5,0,0,2.3,0.56,-0.09,-0.09,90.4,157,24.13793103448276,3.4482758620689653,3.225806451612903,5.49,-2.79,0.16,2.39,0.258,1,-4.25483871,0.229,0.355,4.25483871,0.03,0.0289999999999999,-0.022,0.01,19.4,38.8,8.372863383423045,2.365540929783849,29.77575879450413,0.5483870967741935,38.79797599432119,29.57599319222419,PHI
Walbert Ureña,700712,2026,148.1,625,142,10,22.7,10.9,9,11,2.97,0.208,0.312,0.28,0.281,25.9,5.4,35.2,75.212318607,93.621245821,17.5,45.3,27.7,46.8,55.9,21.9,18.7,2480,LAA,156,700712,2490,6.3,0.185,0.123,0.213,0.308,0.208,0.242,0.222,12,65,89.5,3.9,2162,95.1,94.42,37,156,0,-0.6999999999999886,5.92,105,150,117,148,306,324,294,6.228,-6.228,72.5,7.5,3.002906569,66,49,8,2,0,2,17,25.8,0,0,2.17,0.37,0.97,0.97,93.1,108,46.93877551020408,10.20408163265306,7.575757575757576,6.17,-1.41,-0.11,2.07,0.182,5,-3.992307692,0.22,0.347,3.992307692,-0.037,-0.038,-0.039,-0.034,23.7,39.1,12.105207786491938,-6.256031296397631,32.714726831181736,0.5448717948717948,35.30339715957112,33.175682558080624,LAA
Tyler Gilbert,656457,2026,6.0,32,4,2,12.5,12.5,0,0,12.0,0.343,0.635,0.552,0.45,41.7,12.5,62.5,87.93539,96.946011667,11.1,46.7,20.0,44.8,37.5,33.3,29.2,134,TBD,12,656457,135,8.9,0.667,0.167,0.667,0.833,0.656,0.343,0.318,4,6,96.2,22.2,2229,86.4,86.0,2,12,0,-0.4000000000000057,6.12,121,154,124,147,309,325,296,-1.484,1.484,73.6,7.5,2.834098488,6,6,3,1,0,0,0,0.0,0,0,2.94,0.17,0.64,-0.64,95.0,197,83.33333333333334,0.0,0.0,4.57,2.54,-0.05,2.36,0.667,0,12.366666667,0.318,0.48,-12.366666667,0.349,0.349,0.353,0.313,16.7,8.3,12.09505726629627,-9.876394699648976,31.75254611111111,0.5833333333333334,36.290661144262245,35.01506093197197,TBD
Brady Singer,663903,2026,157.0,725,126,32,17.4,8.6,6,15,5.85,0.284,0.481,0.376,0.368,37.5,10.8,43.5,81.23993332,94.981323386,12.3,47.3,23.9,44.0,42.0,26.8,27.4,2801,CIN,123,663903,2802,4.4,0.349,0.206,0.333,0.556,0.378,0.392,0.353,22,63,93.7,9.7,2367,88.0,88.93,23,123,0,0.9000000000000057,6.86,109,151,114,145,301,324,286,-2.789,2.789,72.7,7.3,2.042738028,65,60,15,4,0,3,5,7.7,0,0,2.47,0.49,0.6,0.6,94.0,168,56.66666666666666,15.0,13.846153846153848,5.06,-1.22,0.21,2.37,0.338,9,2.267479675,0.347,0.584,-2.267479675,-0.004,-0.0089999999999999,-0.028,-0.014,18.7,22.3,5.921665261919474,3.606925514537562,30.149206262923443,0.4715447154471545,39.77312024638827,29.248214253656027,CIN
Drew Rom,680723,2026,15.2,80,17,1,21.3,8.8,1,1,4.6,0.287,0.472,0.363,0.355,46.4,10.7,51.8,87.799651786,97.117774727,17.5,31.8,20.0,43.6,28.6,30.4,39.3,287,OAK,35,680723,291,12.0,0.381,0.095,0.348,0.476,0.342,0.394,0.349,8,21,95.3,21.9,2080,90.0,89.21,1,35,0,-0.7999999999999972,5.79,108,151,115,145,299,324,291,0.469,-0.469,73.4,7.3,1.378540656,23,23,6,2,0,0,0,0.0,0,0,1.72,1.1,0.56,-0.56,94.3,205,47.82608695652174,8.695652173913043,8.695652173913043,5.77,1.6,0.02,2.44,0.348,2,-1.34,0.346,0.565,1.34,0.032,0.002,-0.089,-0.052,2.9,46.8,7.934738072619886,1.7694048400150817,30.860139075359587,0.5428571428571428,36.59316472701607,30.50632918544394,OAK
Walker Buehler,621111,2026,150.0,651,131,21,20.1,8.8,9,6,4.56,0.245,0.402,0.329,0.317,30.9,8.4,38.7,78.721987566,94.111974602,13.1,34.1,19.5,45.1,47.4,23.2,22.1,2606,SD,133,621111,2615,5.1,0.217,0.167,0.204,0.383,0.253,0.239,0.209,13,60,90.5,17.2,2290,90.6,91.02,26,133,0,0.4000000000000057,6.47,115,149,121,145,306,329,296,4.894,-4.894,72.7,7.2,2.431111672,61,52,9,1,0,3,9,14.8,0,0,2.01,0.78,0.06,0.06,91.2,152,36.53846153846153,7.6923076923076925,6.557377049180328,5.6,-1.2,0.34,2.5,0.213,4,-3.679699248,0.208,0.357,3.679699248,0.008,0.005,0.026,0.014,19.5,46.5,6.835341267696148,2.576584411896412,28.91996381136589,0.4436090225563909,40.01195333307635,28.35007065575692,SD
Edwin Díaz,621242,2026,17.2,93,27,3,29.0,11.8,2,2,9.17,0.263,0.391,0.414,0.335,44.2,7.8,48.1,80.938558462,95.04055902,16.2,40.3,24.9,45.1,32.7,28.8,32.7,384,LAD,45,621242,391,11.5,0.412,0.353,0.357,0.765,0.475,0.387,0.351,7,17,89.2,15.3,2291,93.3,94.92,14,45,0,1.6000000000000083,7.1,111,149,119,145,303,316,290,-1.179,1.179,72.4,7.5,3.587482223,18,16,5,0,0,2,2,11.1,0,0,1.95,0.67,0.45,0.45,91.8,180,43.75,12.5,11.11111111111111,4.77,-2.03,0.21,2.32,0.389,2,2.62,0.333,0.603,-2.62,0.061,0.0559999999999999,0.162,0.088,31.1,16.6,7.279279395386863,-2.4124197498161406,31.14386145088873,0.4222222222222222,38.75208522101556,29.478837914883204,LAD
Sean Manaea,640455,2026,144.2,627,141,23,22.5,6.9,6,7,4.67,0.254,0.443,0.343,0.335,35.1,11.1,41.9,77.615102714,94.629162738,15.6,38.4,22.5,50.4,40.3,30.4,23.7,2393,NYM,316,640455,2393,13.2,0.273,0.28,0.274,0.553,0.34,0.34,0.266,41,150,91.3,19.2,2094,87.4,88.13,74,316,0,0.6999999999999886,6.8,107,152,122,147,304,324,290,-2.721,2.721,72.6,7.2,1.943287093,154,126,20,9,3,9,28,18.2,0,0,2.48,0.58,0.51,-0.51,92.6,187,47.61904761904761,16.666666666666664,13.636363636363637,5.18,3.07,0.05,2.46,0.266,21,0.861075949,0.267,0.53,-0.861075949,0.007,-0.001,0.023,0.0,23.4,16.3,7.597543428948753,1.3589348307798488,30.726914263709425,0.4620253164556962,37.10900709550857,29.70999605051317,NYM
Jacob Webb,657097,2026,66.0,281,72,10,25.6,8.9,6,5,3.41,0.253,0.408,0.3,0.322,40.4,7.8,41.5,77.439244889,94.242691397,27.8,44.1,33.3,49.8,40.4,25.1,28.4,1129,CHC,55,657097,1129,4.9,0.308,0.423,0.333,0.731,0.436,0.412,0.299,8,26,93.3,18.6,2474,88.6,88.39,18,55,0,-0.1999999999999886,6.25,108,153,122,150,306,322,295,-2.824,2.824,73.5,7.9,4.422074719,26,18,3,2,0,3,8,30.8,0,0,2.2,0.73,0.79,0.79,92.7,183,41.17647058823529,23.52941176470588,15.384615384615383,5.54,-3.1,-0.01,2.23,0.308,4,5.134545455,0.299,0.683,-5.134545455,0.009,0.009,0.048,0.024,32.7,33.6,13.450850206182674,-11.320228528000532,30.26355382415683,0.6,37.64821896763464,37.29791427890813,CHC
José Soriano,667755,2026,177.1,745,169,18,22.7,9.8,12,8,3.91,0.249,0.392,0.301,0.323,30.4,7.5,37.4,77.218479057,93.998668316,16.1,48.5,28.6,46.8,53.8,20.6,22.3,2916,TOR,135,667755,2921,4.6,0.333,0.175,0.375,0.508,0.364,0.321,0.278,21,63,88.6,3.4,2120,92.7,93.49,39,135,0,0.7999999999999972,6.76,105,150,116,147,295,323,288,-0.208,0.208,72.4,7.5,4.032548282,63,51,16,2,0,3,12,19.0,0,0,2.45,0.23,0.4,0.4,92.3,120,41.17647058823529,9.803921568627452,7.936507936507936,5.83,-2.1,-0.01,2.03,0.333,5,0.154074074,0.278,0.474,-0.154074074,0.055,0.0549999999999999,0.034,0.043,28.9,37.6,11.101078462334469,-4.4688237163600455,32.74310364944734,0.6,35.56285248926945,31.98786554006985,TOR
Paul Blackburn,621112,2026,85.0,336,69,7,20.5,9.8,7,3,1.69,0.236,0.352,0.261,0.296,27.5,5.6,35.2,75.055748879,93.465775108,12.8,42.2,22.8,45.7,54.9,21.5,18.5,1237,NYY,85,621112,1242,6.8,0.209,0.07,0.229,0.279,0.213,0.32,0.303,9,43,91.3,8.5,2233,91.3,91.13,18,85,0,-0.2000000000000028,6.23,106,149,123,147,294,326,288,5.193,-5.193,72.7,7.5,2.615135762,43,36,8,0,0,1,7,16.3,0,0,2.31,0.46,0.35,0.35,92.9,140,57.14285714285714,2.857142857142857,2.3255813953488373,5.97,-1.79,0.23,2.19,0.209,1,-6.109411765,0.303,0.441,6.109411765,-0.094,-0.094,-0.162,-0.107,21.2,47.3,11.579105020598703,-2.769020816671897,31.50439776749751,0.5647058823529412,38.23377399658151,31.24293300346179,NYY
Ricky Tiedemann,694357,2026,6.0,29,8,0,27.6,20.7,0,0,1.5,0.239,0.302,0.323,0.347,50.0,0.0,28.6,80.699232857,92.375140769,11.5,68.8,33.3,34.1,35.7,14.3,42.9,123,TBD,9,694357,124,7.3,0.4,0.0,0.4,0.4,0.356,0.372,0.4,2,5,89.8,-2.2,2354,87.0,87.06,1,9,0,0.0999999999999943,6.17,99,149,111,147,293,320,288,0.239,-0.239,74.9,7.8,1.143207012,5,5,2,0,0,0,0,0.0,0,0,2.48,0.53,0.02,-0.02,93.7,132,40.0,0.0,0.0,5.46,3.07,-0.09,2.2,0.4,0,-2.655555556,0.4,0.457,2.655555556,0.0,0.0,-0.057,-0.016,11.1,20.8,13.47867824333916,-7.787023237415813,33.09595436220197,0.6666666666666666,34.69941918919322,35.067175965142965,TBD
Danny Young,664849,2026,12.1,65,15,3,23.1,20.0,0,1,8.03,0.24,0.468,0.449,0.391,32.4,17.6,61.8,89.220940625,97.231403125,12.1,48.4,24.7,33.6,47.1,26.5,23.5,265,TBD,21,664849,273,7.7,0.6,0.4,0.714,1.0,0.687,0.389,0.376,6,10,98.0,3.0,2503,88.5,88.32,4,21,0,-0.2000000000000028,6.35,113,151,125,148,313,324,299,-2.781,2.781,74.1,7.4,4.182565428,10,8,4,1,0,1,2,20.0,0,0,2.76,0.2,0.08,-0.08,93.3,162,75.0,12.5,10.0,4.96,3.43,-0.13,2.04,0.6,1,13.242857143,0.376,0.522,-13.242857143,0.224,0.2239999999999999,0.478,0.298,19.0,16.5,7.190719707228112,-4.775734481740784,32.64639115083622,0.3333333333333333,35.425146991551905,32.94066508265206,TBD
JoJo Romero,668941,2026,54.2,238,54,7,22.7,7.6,3,3,3.46,0.256,0.418,0.305,0.323,34.0,7.5,38.9,79.261308481,94.932814051,11.6,41.5,22.1,41.8,51.2,21.0,22.8,922,MIL,52,668941,930,5.6,0.259,0.259,0.238,0.519,0.331,0.315,0.27,7,27,89.5,4.1,2212,89.9,88.48,7,52,0,-1.4000000000000057,5.48,109,151,126,146,305,317,291,1.302,-1.302,70.5,7.3,1.894214661,27,23,4,1,0,2,4,14.8,0,0,2.89,-0.04,0.65,-0.65,91.5,126,30.434782608695656,8.695652173913043,7.4074074074074066,5.26,2.13,0.17,2.1,0.259,2,-2.503846154,0.27,0.471,2.503846154,-0.011,-0.011,0.048,0.016,13.5,29.9,7.231701145886709,4.434737207766268,34.31866606332605,0.4615384615384615,39.26658520484973,26.136999796325437,MIL
Roki Sasaki,808963,2026,121.1,519,121,22,23.3,9.2,5,5,4.52,0.244,0.406,0.341,0.32,35.4,9.9,42.9,78.832185614,94.438373304,17.5,52.2,29.8,50.1,43.2,26.4,23.2,2086,LAD,65,808963,2086,3.1,0.333,0.194,0.355,0.528,0.36,0.303,0.299,12,36,89.8,11.7,1796,92.7,94.2,14,65,0,1.5,7.12,107,152,121,148,308,320,293,-1.145,1.145,72.9,7.5,6.015411855,37,32,7,4,0,1,5,13.5,0,0,2.1,0.57,0.5,0.5,92.7,167,43.75,3.125,2.702702702702702,6.26,-1.82,0.02,2.21,0.324,1,1.761538462,0.293,0.418,-1.761538462,0.034,0.031,0.11,0.057,21.5,49.0,10.886108025854144,-3.4142575969446582,31.19707854534273,0.5384615384615384,37.04439675408148,32.54364260255896,LAD
Jose Cabrera,703615,2026,27.0,129,20,4,15.5,8.5,0,3,4.33,0.255,0.456,0.369,0.347,24.2,9.5,35.8,78.695649302,94.193622353,10.1,37.9,19.0,44.3,45.3,27.4,16.8,463,ARI,26,703615,464,5.6,0.385,0.462,0.3,0.846,0.521,0.382,0.297,5,13,89.7,23.0,2273,90.7,91.15,2,26,0,0.3999999999999915,6.44,109,149,118,147,300,324,296,-1.073,1.073,73.3,7.3,2.343371414,13,12,3,0,0,2,1,7.7,0,0,2.21,0.56,0.33,0.33,91.4,173,41.66666666666667,16.666666666666664,15.384615384615383,5.78,-2.03,0.13,2.33,0.385,2,4.126923077,0.297,0.612,-4.126923077,0.088,0.088,0.234,0.139,7.7,30.4,9.18785271562282,1.1357717541850396,31.272091683799776,0.5769230769230769,36.76945462772036,27.83551351037254,ARI
Hogan Harris,663687,2026,70.1,311,88,8,28.3,13.5,4,2,3.33,0.204,0.33,0.315,0.298,32.6,6.9,33.7,76.524833605,93.184765698,20.4,38.1,25.3,43.2,48.6,24.6,19.4,1333,OAK,108,663687,1342,8.0,0.282,0.128,0.333,0.41,0.3,0.284,0.242,11,39,89.1,14.2,2474,86.7,86.71,21,108,0,0.0,6.56,108,151,117,147,301,325,295,1.22,-1.22,72.1,7.1,1.922697313,39,31,8,2,0,1,8,20.5,0,0,2.86,0.34,0.29,-0.29,91.1,155,41.935483870967744,6.451612903225806,5.128205128205128,5.96,2.55,-0.04,2.26,0.282,2,-1.12962963,0.242,0.429,1.12962963,0.04,0.0399999999999999,-0.019,0.016,19.4,52.6,8.930938053969648,-1.8011737935093564,31.75641329056561,0.4351851851851852,35.1877205750601,32.74417372488166,OAK
Dean Kremer,665152,2026,83.1,341,82,17,24.0,8.5,4,5,4.97,0.238,0.442,0.325,0.324,38.4,9.6,35.8,76.802067456,93.653751233,18.1,48.2,28.7,46.0,35.8,33.2,25.3,1391,MIN,119,665152,1393,8.5,0.235,0.196,0.263,0.431,0.283,0.317,0.242,12,51,90.1,12.2,2220,87.5,87.08,38,119,0,-0.4000000000000057,5.99,109,151,121,143,305,325,297,3.933,-3.933,72.9,7.5,3.559807478,51,40,7,2,1,2,11,21.6,0,0,2.21,0.79,0.14,0.14,92.0,180,47.5,17.5,13.725490196078432,6.37,-1.69,0.44,2.32,0.235,7,-3.305042017,0.242,0.512,3.305042017,-0.007,-0.007,-0.081,-0.034,31.9,49.0,11.531462718696549,-3.4159160038086407,31.943487343333736,0.5966386554621849,39.84401814777773,32.51725677174628,MIN
Derek Law,571882,2026,9.0,34,5,0,14.7,5.9,0,0,1.0,0.317,0.462,0.294,0.364,46.2,3.8,42.3,79.939792308,93.815920385,10.3,34.5,20.6,43.9,46.2,19.2,34.6,155,TBD,32,571882,155,20.6,0.231,0.077,0.273,0.308,0.234,0.356,0.318,3,13,91.0,-1.1,2190,90.6,90.96,9,32,0,0.4000000000000057,6.47,108,149,121,147,295,326,292,2.196,-2.196,71.1,7.2,2.6854034,13,11,2,1,0,0,2,15.4,0,0,2.01,0.78,0.05,0.05,91.2,130,45.45454545454545,9.090909090909092,7.6923076923076925,6.46,-1.04,0.23,2.39,0.231,1,-6.8625,0.318,0.515,6.8625,-0.087,-0.087,-0.207,-0.122,28.1,51.0,10.213161087482309,-0.9839030736731288,28.72500806548969,0.59375,39.24071902795266,28.647607260645145,TBD
Carlos Hernández,672578,2026,3.0,14,4,1,28.6,7.1,0,0,6.0,0.437,0.769,0.477,0.525,66.7,22.2,55.6,83.795456,96.178431111,10.5,57.1,23.1,51.0,22.2,11.1,66.7,51,TBD,12,672578,51,23.5,0.429,0.143,0.429,0.571,0.435,0.653,0.585,3,7,92.6,5.3,2241,95.4,96.53,2,12,0,1.0999999999999943,6.97,105,154,118,149,298,321,286,-0.397,0.397,71.2,7.2,1.130391732,7,7,2,1,0,0,0,0.0,0,0,1.47,1.06,0.5,0.5,93.8,210,57.14285714285714,14.285714285714285,14.285714285714285,5.74,-1.52,0.2,2.4,0.429,1,3.308333333,0.585,0.945,-3.308333333,-0.156,-0.1559999999999999,-0.374,-0.218,16.7,34.8,5.0141764101055255,3.7768213570567055,29.27021090824525,0.5,38.89636871334112,27.237214284524374,TBD
Anthony Molina,683627,2026,34.0,136,31,3,22.8,5.1,3,2,3.97,0.241,0.403,0.278,0.297,42.9,7.1,36.7,77.102225833,93.279798958,17.7,35.2,23.2,51.8,37.8,30.6,26.5,541,SF,98,683627,541,18.1,0.237,0.158,0.3,0.395,0.269,0.24,0.216,9,38,86.3,23.1,2165,91.6,91.83,30,98,0,0.2000000000000028,6.43,107,152,117,148,296,322,293,2.747,-2.747,72.6,7.3,2.823415964,38,30,4,4,1,0,8,21.1,0,0,1.7,1.04,0.21,0.21,90.2,192,33.33333333333333,6.666666666666667,5.263157894736842,6.28,-1.83,0.15,2.48,0.237,2,-2.803061224,0.216,0.347,2.803061224,0.021,0.0209999999999999,0.048,0.029,30.6,52.0,8.76052815332922,0.7041838704926646,32.46283707568449,0.5816326530612245,37.2407674357203,29.521991889814803,SF
Tatsuya Imai,837227,2026,75.2,335,96,9,28.7,15.2,6,4,5.0,0.222,0.381,0.311,0.33,38.0,9.2,44.6,77.559382967,94.432655604,19.5,56.7,32.8,43.7,42.4,26.6,23.9,1441,HOU,55,837227,1443,3.8,0.24,0.08,0.375,0.32,0.243,0.252,0.237,6,25,88.0,17.3,2096,90.7,89.79,22,55,0,-0.9000000000000057,5.83,108,152,113,146,295,324,282,1.578,-1.578,71.3,7.5,5.198577527,25,16,4,2,0,0,9,36.0,0,0,2.27,0.54,0.76,0.76,91.4,173,50.0,0.0,0.0,5.45,-2.46,-0.11,2.31,0.24,0,-2.869090909,0.237,0.35,2.869090909,0.003,0.003,-0.03,-0.009,40.0,27.6,11.466434402779168,-6.5953247872437695,30.593742144952632,0.4363636363636363,34.17785204501626,33.06940583022788,HOU
Jackson Jobe,695549,2026,46.0,193,51,7,26.4,8.3,3,3,3.91,0.225,0.375,0.311,0.302,30.3,9.1,37.7,78.539593443,93.796381488,16.9,39.7,25.3,47.6,47.5,27.0,20.5,771,DET,89,695549,771,11.5,0.333,0.231,0.379,0.564,0.385,0.335,0.3,13,39,89.1,5.8,2485,94.4,94.21,23,89,0,-0.2000000000000028,6.13,111,151,120,146,304,323,290,-0.826,0.826,73.8,7.6,1.777934308,39,31,8,3,0,2,8,20.5,0,0,1.92,0.65,0.55,0.55,92.0,158,35.483870967741936,9.67741935483871,7.6923076923076925,5.72,-1.76,-0.01,2.44,0.333,3,0.928089888,0.3,0.484,-0.928089888,0.033,0.033,0.08,0.05,25.8,37.3,11.15331582428126,-3.3570585758793743,31.40174250563662,0.651685393258427,36.86303499388137,29.860961805560223,DET
Jacob deGrom,594798,2026,162.2,668,201,20,30.1,6.9,11,11,4.2,0.229,0.374,0.285,0.288,37.8,7.9,45.0,80.475735217,94.610291908,19.7,56.4,33.2,51.7,36.4,26.8,28.2,2735,TEX,159,594798,2747,5.8,0.328,0.098,0.413,0.426,0.329,0.243,0.248,20,61,85.5,13.7,2505,94.9,95.65,52,159,0,0.6999999999999886,6.77,106,152,116,146,300,330,298,1.789,-1.789,72.5,7.6,3.095191578,61,47,17,1,1,1,14,23.0,0,0,1.68,0.86,0.37,0.37,90.5,142,34.04255319148936,2.127659574468085,1.639344262295082,5.64,-1.44,0.42,2.23,0.328,1,-1.125157233,0.248,0.308,1.125157233,0.08,0.08,0.118,0.086,32.7,33.9,9.056504120869445,-0.2131107922219475,30.36180763052652,0.5534591194968553,41.196618554337086,28.823638388368494,TEX
Jonathan Bowlan,680742,2026,56.1,229,73,8,31.9,6.6,2,2,3.36,0.193,0.323,0.276,0.262,35.8,7.3,36.5,76.093496618,93.230517481,23.9,43.0,31.3,50.0,46.7,28.5,20.4,966,PHI,65,680742,967,6.7,0.333,0.458,0.357,0.792,0.473,0.374,0.286,8,24,90.5,16.8,2405,94.1,94.73,19,65,0,0.6000000000000085,6.68,111,153,119,144,302,324,288,-4.522,4.522,70.8,7.1,1.948943731,24,17,3,2,0,3,7,29.2,0,0,1.69,0.91,0.42,0.42,92.0,183,52.94117647058824,17.647058823529413,12.5,6.22,-2.46,0.17,2.57,0.333,3,6.956923077,0.286,0.602,-6.956923077,0.047,0.047,0.19,0.099,29.2,41.8,7.4548742235019905,3.7924416834347694,29.81355806594661,0.5692307692307692,37.81197646379595,27.25062061098917,PHI
Robert Stock,476594,2026,30.1,147,29,2,19.7,10.2,1,3,5.93,0.265,0.408,0.355,0.343,35.4,8.1,36.4,78.920647917,93.993070208,14.9,46.3,24.0,49.1,38.4,28.3,26.3,560,TBD,94,476594,561,16.8,0.325,0.075,0.394,0.4,0.317,0.292,0.282,13,40,88.5,13.5,2317,91.3,91.18,25,94,0,-0.0999999999999943,6.28,107,152,120,148,301,323,290,2.852,-2.852,72.8,7.3,1.619996605,40,33,10,3,0,0,7,17.5,0,0,2.22,0.55,0.44,0.44,91.7,159,39.39393939393939,9.090909090909092,7.5,4.81,-4.2,0.06,2.41,0.325,3,-3.034042553,0.282,0.397,3.034042553,0.043,0.043,0.003,0.025,26.6,12.6,6.014801499226102,1.7342638304204,30.59874010316068,0.4893617021276595,36.77658923153306,27.64083803245331,TBD
Brant Hurter,676428,2026,33.2,143,24,1,16.8,10.5,4,1,2.94,0.24,0.322,0.247,0.296,28.2,3.0,32.0,73.7322016,93.181420909,14.5,34.8,20.8,43.6,59.2,13.6,23.3,507,DET,33,676428,511,6.5,0.278,0.0,0.294,0.278,0.234,0.251,0.256,5,18,89.2,2.1,2093,87.8,87.12,8,33,0,-0.7000000000000028,6.05,107,151,120,147,299,322,285,1.089,-1.089,71.2,7.3,2.449843929,19,17,5,0,0,0,2,10.5,0,0,2.84,0.16,0.56,-0.56,94.6,137,43.75,0.0,0.0,5.93,3.47,0.03,2.12,0.263,0,-3.3,0.258,0.311,3.3,0.022,0.005,-0.033,-0.017,24.2,31.1,12.660050177486324,-6.53326185604265,30.81305354245821,0.3333333333333333,36.82807835026793,34.29717829676419,DET
Mason Montgomery,682254,2026,67.0,275,103,5,37.5,9.5,6,3,2.55,0.188,0.286,0.25,0.249,26.9,6.2,42.1,75.565075,94.663155734,21.5,53.6,32.4,49.4,53.1,20.0,20.0,1155,PIT,113,682254,1163,9.7,0.195,0.146,0.259,0.341,0.229,0.22,0.211,8,41,91.6,16.1,2328,96.7,98.02,38,113,0,1.2999999999999972,6.95,108,151,118,149,311,324,290,5.005,-5.005,70.9,6.9,1.915894448,41,28,4,3,0,1,13,31.7,0,0,1.49,0.96,0.68,-0.68,90.8,187,46.42857142857143,0.0,0.0,5.54,1.03,0.01,2.56,0.195,0,-4.42920354,0.211,0.303,4.42920354,-0.016,-0.0159999999999999,0.038,0.009,33.6,51.1,2.050216584203778,9.664909765144449,30.767598323320804,0.3274336283185841,36.14593232908513,23.38314001036885,PIT
Nolan Hoffman,676510,2026,14.1,64,11,0,17.2,9.4,0,0,3.77,0.293,0.37,0.345,0.344,29.5,0.0,31.8,70.303064091,92.53797814,10.1,51.6,23.0,45.0,47.7,11.4,34.1,222,KC,29,676510,222,13.1,0.222,0.056,0.25,0.278,0.219,0.293,0.31,4,18,83.4,7.6,2261,89.5,89.81,4,29,0,0.2999999999999971,6.51,112,152,117,148,298,324,285,1.975,-1.975,71.7,7.2,0.896559705,18,16,3,1,0,0,2,11.1,0,0,2.87,0.02,0.88,0.88,91.7,95,31.25,0.0,0.0,3.7,-2.58,-0.26,2.27,0.222,0,-6.810344828,0.31,0.363,6.810344828,-0.088,-0.088,-0.085,-0.074,13.8,-1.8,6.83688191827628,0.7595351029642251,31.29600567229049,0.5862068965517241,33.11037975173188,29.65083611992883,KC
Alex Hoppe,695380,2026,42.2,192,47,3,24.5,10.4,1,1,4.43,0.253,0.35,0.311,0.309,33.6,4.1,39.3,76.318261148,94.310762893,13.5,54.4,25.9,46.4,46.7,18.0,31.1,733,BAL,57,695380,741,7.7,0.321,0.071,0.36,0.393,0.302,0.245,0.256,9,28,80.9,-9.8,2192,97.4,97.67,10,57,0,0.2999999999999971,6.38,108,149,119,144,303,324,293,2.53,-2.53,71.3,7.0,2.613652074,29,25,7,2,0,0,4,13.8,0,0,1.74,0.66,0.81,0.81,91.1,127,24.0,0.0,0.0,5.66,-1.38,-0.27,2.36,0.31,0,-4.438596491,0.26,0.281,4.438596491,0.065,0.0499999999999999,0.112,0.057,17.5,47.1,4.634063722327048,10.179505698186636,32.49748180156653,0.4035087719298245,34.88868245986424,24.61854976774398,BAL
Raymond Burgos,670103,2026,21.1,82,16,3,19.5,1.2,0,0,4.22,0.232,0.402,0.252,0.275,21.5,6.3,35.4,79.506628387,93.841246613,8.8,46.3,18.8,52.7,53.8,29.2,12.3,292,TBD,88,670103,292,30.1,0.2,0.2,0.206,0.4,0.254,0.272,0.231,9,45,90.8,14.8,2134,85.2,84.27,17,88,0,-0.9000000000000057,5.65,110,153,125,146,290,319,291,3.602,-3.602,71.9,7.6,2.583304559,45,36,4,3,0,2,9,20.0,0,0,2.9,0.27,0.31,-0.31,92.5,131,36.11111111111111,8.333333333333332,6.666666666666667,5.67,2.52,0.13,2.21,0.2,3,-4.093181818,0.231,0.414,4.093181818,-0.031,-0.031,-0.014,-0.018,19.3,28.8,12.807595145521532,-4.54289580825407,32.295650899717785,0.5340909090909091,36.92757723395557,32.82043399001524,TBD
Spencer Arrighetti,681293,2026,110.2,492,106,18,21.5,13.0,9,9,4.96,0.239,0.412,0.329,0.349,36.6,9.2,31.4,76.037551325,92.885874437,16.0,43.7,25.5,42.0,36.6,31.4,23.9,1942,TBD,68,681293,1944,3.5,0.333,0.3,0.348,0.633,0.398,0.406,0.299,10,30,85.6,20.5,2482,84.9,86.03,17,68,0,1.0999999999999943,7.23,105,150,118,146,295,322,285,-2.304,2.304,72.9,7.3,2.95271801,31,25,5,3,0,2,6,19.4,0,0,2.95,0.32,0.04,0.04,92.3,194,44.0,24.0,19.35483870967742,4.81,-2.26,-0.09,2.24,0.323,6,3.388235294,0.303,0.646,-3.388235294,0.034,0.02,-0.013,-0.008,25.0,20.8,11.885111052873834,-8.993800557957744,32.74578352871601,0.3970588235294117,33.83544300260677,34.04803908726772,TBD
Luis Castillo,622491,2026,130.2,592,112,25,18.9,7.4,4,11,5.85,0.27,0.457,0.361,0.341,35.3,9.6,41.8,79.68629109,94.365481829,17.0,38.6,23.7,51.8,36.4,29.9,26.2,2366,TBD,126,622491,2372,5.3,0.377,0.302,0.372,0.679,0.443,0.355,0.319,20,53,89.4,15.9,2179,92.6,91.6,28,126,0,-1.0,5.72,110,152,123,145,298,326,292,-2.875,2.875,70.8,7.2,2.028728228,54,47,12,4,0,4,7,13.0,0,0,2.12,0.55,0.98,0.98,91.7,170,41.30434782608695,6.521739130434782,5.555555555555555,5.08,-2.72,0.06,2.52,0.37,3,2.281746032,0.317,0.515,-2.281746032,0.058,0.0529999999999999,0.164,0.088,22.2,16.6,8.369114711389086,-0.7632951720424324,30.952780124798927,0.5079365079365079,36.08319304129787,30.13541399888842,TBD
Richard Lovelady,663992,2026,34.0,172,31,4,18.0,14.0,3,4,3.71,0.28,0.421,0.381,0.361,35.4,6.3,28.3,73.775882453,92.995488774,11.6,42.6,22.3,45.5,46.0,20.4,27.4,640,WSH,26,663992,653,4.0,0.4,0.3,0.375,0.7,0.472,0.36,0.303,4,10,81.6,9.9,2355,86.2,87.9,2,26,0,1.7000000000000028,7.19,112,152,120,148,310,329,301,-1.48,1.48,72.5,7.7,1.87350336,10,9,3,0,0,1,1,10.0,0,0,2.49,0.59,-0.06,0.06,89.6,180,11.11111111111111,11.11111111111111,10.0,5.21,2.63,0.15,2.26,0.4,1,5.692307692,0.303,0.546,-5.692307692,0.097,0.097,0.154,0.112,7.7,19.4,12.263572091378776,-6.046205239506624,31.269919019051425,0.5,38.59397015856334,34.39996657438214,WSH
Drew Rasmussen,656876,2026,172.0,669,174,14,26.0,4.8,16,5,2.67,0.227,0.343,0.243,0.271,32.5,5.9,33.8,77.428542965,93.596998204,15.3,44.7,25.1,50.1,45.0,23.5,24.6,2660,TB,172,656876,2660,6.5,0.235,0.059,0.244,0.294,0.232,0.286,0.29,20,85,89.2,13.4,2334,92.6,92.82,34,172,0,0.2000000000000028,6.48,102,153,122,148,307,334,295,8.585,-8.585,72.4,7.2,2.141563635,85,79,17,2,0,1,6,7.1,0,0,1.83,0.85,0.55,0.55,92.1,147,32.91139240506329,2.5316455696202533,2.3529411764705883,5.85,-1.88,0.11,2.29,0.235,2,-4.99127907,0.29,0.37,4.99127907,-0.055,-0.0549999999999999,-0.076,-0.054,19.8,51.8,7.56534440788801,4.544866328460195,30.333761575905022,0.5523255813953488,38.01513921174571,27.533777790002546,TB
Cody Bradford,674003,2026,43.0,187,21,5,11.2,5.3,0,5,4.19,0.281,0.475,0.346,0.344,32.3,9.7,38.7,78.979062973,94.580029324,14.2,26.2,17.8,50.1,36.8,35.5,20.0,696,TEX,217,674003,696,31.2,0.29,0.172,0.3,0.462,0.324,0.311,0.269,27,93,89.5,23.4,1879,85.4,86.82,48,217,0,1.3999999999999917,7.18,106,152,115,148,303,324,296,3.991,-3.991,72.4,7.3,2.46861347,93,83,17,7,0,3,10,10.8,0,0,2.06,1.09,0.57,-0.57,91.3,181,33.734939759036145,9.63855421686747,8.60215053763441,6.22,0.75,0.16,2.49,0.29,8,-1.839170507,0.269,0.462,1.839170507,0.021,0.0209999999999999,0.0,0.013,22.1,52.8,10.072208108438913,-1.8913555915267408,30.79574357172555,0.543778801843318,37.74482531069442,31.178056142646387,TEX
Cionel Pérez,672335,2026,44.1,194,42,7,21.6,9.3,4,3,4.87,0.266,0.463,0.33,0.346,26.1,12.0,49.3,80.336990909,95.892635152,12.8,44.0,23.6,46.8,56.7,19.4,18.7,769,NYM,16,672335,769,2.1,0.4,0.0,0.4,0.4,0.356,0.408,0.434,2,5,92.2,24.0,2347,90.2,89.59,2,16,0,-0.6000000000000085,5.89,113,146,121,139,301,317,288,-0.059,0.059,71.4,7.5,1.55994417,5,5,2,0,0,0,0,0.0,0,0,2.53,0.31,-0.05,0.05,91.9,140,60.0,0.0,0.0,5.47,1.42,-0.27,1.79,0.4,0,0.36875,0.434,0.515,-0.36875,-0.034,-0.0339999999999999,-0.115,-0.052,12.5,34.6,9.510234838365133,-6.0716009320832605,37.63233589272495,0.75,33.30885116427,33.443159552174954,NYM
Jacob Waguespack,621097,2026,45.2,183,35,6,19.1,9.8,1,2,2.56,0.204,0.309,0.246,0.273,26.6,4.7,28.9,73.849657903,93.035393089,19.5,39.4,25.4,46.9,50.0,25.0,17.2,672,DET,84,621097,672,12.5,0.15,0.175,0.143,0.325,0.196,0.233,0.202,6,40,87.0,15.0,2008,89.2,90.61,20,84,0,1.3999999999999917,7.05,107,149,121,146,304,322,284,5.253,-5.253,71.7,7.3,2.114450107,41,30,3,1,0,2,11,26.8,0,0,1.96,0.91,0.01,0.01,91.4,182,26.666666666666668,10.0,7.317073170731707,6.27,-0.26,0.0,2.47,0.146,3,-6.253571429,0.201,0.353,6.253571429,-0.052,-0.055,-0.028,-0.037,23.8,68.0,9.75452212518424,-1.1769589829735392,29.622064278284096,0.5238095238095238,36.91306817475972,30.692095702956276,DET
Bailey Ober,641927,2026,126.0,561,96,19,17.1,6.6,7,6,4.21,0.255,0.457,0.326,0.33,30.6,9.9,38.1,78.088974171,94.096311185,13.9,34.5,20.3,49.2,34.8,32.7,20.5,2099,MIN,171,641927,2099,8.1,0.305,0.159,0.356,0.463,0.333,0.302,0.248,25,82,90.3,21.7,2123,82.8,84.4,50,171,0,1.6000000000000083,7.21,109,151,117,143,303,329,295,1.785,-1.785,72.7,7.6,3.773981362,82,63,20,1,0,4,19,23.2,0,0,2.68,0.66,0.13,0.13,92.6,171,46.03174603174603,12.698412698412698,9.75609756097561,5.77,-1.33,0.24,2.23,0.305,8,-1.043859649,0.248,0.462,1.043859649,0.057,0.0569999999999999,0.001,0.031,29.2,28.2,15.478341903231756,-9.801520822548596,30.97479816328129,0.4970760233918128,37.7460146914505,37.71131793474974,MIN
Paul Skenes,694973,2026,174.1,712,200,20,28.1,6.9,10,11,3.82,0.216,0.35,0.296,0.281,35.5,7.3,38.6,76.508766622,93.834466757,20.3,43.9,28.2,51.0,42.1,22.8,24.8,2890,PIT,168,694973,2890,5.8,0.257,0.149,0.309,0.405,0.285,0.25,0.235,19,74,86.3,18.4,2178,92.2,92.88,39,168,0,0.7000000000000028,6.77,108,150,119,148,310,324,289,5.297,-5.297,71.1,7.2,1.979204542,74,57,12,5,0,2,17,23.0,0,0,2.0,0.72,0.54,0.54,90.9,147,33.33333333333333,7.017543859649122,5.405405405405405,5.59,-2.56,0.0,2.55,0.257,4,-3.15297619,0.235,0.347,3.15297619,0.022,0.022,0.058,0.035,23.2,26.7,8.842649145608725,-1.2404142799212587,30.639783310523367,0.4702380952380952,34.86690489585221,29.884732797829045,PIT
Philip Abner,691769,2026,19.0,86,10,6,11.6,12.8,0,0,7.11,0.298,0.57,0.401,0.408,38.5,15.4,38.5,78.971711875,94.546908125,12.1,34.1,18.2,47.3,41.5,32.3,24.6,313,TBD,34,691769,313,10.9,0.318,0.318,0.25,0.636,0.388,0.392,0.327,7,22,90.2,7.7,2224,86.5,86.98,5,34,0,0.5,6.44,106,149,118,146,303,320,291,-2.877,2.877,72.7,7.5,1.330220798,23,22,4,1,0,2,1,4.3,0,0,2.62,0.44,0.01,-0.01,93.1,145,36.36363636363637,13.636363636363637,13.043478260869565,5.66,1.86,-0.1,2.32,0.304,3,8.461764706,0.319,0.615,-8.461764706,-0.009,-0.015,0.021,-0.004,14.7,39.7,10.41093750294388,-3.7675941671017785,30.93544069757991,0.6764705882352942,35.87911603766591,32.20445946085327,TBD
Kumar Rocker,677958,2026,148.0,645,138,20,21.4,9.5,6,11,4.38,0.251,0.412,0.331,0.324,32.1,7.5,40.0,78.107594227,94.358751777,13.0,50.0,26.1,47.9,42.8,24.0,26.0,2496,TEX,123,677958,2506,4.9,0.373,0.271,0.417,0.644,0.433,0.294,0.262,22,59,88.7,1.2,2187,89.9,90.73,29,123,0,0.7999999999999972,6.79,108,152,118,148,298,327,297,-2.54,2.54,72.2,7.5,4.590767214,59,50,12,6,2,2,9,15.3,0,0,2.52,0.33,0.57,0.57,92.6,121,38.0,8.0,6.779661016949152,5.84,-2.15,-0.06,2.11,0.373,4,2.06504065,0.262,0.425,-2.06504065,0.111,0.1109999999999999,0.219,0.139,23.6,31.6,11.45264550753849,-6.423995701690849,31.729057853846445,0.5284552845528455,35.490492940831736,33.951099728404635,TEX
Brad Lord,695418,2026,83.1,357,77,10,21.6,9.2,5,2,3.78,0.228,0.366,0.295,0.305,27.3,6.4,37.0,75.896113793,93.826361255,15.5,30.5,19.7,49.8,55.5,20.2,17.6,1467,WSH,88,695418,1476,6.0,0.293,0.195,0.278,0.488,0.327,0.3,0.27,12,41,86.9,9.2,2523,91.3,89.85,12,88,0,-1.3999999999999917,5.36,109,150,117,146,309,329,296,0.417,-0.417,70.8,7.0,1.623799422,42,38,8,2,0,2,4,9.5,0,0,2.44,0.32,0.84,0.84,91.0,153,26.31578947368421,7.894736842105263,7.142857142857142,5.44,-2.42,-0.06,2.52,0.286,3,-0.473863636,0.277,0.411,0.473863636,0.023,0.0089999999999999,0.077,0.027,13.6,18.8,6.277230373574954,5.931058968690517,31.557561356334823,0.4431818181818182,35.60094420166708,26.60054770584789,WSH
Foster Griffin,656492,2026,172.2,721,158,23,21.9,6.2,15,6,3.6,0.262,0.414,0.312,0.32,36.6,8.3,37.0,75.80857136,93.91929358,15.3,38.4,23.2,48.4,45.5,24.8,24.2,2833,CLE,277,656492,2835,9.8,0.358,0.163,0.387,0.52,0.374,0.337,0.325,44,123,88.2,12.0,2117,86.4,86.39,51,277,0,0.0,6.22,101,151,121,145,301,321,289,-1.023,1.023,72.0,7.2,2.366367554,125,109,31,9,1,3,16,12.8,0,0,2.56,0.51,0.02,-0.02,91.5,160,38.31775700934579,4.672897196261682,4.0,5.77,2.69,0.06,2.35,0.352,5,0.369314079,0.321,0.464,-0.369314079,0.033,0.0309999999999999,0.056,0.037,18.4,44.0,7.91172730163854,3.556948662869272,33.632664262737904,0.4043321299638989,36.30925438193544,28.640790663171277,CLE
Seth Lonsway,675920,2026,2.0,11,2,0,18.2,0.0,0,0,9.0,0.222,0.24,0.405,0.201,11.1,0.0,44.4,85.4737575,94.5187,25.0,0.0,20.0,45.5,77.8,11.1,11.1,33,SF,12,675920,33,36.4,0.5,0.0,0.571,0.5,0.445,0.245,0.27,4,8,93.6,-5.3,1746,88.1,87.34,2,12,0,-0.7999999999999972,5.74,107,147,110,144,287,319,293,-1.548,1.548,72.8,7.5,1.235530752,8,7,4,0,0,0,1,12.5,0,0,2.72,0.23,1.2,-1.2,93.7,33,57.14285714285714,0.0,0.0,5.83,1.51,0.05,2.04,0.5,0,12.9,0.27,0.294,-12.9,0.23,0.2299999999999999,0.206,0.2,16.7,36.3,10.8390838961401,-10.540826617165068,32.12443960887674,0.8333333333333334,34.213853951328566,36.31003125776048,SF
Jhonathan Díaz,646242,2026,1.1,6,1,1,16.7,0.0,0,0,6.75,0.299,0.796,0.49,0.457,20.0,20.0,20.0,79.036543333,94.407878,0.0,,0.0,36.0,40.0,20.0,20.0,25,TBD,3,646242,25,12.0,0.0,0.0,0.0,0.0,0.0,0.005,0.006,0,1,79.0,71.0,2234,82.8,82.93,0,3,0,0.1000000000000085,6.6,96,147,112,144,292,325,283,0.202,-0.202,74.4,7.6,,1,1,0,0,0,0,0,0.0,0,0,2.5,0.85,0.34,-0.34,93.4,113,0.0,0.0,0.0,5.3,2.72,-0.33,2.47,0.0,0,-6.733333333,0.006,0.006,6.733333333,-0.006,-0.006,-0.006,-0.005,0.0,28.6,14.08400308304298,-18.01779790801399,27.695810750943277,0.6666666666666666,31.19816224296265,38.57577043391252,TBD
Sonny Gray,543243,2026,169.0,683,149,16,21.8,6.7,18,5,2.72,0.249,0.385,0.293,0.303,34.4,6.9,38.3,78.869646681,93.890119389,9.6,45.9,23.1,47.5,46.4,23.6,25.9,2474,BOS,126,543243,2475,5.1,0.27,0.079,0.291,0.349,0.27,0.311,0.285,17,63,89.5,11.3,2560,88.3,88.45,26,126,0,0.1000000000000085,6.36,108,151,121,144,304,323,286,4.236,-4.236,72.4,7.6,3.411666037,63,56,14,2,0,1,7,11.1,0,0,2.72,0.22,-0.1,-0.1,92.0,143,48.21428571428572,7.142857142857142,6.349206349206349,5.61,-0.6,0.3,2.1,0.27,4,-3.361904762,0.285,0.44,3.361904762,-0.015,-0.0149999999999999,-0.091,-0.041,20.6,47.6,13.2567465528302,-3.768645098813325,32.14029064934326,0.5793650793650794,39.05159740268047,31.85209692910149,BOS
Grant Taylor,691799,2026,84.0,336,106,7,31.5,8.9,7,3,2.25,0.199,0.32,0.26,0.267,31.2,7.6,41.2,79.579557677,94.193453604,15.7,53.3,29.4,46.5,47.2,26.6,21.6,1333,CWS,101,691799,1333,7.6,0.14,0.023,0.171,0.163,0.133,0.219,0.201,6,43,88.8,6.1,2407,94.2,95.52,24,101,0,1.2999999999999972,7.01,111,152,124,146,301,328,292,8.139,-8.139,71.7,7.1,2.342437363,43,35,5,1,0,0,8,18.6,0,0,1.96,0.63,0.19,0.19,91.4,149,34.285714285714285,5.714285714285714,4.651162790697675,5.91,-0.65,0.02,2.45,0.14,2,-8.058415842,0.201,0.311,8.058415842,-0.061,-0.061,-0.148,-0.086,23.8,56.3,6.081562415679176,5.623301493716152,29.44015873057513,0.4356435643564356,35.92348140723981,27.086967930954856,CWS
Luis Curvelo,681168,2026,10.1,54,6,4,11.1,11.1,0,0,9.58,0.307,0.544,0.47,0.387,38.1,9.5,50.0,80.712816667,95.344187143,19.8,30.0,21.8,54.0,23.8,35.7,31.0,187,TBD,16,681168,195,8.2,0.375,0.5,0.333,0.875,0.525,0.464,0.356,3,8,93.3,28.7,2285,92.6,92.36,3,16,0,-0.1999999999999886,6.27,110,152,123,150,288,330,300,-2.23,2.23,75.9,7.7,,8,7,1,1,0,1,1,12.5,0,0,1.72,0.97,0.66,0.66,95.3,205,57.14285714285714,14.285714285714285,12.5,6.03,-3.19,-0.13,2.6,0.375,1,13.9375,0.356,0.747,-13.9375,0.019,0.019,0.128,0.061,18.8,36.8,13.154974040307652,-10.805735823751842,27.817872569058498,0.625,34.97055540324991,34.72907882440271,TBD
Andre Pallante,669467,2026,157.0,654,106,11,16.2,7.5,12,8,3.61,0.257,0.377,0.298,0.309,29.9,4.7,34.2,75.42725905,93.498940702,12.0,42.0,21.1,44.7,56.8,16.7,22.4,2551,STL,94,669467,2551,3.7,0.326,0.093,0.341,0.419,0.309,0.373,0.391,14,43,85.3,9.0,2202,92.0,92.74,18,94,0,0.7000000000000028,6.56,103,150,115,144,312,321,289,4.422,-4.422,71.7,7.1,3.221012018,45,41,11,2,1,0,4,8.9,0,0,2.08,0.61,0.26,0.26,91.1,146,36.58536585365854,0.0,0.0,5.88,-1.87,-0.06,2.33,0.311,0,-4.704255319,0.393,0.45,4.704255319,-0.065,-0.082,-0.031,-0.064,19.1,53.2,9.090195709707537,4.795505789496361,32.39902365603558,0.5,36.0265653941277,29.159133292042288,STL
Erik Tolman,680899,2026,14.0,61,15,1,24.6,13.1,1,1,3.21,0.215,0.346,0.298,0.296,28.9,5.3,23.7,69.575303684,92.886949459,23.2,41.7,28.1,50.4,52.6,23.7,15.8,267,WSH,87,680899,269,32.3,0.231,0.154,0.238,0.385,0.255,0.322,0.285,6,26,88.2,-2.0,1947,92.4,92.59,26,87,0,0.1999999999999886,6.38,106,151,117,147,305,329,299,2.228,-2.228,71.4,7.2,2.567829624,27,22,4,1,0,1,5,18.5,0,0,1.87,0.83,0.84,-0.84,91.4,158,31.818181818181817,9.090909090909092,7.4074074074074066,6.03,1.68,0.21,2.45,0.222,2,-2.56091954,0.275,0.5,2.56091954,-0.054,-0.053,-0.115,-0.067,29.9,46.6,6.216588670287103,3.026923515717613,31.64317253753504,0.4367816091954023,38.3381622434564,27.826396352685155,WSH
Elvis Alvarado,665660,2026,54.0,225,62,10,27.6,11.1,5,4,4.0,0.222,0.427,0.325,0.328,30.1,13.2,47.1,79.863208088,94.984975407,28.2,38.3,31.0,51.0,36.8,41.9,16.9,930,OAK,80,665660,937,8.5,0.156,0.125,0.182,0.281,0.187,0.212,0.198,5,32,89.4,25.1,2358,96.9,95.71,25,80,0,-1.2000000000000028,5.69,110,152,117,147,302,322,290,5.839,-5.839,73.5,7.4,3.860501004,32,23,3,1,0,1,9,28.1,0,0,1.39,1.05,0.86,0.86,91.2,186,39.130434782608695,4.3478260869565215,3.125,5.86,-2.26,0.11,2.41,0.156,1,-7.29875,0.198,0.292,7.29875,-0.042,-0.042,-0.011,-0.025,31.3,23.2,8.95037411920703,-1.4379871537535815,30.554505948431544,0.55,37.59085209325926,29.95589975836217,OAK
Jacob Misiorowski,694819,2026,169.1,646,247,14,38.2,6.5,15,5,1.86,0.171,0.252,0.217,0.223,33.3,3.7,33.0,76.431979825,92.969651462,25.9,59.0,37.2,51.3,44.8,24.4,21.8,2579,MIL,132,694819,2581,5.1,0.186,0.051,0.239,0.237,0.184,0.231,0.231,11,59,85.8,11.9,2614,97.1,99.39,28,132,0,2.300000000000012,7.59,109,152,126,148,305,318,294,8.431,-8.431,71.6,7.2,2.389965401,59,46,9,1,1,0,13,22.0,0,0,1.68,0.76,0.47,0.47,90.4,155,31.11111111111111,2.2222222222222223,1.694915254237288,5.11,-1.99,0.16,2.48,0.186,1,-6.387121212,0.231,0.304,6.387121212,-0.045,-0.045,-0.067,-0.047,21.2,29.6,7.279167882798664,2.345805852630855,30.26258920820992,0.4848484848484848,38.07639857382917,27.471222972730697,MIL
Tommy Nance,667297,2026,59.2,258,68,8,26.4,9.3,3,3,3.92,0.256,0.413,0.314,0.323,32.7,7.3,38.2,77.951237073,93.999472025,14.0,45.9,26.5,47.7,48.5,21.8,24.8,981,MIN,76,667297,986,7.7,0.378,0.135,0.419,0.514,0.378,0.361,0.334,14,37,89.2,6.0,2442,90.2,90.36,20,76,0,0.2000000000000028,6.23,111,149,118,141,299,325,291,0.219,-0.219,73.1,7.5,3.109267078,38,32,11,2,0,1,6,15.8,0,0,2.42,0.38,0.21,0.21,91.7,138,40.625,6.25,5.263157894736842,6.27,-1.28,0.35,2.31,0.368,2,-0.288157895,0.339,0.474,0.288157895,0.044,0.0289999999999999,0.04,0.017,26.3,44.0,13.216562979147293,-1.28534086402298,30.26167062254559,0.5789473684210527,40.323315670027206,31.10596673918674,MIN
Zebby Matthews,805673,2026,130.1,545,116,24,21.3,7.2,9,11,4.9,0.249,0.425,0.328,0.321,34.7,10.6,42.5,81.031973906,94.781309269,14.0,42.5,22.7,47.5,43.3,26.7,24.1,2117,MIN,141,805673,2117,6.7,0.227,0.121,0.283,0.348,0.249,0.25,0.233,15,66,91.3,9.8,2368,91.6,91.87,43,141,0,0.3000000000000113,6.42,108,151,117,144,301,326,294,6.488,-6.488,73.1,7.4,2.909935442,66,48,11,2,0,2,18,27.3,0,0,1.93,0.8,0.26,0.26,92.0,149,45.83333333333333,6.25,4.545454545454546,5.85,-2.49,0.06,2.29,0.227,3,-4.60141844,0.233,0.35,4.60141844,-0.006,-0.006,-0.002,-0.001,30.5,38.6,11.391899032833004,-1.0877752908749625,32.86702571854441,0.524822695035461,36.57913848800924,30.23476258542664,MIN
Lazaro Estrada,681751,2026,13.0,57,9,2,15.8,17.5,1,1,5.54,0.217,0.366,0.294,0.334,32.4,8.1,40.5,80.22987,93.975474286,19.7,31.4,23.8,44.3,43.2,29.7,21.6,228,TBD,13,681751,233,5.6,0.333,0.0,0.333,0.333,0.297,0.26,0.267,2,6,90.5,12.5,2413,84.5,84.58,1,13,0,0.0999999999999943,6.35,95,139,108,135,292,319,282,0.315,-0.315,72.7,7.9,0.586631136,6,6,2,0,0,0,0,0.0,0,0,2.99,0.23,-0.3,-0.3,91.3,153,33.33333333333333,0.0,0.0,5.64,-0.51,0.31,2.05,0.333,0,-2.423076923,0.267,0.343,2.423076923,0.066,0.066,-0.01,0.037,7.7,53.8,14.16169107711158,-5.622651520679232,35.080253737102545,0.6153846153846154,39.48247868910134,32.75666474668897,TBD
Robbie Ray,592662,2026,165.2,702,140,22,19.9,12.0,13,8,3.59,0.247,0.419,0.315,0.335,33.2,8.0,37.4,78.739528798,93.988523369,15.0,42.7,24.6,46.2,36.3,33.6,23.3,2854,SD,221,592662,2855,7.7,0.26,0.25,0.257,0.51,0.324,0.344,0.288,25,96,91.1,15.6,2027,89.0,88.87,49,221,0,-0.0999999999999943,6.27,113,151,122,147,305,327,294,6.045,-6.045,73.7,7.6,2.725410357,97,80,13,6,0,6,17,17.5,0,0,2.05,0.86,0.77,-0.77,91.9,166,38.75,11.25,9.278350515463918,5.97,2.7,0.09,2.28,0.258,9,-2.735294118,0.286,0.53,2.735294118,-0.028,-0.0279999999999999,-0.02,-0.02,22.2,42.7,11.229414874661662,-3.200173642845328,32.18173335944841,0.5158371040723982,37.46780232288865,31.660869929301253,SD
Bryan Abreu,650556,2026,62.2,268,80,9,29.9,15.3,6,4,3.73,0.197,0.345,0.325,0.312,34.5,6.4,41.5,81.696895072,94.178094015,21.6,54.7,33.8,42.2,41.5,29.6,23.2,1093,HOU,70,650556,1093,6.4,0.25,0.333,0.222,0.583,0.35,0.336,0.233,6,24,93.8,19.4,2549,92.6,92.92,20,70,0,0.3000000000000113,6.63,109,152,115,147,300,327,288,1.948,-1.948,72.3,7.6,6.329906587,24,20,2,2,0,2,4,16.7,0,0,2.06,0.63,0.0,0.0,91.8,180,52.63157894736842,10.526315789473683,8.333333333333332,5.64,-2.46,0.26,2.24,0.25,2,-2.782857143,0.233,0.573,2.782857143,0.017,0.0169999999999999,0.01,0.014,28.6,43.0,11.67070668613098,-5.920024569544483,29.03128264151848,0.6142857142857143,37.89985357184487,34.19746725721565,HOU
Andrew Painter,691725,2026,126.2,552,115,21,20.8,8.5,3,10,5.4,0.25,0.413,0.339,0.322,29.9,8.1,35.1,75.91209455,93.561590714,17.8,39.5,25.6,49.2,43.6,25.7,21.3,2126,PHI,203,691725,2127,9.5,0.196,0.152,0.246,0.348,0.233,0.256,0.21,18,92,88.8,16.2,2413,90.3,90.81,69,203,0,0.5,6.61,109,152,121,144,300,326,288,11.102,-11.102,72.7,7.7,4.330743346,92,61,12,2,0,4,31,33.7,0,0,2.14,0.69,-0.17,-0.17,92.4,146,40.98360655737705,11.475409836065571,7.608695652173914,6.38,-2.28,0.24,2.14,0.196,7,-5.468965517,0.21,0.394,5.468965517,-0.014,-0.0139999999999999,-0.046,-0.023,34.0,43.0,11.63911310032073,-8.612074733975899,32.21755757456686,0.5517241379310345,38.04203589784328,33.69759196566052,PHI
Nick Pivetta,601713,2026,34.2,140,42,2,30.0,5.7,3,2,2.86,0.216,0.366,0.249,0.277,34.8,10.1,38.2,80.197836591,93.799081364,12.1,40.8,22.8,47.8,32.6,34.8,22.5,578,SD,52,601713,578,9.0,0.391,0.304,0.389,0.696,0.465,0.47,0.415,9,23,93.4,23.0,2350,89.9,90.86,8,52,0,1.0,6.92,117,153,121,147,304,329,294,-2.431,2.431,72.5,7.3,4.967558616,23,20,6,1,0,2,3,13.0,0,0,1.8,1.05,0.01,0.01,92.7,207,50.0,15.0,13.043478260869565,6.68,-0.73,0.07,2.63,0.391,3,4.675,0.415,0.691,-4.675,-0.024,-0.0239999999999999,0.005,-0.005,15.4,54.5,10.31073059604423,-4.96584056583448,27.26034657343639,0.7115384615384616,36.75705626848494,32.437930677008794,SD
Justin Slaten,686580,2026,31.1,137,39,4,28.5,5.8,2,4,4.6,0.223,0.331,0.323,0.266,36.7,4.4,36.7,77.338378864,93.940124253,15.8,45.7,25.2,50.8,43.3,25.6,27.8,508,TBD,20,686580,508,3.9,0.0,0.0,0.0,0.0,0.0,0.242,0.261,0,6,85.8,6.6,2440,93.9,95.08,3,20,0,1.1999999999999886,6.85,105,154,124,146,311,319,286,1.528,-1.528,68.4,7.0,3.21841676,6,5,0,0,0,0,1,16.7,0,0,1.76,0.83,0.01,0.01,89.4,138,20.0,0.0,0.0,5.86,-1.07,0.03,2.36,0.0,0,-7.64,0.261,0.3,7.64,-0.261,-0.261,-0.3,-0.242,15.0,45.9,5.732685034415406,5.8814549769124085,32.02045064417198,0.5,35.27915731014846,27.50302722117016,TBD
Sammy Peralta,671111,2026,21.1,102,23,4,22.5,6.9,0,1,6.75,0.298,0.449,0.406,0.363,44.1,5.9,41.2,77.581297879,93.841637121,17.0,29.4,20.9,45.4,35.3,27.9,30.9,359,LAA,59,671111,359,16.4,0.5,0.167,0.56,0.667,0.509,0.518,0.506,15,30,92.4,10.2,2078,85.6,85.97,10,59,0,0.4000000000000057,6.65,99,152,120,148,310,329,299,-3.446,3.446,73.1,7.4,0.995328186,30,26,12,2,0,1,4,13.3,0,0,2.85,0.29,0.89,-0.89,93.8,152,57.692307692307686,7.6923076923076925,6.666666666666667,4.68,2.96,0.01,2.18,0.5,2,5.840677966,0.506,0.696,-5.840677966,-0.006,-0.006,-0.029,-0.009,16.9,16.3,9.0960997219707,-1.5884113268844855,33.082337640573066,0.5932203389830508,35.624519473980065,31.753596365322544,LAA
Jonathan Cannon,686563,2026,3.0,18,4,0,22.2,27.8,0,0,9.0,0.252,0.45,0.433,0.409,33.3,11.1,22.2,79.021142,92.588862222,31.0,27.3,30.0,50.0,33.3,33.3,33.3,80,TBD,23,686563,80,28.7,0.375,0.125,0.5,0.5,0.38,0.323,0.249,3,8,88.2,8.5,2376,90.8,90.94,5,23,0,0.1000000000000085,6.37,121,154,127,146,305,326,291,-0.462,0.462,71.4,7.0,8.635676518,8,6,2,1,0,0,2,25.0,0,0,2.03,0.76,0.14,0.14,89.9,189,16.666666666666664,16.666666666666664,12.5,5.75,-2.43,0.07,2.39,0.375,1,2.008695652,0.249,0.518,-2.008695652,0.126,0.126,-0.018,0.057,21.7,26.6,11.896713011020775,-9.115814152167877,25.875059282538437,0.6521739130434783,34.80878729921054,35.30927345917519,TBD
Max Scherzer,453286,2026,77.2,337,61,15,18.1,10.1,3,9,6.14,0.239,0.406,0.33,0.32,33.8,8.8,33.8,76.40768042,93.314321597,12.8,34.9,20.4,49.4,31.7,32.9,20.4,1347,TOR,152,453286,1348,11.3,0.171,0.129,0.189,0.3,0.202,0.258,0.217,12,70,85.5,22.1,2381,87.1,86.92,45,152,0,-0.1999999999999886,6.28,104,152,115,147,295,323,285,7.21,-7.21,73.5,7.6,3.835557542,70,55,7,3,0,2,15,21.4,0,0,2.46,0.62,0.13,0.13,91.1,178,29.09090909090909,9.090909090909092,7.142857142857142,5.53,-3.09,0.14,2.21,0.171,5,-4.743421053,0.217,0.391,4.743421053,-0.046,-0.0459999999999999,-0.091,-0.056,29.6,30.0,13.26868189237268,-11.563972139331677,32.17106190867969,0.6052631578947368,35.89768510673178,36.69276335165825,TOR
Connor Thomas,671162,2026,24.1,114,17,4,14.9,7.9,2,1,7.4,0.263,0.412,0.372,0.327,25.6,4.7,41.9,77.816633953,94.387721395,14.8,36.2,21.2,47.4,57.0,19.8,18.6,407,KC,64,671162,408,15.7,0.281,0.031,0.321,0.313,0.254,0.295,0.277,9,32,92.6,9.5,2257,87.8,87.74,17,64,0,-0.0999999999999943,6.13,105,151,121,148,298,321,284,1.136,-1.136,73.2,7.4,2.306195669,33,28,8,1,0,0,5,15.2,0,0,2.66,0.3,0.4,-0.4,92.7,139,46.42857142857143,3.571428571428571,3.0303030303030303,5.12,1.39,-0.13,2.26,0.273,1,-1.775,0.27,0.427,1.775,0.004,0.003,-0.114,-0.041,26.6,31.9,9.659930810140336,0.1822379770850082,32.43802707143514,0.578125,34.68432136947273,29.797631368709865,KC
Brayan Bello,678394,2026,116.1,503,92,12,18.3,7.2,6,7,4.33,0.282,0.437,0.319,0.337,32.1,7.3,40.2,77.360368619,94.579724211,17.3,39.1,24.8,49.7,53.5,21.5,22.0,1906,BOS,140,678394,1916,7.3,0.279,0.033,0.362,0.311,0.26,0.279,0.278,17,61,90.5,5.9,2103,91.7,91.68,43,140,0,0.0,6.23,108,152,121,144,292,319,290,6.698,-6.698,72.1,7.5,4.146287845,61,47,15,2,0,0,14,23.0,0,0,2.37,0.35,0.6,0.6,92.8,117,46.80851063829788,2.127659574468085,1.639344262295082,5.62,-1.52,0.0,2.14,0.279,1,-4.784285714,0.278,0.367,4.784285714,0.001,0.001,-0.056,-0.019,30.7,40.0,12.24566901593392,-8.037165266792819,32.16432557223807,0.4857142857142857,35.091565665865424,35.10103635601568,BOS
Duncan Davitt,701474,2026,6.1,31,5,2,16.1,9.7,0,0,2.84,0.331,0.485,0.396,0.384,43.5,8.7,52.2,78.182728333,94.705488261,11.8,44.4,23.1,46.8,47.8,21.7,26.1,111,SF,20,701474,111,18.0,0.333,0.333,0.333,0.667,0.424,0.318,0.323,4,12,91.7,10.0,2494,88.7,89.96,5,20,0,1.2999999999999972,7.05,101,152,119,144,297,321,296,-0.49,0.49,70.7,7.0,0.466143984,12,10,2,1,0,1,2,16.7,0,0,2.3,0.63,-0.02,-0.02,93.4,162,60.0,0.0,0.0,4.94,-2.58,-0.01,2.52,0.333,0,2.45,0.323,0.411,-2.45,0.01,0.01,0.256,0.106,25.0,17.0,6.148164982061507,-0.0703465408637153,29.69563018664787,0.6,36.067931553594775,29.82019984541378,SF
Ryan Gusto,687473,2026,88.0,392,74,11,18.9,7.1,1,5,4.09,0.282,0.438,0.339,0.341,39.3,8.8,43.2,78.928630979,94.188049895,13.4,38.9,20.7,49.4,39.6,25.6,28.1,1436,MIA,155,687473,1437,10.8,0.378,0.244,0.382,0.622,0.425,0.384,0.349,31,82,89.9,15.8,2356,88.5,88.84,27,155,0,0.2999999999999971,6.56,108,150,121,145,307,327,294,-7.878,7.878,71.8,7.2,1.709671381,83,73,21,5,0,5,10,12.0,0,0,2.6,0.36,-0.16,-0.16,92.3,163,42.465753424657535,10.95890410958904,9.63855421686747,5.67,-1.67,0.06,2.39,0.373,8,5.082580645,0.344,0.558,-5.082580645,0.029,0.029,0.064,0.041,17.4,44.9,9.28393429690212,-0.6017854496042747,32.165409425036074,0.5161290322580645,36.43217688567,30.7379898011976,MIA
Tim Mayza,641835,2026,67.1,271,64,7,23.6,6.6,3,4,3.48,0.233,0.377,0.289,0.288,33.0,6.4,45.2,77.811493118,94.67829227,15.2,38.0,22.2,45.3,49.5,21.8,25.0,1085,PHI,86,641835,1093,7.9,0.265,0.206,0.233,0.471,0.306,0.343,0.281,9,34,91.7,14.6,2045,92.6,93.64,14,86,0,1.0,6.89,112,152,119,143,298,323,285,3.023,-3.023,71.5,7.0,0.852061299,35,32,6,1,0,2,3,8.6,0,0,1.91,0.76,0.76,-0.76,91.7,178,46.875,6.25,5.714285714285714,6.21,1.63,-0.12,2.4,0.257,2,-3.515116279,0.273,0.551,3.515116279,-0.016,-0.016,-0.08,-0.037,16.3,42.3,5.320332927573681,6.843654781772928,33.90074344810331,0.4651162790697674,35.963904732968444,25.10188526485721,PHI
Anthony Kay,641743,2026,153.0,689,125,21,18.1,7.8,9,9,4.53,0.263,0.419,0.34,0.342,34.2,8.3,39.0,76.645339153,94.260240212,13.3,38.0,22.9,47.0,43.3,22.5,25.8,2714,CWS,257,641743,2714,9.5,0.355,0.25,0.356,0.605,0.411,0.376,0.317,44,124,88.2,17.1,2336,90.1,89.31,49,257,0,-0.7999999999999972,5.8,110,152,122,145,301,327,292,-3.69,3.69,72.9,7.5,2.424394267,124,111,28,8,1,7,13,10.5,0,0,2.4,0.43,0.22,-0.22,93.0,155,41.44144144144144,9.90990990990991,8.870967741935484,5.69,2.39,-0.17,2.25,0.355,11,1.435797665,0.317,0.569,-1.435797665,0.038,0.0379999999999999,0.036,0.035,19.1,33.8,10.79868158026136,-6.517320701865007,31.01365038395228,0.5097276264591439,34.242929747760435,32.93316004815054,CWS
Bennett Sousa,656986,2026,30.0,141,32,5,22.7,12.8,1,3,6.0,0.226,0.371,0.371,0.313,36.3,9.9,36.3,78.984713556,93.588781667,14.0,64.0,31.0,49.0,33.0,40.7,22.0,533,HOU,90,656986,533,16.9,0.273,0.205,0.29,0.477,0.315,0.197,0.17,12,44,91.1,13.9,2272,87.9,87.99,27,90,0,0.0999999999999943,6.38,104,150,111,145,295,325,283,-0.108,0.108,72.0,7.8,4.870975175,45,34,9,0,0,3,11,24.4,0,0,2.51,0.47,-0.18,0.18,92.1,148,44.11764705882353,5.88235294117647,4.444444444444445,6.45,0.85,-0.07,1.96,0.267,2,0.12,0.172,0.28,-0.12,0.103,0.095,0.197,0.118,30.0,58.0,15.780369144420725,-11.461160911768594,32.45183568233439,0.4444444444444444,34.99260466639345,37.14375865394678,HOU
Chad Dallas,689149,2026,14.1,64,17,2,26.6,12.5,2,1,5.02,0.214,0.319,0.31,0.289,28.2,5.1,41.0,82.299641,93.825042051,12.3,46.4,28.1,46.5,38.5,30.8,20.5,260,TOR,48,689149,260,18.5,0.238,0.0,0.357,0.238,0.212,0.216,0.228,5,21,84.1,12.4,2590,87.5,87.67,15,48,0,0.2000000000000028,6.45,102,150,117,146,294,322,284,2.682,-2.682,71.3,7.7,3.901728272,21,14,5,0,0,0,7,33.3,0,0,2.69,0.32,-0.91,-0.91,90.3,136,21.428571428571427,0.0,0.0,5.91,-1.53,0.61,2.06,0.238,0,-5.5875,0.228,0.267,5.5875,0.01,0.0099999999999999,-0.029,-0.004,31.3,53.7,14.11028348611604,-6.925010122938145,31.13138812366576,0.4791666666666667,41.6283960573636,33.847502609665256,TOR
Wyatt Mills,670090,2026,6.1,36,5,0,13.9,25.0,0,0,5.68,0.234,0.293,0.338,0.368,25.0,0.0,25.0,81.916543,92.929486842,23.9,18.8,22.6,41.6,40.0,25.0,25.0,149,TBD,10,670090,151,6.6,0.5,0.0,0.667,0.5,0.445,0.4,0.412,2,4,90.4,-7.0,2110,85.9,87.24,2,10,0,1.2999999999999972,7.08,95,150,119,146,305,313,290,-0.165,0.165,70.7,6.8,0.253053228,4,3,2,0,0,0,1,25.0,0,0,2.74,0.37,0.06,0.06,92.0,161,33.33333333333333,0.0,0.0,3.06,-4.1,0.17,2.46,0.5,0,1.65,0.412,0.512,-1.65,0.088,0.088,-0.012,0.045,20.0,-11.2,3.2361900371624337,2.247546788592456,32.482706378627185,0.5,35.90996740259955,28.76326873679644,TBD
Kendry Rojas,696070,2026,29.2,130,34,2,26.2,16.9,1,1,3.34,0.179,0.282,0.321,0.288,34.2,6.8,31.5,72.879891429,93.244567571,19.7,44.7,28.1,43.8,43.8,28.8,16.4,521,TBD,21,696070,521,4.0,0.5,0.5,0.6,1.0,0.637,0.499,0.379,4,8,95.9,21.8,2332,93.7,94.64,8,21,0,0.8999999999999915,6.69,109,150,114,144,296,330,290,-1.167,1.167,71.3,6.7,1.97662494,8,6,2,1,0,1,2,25.0,0,0,1.6,0.99,0.26,-0.26,93.0,231,50.0,16.666666666666664,12.5,5.95,1.46,0.03,2.63,0.5,1,5.557142857,0.379,0.81,-5.557142857,0.121,0.121,0.19,0.138,38.1,46.0,2.964784714086562,14.03206937714126,31.4250136096175,0.4285714285714285,38.08259183811079,18.29513904271089,TBD
Edward Cabrera,665795,2026,80.0,350,71,16,20.3,10.3,5,5,5.96,0.273,0.454,0.355,0.352,35.4,11.7,42.5,80.425870763,95.008789915,13.4,47.6,26.5,47.7,44.6,23.8,26.7,1353,TBD,25,665795,1353,1.8,0.357,0.071,0.5,0.429,0.345,0.365,0.37,5,14,86.6,5.3,2105,95.7,96.45,8,25,0,0.7999999999999972,6.63,110,151,122,149,304,317,293,0.255,-0.255,75.8,7.7,2.80986108,14,10,4,1,0,0,4,28.6,0,0,1.98,0.51,1.12,1.12,90.4,151,30.0,0.0,0.0,5.9,-1.49,-0.3,2.13,0.357,0,-1.02,0.37,0.461,1.02,-0.013,-0.013,-0.032,-0.02,32.0,34.6,8.122275460057635,-1.8360376172245731,30.00096950718453,0.68,36.04877343897941,29.792917013497625,TBD
Edgardo Henriquez,683618,2026,60.0,242,71,1,29.3,10.3,4,1,2.85,0.17,0.237,0.248,0.244,24.3,2.9,27.1,71.445220441,92.413019265,20.6,45.7,30.3,49.1,43.6,23.6,19.3,968,TBD,59,683618,972,6.1,0.36,0.0,0.5,0.36,0.321,0.222,0.239,9,25,83.3,23.3,2614,98.0,98.23,20,59,0,0.2000000000000028,6.48,111,153,121,148,305,318,291,1.522,-1.522,71.6,7.2,2.45813414,25,18,9,0,0,0,7,28.0,0,0,1.47,0.94,0.65,0.65,90.3,156,16.666666666666664,0.0,0.0,5.9,-2.11,-0.03,2.51,0.36,0,-2.579661017,0.239,0.275,2.579661017,0.121,0.121,0.085,0.099,33.9,36.5,8.61850189840308,-0.1127025958892367,29.9290421509398,0.5932203389830508,36.6132544234913,29.264006375495885,TBD
Tanner Bibee,676440,2026,182.0,780,148,29,19.0,7.1,6,15,4.35,0.252,0.42,0.316,0.32,35.4,8.5,39.3,78.48833,93.901466726,17.3,38.4,23.6,47.2,37.7,28.6,24.2,2968,CLE,162,676440,2968,5.5,0.267,0.107,0.306,0.373,0.278,0.243,0.217,20,75,88.9,20.3,2453,86.8,87.55,35,162,0,0.7999999999999972,6.66,105,154,127,148,296,324,289,5.153,-5.153,72.2,7.4,2.220783042,75,63,14,5,0,1,12,16.0,0,0,2.67,0.37,-0.09,-0.09,91.0,156,39.68253968253968,4.761904761904762,4.0,6.2,-2.23,0.22,2.42,0.267,3,-3.180864198,0.217,0.353,3.180864198,0.05,0.05,0.02,0.035,21.6,52.0,11.04297993010774,-4.766350514393468,31.25925822102809,0.6111111111111112,37.46771516147636,32.69786078596543,CLE
Dylan Smith,681916,2026,38.2,173,44,3,25.4,12.1,0,6,3.96,0.22,0.357,0.301,0.301,36.8,5.7,46.2,78.688247255,94.546246275,16.7,45.7,24.9,48.4,36.8,24.5,24.5,690,SF,88,681916,703,12.5,0.389,0.139,0.419,0.528,0.368,0.285,0.272,14,36,89.9,14.2,2415,92.7,93.5,17,88,0,0.7999999999999972,6.69,106,149,117,144,297,319,293,0.154,-0.154,71.9,7.3,3.186186494,39,32,11,2,0,1,7,17.9,0,0,1.53,1.14,0.17,0.17,92.1,192,46.875,6.25,5.128205128205128,6.09,-1.37,0.04,2.49,0.359,2,-0.175,0.265,0.403,0.175,0.117,0.0939999999999999,0.125,0.083,19.3,51.6,8.650920052087676,0.1907066935710009,32.13237018389428,0.4886363636363636,36.97614342397677,29.498163387081707,SF
Trevor Martin,694680,2026,14.1,66,8,4,12.1,9.1,0,1,4.4,0.254,0.478,0.416,0.359,34.0,10.0,42.0,77.3083688,93.93599551,16.5,36.7,22.0,47.6,48.0,34.0,16.0,229,LAA,6,694680,229,2.6,0.5,0.0,0.5,0.5,0.445,0.157,0.168,2,4,74.7,-10.8,2203,92.0,92.63,1,6,0,0.5999999999999943,6.83,100,143,115,141,313,326,303,-0.588,0.588,73.0,6.9,0.221589588,4,4,2,0,0,0,0,0.0,0,0,1.81,0.93,0.44,0.44,88.0,107,0.0,0.0,0.0,5.37,-1.99,-0.22,2.54,0.5,0,9.8,0.168,0.191,-9.8,0.332,0.3319999999999999,0.309,0.288,16.7,24.4,1.3145708490711092,5.729505999787101,28.378141102364104,0.3333333333333333,35.24992619810418,24.38391688706692,LAA
Jack Sinclair,695378,2026,10.1,43,7,0,16.3,9.3,1,0,2.61,0.23,0.311,0.266,0.315,24.1,3.4,41.4,78.058322667,94.856148276,12.0,25.0,15.7,46.4,51.7,27.6,20.7,151,WSH,27,695378,151,17.9,0.091,0.0,0.091,0.091,0.074,0.244,0.24,1,11,88.0,10.7,2374,88.7,89.04,4,27,0,0.2999999999999971,6.52,108,147,115,143,306,326,297,3.086,-3.086,70.1,7.4,1.021893822,12,11,1,0,0,0,1,8.3,0,0,2.51,0.43,-0.18,-0.18,90.8,148,36.36363636363637,0.0,0.0,5.22,-3.09,0.09,2.37,0.083,0,-11.42962963,0.235,0.293,11.42962963,-0.149,-0.1519999999999999,-0.202,-0.17,14.8,18.7,9.90552728517778,-1.6702320443160044,32.53768743393372,0.4444444444444444,35.7454067840434,31.724076895364654,WSH
Sean Newcomb,656794,2026,88.0,369,82,4,22.2,8.9,2,5,3.17,0.256,0.379,0.286,0.318,34.1,6.5,38.6,77.732436083,94.013500335,16.6,39.3,23.2,45.8,45.9,22.4,25.2,1455,CWS,170,656794,1465,11.6,0.242,0.106,0.273,0.348,0.252,0.336,0.301,16,66,92.6,17.6,2406,91.5,90.46,32,170,0,-1.0,5.79,109,150,120,143,293,323,292,7.302,-7.302,72.0,7.2,1.591900555,67,56,11,4,0,1,11,16.4,0,0,2.27,0.51,0.3,-0.3,91.7,175,42.85714285714285,10.714285714285714,8.955223880597014,5.8,2.77,-0.04,2.44,0.239,6,-4.295294118,0.298,0.49,4.295294118,-0.059,-0.059,-0.142,-0.084,18.8,26.7,7.610957180657405,3.7100375133793575,30.798358813456364,0.5,35.70820204806665,27.507582903765204,CWS
Zach McCambley,685112,2026,11.1,54,11,1,20.4,11.1,0,0,4.76,0.301,0.527,0.334,0.392,33.3,11.1,52.8,81.955035556,95.348723056,12.5,55.3,28.4,47.4,50.0,30.6,19.4,214,CIN,22,685112,218,10.1,0.357,0.286,0.4,0.643,0.427,0.3,0.224,5,14,90.3,11.5,2632,88.2,88.32,7,22,0,0.0999999999999943,6.18,106,151,116,149,303,319,285,-1.921,1.921,71.7,7.6,3.199034235,14,11,3,1,0,1,3,21.4,0,0,2.77,0.16,-0.55,-0.55,93.4,193,54.54545454545454,9.090909090909092,7.142857142857142,5.71,-1.2,0.1,2.16,0.357,1,8.731818182,0.224,0.493,-8.731818182,0.133,0.1329999999999999,0.15,0.127,31.8,31.9,10.833530833864684,-3.0336757832838006,34.89813336762774,0.5,38.840268573328736,30.674103685591746,CIN
Chris Murphy,669684,2026,33.2,150,35,4,23.3,10.7,3,0,4.81,0.216,0.357,0.342,0.303,27.4,8.4,35.8,76.725825319,93.382815269,24.0,45.5,30.1,50.3,26.3,38.9,24.2,614,TBD,32,669684,614,5.2,0.4,0.5,0.333,0.9,0.497,0.426,0.349,4,10,88.7,26.3,2393,89.9,89.53,6,32,0,-0.4000000000000057,6.1,103,149,118,143,294,324,290,-1.125,1.125,73.4,7.5,2.270111676,11,10,1,2,0,1,1,9.1,0,0,2.37,0.51,-0.09,0.09,91.0,217,20.0,20.0,18.181818181818183,5.34,1.98,0.0,2.38,0.364,2,3.515625,0.322,0.761,-3.515625,0.051,0.0419999999999999,0.139,0.071,18.8,39.9,12.069638362413013,-2.2898408224999125,29.64484044267112,0.6875,37.24248765439973,31.374170016859477,TBD
Kyle Leahy,681517,2026,140.0,596,132,15,22.1,6.9,10,5,3.66,0.272,0.445,0.327,0.337,36.2,9.8,47.0,80.586446346,95.319318313,12.4,46.9,22.7,46.3,45.8,23.7,26.1,2327,STL,113,681517,2328,4.9,0.229,0.083,0.324,0.313,0.235,0.279,0.263,11,48,91.3,12.9,2246,89.4,90.98,33,113,0,1.5999999999999943,7.19,106,151,117,146,307,321,288,6.57,-6.57,72.4,7.3,1.846412957,48,34,7,4,0,0,14,29.2,0,0,2.56,0.3,-0.09,-0.09,91.4,163,44.11764705882353,5.88235294117647,4.166666666666666,5.52,-1.86,0.23,2.28,0.229,2,-5.814159292,0.263,0.385,5.814159292,-0.034,-0.034,-0.072,-0.044,29.2,41.8,9.377293411322183,1.389179558266573,32.30299069750705,0.504424778761062,38.600967583140125,29.531067249736143,STL
Elmer Rodríguez,695684,2026,26.2,125,21,2,16.8,12.8,0,3,5.4,0.257,0.387,0.337,0.357,32.9,8.5,36.6,76.290464878,93.803608272,16.8,53.7,29.3,39.8,47.6,22.0,26.8,497,TBD,40,695684,497,8.0,0.2,0.05,0.25,0.25,0.197,0.261,0.246,4,20,88.3,17.7,2074,90.9,91.13,14,40,0,0.1999999999999886,6.6,105,150,124,150,295,331,295,1.953,-1.953,71.3,7.4,4.608139774,20,16,3,1,0,0,4,20.0,0,0,2.7,0.16,0.48,0.48,92.1,142,37.5,12.5,10.0,5.81,-2.42,-0.03,1.93,0.2,2,-4.8825,0.246,0.363,4.8825,-0.046,-0.0459999999999999,-0.113,-0.064,35.0,33.2,10.990166421297516,-6.622455741352959,34.54827383379601,0.375,33.920947869162134,33.18519833001042,TBD
Cam Schlittler,693645,2026,193.2,761,239,16,31.4,6.4,14,6,1.95,0.206,0.326,0.243,0.262,32.5,7.3,38.3,77.699858553,93.752402829,22.1,43.6,29.4,52.0,44.3,25.4,21.9,3040,NYY,175,693645,3044,5.7,0.192,0.082,0.22,0.274,0.201,0.257,0.258,14,73,87.7,10.9,2573,96.5,97.39,46,175,0,0.9000000000000057,6.77,108,149,124,149,295,327,287,8.669,-8.669,72.1,7.1,1.328700132,73,60,11,1,1,1,13,17.8,0,0,1.49,0.97,0.23,0.23,90.2,157,33.33333333333333,3.333333333333333,2.73972602739726,5.99,-1.93,0.06,2.65,0.192,2,-4.953714286,0.258,0.334,4.953714286,-0.066,-0.066,-0.06,-0.056,26.3,38.5,5.992349868199097,4.4451828407682505,28.843269671207292,0.4628571428571428,36.75673716833785,26.467941799199654,NYY
Paul Sewald,623149,2026,52.1,215,53,13,24.7,6.0,2,5,4.82,0.219,0.465,0.302,0.315,39.3,13.8,39.3,79.458132361,94.397860625,19.7,42.0,26.5,51.7,22.1,43.4,19.3,834,TOR,48,623149,838,5.7,0.056,0.167,0.0,0.222,0.114,0.287,0.21,1,18,90.4,32.8,2569,87.0,86.79,13,48,0,-0.2000000000000028,6.25,105,150,114,146,297,322,284,3.436,-3.436,71.6,7.2,1.632811993,18,15,0,0,0,1,3,16.7,0,0,2.22,0.83,-0.07,-0.07,91.7,190,40.0,13.333333333333334,11.11111111111111,4.44,-3.61,0.15,2.51,0.056,2,-7.158333333,0.21,0.478,7.158333333,-0.154,-0.154,-0.256,-0.173,27.1,14.5,7.165030408325617,1.7178515899284952,30.995160384627173,0.4791666666666667,37.71438783213733,28.24261115023025,TOR
Emmet Sheehan,686218,2026,112.1,472,132,21,28.0,7.0,5,8,4.57,0.218,0.379,0.32,0.292,34.4,9.7,38.5,77.952393893,93.908948687,18.4,52.8,31.6,50.7,35.8,29.8,23.1,1954,TBD,86,686218,1960,4.4,0.083,0.083,0.095,0.167,0.106,0.133,0.119,3,36,86.1,22.1,2392,88.9,89.37,36,86,0,0.5,6.57,107,153,118,148,305,314,287,7.944,-7.944,71.4,7.3,2.441371801,36,22,2,0,0,1,14,38.9,0,0,2.29,0.63,0.28,0.28,90.8,149,27.27272727272727,4.545454545454546,2.7777777777777777,5.21,-1.3,0.38,2.54,0.083,1,-9.237209302,0.119,0.199,9.237209302,-0.036,-0.0359999999999999,-0.032,-0.027,41.9,27.7,11.675663727673458,-3.307376847622529,28.160032531258715,0.686046511627907,38.65739653064248,32.12124138612839,TBD
Tomoyuki Sugano,608372,2026,154.1,656,96,33,14.6,5.5,12,12,5.37,0.303,0.538,0.356,0.377,37.4,11.7,43.2,80.796965349,95.032128547,10.8,38.9,19.6,47.4,37.8,31.3,26.3,2522,COL,150,608372,2526,5.9,0.394,0.282,0.381,0.676,0.445,0.394,0.367,28,71,93.4,18.7,2384,89.0,89.3,24,150,0,0.2999999999999971,6.26,105,150,120,145,305,332,297,-4.72,4.72,74.2,7.5,1.608954252,73,67,17,6,1,4,6,8.2,0,0,2.4,0.48,0.26,0.26,93.2,186,47.76119402985074,7.462686567164178,6.849315068493151,5.91,-2.61,0.13,2.19,0.384,5,3.146666667,0.358,0.579,-3.146666667,0.027,0.026,0.097,0.051,16.0,40.8,9.51824401783374,-2.830509962177252,33.049638387382664,0.6266666666666667,37.11321093032102,32.0731561433056,COL
Rico Garcia,670329,2026,67.0,265,68,9,25.7,8.3,5,1,3.09,0.204,0.327,0.258,0.265,24.9,5.2,34.1,75.445666471,93.200597337,27.5,41.7,31.9,49.0,42.2,25.4,19.7,997,BAL,52,670329,1007,5.2,0.269,0.192,0.3,0.462,0.313,0.276,0.249,7,26,92.3,5.4,2484,90.3,89.56,14,52,0,-0.7000000000000028,5.88,109,150,116,144,307,326,292,0.869,-0.869,74.6,7.8,3.478151801,26,21,4,2,0,1,5,19.2,0,0,2.45,0.36,0.28,0.28,93.8,105,57.14285714285714,4.761904761904762,3.8461538461538463,5.93,-1.41,0.1,2.17,0.269,1,-1.671153846,0.249,0.398,1.671153846,0.02,0.02,0.064,0.037,26.9,48.8,11.703503322151835,-6.364561334989132,29.21206792872209,0.5769230769230769,37.65291450226496,33.41702568934123,BAL
Eddy Yean,678868,2026,11.0,45,7,1,15.6,4.4,0,1,2.45,0.24,0.318,0.256,0.273,28.6,2.9,34.3,81.190885556,92.922509429,13.1,17.6,14.1,46.4,57.1,20.0,14.3,168,TBD,17,678868,168,10.1,0.429,0.143,0.5,0.571,0.435,0.324,0.34,3,7,90.1,-4.0,2316,95.6,95.79,3,17,0,0.2000000000000028,6.45,107,152,118,148,306,329,301,-0.76,0.76,73.9,7.3,0.768986193,7,6,2,1,0,0,1,14.3,0,0,2.0,0.51,1.05,1.05,90.0,153,33.33333333333333,0.0,0.0,5.45,-1.78,0.07,2.29,0.429,0,4.470588235,0.34,0.399,-4.470588235,0.089,0.0889999999999999,0.172,0.111,17.6,32.2,4.514957554655119,7.7284998598858525,31.207305795975447,0.4117647058823529,37.37793687280289,27.755550340773915,TBD
Drew Anderson,623454,2026,108.0,457,114,16,24.9,9.6,5,7,3.67,0.226,0.373,0.317,0.305,30.0,8.6,37.9,79.762807153,94.019375296,12.8,48.4,27.0,49.2,48.8,24.2,19.1,1770,DET,118,623454,1772,6.7,0.286,0.143,0.351,0.429,0.308,0.295,0.259,14,49,87.9,7.1,2119,89.1,89.47,30,118,0,0.4000000000000057,6.57,113,153,124,148,306,324,287,1.876,-1.876,72.4,7.4,2.884889618,49,38,10,2,1,1,11,22.4,0,0,2.85,0.07,0.39,0.39,91.4,130,31.57894736842105,5.263157894736842,4.081632653061225,5.67,-2.06,0.14,2.17,0.286,2,-1.589830508,0.259,0.43,1.589830508,0.027,0.0269999999999999,-0.001,0.013,25.4,42.8,10.39815775607408,-4.140941189409266,30.96558201413886,0.6101694915254238,37.374746971964655,31.740933953715604,DET
Janson Junk,676083,2026,119.0,505,84,14,16.6,6.3,6,9,4.31,0.258,0.41,0.322,0.317,29.9,7.0,38.5,79.226535714,94.362981061,9.8,29.5,15.2,48.7,43.8,22.7,20.8,1917,MIA,122,676083,1919,6.4,0.321,0.214,0.3,0.536,0.362,0.359,0.31,18,56,89.4,17.2,2307,86.1,86.48,13,122,0,0.4000000000000057,6.53,111,148,119,144,306,327,297,-1.584,1.584,71.7,7.3,2.400868595,57,53,12,3,0,3,4,7.0,0,0,2.83,0.29,-0.25,-0.25,91.4,155,32.075471698113205,7.547169811320755,7.017543859649122,5.69,-1.18,0.19,2.29,0.316,4,1.298360656,0.31,0.528,-1.298360656,0.011,0.006,0.008,0.003,10.7,45.1,10.110059820476993,-1.7724956123694602,32.31582792556853,0.4590163934426229,37.795465457374334,31.588384969517453,MIA
Bradgley Rodriguez,699134,2026,72.0,301,81,6,26.9,6.6,4,3,2.25,0.19,0.297,0.266,0.239,27.0,4.5,30.0,76.26349102,92.978718367,23.9,41.9,30.1,51.6,51.0,25.5,17.0,1183,SD,77,699134,1184,6.5,0.229,0.086,0.308,0.314,0.234,0.2,0.174,8,35,88.1,9.0,2198,95.7,95.51,18,77,0,-0.2000000000000028,6.25,115,152,123,147,305,328,295,3.314,-3.314,72.2,7.4,1.543618181,35,26,6,1,1,0,9,25.7,0,0,1.53,0.98,0.9,0.9,90.6,140,12.0,8.0,5.714285714285714,5.92,-0.39,-0.25,2.33,0.229,2,-4.303896104,0.174,0.296,4.303896104,0.055,0.055,0.018,0.034,23.4,45.1,10.176008051766692,-2.0522533110338954,31.26485711704215,0.5584415584415584,34.74797859852151,30.66466144567763,SD
Luis Mey,682825,2026,33.2,162,48,3,29.6,13.6,0,2,6.42,0.224,0.393,0.345,0.333,31.0,8.3,46.0,82.967316098,95.819545,23.4,50.0,31.0,41.1,49.4,27.6,17.2,652,CIN,83,682825,653,12.7,0.333,0.056,0.444,0.389,0.309,0.253,0.255,12,36,93.5,16.3,2311,93.5,93.83,21,83,0,0.2999999999999971,6.64,108,151,115,146,302,324,285,0.665,-0.665,71.8,7.3,1.29093265,37,27,10,2,0,0,10,27.0,0,0,2.38,0.28,0.47,0.47,92.6,140,51.85185185185185,0.0,0.0,5.45,-2.14,-0.05,2.32,0.324,0,-0.801204819,0.248,0.348,0.801204819,0.078,0.076,0.041,0.056,25.3,28.9,8.435129370092195,-0.0599749954453404,30.457375914145977,0.5301204819277109,36.7976846832004,30.6363813744656,CIN
Justin Topa,623437,2026,22.0,108,15,4,13.9,11.1,0,1,6.95,0.288,0.464,0.403,0.367,25.3,7.8,43.0,78.605425641,95.083613377,10.5,29.8,16.6,43.7,54.4,22.8,19.0,413,TBD,15,623437,414,3.6,0.333,0.111,0.429,0.444,0.338,0.239,0.248,3,9,88.8,11.3,2450,87.7,86.65,4,15,0,-1.0,5.63,110,151,121,151,290,330,286,-0.67,0.67,71.4,7.0,3.193722493,9,7,2,1,0,0,2,22.2,0,0,2.77,0.24,0.1,0.1,92.5,120,42.85714285714285,0.0,0.0,4.88,-2.26,0.21,2.55,0.333,0,4.466666667,0.248,0.299,-4.466666667,0.085,0.085,0.145,0.099,26.7,11.8,7.135360446808925,0.8207670548841834,27.424239438763117,0.4,38.38015515490716,30.722176881733684,TBD
Framber Valdez,664285,2026,174.0,758,135,16,17.8,8.8,10,12,4.03,0.258,0.385,0.315,0.321,28.2,5.6,41.9,79.280653094,94.648901679,10.4,39.9,20.6,46.8,56.3,18.3,21.4,2768,DET,282,664285,2771,10.2,0.246,0.092,0.266,0.338,0.252,0.301,0.295,35,142,91.5,3.3,2212,87.9,87.04,45,282,0,-0.9000000000000057,5.74,105,150,120,146,305,324,286,11.681,-11.681,72.4,7.5,1.881034969,143,126,26,7,0,2,17,11.9,0,0,2.98,0.03,0.49,-0.49,93.2,111,47.61904761904761,5.555555555555555,4.895104895104895,5.94,1.12,-0.05,2.05,0.245,7,-4.142198582,0.293,0.409,4.142198582,-0.049,-0.0479999999999999,-0.071,-0.049,16.0,43.9,10.57154827742024,-4.688320434977073,32.49174560676419,0.5567375886524822,36.07142271613972,32.57466901155954,DET
Kent Emanuel,592288,2026,5.0,23,4,0,17.4,13.0,0,1,3.6,0.206,0.321,0.379,0.308,33.3,6.7,40.0,81.73518875,95.387742,13.3,38.5,20.9,44.8,33.3,20.0,33.3,96,TBD,36,592288,96,37.5,0.231,0.231,0.231,0.462,0.288,0.233,0.208,3,13,90.0,20.2,2220,84.9,84.13,6,36,0,-0.8000000000000114,5.75,105,150,114,143,303,323,283,1.474,-1.474,75.3,7.6,1.247228397,13,13,1,1,1,0,0,0.0,0,0,2.81,0.38,0.47,-0.47,92.9,152,38.46153846153847,7.6923076923076925,7.6923076923076925,6.01,2.33,-0.21,2.47,0.231,1,-4.094444444,0.208,0.338,4.094444444,0.023,0.023,0.124,0.055,16.7,24.6,8.957121282241257,-4.289025133193381,30.03996446170975,0.4166666666666667,36.06588145425125,31.67367713669006,TBD
Gabe Speier,642100,2026,45.0,190,45,5,23.7,7.9,2,3,3.0,0.214,0.388,0.285,0.297,28.0,10.5,36.8,76.493828197,93.911668852,18.6,39.0,24.5,52.0,44.0,28.8,20.0,698,SEA,70,642100,706,9.9,0.212,0.091,0.286,0.303,0.224,0.267,0.23,7,33,86.3,20.0,2201,93.8,93.57,21,70,0,-0.2000000000000028,6.2,109,151,118,145,294,322,293,2.872,-2.872,71.4,7.0,1.069845516,33,22,6,0,0,1,11,33.3,0,0,1.77,0.84,0.78,-0.78,90.9,202,31.818181818181817,9.090909090909092,6.0606060606060606,5.44,2.15,0.12,2.64,0.212,2,-4.102857143,0.23,0.396,4.102857143,-0.018,-0.018,-0.093,-0.043,30.0,28.7,6.73819510367033,5.047855367573206,29.45300660433956,0.5285714285714286,37.175386214078834,25.978796656068884,SEA
Drew Sommers,805427,2026,39.2,169,62,4,36.7,8.3,2,4,3.63,0.175,0.245,0.286,0.229,24.4,3.3,30.0,73.296619302,92.693397907,22.4,46.9,31.1,49.5,63.3,14.4,18.9,642,DET,99,805427,651,15.2,0.217,0.152,0.308,0.37,0.252,0.216,0.199,10,46,92.6,2.1,2200,93.4,94.97,36,99,0,1.5999999999999943,7.23,109,150,119,147,306,323,287,1.835,-1.835,71.5,7.0,1.419437225,46,28,7,1,0,2,18,39.1,0,0,2.12,0.51,0.97,-0.97,91.9,157,60.71428571428571,7.142857142857142,4.3478260869565215,4.7,2.94,0.01,2.44,0.217,2,-1.853535354,0.199,0.304,1.853535354,0.018,0.0179999999999999,0.066,0.036,36.4,11.6,4.692719641922321,9.164943449803614,32.38872105138693,0.4242424242424242,37.3278012273008,23.88531055067785,DET
Clay Holmes,605280,2026,101.1,419,78,6,18.6,10.0,6,8,3.29,0.244,0.348,0.273,0.303,26.0,4.4,40.5,78.954358163,94.127816667,11.0,38.7,21.9,45.3,60.8,18.6,17.9,1613,CHC,98,605280,1614,6.1,0.204,0.074,0.213,0.278,0.206,0.239,0.225,11,54,90.0,6.3,2426,87.1,86.24,20,98,0,-0.8999999999999915,5.73,109,151,119,148,303,323,294,5.979,-5.979,71.6,7.6,5.218226068,55,48,9,1,0,1,7,12.7,0,0,3.14,-0.1,0.21,0.21,92.5,116,40.42553191489361,4.25531914893617,3.636363636363636,6.36,-1.08,0.2,2.04,0.2,2,-6.101020408,0.225,0.329,6.101020408,-0.021,-0.0249999999999999,-0.051,-0.033,20.4,39.1,13.733181615097685,-6.97828232925818,32.970636680247694,0.6020408163265306,39.27430807162725,34.69287860455216,CHC
Will Klein,694361,2026,41.2,189,49,3,25.9,11.1,3,4,3.67,0.235,0.302,0.319,0.289,30.2,2.6,37.9,77.11063193,94.184867719,12.0,46.9,23.9,43.3,56.0,10.3,24.1,762,TBD,9,694361,767,1.2,1.0,0.0,1.0,1.0,0.89,0.442,0.491,1,1,82.9,11.0,2300,93.7,94.88,2,9,0,1.2000000000000028,6.82,89,146,115,141,303,312,290,-0.196,0.196,69.3,6.6,0.420754164,1,1,1,0,0,0,0,0.0,0,0,1.85,0.75,0.14,0.14,88.5,198,0.0,0.0,0.0,5.37,-1.43,0.14,2.73,1.0,0,2.177777778,0.491,0.52,-2.177777778,0.509,0.509,0.48,0.448,22.2,37.9,1.6058725581188646,14.97238609411172,31.356340833633094,0.3333333333333333,36.89571961206285,21.48153762062413,TBD
Peter Lambert,663567,2026,153.2,656,153,17,23.3,9.0,8,10,3.87,0.221,0.361,0.302,0.298,34.0,6.9,35.6,77.473271321,93.497193561,18.5,39.2,25.5,48.7,37.5,32.4,22.0,2601,HOU,151,663567,2603,5.8,0.242,0.136,0.292,0.379,0.264,0.254,0.225,16,66,85.2,22.4,2277,90.9,90.47,40,151,0,-0.4000000000000057,6.17,106,150,113,144,295,325,285,1.837,-1.837,72.4,7.4,1.380077272,67,50,11,3,0,2,17,25.4,0,0,1.86,0.93,0.44,0.44,90.1,158,30.0,10.0,7.462686567164178,6.0,-2.46,0.01,2.36,0.239,5,-1.216556291,0.225,0.364,1.216556291,0.017,0.0139999999999999,0.015,0.01,26.5,48.2,8.726801557681584,-0.4529901884498412,31.020687196714768,0.5629139072847682,35.82150727739696,30.117324217966388,HOU
Bubba Chandler,696149,2026,154.0,674,140,15,20.8,11.9,8,10,4.62,0.236,0.38,0.316,0.318,31.4,6.1,39.2,78.678420409,93.95743175,15.1,38.1,22.2,46.7,39.5,28.9,22.4,2685,PIT,126,696149,2692,4.7,0.266,0.109,0.302,0.375,0.277,0.332,0.316,17,64,87.9,9.9,2331,94.9,95.52,23,126,0,0.5999999999999943,6.62,106,151,121,149,309,326,295,1.005,-1.005,72.3,7.1,1.383705136,64,54,13,2,1,1,10,15.6,0,0,1.62,0.92,0.46,0.46,91.4,158,37.03703703703704,5.555555555555555,4.6875,5.57,-1.22,-0.02,2.5,0.266,3,-0.797619048,0.316,0.457,0.797619048,-0.05,-0.0499999999999999,-0.082,-0.055,18.3,40.5,6.045608719717103,4.993543706587173,31.25970446040392,0.4841269841269841,36.262540237991445,26.027342781362947,PIT
Michael Grove,675627,2026,7.0,28,6,3,21.4,0.0,1,0,5.14,0.289,0.708,0.36,0.423,45.5,18.2,36.4,80.771469091,95.023928182,6.9,68.8,28.9,50.6,27.3,31.8,31.8,89,TBD,13,675627,89,14.6,0.375,0.375,0.286,0.75,0.479,0.4,0.309,3,8,95.9,24.3,2305,91.2,92.75,1,13,0,1.5,6.97,105,153,122,149,314,341,300,-0.963,0.963,74.4,7.2,0.127393716,8,8,2,0,0,1,0,0.0,0,0,1.86,0.87,0.36,0.36,94.0,187,37.5,12.5,12.5,6.0,-1.15,0.06,2.53,0.375,1,7.407692308,0.309,0.647,-7.407692308,0.066,0.066,0.103,0.079,7.7,52.9,9.38587119927647,-0.2951139605177565,30.906353411328645,0.6923076923076923,35.778296386373086,28.60300830781077,TBD
Hunter Brown,686613,2026,107.1,451,124,11,27.5,12.2,6,4,3.19,0.199,0.313,0.289,0.282,27.6,6.0,36.9,74.185927669,93.253422453,17.5,43.6,26.7,42.4,57.1,21.6,16.8,1881,HOU,149,686613,1881,7.9,0.26,0.096,0.279,0.356,0.269,0.233,0.224,19,73,82.9,2.8,2190,93.6,94.12,30,149,0,0.5,6.7,108,151,114,146,295,324,283,0.466,-0.466,71.5,7.1,1.587825459,73,63,16,1,0,2,10,13.7,0,0,1.96,0.67,0.67,0.67,90.7,118,31.746031746031743,3.1746031746031744,2.73972602739726,6.06,-2.02,-0.14,2.51,0.26,2,-0.312751678,0.224,0.314,0.312751678,0.036,0.036,0.042,0.036,20.1,53.0,6.655953157623263,6.150154273646946,30.00863755532519,0.5369127516778524,34.4059355379773,25.71744586253496,HOU
Jeffrey Springs,605488,2026,142.2,630,112,35,17.8,9.0,4,14,6.18,0.253,0.45,0.369,0.339,36.2,9.5,34.9,76.270514598,93.451683616,16.0,36.0,22.9,46.4,34.6,33.1,25.9,2464,OAK,179,605488,2464,7.3,0.207,0.183,0.191,0.39,0.255,0.27,0.235,17,82,84.4,15.8,1798,84.4,84.44,44,179,0,0.0,6.29,105,151,116,146,306,326,292,9.516,-9.516,72.5,7.6,3.320572673,82,72,10,3,0,4,10,12.2,0,0,2.42,0.82,0.74,-0.74,90.9,169,29.166666666666668,8.333333333333332,7.317073170731707,6.13,2.3,0.33,2.28,0.207,6,-5.316201117,0.235,0.399,5.316201117,-0.028,-0.0279999999999999,-0.009,-0.015,24.6,45.4,12.90885867825166,-8.101407414050454,31.217108979027312,0.5307262569832403,38.87478885773484,35.24342681895784,OAK
Jimmy Herget,623474,2026,53.2,237,47,10,19.8,11.0,0,6,5.7,0.237,0.414,0.366,0.325,32.3,9.9,37.3,76.674947215,94.036316203,18.5,37.1,24.8,47.4,34.8,30.4,25.5,946,COL,68,623474,954,7.1,0.275,0.175,0.29,0.45,0.312,0.283,0.255,11,40,88.2,13.5,2720,84.3,82.83,18,68,0,-1.5,5.06,106,150,118,146,306,330,294,1.417,-1.417,72.0,7.7,3.753541744,40,33,8,1,0,2,7,17.5,0,0,2.84,0.37,-0.09,-0.09,92.5,137,36.36363636363637,9.090909090909092,7.5,4.85,-2.63,0.33,2.29,0.275,3,-2.083823529,0.255,0.408,2.083823529,0.02,0.02,0.042,0.029,26.5,0.8,13.501919339254698,-11.597697618403842,30.891244914910992,0.5,39.22772603076374,35.701247695601595,COL
Jonathan Pintaro,702752,2026,30.2,130,30,5,23.1,12.3,2,3,5.28,0.22,0.37,0.342,0.319,25.9,6.3,39.5,78.694675897,93.967919231,19.1,39.7,25.7,46.0,43.2,27.2,21.0,523,NYM,60,702752,524,11.5,0.462,0.231,0.5,0.692,0.498,0.396,0.365,12,26,92.0,6.1,2567,92.5,92.67,18,60,0,0.2000000000000028,6.32,107,153,122,148,301,319,291,-1.249,1.249,72.1,7.2,2.005526023,26,23,8,3,0,1,3,11.5,0,0,2.11,0.56,0.27,0.27,92.4,141,60.86956521739131,4.3478260869565215,3.8461538461538463,5.07,-2.82,0.34,2.54,0.462,1,2.081666667,0.365,0.552,-2.081666667,0.097,0.097,0.14,0.102,30.0,22.5,7.555729344536132,3.850441053519988,27.57617821416869,0.4833333333333333,39.62546751903398,27.92391930786084,NYM
Wyatt Olds,681544,2026,15.0,64,20,2,31.3,10.9,2,0,1.2,0.188,0.332,0.289,0.282,33.3,8.3,30.6,82.226876111,93.561926111,23.7,53.7,32.8,50.4,41.7,30.6,16.7,266,TBD,57,681544,266,21.4,0.25,0.042,0.316,0.292,0.238,0.21,0.223,6,24,86.6,13.4,2414,91.7,91.86,15,57,0,0.2000000000000028,6.38,108,153,122,144,295,317,286,0.75,-0.75,70.7,7.2,3.990904345,24,19,5,1,0,0,5,20.8,0,0,2.36,0.36,0.22,0.22,89.8,135,15.789473684210526,0.0,0.0,5.56,-2.35,-0.06,2.22,0.25,0,-1.315789474,0.223,0.253,1.315789474,0.027,0.0269999999999999,0.039,0.028,26.3,32.2,8.52900974979719,-4.060785542072252,30.84325903260948,0.543859649122807,33.818267034766464,31.72673164991073,TBD
Jack Ralston,667652,2026,16.0,77,19,4,24.7,11.7,0,2,4.5,0.215,0.445,0.359,0.327,25.0,14.6,39.6,73.778494348,94.306513913,15.6,24.1,17.6,38.3,47.9,31.3,12.5,311,MIA,35,667652,312,11.2,0.357,0.429,0.333,0.786,0.484,0.409,0.32,5,14,88.7,14.0,1578,87.0,85.97,5,35,0,-1.0,5.69,110,149,119,144,305,323,292,-2.634,2.634,72.4,7.4,0.879278964,14,11,3,0,0,2,3,21.4,0,0,2.53,0.52,0.51,0.51,93.5,157,45.45454545454545,18.181818181818183,14.285714285714285,7.1,-0.24,-0.29,2.25,0.357,2,7.525714286,0.32,0.642,-7.525714286,0.037,0.0369999999999999,0.144,0.075,14.3,64.8,10.24935560126685,-6.424729411188078,33.929366584196906,0.4571428571428571,33.0332334489358,31.212775377965716,MIA
Blake Snell,605483,2026,38.2,173,55,0,31.8,9.2,4,1,1.86,0.182,0.228,0.245,0.228,28.7,2.0,15.8,71.9158414,91.0630215,21.8,49.1,34.8,49.7,43.6,24.8,18.8,741,LAD,195,605483,742,26.3,0.221,0.065,0.279,0.286,0.221,0.225,0.228,17,77,83.2,22.8,2243,89.6,90.26,60,195,0,0.7000000000000028,6.69,109,153,117,147,306,318,287,11.37,-11.37,71.4,7.4,3.559350913,77,61,12,5,0,0,16,20.8,0,0,2.0,0.89,0.45,-0.45,90.6,141,21.311475409836063,3.278688524590164,2.5974025974025974,6.54,2.03,0.03,2.32,0.221,2,-5.830769231,0.228,0.288,5.830769231,-0.007,-0.007,-0.002,-0.004,30.8,56.6,11.302673326002203,-3.667602530497102,32.41771916080571,0.5128205128205128,36.49581661136239,31.29629220760905,LAD
Tim Hill,657612,2026,58.2,241,25,12,10.4,5.4,5,2,4.6,0.261,0.427,0.321,0.325,23.0,6.6,43.4,76.673914896,94.871825729,10.0,21.9,13.1,49.6,68.9,14.8,13.8,816,NYY,48,657612,824,5.8,0.267,0.2,0.231,0.467,0.315,0.295,0.277,8,30,89.5,-5.3,2057,88.0,88.05,3,48,0,0.0999999999999943,6.58,103,146,120,145,285,322,286,-0.518,0.518,72.8,7.1,1.775628524,30,28,6,0,0,2,2,6.7,0,0,3.44,-0.46,1.2,-1.2,93.9,99,46.42857142857143,3.571428571428571,3.333333333333333,3.04,3.97,0.02,2.13,0.267,1,1.079166667,0.277,0.407,-1.079166667,-0.01,-0.01,0.06,0.02,6.3,-23.2,1.367743180906026,7.423037955707924,35.390576393005105,0.2916666666666667,36.09459498341703,24.721409844522025,NYY
Chayce McDermott,694646,2026,7.2,36,6,2,16.7,11.1,1,0,5.87,0.224,0.466,0.38,0.336,34.6,15.4,34.6,82.673278462,93.8503016,19.6,33.3,23.6,46.5,26.9,46.2,15.4,155,NYM,10,694646,155,6.5,0.0,0.0,0.0,0.0,0.0,0.305,0.182,0,5,90.3,29.5,2307,94.5,95.34,3,10,0,0.7999999999999972,6.75,106,154,128,148,300,323,297,1.477,-1.477,74.7,7.4,0.99474582,5,4,0,0,0,0,1,20.0,0,0,1.17,1.38,0.37,0.37,92.2,232,50.0,25.0,20.0,5.74,-1.7,0.22,2.47,0.0,1,-14.77,0.182,0.559,14.77,-0.182,-0.182,-0.559,-0.305,30.0,44.7,7.370570755200327,1.910191572078462,32.568369931735454,0.5,38.75170668479271,28.234173482356,NYM
Marco Gonzales,594835,2026,6.2,29,3,0,10.3,13.8,0,0,1.35,0.208,0.294,0.324,0.267,31.8,4.5,22.7,75.285237273,91.4655,18.8,15.0,17.3,44.1,36.4,27.3,27.3,118,TBD,10,594835,121,8.3,0.4,0.0,0.4,0.4,0.356,0.306,0.326,2,5,84.3,27.2,2068,83.4,83.18,1,10,0,-0.0999999999999943,6.36,107,153,112,147,297,319,287,-0.19,0.19,71.1,7.5,0.242601852,5,5,2,0,0,0,0,0.0,0,0,2.4,0.93,1.4,-1.4,88.8,141,0.0,0.0,0.0,5.26,2.33,0.43,2.14,0.4,0,1.9,0.326,0.374,-1.9,0.074,0.074,0.026,0.05,10.0,34.3,7.851141394575823,-3.3162748735170893,26.86299470960637,0.7,42.41957688638158,33.52522537122745,TBD
Luke Murphy,684665,2026,19.2,88,20,2,22.7,12.5,0,3,6.86,0.238,0.375,0.359,0.323,41.1,5.4,37.5,75.886344286,93.711275,11.3,43.9,22.1,45.3,37.5,23.2,26.8,380,LAA,65,684665,380,17.1,0.192,0.154,0.227,0.346,0.227,0.218,0.22,5,26,85.4,21.1,2270,91.0,91.07,16,65,0,0.0999999999999943,6.44,103,150,119,147,310,330,297,2.646,-2.646,71.7,7.0,1.648038017,26,22,2,2,1,0,4,15.4,0,0,1.99,0.8,0.18,0.18,90.8,167,31.818181818181817,0.0,0.0,5.92,-1.79,0.15,2.63,0.192,0,-4.070769231,0.22,0.284,4.070769231,-0.028,-0.0279999999999999,0.062,0.009,24.6,43.1,7.597864220584588,2.900071343848166,28.775443762905876,0.5230769230769231,37.43799978624892,27.696024393222014,LAA
Kodai Senga,673540,2026,61.1,283,75,14,26.5,14.5,0,9,7.34,0.239,0.432,0.377,0.351,43.6,13.5,39.3,79.8433705,94.234641063,15.8,56.4,29.1,44.4,29.4,34.4,30.1,1129,NYM,38,673540,1130,3.4,0.176,0.235,0.167,0.412,0.247,0.463,0.293,3,17,93.4,25.5,1952,90.0,90.05,12,38,0,0.0,6.36,107,154,122,148,301,325,291,1.996,-1.996,74.2,7.6,3.623975088,17,13,1,1,0,1,4,23.5,0,0,2.22,0.66,0.66,0.66,92.6,207,53.84615384615385,38.46153846153847,29.411764705882355,5.97,-1.93,0.02,2.13,0.176,5,-5.252631579,0.293,0.825,5.252631579,-0.117,-0.1169999999999999,-0.413,-0.216,31.6,45.4,14.11654805888292,-14.067779504360256,31.17198156562759,0.5263157894736842,35.9099388662348,38.11750309252116,NYM
Jhony Brito,666745,2026,9.0,35,6,2,17.1,2.9,0,0,3.0,0.225,0.419,0.275,0.285,25.0,10.7,32.1,78.596454286,92.8598825,15.2,50.0,27.8,58.5,42.9,39.3,10.7,123,TBD,7,666745,123,5.7,0.167,0.0,0.2,0.167,0.148,0.182,0.17,1,6,88.1,13.4,2013,93.7,93.77,1,7,0,0.0999999999999943,6.29,114,153,121,145,302,328,294,0.233,-0.233,72.2,7.4,2.754957432,6,5,1,0,0,0,1,16.7,0,0,1.74,0.86,1.24,1.24,91.5,119,20.0,0.0,0.0,6.14,-0.91,-0.6,2.24,0.167,0,-3.328571429,0.17,0.254,3.328571429,-0.003,-0.003,-0.087,-0.034,14.3,53.1,15.189316718578596,-4.118216068652742,35.11755016314854,0.7142857142857143,30.03207602984009,33.14639601831188,TBD
Juan Morillo,666661,2026,63.1,260,73,3,28.1,8.8,5,4,2.13,0.178,0.258,0.248,0.243,27.0,3.2,32.1,74.168033797,92.939756051,20.6,43.4,29.5,49.4,51.6,20.8,19.5,1028,ARI,70,666661,1032,6.8,0.194,0.065,0.24,0.258,0.196,0.205,0.206,6,31,88.1,8.8,2263,97.4,97.55,12,70,0,0.0999999999999943,6.34,104,149,119,148,298,321,291,4.066,-4.066,71.6,6.9,1.034484985,31,25,4,2,0,0,6,19.4,0,0,1.33,1.08,0.73,0.73,91.2,151,44.0,0.0,0.0,5.79,-1.56,-0.3,2.48,0.194,0,-5.808571429,0.206,0.267,5.808571429,-0.012,-0.0119999999999999,-0.009,-0.009,17.1,47.3,4.020990842631138,6.0052232057427215,31.33336243499136,0.4142857142857143,33.86102507070958,25.98368975743012,ARI
Logan Allen,671106,2026,16.2,81,16,3,19.8,7.4,0,0,5.94,0.242,0.4,0.384,0.315,22.8,8.9,47.4,79.994021786,95.805486786,12.1,36.0,19.7,48.3,49.1,36.8,12.3,325,TBD,47,671106,325,14.5,0.217,0.13,0.235,0.348,0.244,0.269,0.245,5,23,93.0,8.9,1790,85.6,85.82,8,47,0,0.2000000000000028,6.4,101,154,123,146,305,323,297,2.05,-2.05,72.6,7.4,1.333026856,23,18,4,0,0,1,5,21.7,0,0,2.5,0.63,0.23,-0.23,92.5,127,55.55555555555556,11.11111111111111,8.695652173913043,5.08,2.24,-0.1,2.19,0.217,2,-4.361702128,0.245,0.38,4.361702128,-0.028,-0.0279999999999999,-0.032,-0.025,17.0,29.8,10.122000993091154,-1.218476874162421,35.14298102365514,0.4468085106382978,33.89640560667964,30.931622692511123,TBD
Cesar Perdomo,702885,2026,24.2,104,14,4,13.5,6.7,0,1,3.65,0.267,0.427,0.337,0.324,37.3,7.2,42.2,79.46218439,94.022218642,11.3,41.5,19.9,49.6,42.2,30.1,21.7,375,TBD,106,702885,375,28.3,0.255,0.164,0.255,0.418,0.283,0.278,0.253,14,55,90.1,9.5,1890,89.0,88.19,23,106,0,-0.7999999999999972,5.77,105,153,118,147,294,322,293,3.34,-3.34,73.3,7.4,1.738295021,56,49,10,1,1,2,7,12.5,0,0,2.16,0.73,0.84,-0.84,92.4,167,42.85714285714285,8.16326530612245,7.142857142857142,5.71,2.25,0.3,2.46,0.25,4,-3.150943396,0.25,0.404,3.150943396,0.002,0.0,0.014,0.005,21.7,37.6,10.52258565410586,1.289542175873814,31.34069167462305,0.6698113207547169,39.72801505471747,28.719723849271844,TBD
Victor Mederos,682989,2026,32.1,148,34,1,23.0,9.5,5,1,3.62,0.226,0.312,0.28,0.289,30.2,3.1,38.5,77.096894167,93.352539684,19.7,45.6,30.0,49.0,35.4,28.1,21.9,586,ATL,87,682989,588,14.8,0.286,0.114,0.391,0.4,0.298,0.252,0.235,10,35,88.9,21.0,2459,93.3,93.96,27,87,0,0.7000000000000028,6.63,107,151,122,147,311,323,298,2.713,-2.713,72.6,7.3,1.66571213,35,24,8,1,0,1,11,31.4,0,0,2.02,0.6,0.4,0.4,90.9,147,45.83333333333333,4.166666666666666,2.857142857142857,5.22,-2.91,0.3,2.55,0.286,1,-3.118390805,0.235,0.352,3.118390805,0.051,0.0509999999999999,0.048,0.046,31.0,23.3,10.359811919819474,-1.5148367933255706,28.364494309995838,0.5517241379310345,39.52391691594763,30.75786414248301,ATL
Cole Wilcox,677961,2026,27.0,123,28,2,22.8,13.8,0,0,4.0,0.284,0.404,0.326,0.355,36.8,6.7,46.1,81.182641053,95.235350667,19.9,52.5,31.4,46.3,44.7,17.1,34.2,488,TBD,10,677961,492,2.0,0.6,0.0,0.75,0.6,0.534,0.391,0.425,3,5,95.7,3.5,1926,91.2,91.29,2,10,0,0.0999999999999943,6.3,103,147,120,146,293,322,294,-0.742,0.742,69.3,7.4,0.244664886,5,4,3,0,0,0,1,20.0,0,0,2.55,0.21,0.42,0.42,93.5,125,50.0,0.0,0.0,5.65,-2.24,0.09,2.03,0.6,0,7.42,0.425,0.465,-7.42,0.175,0.175,0.135,0.143,20.0,22.3,4.250280040768887,1.49272068895981,37.54534901790652,0.3,38.36289062239143,27.101865645927788,TBD
Matt Wilkinson,683363,2026,24.2,110,20,4,18.2,4.5,1,3,3.65,0.218,0.375,0.283,0.272,29.4,7.1,41.2,79.267628571,93.90163881,11.0,35.1,18.5,43.9,28.2,36.5,18.8,419,SF,125,683363,419,29.8,0.235,0.294,0.2,0.529,0.322,0.287,0.229,16,68,90.7,29.7,1968,87.8,88.39,20,125,0,0.6000000000000085,6.66,107,152,119,148,291,318,292,1.023,-1.023,72.7,7.5,2.481189246,68,60,7,3,1,5,8,11.8,0,0,2.05,0.92,0.78,-0.78,92.2,177,45.0,10.0,8.823529411764707,4.88,3.0,0.33,2.51,0.235,6,-0.8184,0.229,0.449,0.8184,0.006,0.0059999999999999,0.08,0.035,16.0,30.3,9.901105342804158,-0.8245527328101038,29.58765228978657,0.6,39.37115946054924,31.03584018674124,SF
Raisel Iglesias,628452,2026,59.0,239,64,6,26.8,7.1,1,2,2.59,0.231,0.37,0.274,0.289,35.0,9.6,37.6,77.155392051,93.686712949,21.9,43.3,30.0,52.4,38.2,26.8,26.1,911,ATL,69,628452,916,7.5,0.138,0.103,0.15,0.241,0.163,0.239,0.216,4,29,85.7,8.9,2251,90.4,90.12,18,69,0,-0.3000000000000113,6.17,113,150,123,146,311,325,299,4.862,-4.862,73.8,7.7,3.713078753,29,21,3,0,0,1,8,27.6,0,0,2.16,0.65,0.88,0.88,91.0,139,33.33333333333333,9.523809523809524,6.896551724137931,5.45,-2.04,-0.11,2.09,0.138,2,-7.046376812,0.216,0.342,7.046376812,-0.078,-0.0779999999999999,-0.101,-0.076,26.1,30.6,11.58597819164352,-7.142647975534215,34.722266534692245,0.5362318840579711,34.74751431028971,33.03970208264784,ATL
Blake Adams,687060,2026,1.0,9,0,1,0.0,22.2,0,0,45.0,0.535,1.109,0.82,0.698,57.1,28.6,57.1,84.48505,97.928995714,8.3,40.0,17.6,45.9,14.3,42.9,42.9,37,TBD,5,687060,37,13.5,1.0,1.0,1.0,2.0,1.262,1.071,0.703,1,1,104.0,22.0,2179,88.4,88.18,1,5,0,-0.2000000000000028,5.96,97,148,118,147,297,321,292,-0.694,0.694,70.0,6.7,1.231011672,1,1,0,1,0,0,0,0.0,0,0,2.17,0.74,0.03,0.03,92.0,272,100.0,100.0,100.0,5.66,-1.94,0.11,2.9,1.0,1,13.88,0.703,1.883,-13.88,0.297,0.297,0.117,0.191,20.0,37.7,0.3396974637605092,17.697575757509217,28.49448225762156,0.2,38.71849404917713,19.032857376947632,TBD
Dedniel Núñez,673380,2026,18.0,72,20,4,27.8,0.0,1,1,3.5,0.24,0.455,0.29,0.293,34.6,11.5,40.4,82.898464231,94.450022941,17.7,65.4,36.6,61.5,38.5,32.7,25.0,213,NYM,51,673380,213,23.9,0.259,0.296,0.25,0.556,0.344,0.324,0.255,7,27,91.7,19.1,2404,92.4,92.44,17,51,0,0.0,6.35,112,153,124,148,306,325,294,-0.61,0.61,73.1,7.7,3.878233826,27,22,3,2,0,2,5,18.5,0,0,2.07,0.62,0.22,0.22,92.9,193,40.909090909090914,9.090909090909092,7.4074074074074066,5.45,-2.35,0.36,2.22,0.259,2,1.196078431,0.255,0.519,-1.196078431,0.004,0.004,0.037,0.02,33.3,37.2,12.527557155216028,-6.690350497338711,29.070143604501133,0.6862745098039216,40.50979040406904,34.40055937336782,NYM
Orlando Ribalta,687377,2026,43.0,178,42,5,23.6,10.1,1,2,3.77,0.209,0.382,0.285,0.296,27.1,7.6,32.2,72.185457966,92.557879487,21.1,35.1,26.7,51.5,39.8,31.4,16.1,750,TBD,44,687377,750,5.9,0.286,0.286,0.267,0.571,0.365,0.339,0.264,6,21,84.0,17.4,2281,92.3,92.46,12,44,0,0.2000000000000028,6.37,108,151,115,148,304,332,295,-1.363,1.363,71.8,7.3,2.342331204,21,17,4,0,0,2,4,19.0,0,0,1.8,0.9,0.61,0.61,90.9,167,35.294117647058826,17.647058823529413,14.285714285714285,6.46,-2.13,-0.04,2.49,0.286,3,3.097727273,0.264,0.543,-3.097727273,0.022,0.0219999999999999,0.028,0.026,27.3,39.6,12.346681546377337,-4.413633843441325,28.992384838080493,0.5,36.00829260699858,32.06703792848855,TBD
Pedro Pagés,686780,2026,2.0,7,0,1,0.0,0.0,0,0,4.5,0.407,0.991,0.42,0.584,28.6,28.6,42.9,88.892765,96.735931429,0.0,0.0,0.0,62.5,42.9,57.1,0.0,16,STL,4,686780,16,25.0,0.0,0.0,0.0,0.0,0.0,0.018,0.011,0,1,92.0,44.0,1364,51.9,50.08,0,4,0,-1.7999999999999972,4.35,114,154,125,149,303,322,293,0.293,-0.293,70.1,7.1,,1,1,0,0,0,0,0,0.0,0,0,7.5,1.6,0.65,0.65,92.2,203,0.0,0.0,0.0,6.72,-1.3,-0.36,3.18,0.0,0,-7.325,0.011,0.028,7.325,-0.011,-0.011,-0.028,-0.018,0.0,44.0,19.990859354556264,-4.193102851665946,25.482743442358707,0.25,30.79374989481599,28.329568102835008,STL
Riley O'Brien,676617,2026,64.0,276,64,5,23.2,10.5,3,9,4.08,0.257,0.406,0.303,0.34,34.1,7.6,42.2,76.971709286,94.684393593,13.5,50.6,26.8,44.3,47.4,20.8,29.5,1063,STL,61,676617,1075,5.7,0.333,0.25,0.304,0.583,0.392,0.342,0.318,8,24,89.6,16.0,2232,91.0,91.72,11,61,0,0.7000000000000028,6.73,106,152,118,147,310,326,291,-1.033,1.033,71.6,7.2,1.938880451,24,24,4,3,0,1,0,0.0,0,0,2.75,0.06,0.31,0.31,92.0,168,41.66666666666667,4.166666666666666,4.166666666666666,5.57,-1.66,0.01,2.23,0.333,1,1.693442623,0.318,0.479,-1.693442623,0.015,0.015,0.104,0.05,18.0,31.0,9.151029275587833,2.21928685768137,31.979813574888063,0.5737704918032787,36.84199453603825,29.31102586494394,STL
Jack Dreyer,676263,2026,62.2,254,71,7,28.0,9.1,5,2,3.16,0.226,0.363,0.27,0.29,25.3,7.1,41.8,77.8557775,94.798425789,16.0,51.8,28.3,48.5,48.1,25.9,18.4,1005,LAD,94,676263,1017,9.2,0.184,0.053,0.269,0.237,0.184,0.191,0.176,7,38,90.5,12.7,2447,89.5,90.09,29,94,0,0.5999999999999943,6.67,105,150,117,144,303,316,289,5.729,-5.729,72.0,7.3,2.24769008,38,26,5,2,0,0,12,31.6,0,0,2.4,0.49,0.03,-0.03,91.1,143,40.0,4.0,2.631578947368421,6.01,2.3,0.11,2.28,0.184,1,-6.094680851,0.176,0.27,6.094680851,0.008,0.008,-0.033,-0.007,30.9,58.7,9.551840900099045,2.2270918214097923,31.315447189010364,0.3829787234042553,38.094047176604064,29.136981711582404,LAD
Cade Gibson,806188,2026,49.2,221,44,4,19.9,9.5,6,2,5.44,0.232,0.309,0.319,0.288,30.0,3.3,36.0,73.861845135,93.068793581,11.2,40.1,22.1,44.4,52.0,20.0,22.7,877,MIA,63,806188,881,7.2,0.25,0.111,0.267,0.361,0.265,0.18,0.187,9,36,84.9,2.7,2570,85.0,84.37,14,63,0,-0.5999999999999943,6.0,103,147,118,143,304,322,291,0.952,-0.952,72.6,7.3,1.974634827,36,31,7,1,0,1,5,13.9,0,0,3.32,-0.12,-0.11,0.11,92.7,117,38.70967741935484,0.0,0.0,5.71,1.52,-0.12,2.15,0.25,0,-1.511111111,0.187,0.229,1.511111111,0.063,0.063,0.132,0.085,22.2,34.2,9.966112552776549,-3.4662757183778186,33.67988010265864,0.4444444444444444,34.784742109877875,31.99993269550722,MIA
Josh Hader,623352,2026,44.2,167,55,1,32.9,9.0,4,2,1.01,0.149,0.242,0.18,0.215,22.7,6.2,32.0,74.979178776,92.557630722,23.0,50.0,34.2,54.0,39.2,29.9,14.4,676,HOU,108,623352,676,16.0,0.045,0.023,0.067,0.068,0.049,0.198,0.134,2,44,89.9,28.7,2341,91.6,91.78,32,108,0,0.2000000000000028,6.57,113,151,113,145,297,327,290,11.848,-11.848,72.5,7.3,2.768533556,44,30,1,1,0,0,14,31.8,0,0,1.64,1.13,0.47,-0.47,91.1,174,36.66666666666666,13.333333333333334,9.090909090909092,5.78,2.9,-0.15,2.59,0.045,4,-10.97037037,0.134,0.341,10.97037037,-0.089,-0.089,-0.273,-0.149,29.6,32.6,10.409893378660009,-3.858837182487008,30.786021522865735,0.5740740740740741,34.24784792229906,30.867882309892355,HOU
Ty Madden,680744,2026,44.0,180,43,5,23.9,7.8,1,0,3.48,0.214,0.325,0.274,0.273,24.8,5.8,30.6,75.932994754,92.917352645,17.0,37.4,24.5,49.4,38.0,28.1,22.3,719,DET,60,680744,720,8.3,0.375,0.417,0.333,0.792,0.494,0.378,0.33,9,24,87.3,23.0,2185,90.2,89.83,8,60,0,-0.4000000000000057,5.92,109,152,120,147,303,321,285,-1.745,1.745,70.0,7.2,3.252572535,24,21,5,1,0,3,3,12.5,0,0,2.09,0.72,0.44,0.44,91.5,169,33.33333333333333,14.285714285714285,12.5,6.09,-1.95,0.13,2.4,0.375,3,2.908333333,0.33,0.549,-2.908333333,0.045,0.0449999999999999,0.243,0.116,13.3,46.4,11.912733259450173,-4.618146006411956,31.526377669593685,0.6,36.79666975294804,32.73057563246916,DET
Sam Bachman,696147,2026,48.2,217,49,7,22.6,13.4,1,3,4.81,0.221,0.337,0.324,0.309,30.4,8.3,33.3,74.077893788,93.24215771,19.9,54.2,33.3,43.7,50.4,20.0,24.4,830,LAA,14,696147,834,1.7,0.333,0.0,0.333,0.333,0.297,0.28,0.245,3,9,83.7,11.2,2566,89.1,88.56,2,14,0,-0.5,5.91,104,152,121,149,304,323,290,0.364,-0.364,70.7,7.1,2.941879164,9,9,3,0,0,0,0,0.0,0,0,2.85,0.03,0.22,0.22,92.4,114,44.44444444444444,11.11111111111111,11.11111111111111,5.51,-1.37,0.0,2.22,0.333,1,-2.6,0.245,0.414,2.6,0.088,0.088,-0.081,0.017,14.3,35.0,6.782955615631002,-0.5782542134735631,32.88198049491218,0.3571428571428571,35.8526298750025,30.82388151058529,LAA
Seth Johnson,686751,2026,32.0,150,38,5,25.3,12.0,1,0,6.19,0.243,0.399,0.373,0.331,41.3,12.0,44.6,79.21128087,94.244797363,19.7,42.9,27.1,46.0,37.0,22.8,32.6,569,OAK,69,686751,569,12.1,0.4,0.367,0.455,0.767,0.495,0.352,0.309,12,30,94.4,19.3,2450,92.4,92.69,15,69,0,0.2999999999999971,6.41,110,152,118,148,303,321,290,-3.124,3.124,72.1,7.3,3.003542924,30,24,5,5,0,2,6,20.0,0,0,1.9,0.79,0.13,0.13,92.2,167,58.333333333333336,12.5,10.0,5.52,-1.76,0.11,2.36,0.4,3,4.527536232,0.309,0.514,-4.527536232,0.091,0.091,0.253,0.143,21.7,44.1,7.258627397324735,-0.6016849555302306,30.489614771490498,0.5362318840579711,36.70944634266189,30.92834957718613,OAK
Alex Cook,702047,2026,5.2,24,5,1,20.8,8.3,0,0,4.76,0.153,0.276,0.27,0.222,47.1,5.9,35.3,81.092535556,93.982228824,25.8,11.1,22.5,40.8,17.6,29.4,35.3,98,TBD,8,702047,98,8.2,0.4,0.6,0.333,1.0,0.588,0.342,0.259,2,5,94.0,16.5,2322,93.0,93.76,3,8,0,0.7999999999999972,6.74,107,153,124,150,306,332,292,-0.572,0.572,71.2,7.5,1.289216112,5,4,1,0,0,1,1,20.0,0,0,1.43,1.22,0.04,0.04,93.6,256,50.0,25.0,20.0,5.59,-1.38,0.45,2.22,0.4,1,7.15,0.259,0.574,-7.15,0.141,0.141,0.426,0.246,37.5,46.3,8.161965957623373,5.4518918743526505,30.884248714208184,0.625,42.35988671856536,28.844827553690248,TBD
Zack Wheeler,554430,2026,156.0,622,188,20,30.2,7.6,13,5,3.06,0.203,0.322,0.278,0.265,33.9,6.0,35.0,74.324174031,93.355903543,20.1,46.9,31.4,50.0,43.6,24.5,23.0,2552,PHI,165,554430,2552,6.5,0.179,0.104,0.196,0.284,0.194,0.237,0.211,12,67,83.9,14.1,2428,90.2,91.73,50,165,0,1.5,7.17,110,151,118,146,299,324,286,8.175,-8.175,71.8,7.4,3.103977968,69,53,9,1,0,2,16,23.2,0,0,2.37,0.47,0.44,0.44,90.9,149,24.52830188679245,5.660377358490567,4.3478260869565215,4.92,-1.88,-0.11,2.18,0.174,3,-4.954545455,0.211,0.344,4.954545455,-0.032,-0.037,-0.06,-0.043,30.3,21.5,7.03936766245842,-1.7333427499789895,32.58303711769434,0.4545454545454545,34.95725180504742,29.670736202693654,PHI
Trevor Richards,670950,2026,79.2,334,70,11,21.0,7.8,0,1,3.73,0.242,0.42,0.298,0.314,37.1,8.9,41.4,81.805886441,94.402287712,13.0,38.8,21.2,48.7,29.5,38.0,22.4,1256,CWS,129,670950,1273,10.1,0.348,0.242,0.339,0.591,0.402,0.345,0.295,23,66,91.6,19.5,2276,88.3,88.71,18,129,0,0.4000000000000057,6.58,110,150,122,144,297,326,295,-3.205,3.205,72.7,7.5,3.732073771,66,62,13,7,0,3,4,6.1,0,0,1.83,1.13,0.52,0.52,92.5,191,41.935483870967744,8.064516129032258,7.575757575757576,6.29,-2.3,0.0,2.31,0.348,5,2.484496124,0.295,0.517,-2.484496124,0.053,0.0529999999999999,0.074,0.057,14.0,53.1,11.119986108148634,-7.479471940745101,30.763950893412733,0.6434108527131783,36.02502222364996,34.091581564382224,CWS
Luke Weaver,596133,2026,59.1,238,65,5,27.3,6.7,4,1,2.73,0.212,0.346,0.252,0.272,31.8,7.8,34.4,78.217580395,93.351498013,20.7,49.4,30.3,53.0,38.3,29.9,22.7,903,PIT,56,596133,908,6.2,0.231,0.038,0.273,0.269,0.22,0.269,0.269,6,26,89.7,20.9,2308,92.6,92.37,17,56,0,-0.1999999999999886,6.1,110,151,118,148,310,324,286,3.221,-3.221,71.0,7.2,1.366096898,26,22,5,1,0,0,4,15.4,0,0,1.63,1.03,0.49,0.49,91.3,171,31.818181818181817,0.0,0.0,5.47,-1.36,0.15,2.46,0.231,0,-5.751785714,0.269,0.348,5.751785714,-0.038,-0.038,-0.079,-0.049,30.4,48.2,9.444072611635038,1.185410597022213,30.594813285368897,0.5357142857142857,37.24788821212564,28.18829384843307,PIT
Cam Sanders,676742,2026,29.1,131,40,1,30.5,15.3,1,1,4.6,0.205,0.293,0.298,0.302,26.9,4.5,31.3,77.996477879,93.063518939,23.1,58.3,37.0,44.4,44.8,25.4,23.9,547,BAL,47,676742,551,8.5,0.294,0.059,0.455,0.353,0.284,0.226,0.225,5,17,83.1,19.2,2691,91.4,90.9,17,47,0,-0.5,6.03,108,150,119,145,308,325,294,1.861,-1.861,71.9,7.3,1.868614942,17,11,4,1,0,0,6,35.3,0,0,2.07,0.7,0.11,0.11,90.8,174,36.36363636363637,0.0,0.0,5.95,-2.99,-0.1,2.52,0.294,0,-3.959574468,0.225,0.296,3.959574468,0.069,0.0689999999999999,0.057,0.058,36.2,32.7,9.870142897642356,-2.6958064465377567,30.419838171894444,0.5957446808510638,35.49582629492718,31.06682344443817,BAL
Connor Phillips,683175,2026,29.0,145,29,3,20.0,21.4,2,0,5.28,0.233,0.399,0.347,0.373,36.6,8.5,40.2,80.578723659,94.177107073,13.8,52.9,25.1,39.8,25.6,36.6,26.8,590,CIN,2,683175,591,0.3,0.5,0.0,0.5,0.5,0.445,0.058,0.058,1,2,92.9,8.0,2346,92.1,91.35,0,2,0,-0.7999999999999972,5.9,122,155,118,151,323,332,292,-0.218,0.218,71.8,7.4,,2,2,1,0,0,0,0,0.0,0,0,1.97,0.75,-0.23,-0.23,94.2,149,50.0,0.0,0.0,5.9,-1.24,-0.05,1.94,0.5,0,10.9,0.058,0.079,-10.9,0.442,0.442,0.421,0.387,0.0,41.0,4.181947111060838,4.8917936572832765,34.04756133223357,0.5,36.73869917225592,28.549339683863572,CIN
Alan Rangel,660604,2026,26.0,123,29,4,23.6,10.6,0,3,5.88,0.249,0.37,0.378,0.318,29.1,5.1,30.4,77.783388462,93.370295974,17.0,37.9,24.4,50.1,32.9,29.1,24.1,491,TBD,11,660604,491,2.2,0.667,0.333,1.0,1.0,0.717,0.388,0.398,4,6,101.0,7.3,2160,85.6,85.66,4,11,0,0.1000000000000085,6.34,103,150,115,145,296,324,293,-2.005,2.005,73.5,8.0,1.169885974,6,4,2,2,0,0,2,33.3,0,0,2.49,0.69,0.16,0.16,95.4,122,75.0,0.0,0.0,6.06,0.27,0.33,2.45,0.667,0,18.227272727,0.398,0.497,-18.227272727,0.269,0.269,0.503,0.329,36.4,69.0,7.306300076912311,-8.129079421297444,28.180096669010588,0.5454545454545454,41.23851839492787,34.63720917531614,TBD
Erik Sabrowski,681870,2026,48.1,203,76,3,37.4,15.3,5,2,2.61,0.142,0.246,0.258,0.251,39.4,6.5,34.0,79.988533696,93.73779337,22.6,46.2,30.8,46.1,20.2,39.4,25.5,820,CLE,83,681870,833,10.0,0.1,0.0,0.136,0.1,0.086,0.121,0.121,3,30,88.0,38.4,2548,90.7,91.01,21,83,0,0.2999999999999971,6.54,102,153,122,147,296,322,297,7.838,-7.838,71.6,7.3,2.61492247,31,22,3,0,0,0,9,29.0,0,0,1.83,0.96,0.43,-0.43,90.5,186,22.727272727272727,0.0,0.0,6.03,1.21,-0.05,2.45,0.097,0,-9.443373494,0.118,0.167,9.443373494,-0.021,-0.0209999999999999,-0.067,-0.035,25.3,44.9,10.44822907669722,-3.1384118749997847,30.382584763372485,0.5180722891566265,35.83445316919884,32.33104885424996,CLE
Andrew Kittredge,552640,2026,48.1,215,40,6,18.6,5.6,3,3,3.54,0.266,0.41,0.314,0.308,37.4,6.1,37.4,77.114212,93.889976478,11.1,42.5,23.1,53.6,43.6,25.8,26.4,711,BAL,53,552640,719,7.4,0.281,0.031,0.31,0.313,0.262,0.296,0.301,9,32,84.9,10.4,2523,90.8,91.32,15,53,0,0.5,6.55,109,151,117,145,308,326,294,1.116,-1.116,74.1,7.9,4.360626575,32,29,8,1,0,0,3,9.4,0,0,2.36,0.41,0.2,0.2,92.8,150,34.48275862068966,0.0,0.0,5.96,-1.46,0.04,1.88,0.281,0,-2.105660377,0.301,0.378,2.105660377,-0.02,-0.0199999999999999,-0.065,-0.034,28.3,42.7,10.79142931291741,-7.337613438930683,32.36190574731843,0.5849056603773585,36.87298515463368,34.9609739705414,BAL
Reid Detmers,672282,2026,185.0,740,211,19,28.5,6.5,7,8,3.36,0.218,0.364,0.269,0.281,31.4,7.8,37.7,79.821272393,94.207967559,18.3,50.9,29.1,49.4,38.5,29.7,23.6,2957,LAA,254,672282,2960,8.6,0.212,0.154,0.243,0.365,0.247,0.258,0.221,22,104,90.4,16.8,2142,88.7,88.82,67,254,0,0.0999999999999943,6.44,106,152,120,149,308,326,299,10.72,-10.72,72.0,7.3,3.465059247,104,78,14,4,0,4,26,25.0,0,0,2.3,0.65,0.34,-0.34,91.7,161,33.33333333333333,6.41025641025641,4.807692307692308,6.0,1.93,0.04,2.35,0.212,5,-4.220472441,0.221,0.386,4.220472441,-0.009,-0.009,-0.021,-0.011,26.4,41.4,10.657689395917396,-4.042091497111514,31.534001538702327,0.484251968503937,36.08058308881826,31.82489641590099,LAA
Robby Ahlstrom,695239,2026,37.0,164,34,7,20.7,9.1,3,1,6.08,0.253,0.397,0.349,0.319,37.8,7.2,30.6,75.515344182,92.677934404,19.7,42.0,25.6,47.7,37.8,27.9,27.0,648,TEX,73,695239,660,11.1,0.355,0.419,0.32,0.774,0.475,0.388,0.332,11,31,89.8,19.7,1922,91.0,91.05,13,73,0,0.0,6.34,106,151,116,146,300,325,296,-2.727,2.727,72.7,7.2,1.487077172,31,28,5,2,1,3,3,9.7,0,0,1.78,0.99,0.76,-0.76,91.2,201,32.142857142857146,14.285714285714285,12.903225806451612,6.21,2.12,0.11,2.44,0.355,4,3.735616438,0.332,0.578,-3.735616438,0.023,0.0229999999999999,0.196,0.087,17.8,50.7,8.845241731482796,1.76924155557656,31.844215095769435,0.4794520547945205,37.25363340444652,28.248078219515914,TEX
Adam Macko,671936,2026,31.0,145,32,5,22.1,9.7,2,0,5.23,0.267,0.438,0.364,0.343,37.9,6.3,37.9,76.170363696,94.268126739,18.0,47.4,28.2,47.2,36.8,28.4,27.4,577,TBD,41,671936,587,7.0,0.389,0.222,0.333,0.611,0.388,0.313,0.318,7,18,90.7,15.3,2106,90.6,89.98,4,41,0,-0.5999999999999943,6.0,108,151,117,146,299,325,294,-2.481,2.481,71.3,7.4,5.553771224,20,19,5,1,0,1,1,5.0,0,0,1.94,0.86,0.61,-0.61,92.5,175,47.368421052631575,0.0,0.0,5.67,1.87,0.03,2.49,0.35,0,6.051219512,0.303,0.43,-6.051219512,0.071,0.0469999999999999,0.181,0.075,9.8,43.5,8.77659188777765,-3.490248205047661,28.16862392606264,0.4634146341463415,36.88585906609961,32.03561719611004,TBD
Corbin Burnes,669203,2026,10.1,47,8,5,17.0,8.5,0,0,7.84,0.271,0.596,0.441,0.389,51.4,17.1,40.0,81.963338889,94.568210571,16.4,50.0,28.4,48.0,17.1,45.7,28.6,198,TBD,36,669203,198,18.2,0.235,0.647,0.083,0.882,0.456,0.4,0.245,4,17,91.2,29.9,2518,89.1,89.59,11,36,0,0.5,6.57,109,150,117,148,297,323,293,-4.286,4.286,74.2,7.6,2.818850381,17,15,0,0,1,3,2,11.8,0,0,2.38,0.53,0.0,0.0,92.2,214,40.0,26.666666666666668,23.52941176470588,5.7,-0.79,0.26,2.19,0.235,4,11.905555556,0.245,0.724,-11.905555556,-0.01,-0.01,0.158,0.056,30.6,37.6,11.99837776469886,-6.698864127194483,29.6788678680333,0.5833333333333334,39.90831231105214,34.88688510968923,TBD
Jordan Hicks,663855,2026,47.0,216,64,4,29.6,15.3,3,2,4.02,0.193,0.249,0.309,0.263,27.1,1.7,33.1,78.231887586,93.498076,16.4,49.0,28.2,44.3,46.6,24.6,22.0,888,CWS,94,663855,900,10.4,0.278,0.25,0.348,0.528,0.343,0.209,0.198,10,36,89.6,19.8,2212,96.1,96.14,26,94,0,0.0,6.35,112,150,121,145,299,324,286,0.334,-0.334,70.6,7.2,5.058865468,36,25,5,3,0,2,11,30.6,0,0,1.79,0.72,0.67,0.67,91.3,179,36.0,4.0,2.7777777777777777,6.04,-1.79,-0.03,2.46,0.278,1,-0.355319149,0.198,0.285,0.355319149,0.08,0.08,0.243,0.134,27.7,40.1,10.256219355172586,0.4384329377492523,30.601916275026262,0.4787234042553192,36.29537299747293,29.006145864665232,CWS
Dylan Cease,656302,2026,169.0,685,239,11,34.9,11.4,11,6,2.4,0.192,0.29,0.254,0.265,34.5,5.5,31.5,72.909152099,93.089757155,23.4,48.2,33.3,45.8,42.5,23.0,23.6,2895,TBD,150,656302,2896,5.2,0.2,0.164,0.22,0.364,0.232,0.241,0.221,11,55,86.5,14.1,2552,91.4,91.4,37,150,0,0.0,6.34,104,149,115,145,292,320,281,7.781,-7.781,72.9,7.5,4.878692154,57,43,6,3,0,2,14,24.6,0,0,1.92,0.84,0.09,0.09,90.8,162,39.53488372093023,6.976744186046512,5.263157894736842,6.17,-1.49,0.11,2.25,0.193,3,-5.187333333,0.216,0.35,5.187333333,-0.021,-0.0229999999999999,0.014,-0.009,24.7,53.6,10.821059733439396,-6.068117308899446,32.685666233112464,0.48,36.64278991854816,32.761365279179564,TBD
Jhoan Duran,661395,2026,58.1,233,82,2,35.2,4.3,2,6,1.85,0.188,0.261,0.247,0.223,24.1,3.7,39.4,79.805271194,94.172223308,24.0,56.5,35.2,52.6,59.1,11.7,21.2,934,PHI,76,661395,939,8.1,0.286,0.143,0.36,0.429,0.308,0.258,0.216,10,35,91.4,1.5,1891,97.5,97.29,21,76,0,-0.2000000000000028,6.12,113,151,115,144,299,324,288,2.996,-2.996,73.9,7.4,2.787922199,35,26,8,0,1,1,9,25.7,0,0,2.04,0.36,0.87,0.87,92.6,107,52.0,8.0,5.714285714285714,6.17,-2.35,-0.08,2.08,0.286,2,-3.942105263,0.216,0.393,3.942105263,0.07,0.0699999999999999,0.036,0.05,27.6,38.5,7.320717673997849,2.4353855827235145,33.47085048793267,0.4868421052631579,36.23216052372977,26.59006455723069,PHI
Seth Lugo,607625,2026,172.1,751,134,23,17.8,7.2,7,9,5.17,0.276,0.453,0.361,0.343,36.6,8.0,42.8,78.875193199,94.587265746,13.6,32.5,18.7,45.8,41.2,29.4,24.9,2858,KC,143,607625,2859,5.0,0.315,0.137,0.338,0.452,0.328,0.258,0.252,23,73,87.7,13.1,2569,86.4,85.75,25,143,0,-0.7000000000000028,5.9,110,151,118,147,299,323,286,2.699,-2.699,72.1,7.5,3.587906357,74,66,15,7,0,1,8,10.8,0,0,2.73,0.38,-0.06,-0.06,91.5,151,34.84848484848485,3.0303030303030303,2.702702702702702,5.39,-1.81,0.27,2.16,0.311,2,-1.887412587,0.249,0.356,1.887412587,0.063,0.062,0.096,0.07,17.5,27.0,10.876629827682672,-5.99009387714098,32.89104231574158,0.5174825174825175,37.999753283231165,32.09321906604521,KC
Matthew Boyd,571510,2026,126.2,520,96,15,18.5,7.5,10,5,3.91,0.264,0.423,0.304,0.33,33.1,7.7,37.6,77.142272527,93.9352125,15.6,35.5,22.3,49.2,43.1,24.6,22.8,1957,CHC,322,571510,1957,16.5,0.252,0.206,0.231,0.458,0.303,0.319,0.272,39,155,88.8,18.2,2112,85.5,85.3,56,322,0,-0.2000000000000028,6.19,108,152,120,149,306,324,293,5.36,-5.36,72.1,7.4,3.117243284,155,139,25,5,0,9,16,10.3,0,0,2.69,0.51,0.97,-0.97,91.5,174,35.97122302158273,7.913669064748201,7.096774193548387,5.34,2.28,0.15,2.4,0.252,11,-1.664596273,0.272,0.479,1.664596273,-0.02,-0.02,-0.021,-0.016,17.4,23.8,9.542125157461468,-2.678562288381255,30.49701508157915,0.4937888198757764,39.102995097093945,33.275881773324464,CHC
JP Sears,676664,2026,32.2,143,25,6,17.5,7.7,3,4,4.68,0.263,0.441,0.328,0.345,27.9,8.7,45.2,81.108293137,94.414000882,15.4,32.9,20.7,47.4,43.3,33.7,20.2,529,TBD,14,676664,529,2.6,0.444,0.333,0.429,0.778,0.525,0.426,0.319,4,9,93.8,31.7,1820,88.4,88.5,4,14,0,0.0999999999999943,6.37,113,151,121,144,304,326,290,-0.651,0.651,72.5,7.5,0.692684384,9,8,3,0,0,1,1,11.1,0,0,2.27,0.66,1.13,-1.13,94.0,250,62.5,12.5,11.11111111111111,4.84,1.14,0.33,2.27,0.444,1,4.65,0.319,0.696,-4.65,0.125,0.125,0.082,0.099,28.6,27.3,12.748323944792553,0.591104332950999,32.72129684984299,0.7857142857142857,41.24922807211225,31.43306192313667,TBD
Justin Wrobleski,680736,2026,138.0,571,115,21,20.1,5.4,12,5,3.72,0.268,0.444,0.3,0.328,36.7,9.5,43.3,79.400245962,94.593459952,15.9,32.1,20.7,50.1,41.7,31.9,22.6,2110,LAD,132,680736,2117,6.2,0.413,0.413,0.413,0.825,0.518,0.371,0.321,26,63,92.2,17.0,2448,91.9,90.69,29,132,0,-1.2000000000000028,5.52,107,152,122,147,303,315,288,-10.801,10.801,72.5,7.1,1.898582024,64,53,14,5,0,7,11,17.2,0,0,1.99,0.73,0.26,-0.26,93.2,171,52.83018867924528,13.20754716981132,10.9375,5.5,2.31,-0.06,2.43,0.406,7,8.182575758,0.317,0.56,-8.182575758,0.092,0.089,0.265,0.147,22.0,34.3,6.5629062421973945,2.6978892691250884,31.364727328126047,0.4924242424242424,36.337107499333314,27.70665911478024,LAD
Jared Jones,683003,2026,97.2,402,118,12,29.4,7.7,5,6,3.87,0.213,0.359,0.287,0.281,34.7,7.6,38.2,78.672293387,94.078138421,18.7,59.4,32.6,49.3,36.7,28.3,25.5,1579,PIT,156,683003,1579,9.9,0.343,0.186,0.4,0.529,0.372,0.352,0.316,24,70,89.5,15.1,2587,93.6,94.15,48,156,0,0.5,6.57,109,150,120,147,310,323,291,-1.407,1.407,72.4,7.5,4.395288308,71,54,19,1,0,4,17,23.9,0,0,1.94,0.67,0.35,0.35,92.6,177,42.5925925925926,9.25925925925926,7.042253521126761,5.46,-1.26,0.16,2.14,0.338,5,0.901923077,0.312,0.518,-0.901923077,0.027,0.026,0.011,0.02,30.8,40.3,10.199277034926215,-4.847634209151454,31.94684140447393,0.5641025641025641,36.21829452444573,33.33352037462701,PIT
Andrew Vaughn,683734,2026,3.0,26,1,4,3.8,19.2,0,0,30.0,0.418,0.767,0.752,0.551,52.6,16.7,36.8,82.504947778,94.044586667,7.7,25.0,17.2,34.5,42.1,36.8,21.1,51,TBD,18,683734,84,21.4,0.6,0.6,0.545,1.2,0.766,0.457,0.396,9,15,92.2,21.6,971,44.1,42.28,3,18,0,-1.8000000000000045,4.79,127,153,128,149,302,318,301,-5.145,5.145,73.0,7.1,0.790474205,15,14,6,0,0,3,1,6.7,0,0,12.33,0.89,-0.28,-0.28,94.8,226,42.85714285714285,14.285714285714285,13.333333333333334,6.9,-1.57,-0.19,2.8,0.6,2,28.583333333,0.396,0.677,-28.583333333,0.204,0.2039999999999999,0.523,0.309,16.7,71.9,19.989304021830268,-11.802688256622032,29.29586689032724,0.5,31.977943649139437,36.173265439733335,TBD
Hancel Rincon,684516,2026,1.1,11,1,1,9.1,9.1,0,0,47.25,0.472,0.878,0.704,0.599,62.5,25.0,37.5,76.639775,93.2247775,6.7,28.6,13.6,51.2,25.0,37.5,37.5,43,STL,8,684516,43,18.6,0.75,0.0,0.75,0.75,0.668,0.615,0.668,3,4,80.2,17.8,2039,92.2,92.75,0,8,0,0.5999999999999943,6.15,107,149,111,144,311,340,296,-0.967,0.967,74.1,7.4,,4,4,3,0,0,0,0,0.0,0,0,2.19,0.46,0.38,0.38,88.5,179,0.0,0.0,0.0,5.7,-2.23,-0.04,1.97,0.75,0,12.0875,0.668,0.73,-12.0875,0.082,0.0819999999999999,0.02,0.053,0.0,36.1,12.599897696505868,-2.2102290293906184,32.488126830955515,0.875,36.25714666931779,34.23801819333505,STL
Logan Webb,657277,2026,160.2,668,134,13,20.1,6.1,8,9,4.31,0.259,0.386,0.292,0.311,31.0,5.8,38.9,76.910324286,93.920994968,13.9,34.6,21.5,47.6,51.8,20.6,23.1,2488,TBD,147,657277,2489,5.9,0.306,0.097,0.351,0.403,0.309,0.331,0.314,22,72,88.1,11.0,2039,88.4,89.48,34,147,0,1.0999999999999943,6.88,105,150,118,146,296,321,289,2.247,-2.247,72.5,7.3,1.854293136,72,59,19,1,0,2,13,18.1,0,0,2.83,0.1,0.37,0.37,91.3,134,37.28813559322034,5.084745762711865,4.166666666666666,4.86,-1.74,0.13,2.13,0.306,3,-1.528571429,0.314,0.457,1.528571429,-0.008,-0.008,-0.054,-0.022,23.1,20.8,8.620696204775916,2.130080922304881,32.81372560762369,0.5510204081632653,37.0711094120573,29.8004622499284,TBD
Félix Bautista,642585,2026,1.2,10,3,1,30.0,10.0,0,0,16.2,0.31,0.491,0.579,0.376,66.7,16.7,66.7,91.99954,96.55239,54.5,50.0,52.4,56.8,16.7,16.7,66.7,37,BAL,12,642585,37,32.4,0.333,0.5,0.333,0.833,0.49,0.266,0.245,2,6,94.0,12.8,2007,89.1,89.6,6,12,0,0.5,6.71,106,150,117,146,303,318,289,-1.091,1.091,70.1,7.7,9.456648826,6,4,1,0,0,1,2,33.3,0,0,1.96,0.94,0.16,0.16,93.2,200,50.0,0.0,0.0,6.9,-0.08,-0.29,2.09,0.333,0,9.091666667,0.245,0.372,-9.091666667,0.088,0.088,0.461,0.224,50.0,66.0,17.776589806320757,-20.35378090361134,30.506523660985,0.25,31.547413128939237,42.47614089565649,BAL
Germán Márquez,608566,2026,53.0,236,37,14,15.7,10.2,4,2,5.26,0.266,0.484,0.371,0.362,33.5,9.8,43.9,77.59810907,94.391576374,11.4,38.8,19.0,47.5,38.7,33.5,20.2,918,TBD,21,608566,920,2.3,0.3,0.6,0.125,0.9,0.499,0.433,0.29,3,10,82.5,13.1,2290,91.1,89.46,1,21,0,-1.5999999999999943,5.41,108,151,123,147,300,322,292,-1.654,1.654,71.8,7.4,8.118218748,10,10,1,0,0,2,0,0.0,0,0,2.03,0.74,0.86,0.86,91.4,117,40.0,20.0,20.0,5.98,-1.7,-0.08,2.05,0.3,2,7.876190476,0.29,0.751,-7.876190476,0.01,0.01,0.149,0.066,4.8,37.2,13.469199547156988,-4.479553555869957,34.7738309913509,0.6190476190476191,36.18905572757832,32.28973229281675,TBD
Antwone Kelly,699008,2026,16.1,71,12,2,16.9,9.9,0,0,4.41,0.28,0.382,0.366,0.334,37.3,3.9,41.2,80.5495924,94.1145668,14.3,26.7,17.0,51.3,49.0,19.6,29.4,263,PIT,36,699008,263,13.7,0.278,0.222,0.294,0.5,0.311,0.295,0.265,5,18,92.6,11.4,2221,95.5,95.6,8,36,0,0.0999999999999943,6.34,104,149,119,148,304,321,289,0.302,-0.302,73.1,7.5,3.859977033,19,17,2,2,1,0,2,10.5,0,0,1.63,0.89,0.4,0.4,92.7,183,47.05882352941176,5.88235294117647,5.263157894736842,5.87,-2.11,-0.05,2.29,0.263,1,-0.838888889,0.274,0.412,0.838888889,0.013,-0.011,0.088,0.016,22.2,40.2,6.129590588284351,1.1082672869548702,31.820053954903127,0.5277777777777778,36.83322061503614,27.98011904904118,PIT
Landen Roupp,694738,2026,155.0,657,143,11,21.8,11.4,9,14,4.01,0.232,0.344,0.294,0.302,32.7,5.1,30.0,75.445143555,92.694203207,13.8,40.3,24.4,43.5,50.7,22.8,21.4,2712,SF,87,694738,2715,3.2,0.188,0.063,0.19,0.25,0.191,0.27,0.264,9,48,86.0,9.6,2489,85.8,85.94,19,87,0,0.1000000000000085,6.41,110,153,121,148,298,318,293,5.468,-5.468,72.7,7.6,4.295533539,48,43,8,0,0,1,5,10.4,0,0,3.37,-0.18,0.05,0.05,91.6,121,35.714285714285715,2.380952380952381,2.083333333333333,5.26,-1.29,0.16,1.98,0.188,1,-6.285057471,0.264,0.36,6.285057471,-0.076,-0.076,-0.11,-0.079,21.8,23.6,12.755651067055904,-6.864222474853452,34.38007935378189,0.4827586206896552,36.675723692848045,35.83040965838714,SF
Calvin Faucher,676534,2026,67.1,288,71,1,24.7,12.5,5,5,3.34,0.227,0.31,0.273,0.293,29.4,4.5,38.4,75.984602955,94.033026857,15.0,45.3,26.2,42.7,55.9,18.1,23.2,1142,MIA,71,676534,1147,6.2,0.111,0.037,0.167,0.148,0.113,0.127,0.136,3,27,82.9,11.8,2678,92.3,91.77,22,71,0,-0.5,6.0,114,150,120,145,305,324,292,6.583,-6.583,70.9,7.1,2.380581623,27,18,2,1,0,0,9,33.3,0,0,2.28,0.42,0.01,0.01,89.3,156,16.666666666666664,0.0,0.0,5.41,-1.52,0.19,2.36,0.111,0,-9.271830986,0.136,0.156,9.271830986,-0.025,-0.025,-0.008,-0.014,31.0,35.3,4.949130154207849,6.456655346439625,31.609177906895862,0.4507042253521127,38.36417163051763,25.450812495256763,MIA
Michael Rucker,621074,2026,42.0,186,50,6,26.9,9.1,1,4,5.79,0.236,0.368,0.307,0.305,34.2,8.5,35.0,75.951537759,93.663867931,16.7,40.7,25.9,46.4,47.0,19.7,27.4,757,SEA,89,621074,757,11.8,0.13,0.022,0.188,0.152,0.124,0.208,0.192,6,46,84.6,9.7,2554,90.2,90.02,26,89,0,-0.2000000000000028,6.22,106,150,118,145,290,322,295,7.292,-7.292,70.8,7.4,2.332443001,46,32,5,1,0,0,14,30.4,0,0,2.58,0.27,-0.19,-0.19,90.3,126,18.75,6.25,4.3478260869565215,5.38,-2.16,0.24,2.17,0.13,2,-8.193258427,0.192,0.288,8.193258427,-0.062,-0.062,-0.136,-0.084,29.2,34.3,9.63981517495794,-3.5092309789760776,32.792405422978035,0.4943820224719101,38.42668273264977,30.60869585898561,SEA
Troy Taylor,700187,2026,2.0,10,2,0,20.0,10.0,0,0,4.5,0.219,0.341,0.374,0.285,14.3,14.3,28.6,72.979015,92.25169,25.0,71.4,46.7,48.4,57.1,28.6,14.3,31,SEA,7,700187,31,22.6,0.4,0.2,0.4,0.6,0.43,0.347,0.302,2,5,91.5,8.4,2450,91.9,91.43,1,7,0,-0.5,6.07,97,150,125,147,301,318,286,-0.297,0.297,70.6,7.3,0.305825592,5,5,1,1,0,0,0,0.0,0,0,1.96,0.77,0.68,0.68,94.0,157,40.0,20.0,20.0,5.71,-1.59,0.01,2.18,0.4,1,4.242857143,0.302,0.516,-4.242857143,0.098,0.098,0.084,0.083,14.3,31.1,10.073696368142793,-0.8339887964856281,36.02727693695828,0.5714285714285714,36.12604086249777,30.86025744830412,SEA
Nick Frasso,693308,2026,20.2,96,21,3,21.9,7.3,1,1,6.1,0.252,0.405,0.365,0.325,37.9,4.5,34.8,81.32041,93.81858875,12.1,43.1,23.2,48.1,34.8,31.8,31.8,376,COL,59,693308,377,15.6,0.519,0.37,0.571,0.889,0.603,0.462,0.4,14,27,91.2,9.8,2348,91.1,92.68,12,59,0,1.6000000000000083,7.05,105,150,119,146,307,333,294,-5.763,5.763,73.3,7.7,5.390663161,27,23,8,4,0,2,4,14.8,0,0,1.99,0.78,0.64,0.64,93.2,156,39.130434782608695,8.695652173913043,7.4074074074074066,6.14,-3.44,0.0,2.06,0.519,2,9.76779661,0.4,0.684,-9.76779661,0.119,0.119,0.205,0.141,20.3,47.0,10.754479242410747,-4.440873956770321,32.79827529821564,0.4915254237288136,36.42578471107368,31.712431131649225,COL
Ryan Zeferjahn,666171,2026,69.2,303,94,7,31.0,12.9,4,4,3.88,0.183,0.281,0.291,0.273,30.0,5.7,35.6,79.034023418,93.477205696,20.7,52.4,32.0,42.1,45.0,21.9,22.5,1269,CHC,92,666171,1299,7.1,0.316,0.079,0.4,0.395,0.303,0.216,0.21,12,38,86.3,7.5,2441,92.5,93.25,19,92,0,0.7000000000000028,6.74,109,150,120,148,304,321,295,1.099,-1.099,71.3,7.3,2.487649487,39,30,9,3,0,0,9,23.1,0,0,1.97,0.73,-0.2,-0.2,90.8,135,33.33333333333333,3.333333333333333,2.564102564102564,5.63,-2.32,0.18,2.41,0.308,1,-1.194565217,0.219,0.264,1.194565217,0.106,0.089,0.131,0.087,20.7,34.9,7.745149829161791,1.0381897271743834,29.86114945947812,0.4565217391304347,39.67636795002548,29.21060801301691,CHC
José Alvarado,621237,2026,58.0,273,70,5,25.6,11.4,5,4,5.43,0.239,0.349,0.35,0.312,37.8,4.3,31.7,76.507101,93.053490755,17.5,41.0,27.0,46.0,36.0,23.8,29.3,1129,PHI,82,621237,1145,7.2,0.194,0.028,0.25,0.222,0.183,0.219,0.214,7,36,89.3,28.1,2051,95.3,96.65,14,82,0,1.4000000000000057,7.03,106,149,117,141,298,323,287,6.382,-6.382,72.6,7.3,1.534541171,36,28,6,1,0,0,8,22.2,0,0,1.65,0.87,0.65,-0.65,90.6,174,46.42857142857143,3.571428571428571,2.7777777777777777,6.51,1.27,-0.25,2.48,0.194,1,-7.782926829,0.214,0.298,7.782926829,-0.02,-0.0199999999999999,-0.076,-0.036,17.1,60.5,9.664352915573929,-2.6500391739883398,31.66993871317047,0.6341463414634146,34.099745282685774,30.320841377538105,PHI
Grant Anderson,681982,2026,59.0,235,52,8,22.1,9.8,3,3,3.36,0.205,0.337,0.297,0.275,31.4,7.5,37.1,78.074720253,93.441895605,14.1,49.6,25.4,48.6,39.0,29.6,17.6,915,TBD,44,681982,924,4.8,0.19,0.048,0.235,0.238,0.187,0.196,0.157,4,21,87.9,16.8,2460,89.6,89.92,9,44,0,0.3000000000000113,6.57,111,152,126,147,303,316,294,2.863,-2.863,72.6,7.7,6.943792674,21,17,3,1,0,0,4,19.0,0,0,2.57,0.32,0.53,0.53,90.9,105,35.294117647058826,5.88235294117647,4.761904761904762,4.44,-2.14,0.14,2.04,0.19,1,-6.506818182,0.157,0.308,6.506818182,0.033,0.033,-0.07,-0.009,20.5,6.5,12.357268076184369,-6.018104532076099,33.314735178782534,0.5681818181818182,37.61800547961431,33.07086995147802,TBD
Brody Hopkins,811315,2026,4.1,24,7,1,29.2,25.0,0,0,6.23,0.12,0.177,0.297,0.27,36.4,0.0,27.3,75.86841,91.941385455,13.8,75.0,27.0,35.9,36.4,36.4,27.3,103,TB,21,811315,103,20.4,0.2,0.3,0.167,0.5,0.294,0.169,0.153,2,10,88.8,14.1,2790,95.5,95.83,5,21,0,0.2999999999999971,6.68,100,149,120,142,301,328,287,-0.157,0.157,69.0,7.2,1.453983821,10,7,1,0,0,1,3,30.0,0,0,2.06,0.49,0.08,0.08,90.9,205,42.85714285714285,0.0,0.0,5.05,-1.82,0.06,2.2,0.2,0,0.747619048,0.153,0.248,-0.747619048,0.047,0.047,0.252,0.125,23.8,31.6,6.60143734288945,2.039938415814906,30.1123436458276,0.6666666666666666,37.867241336894224,28.49490970007294,TB
Andrés Muñoz,662253,2026,57.1,240,89,9,37.1,10.0,5,6,4.24,0.2,0.333,0.296,0.28,29.4,8.7,43.7,77.134591935,94.883502258,20.9,63.1,39.6,48.0,50.8,21.4,21.4,953,TBD,59,662253,953,6.2,0.32,0.48,0.25,0.8,0.453,0.345,0.251,8,25,89.6,6.0,2345,95.8,96.29,19,59,0,0.5,6.51,114,149,116,143,288,323,296,-1.94,1.94,72.0,7.3,3.971381342,26,20,4,0,0,4,6,23.1,0,0,1.88,0.63,0.28,0.28,92.3,171,40.0,15.0,11.538461538461538,5.53,-2.56,-0.11,2.23,0.308,3,3.288135593,0.259,0.565,-3.288135593,0.069,0.0489999999999999,0.235,0.108,32.2,31.5,9.236997417537104,-3.243209592052532,32.68282490292681,0.4576271186440678,35.35114658432958,30.91264325953214,TBD
Keider Montero,672456,2026,155.0,625,107,17,17.1,5.9,10,9,3.48,0.231,0.381,0.275,0.29,30.5,7.2,36.4,78.321199402,93.502493098,13.3,32.0,18.4,47.7,40.2,27.2,20.6,2304,DET,87,672456,2310,3.8,0.243,0.108,0.242,0.351,0.245,0.233,0.236,9,37,85.8,14.6,2398,90.0,90.0,19,87,0,0.0,6.29,104,151,122,147,306,326,290,3.656,-3.656,72.9,7.5,2.677386053,39,34,7,1,0,1,5,12.8,0,0,2.23,0.61,0.36,0.36,90.5,140,26.47058823529412,5.88235294117647,5.128205128205128,5.87,-2.38,0.06,2.4,0.231,2,-4.202298851,0.226,0.328,4.202298851,0.007,0.005,0.023,0.012,21.8,41.6,11.548416730341524,-4.987934706025237,31.806365748973672,0.5287356321839081,36.70656238585405,31.64642040115061,DET
Jake Irvin,663623,2026,101.2,470,110,18,23.4,10.2,2,9,5.4,0.252,0.457,0.338,0.351,35.3,10.9,44.9,77.948795033,94.851185282,18.0,40.8,24.0,46.6,38.0,28.7,23.8,1939,WSH,191,663623,1939,9.9,0.315,0.247,0.327,0.562,0.37,0.374,0.316,23,73,89.3,19.4,2342,89.3,90.65,42,191,0,1.4000000000000057,6.99,110,151,118,148,308,329,296,-0.458,0.458,71.8,7.2,2.016842213,74,60,15,3,0,5,14,18.9,0,0,2.18,0.71,0.39,0.39,91.8,173,40.0,11.666666666666666,9.45945945945946,5.42,-2.06,0.16,2.42,0.311,7,0.239790576,0.316,0.565,-0.239790576,-0.001,-0.005,-0.003,-0.004,22.0,26.4,7.016121238102018,2.2077179360814547,31.627586231592936,0.4973821989528796,36.748378550794975,29.045749578555856,WSH
Carson Seymour,693313,2026,29.2,137,22,6,16.1,11.7,0,2,4.85,0.299,0.497,0.356,0.38,36.7,9.2,39.8,77.11953,93.936783854,11.5,52.9,23.4,46.9,50.0,23.5,22.4,520,SF,85,693313,526,16.2,0.194,0.194,0.179,0.389,0.248,0.336,0.283,7,36,88.0,3.3,2166,95.0,95.44,20,85,0,0.4000000000000057,6.55,102,152,119,146,299,318,293,3.045,-3.045,72.5,7.2,4.471532422,36,30,4,1,0,2,6,16.7,0,0,2.27,0.27,0.87,0.87,92.0,128,40.0,13.333333333333334,11.11111111111111,5.95,-2.61,-0.13,2.29,0.194,4,-3.582352941,0.283,0.508,3.582352941,-0.089,-0.0889999999999999,-0.119,-0.088,23.5,39.7,7.084417237431581,4.07072155743238,33.05043891496749,0.4823529411764706,35.52839939977567,27.802011960249853,SF
Joe Mantiply,573009,2026,27.0,111,22,3,19.8,4.5,2,0,3.0,0.286,0.494,0.308,0.352,37.3,10.8,38.6,75.97032225,95.158587875,8.8,30.6,16.8,49.4,50.6,14.5,28.9,399,TBD,31,573009,399,7.8,0.389,0.444,0.357,0.833,0.517,0.531,0.382,7,18,90.9,13.0,2000,83.2,82.83,5,31,0,-0.4000000000000057,6.14,108,151,119,147,301,323,289,-2.36,2.36,72.6,7.6,4.72108763,18,16,3,2,0,2,2,11.1,0,0,3.3,0.03,1.08,-1.08,92.7,190,37.5,25.0,22.22222222222222,5.22,3.42,0.13,2.12,0.389,4,7.612903226,0.382,0.888,-7.612903226,0.007,0.007,-0.055,-0.014,16.1,14.8,14.124175376677982,-3.8803400731252458,34.62193640872376,0.6774193548387096,37.87153460023456,34.30891889303457,TBD
Cristopher Sánchez,650911,2026,207.0,857,231,19,27.0,5.3,18,7,2.91,0.237,0.366,0.296,0.285,31.9,7.5,42.0,78.068024787,94.522698883,18.3,52.5,31.3,50.5,58.0,16.9,21.6,3158,PHI,379,650911,3158,12.0,0.266,0.147,0.319,0.413,0.293,0.277,0.247,49,184,90.1,5.3,2087,90.5,91.41,108,379,0,0.9000000000000057,6.88,111,152,119,144,298,324,285,11.585,-11.585,73.1,7.6,3.640147219,184,141,34,9,0,6,43,23.4,0,0,2.68,0.12,1.27,-1.27,92.3,135,43.26241134751773,7.801418439716312,5.978260869565218,6.1,1.9,0.13,2.05,0.266,11,-3.056728232,0.247,0.401,3.056728232,0.019,0.019,0.012,0.016,28.5,31.6,10.57860841276503,-6.316229444423453,32.82345701881217,0.4511873350923482,38.03369289206076,32.95592391285419,PHI
