player_name_std,player_id_Full,year,p_formatted_ip,pa_Full,strikeout,p_home_run,k_percent_Full,bb_percent_Full,p_win,p_loss,p_era,xba_Full,xslg_Full,woba_Full,xwoba_Full,sweet_spot_percent,barrel_batted_rate,hard_hit_percent,avg_best_speed,avg_hyper_speed,z_swing_miss_percent,oz_swing_miss_percent,whiff_percent,swing_percent,groundballs_percent,flyballs_percent,linedrives_percent,n,Team_Full,pitches,player_id_L60,total_pitches,pitch_percent,ba,iso,babip,slg,woba_L60,xwoba_L60,xba_L60,hits,abs,launch_speed,launch_angle,spin_rate,velocity,effective_speed,whiffs,swings,takes,eff_min_vel,release_extension,pos3_int_start_distance,pos4_int_start_distance,pos5_int_start_distance,pos6_int_start_distance,pos7_int_start_distance,pos8_int_start_distance,pos9_int_start_distance,pitcher_run_exp,run_exp,bat_speed,swing_length,miss_distance,pa_L60,bip,singles,doubles,triples,hrs,so,k_percent_L60,bb,bb_percent_L60,api_break_z_with_gravity,api_break_z_induced,api_break_x_arm,api_break_x_batter_in,hyper_speed,bbdist,hardhit_percent,barrels_per_bbe_percent,barrels_per_pa_percent,release_pos_z,release_pos_x,plate_x,plate_z,obp,barrels_total,batter_run_value_per_100,xobp,xslg_L60,pitcher_run_value_per_100,xbadiff,xobpdiff,xslgdiff,wobadiff,swing_miss_percent,arm_angle,attack_angle,attack_direction,swing_path_tilt,rate_ideal_attack_angle,intercept_ball_minus_batter_pos_x_inches,intercept_ball_minus_batter_pos_y_inches,Team_L60
Jack Perkins,678022,2026,121.0,541,140,23,25.9,9.4,3,13,6.1,0.234,0.39,0.351,0.311,35.9,8.9,36.7,78.209969167,93.512319851,14.7,48.1,27.3,48.1,37.4,32.1,25.0,2065,OAK,204,678022,2110,9.7,0.352,0.25,0.4,0.602,0.409,0.341,0.302,31,88,90.1,9.2,2218,90.8,90.96,44,204,0,0.2000000000000028,6.33,109,145,111,149,290,323,299,-0.462,0.462,71.8,7.2,1.742621289,88,70,19,7,0,5,18,20.5,0,0,2.33,0.44,0.2,-0.2,92.3,149,45.71428571428572,10.0,7.954545454545454,5.4,-1.7,0.11,2.22,0.352,7.0,0.226470588,0.302,0.497,-0.226470588,0.05,0.0499999999999999,0.105,0.068,21.6,34.0,8.034558599168012,-0.4013827792527984,33.144443915227995,0.4901960784313725,33.57128723027876,30.726484971051327,OAK
Tyler Rogers,643511,2026,71.0,294,40,2,13.6,7.5,2,3,1.77,0.229,0.305,0.255,0.263,23.2,1.8,26.8,72.1084275,92.390376143,8.5,32.5,14.5,50.3,63.2,14.9,15.8,1018,TOR,74,643511,1038,7.1,0.359,0.077,0.371,0.436,0.349,0.292,0.285,14,39,85.1,-0.4,2041,81.8,80.64,5,74,0,-1.2000000000000028,6.01,112,148,105,151,276,314,293,0.408,-0.408,71.5,6.8,0.967295849,39,36,13,0,0,1,3,7.7,0,0,4.26,-0.77,0.0,0.0,91.2,106,33.33333333333333,2.7777777777777777,2.564102564102564,1.24,-3.91,0.0,2.16,0.359,1.0,-0.551351351,0.285,0.389,0.551351351,0.074,0.074,0.047,0.057,6.8,-60.9,1.5648332645885958,9.193017632547573,35.11119552798611,0.3783783783783784,36.14229321973637,24.825043526320503,TOR
Dylan Smith,681916,2026,39.2,177,45,3,25.4,12.4,0,6,3.86,0.221,0.368,0.298,0.306,36.1,6.5,46.3,78.817983462,94.587806154,16.9,45.8,25.1,48.2,36.1,25.9,24.1,703,SF,67,681916,716,9.4,0.143,0.0,0.19,0.143,0.127,0.273,0.212,4,28,95.1,15.8,2279,93.0,93.63,16,67,0,0.5999999999999943,6.62,109,146,116,151,286,317,300,5.979,-5.979,72.4,7.1,1.701664815,28,21,4,0,0,0,7,25.0,0,0,1.47,1.18,0.29,-0.29,92.8,177,66.66666666666666,9.523809523809524,7.142857142857142,6.11,-1.42,-0.1,2.45,0.143,2.0,-8.923880597,0.212,0.437,8.923880597,-0.069,-0.069,-0.294,-0.146,23.9,51.2,8.79091421403606,1.2492612034783654,33.56028293420433,0.5522388059701493,36.164560298335424,28.581090342423725,SF
Kevin Kelly,687330,2026,73.2,279,63,6,22.6,3.9,6,4,2.44,0.251,0.37,0.246,0.284,31.2,6.0,44.6,78.7371153,94.606937387,12.4,45.1,24.0,49.4,57.9,13.4,26.7,987,TB,50,687330,999,5.0,0.276,0.345,0.24,0.621,0.375,0.352,0.27,8,29,93.7,10.8,2024,90.4,91.52,9,50,0,1.0999999999999943,7.0,112,147,106,153,298,334,307,0.271,-0.271,72.1,7.1,1.525258961,29,27,3,2,1,2,2,6.9,0,0,3.01,-0.21,1.29,-1.29,93.3,172,55.55555555555556,11.11111111111111,10.344827586206897,3.71,-1.67,-0.07,2.04,0.276,3.0,-0.542,0.27,0.57,0.542,0.006,0.006,0.051,0.023,18.0,1.9,6.722106894740878,1.0459044014854555,34.02971890919673,0.38,35.665539330950246,30.370970519765507,TB
Brendan Cellucci,676454,2026,8.2,30,11,0,36.7,10.0,0,0,0.0,0.171,0.333,0.134,0.247,31.3,6.3,31.3,83.78441,92.937016875,13.3,68.4,34.7,43.8,25.0,50.0,18.8,112,TOR,14,676454,116,12.1,0.286,0.286,0.333,0.571,0.355,0.472,0.337,2,7,93.2,21.2,2430,89.1,89.44,4,14,0,0.4000000000000057,6.69,121,148,111,153,276,316,291,0.156,-0.156,69.8,6.9,0.520153489,7,6,1,0,1,0,1,14.3,0,0,2.06,0.86,-0.51,-0.51,92.3,245,33.33333333333333,16.666666666666664,14.285714285714285,5.54,2.08,-0.21,2.55,0.286,1.0,-1.114285714,0.337,0.789,1.114285714,-0.051,-0.051,-0.218,-0.117,28.6,38.7,6.887205728780533,4.089092604648838,32.94165775342225,0.5714285714285714,36.81833225775306,28.62139116605515,TOR
Landen Roupp,694738,2026,155.0,657,143,11,21.8,11.4,9,14,4.01,0.232,0.344,0.294,0.302,32.7,5.1,30.0,75.445143555,92.694203207,13.8,40.3,24.4,43.5,50.7,22.8,21.4,2712,SF,168,694738,2715,6.2,0.203,0.051,0.242,0.253,0.196,0.256,0.232,16,79,87.0,18.2,2207,87.9,88.12,38,168,0,0.1999999999999886,6.34,114,147,116,152,287,318,302,9.838,-9.838,71.7,7.3,2.977971994,80,66,13,2,1,0,14,17.5,0,0,2.94,0.04,0.47,-0.47,91.5,155,30.303030303030305,9.090909090909092,7.5,5.2,-1.44,-0.04,2.13,0.2,6.0,-5.855952381,0.229,0.374,5.855952381,-0.029,-0.0289999999999999,-0.121,-0.06,22.6,21.7,11.911196374976498,-3.575258953191806,34.10389153315423,0.4107142857142857,34.782589537966274,33.855673236846265,SF
Carson Spiers,686730,2026,6.0,24,6,4,25.0,0.0,0,0,7.5,0.307,0.749,0.416,0.438,27.8,22.2,50.0,77.179121111,95.866286111,5.6,53.8,18.4,57.6,44.4,22.2,16.7,85,CIN,26,686730,85,30.6,0.4,0.6,0.25,1.0,0.588,0.511,0.384,4,10,91.1,17.7,2380,85.7,86.02,5,26,0,0.2999999999999971,6.61,122,148,128,154,287,321,295,-2.451,2.451,74.4,7.5,2.894260986,10,10,2,0,0,2,0,0.0,0,0,2.82,0.34,-0.16,0.16,94.2,129,60.0,20.0,20.0,5.23,-0.67,0.08,2.17,0.4,2.0,9.426923077,0.384,0.829,-9.426923077,0.016,0.016,0.171,0.077,19.2,29.7,15.811789138160464,-13.805318091195346,31.04990821868956,0.6153846153846154,33.8060356478111,40.571704445039,CIN
Peter Lambert,663567,2026,155.2,664,154,17,23.2,8.9,8,10,3.82,0.221,0.36,0.301,0.297,34.2,6.8,35.5,77.340662593,93.498135893,18.2,39.4,25.4,48.8,37.6,32.1,22.3,2642,HOU,227,663567,2644,8.6,0.344,0.188,0.372,0.531,0.374,0.326,0.302,33,96,88.3,17.6,2045,89.7,89.41,55,227,0,-0.2999999999999971,6.18,113,146,107,151,287,325,295,-3.841,3.841,72.2,7.4,2.051446933,97,82,23,6,0,4,15,15.5,0,0,2.02,0.84,0.5,-0.5,91.4,175,34.14634146341464,7.317073170731707,6.185567010309279,5.98,-2.38,-0.16,2.31,0.34,6.0,1.692070485,0.3,0.466,-1.692070485,0.042,0.04,0.065,0.048,24.2,49.1,11.208138697491163,-2.7483289555730264,31.99257535589404,0.5594713656387665,36.68866270677694,31.407070938616023,HOU
Yoendrys Gómez,672782,2026,67.0,297,65,7,21.9,13.1,3,4,4.3,0.259,0.441,0.317,0.355,41.6,8.4,43.7,77.88486383,93.899877326,18.9,44.3,26.2,47.0,27.4,32.1,26.8,1123,MIN,71,672782,1168,6.1,0.379,0.345,0.435,0.724,0.467,0.333,0.315,11,29,90.8,17.4,2478,93.9,94.75,17,71,0,0.8999999999999915,6.8,115,141,118,147,295,326,295,-1.788,1.788,73.0,7.3,1.793040974,29,24,3,7,0,1,5,17.2,0,0,1.67,0.93,0.41,-0.41,91.5,180,45.83333333333333,4.166666666666666,3.4482758620689653,5.34,-2.09,0.0,2.3,0.379,1.0,2.518309859,0.315,0.464,-2.518309859,0.064,0.064,0.26,0.134,23.9,28.2,9.560061922540438,1.8531836026933648,34.99936321276844,0.4225352112676056,36.23947891357625,27.429934392545352,MIN
José Suarez,660761,2026,61.1,277,61,6,22.0,9.7,1,4,5.87,0.267,0.36,0.359,0.317,38.2,2.7,32.3,77.496151319,93.154141758,17.0,43.2,26.7,48.7,40.9,23.7,28.5,1068,TBD,15,660761,1073,1.4,0.429,0.0,0.375,0.429,0.334,0.418,0.47,3,7,87.4,15.6,2468,87.8,87.1,4,15,0,-0.7000000000000028,5.79,108,133,103,143,284,320,297,-0.05,0.05,70.2,7.2,1.630428375,8,8,3,0,0,0,0,0.0,0,0,2.29,0.69,0.52,0.52,91.4,184,25.0,0.0,0.0,5.74,2.21,-0.18,2.2,0.375,0.0,0.333333333,0.423,0.575,-0.333333333,-0.041,-0.0479999999999999,-0.146,-0.084,26.7,39.7,9.764916544814325,-4.6125493012425896,32.68257038576596,0.5333333333333333,37.97596572485082,32.13980586294695,TBD
Hayden Wesneski,669713,2026,61.0,246,46,4,18.7,8.1,6,2,3.25,0.247,0.363,0.281,0.301,33.1,5.1,39.9,76.220033596,93.959904011,13.6,39.9,23.6,49.1,44.9,19.7,27.0,898,HOU,213,669713,899,23.7,0.214,0.153,0.231,0.367,0.246,0.273,0.243,21,98,88.7,12.7,2252,88.8,89.42,53,213,0,0.6000000000000085,6.67,115,146,108,150,286,323,294,9.264,-9.264,71.8,7.4,2.509513513,99,81,13,4,1,3,18,18.2,0,0,2.36,0.56,0.08,-0.08,92.5,151,41.9753086419753,8.641975308641975,7.07070707070707,6.04,-1.45,0.06,2.34,0.212,7.0,-4.349295775,0.244,0.395,4.349295775,-0.029,-0.032,-0.028,-0.027,24.9,46.0,11.869396250565943,-4.370589422306681,32.35927870881914,0.4976525821596244,35.40538837313806,31.914207436890862,HOU
Yunior Tur,814305,2026,12.2,78,14,6,17.9,14.1,0,0,16.34,0.307,0.618,0.51,0.438,46.2,13.7,38.5,78.693950385,94.573726078,18.4,53.5,30.0,44.2,30.8,36.5,21.2,294,OAK,42,814305,294,14.3,0.286,0.238,0.294,0.524,0.345,0.25,0.233,6,21,86.9,20.7,1612,90.1,91.47,10,42,0,1.4000000000000057,7.04,114,146,121,150,291,321,298,0.111,-0.111,71.5,7.2,1.84069753,21,18,3,2,0,1,3,14.3,0,0,2.14,0.67,0.1,-0.1,91.8,141,33.33333333333333,0.0,0.0,6.0,-0.53,0.2,2.26,0.286,0.0,-0.264285714,0.233,0.349,0.264285714,0.053,0.0529999999999999,0.175,0.095,23.8,53.7,9.39178131539289,-3.310027199479219,32.32912754769361,0.4047619047619047,34.046683905434804,32.00368975229073,OAK
Bryan Baker,641329,2026,62.1,244,63,4,25.8,9.0,4,2,1.44,0.205,0.319,0.231,0.272,33.1,7.0,35.7,74.996232987,93.55885961,21.2,38.5,27.2,52.6,40.1,26.8,22.9,977,TB,49,641329,981,5.0,0.167,0.25,0.158,0.417,0.242,0.27,0.214,4,24,92.0,24.4,2066,91.3,91.33,14,49,0,0.0,6.39,108,146,111,152,292,331,304,3.461,-3.461,71.8,7.2,1.562924618,24,20,1,1,1,1,4,16.7,0,0,1.56,1.21,0.63,-0.63,92.4,192,45.0,15.0,12.5,6.54,-0.82,-0.17,2.49,0.167,3.0,-7.063265306,0.214,0.429,7.063265306,-0.047,-0.0469999999999999,-0.012,-0.028,28.6,54.8,10.06963148347216,-2.1685251293340766,31.27655747883082,0.4285714285714285,37.04466336978529,30.84437231391128,TB
Dennis Santana,642701,2026,56.2,250,49,10,19.6,10.0,2,5,5.56,0.251,0.423,0.344,0.331,38.2,8.1,40.5,78.135057674,93.940445349,16.0,42.6,25.8,49.2,33.5,32.9,24.9,929,ARI,54,642701,935,5.8,0.259,0.148,0.286,0.407,0.287,0.239,0.206,7,27,86.6,22.2,2477,88.9,88.49,15,54,0,-0.4000000000000057,5.92,117,146,112,152,292,320,297,1.444,-1.444,71.4,7.2,1.695574414,27,22,5,1,0,1,5,18.5,0,0,2.25,0.64,0.38,-0.38,91.7,179,27.27272727272727,4.545454545454546,3.7037037037037033,5.72,-2.19,0.05,2.44,0.259,1.0,-2.674074074,0.206,0.357,2.674074074,0.053,0.053,0.05,0.048,27.8,30.0,13.459382819768376,-5.49908912014898,32.2514875763189,0.4444444444444444,35.25192529663288,34.24712767360004,ARI
Seth Martinez,661527,2026,1.0,6,1,0,16.7,0.0,0,0,9.0,0.283,0.38,0.48,0.36,50.0,0.0,50.0,67.40518,93.0476125,33.3,40.0,36.4,50.0,25.0,0.0,50.0,22,TBD,2,661527,22,9.1,0.0,0.0,,0.0,0.0,0.0,,0,1,,,2355,85.2,86.0,1,2,0,0.7999999999999972,6.8,120,152,108,149,285,313,294,0.216,-0.216,64.5,6.9,4.072207056,1,0,0,0,0,0,1,100.0,0,0,2.7,0.48,-0.09,0.09,88.0,208,,,,4.06,-2.24,0.45,1.75,0.0,,-10.8,,,10.8,,,,0.0,50.0,3.0,10.841980570473863,-11.051736395248788,33.28945077485629,0.0,34.87331181246198,35.187984687256545,TBD
Luis Gil,661563,2026,27.1,124,17,6,13.7,14.5,1,2,4.61,0.249,0.43,0.341,0.362,27.1,7.1,47.1,82.999359286,95.513872771,12.5,34.3,19.7,40.9,42.4,32.9,16.5,496,TBD,32,661563,496,6.5,0.231,0.0,0.273,0.231,0.205,0.28,0.286,3,13,92.0,21.2,2430,94.2,94.68,6,32,0,0.5,6.71,110,143,117,151,285,328,292,1.565,-1.565,71.9,7.2,0.696567384,13,11,3,0,0,0,2,15.4,0,0,1.39,1.21,0.16,-0.16,91.1,176,54.54545454545454,0.0,0.0,5.8,-2.83,0.12,2.55,0.231,0.0,-4.890625,0.286,0.36,4.890625,-0.055,-0.0549999999999999,-0.129,-0.075,18.8,39.1,11.540413815273062,-2.8887181705614555,30.88316854506431,0.65625,35.93532339259039,30.49862011091273,TBD
Bennett Sousa,656986,2026,30.0,141,32,5,22.7,12.8,1,3,6.0,0.226,0.371,0.371,0.313,36.3,9.9,36.3,78.984713556,93.588781667,14.0,64.0,31.0,49.0,33.0,40.7,22.0,533,HOU,84,656986,533,15.8,0.368,0.237,0.4,0.605,0.418,0.342,0.288,14,38,89.6,22.1,2273,88.2,88.26,20,84,0,0.0999999999999943,6.36,115,145,106,149,287,322,295,-3.018,3.018,70.0,7.6,3.093098478,38,32,9,3,0,2,6,15.8,0,0,2.53,0.43,-0.06,-0.06,92.2,162,37.5,15.625,13.157894736842104,6.44,0.87,-0.18,2.11,0.368,5.0,3.592857143,0.288,0.518,-3.592857143,0.08,0.08,0.087,0.076,23.8,58.0,12.992432322025255,-5.048661961619819,32.724001077158654,0.5952380952380952,37.03923527475899,32.525239604063486,HOU
Anthony Kay,641743,2026,158.0,710,129,21,18.2,7.9,10,9,4.44,0.265,0.419,0.339,0.342,34.3,8.1,38.9,76.49562281,94.225161921,13.7,38.4,23.4,47.3,43.7,22.0,26.1,2788,CWS,97,641743,2792,3.5,0.18,0.06,0.231,0.24,0.182,0.226,0.223,9,50,89.2,2.4,2379,93.2,92.18,23,97,0,-1.0,5.77,110,148,115,152,290,323,303,6.988,-6.988,70.9,7.0,1.392440209,50,39,6,3,0,0,11,22.0,0,0,2.25,0.42,0.62,0.62,91.4,109,30.76923076923077,2.564102564102564,2.0,5.71,2.37,-0.01,2.35,0.18,1.0,-7.204123711,0.223,0.3,7.204123711,-0.043,-0.043,-0.06,-0.044,23.7,33.3,7.42638488721966,2.135132410455139,32.29979992364789,0.5051546391752577,35.90851452799653,29.62256670925423,CWS
Gabriel Hughes,687312,2026,64.0,283,56,7,19.8,8.5,0,8,6.33,0.242,0.38,0.336,0.305,37.5,6.0,32.0,77.294053571,92.953896205,13.1,40.7,20.7,47.9,41.5,26.5,27.5,1142,COL,186,687312,1145,16.2,0.291,0.221,0.296,0.512,0.342,0.334,0.292,25,86,87.9,14.3,2152,89.0,90.57,36,186,0,1.5999999999999943,6.92,117,145,119,151,293,331,306,1.031,-1.031,72.2,7.2,1.62238718,86,75,15,5,1,4,11,12.8,0,0,2.47,0.41,-0.04,0.04,92.0,155,36.0,8.0,6.976744186046512,5.52,-2.47,0.06,2.27,0.291,6.0,-0.554301075,0.292,0.494,0.554301075,-0.001,-0.001,0.018,0.008,19.4,45.0,8.730903998435592,1.4880190233590032,34.57551840406135,0.5053763440860215,34.209231101121304,29.22674646470145,COL
Julian Aguiar,687924,2026,3.0,14,2,0,14.3,7.1,1,0,6.0,0.2,0.303,0.304,0.251,45.5,0.0,36.4,70.667311667,92.04468,5.6,28.6,12.0,46.3,45.5,27.3,18.2,54,CHC,11,687924,54,20.4,0.4,0.0,0.4,0.4,0.356,0.226,0.194,2,5,84.0,32.6,1869,87.5,87.14,2,11,0,-0.4000000000000057,6.06,122,146,119,153,290,322,291,0.219,-0.219,72.9,7.5,7.748108112,5,5,2,0,0,0,0,0.0,0,0,2.66,0.35,1.36,-1.36,90.5,209,40.0,0.0,0.0,5.3,-2.1,-0.24,2.11,0.4,0.0,-1.990909091,0.194,0.338,1.990909091,0.206,0.206,0.062,0.13,18.2,24.5,12.845047437574031,-7.126499425114748,32.13972957977871,0.6363636363636364,39.205231915687314,34.34946971180365,CHC
Lucas Erceg,668674,2026,48.1,228,34,5,14.9,14.0,4,4,5.59,0.253,0.344,0.376,0.33,30.8,4.5,36.5,73.245316494,93.683219935,14.3,34.3,20.9,47.3,51.3,14.7,23.7,901,KC,32,668674,909,3.5,0.313,0.063,0.357,0.375,0.301,0.224,0.231,5,16,84.6,15.9,2119,93.4,93.78,8,32,0,0.3999999999999915,6.5,116,145,117,152,290,321,295,0.326,-0.326,68.8,7.1,2.5293671,16,14,4,1,0,0,2,12.5,0,0,2.13,0.51,0.65,-0.65,90.8,142,28.57142857142857,0.0,0.0,5.93,-2.37,-0.37,2.32,0.313,0.0,-1.01875,0.231,0.29,1.01875,0.082,0.0819999999999999,0.085,0.077,25.0,41.2,9.646809680241397,-0.7989876197830618,29.813616127813987,0.5,38.739496738978005,29.84896968587851,KC
Mason Barnett,686930,2026,50.0,229,50,14,21.8,13.1,1,4,7.02,0.246,0.431,0.386,0.343,34.7,8.8,40.1,79.970833514,94.337880612,10.8,44.4,22.3,43.3,34.0,33.3,25.2,909,OAK,82,686930,915,9.0,0.35,0.25,0.344,0.6,0.398,0.328,0.303,14,40,90.1,13.6,2049,90.8,90.65,12,82,0,-0.2000000000000028,6.2,111,146,114,149,293,323,299,-0.605,0.605,72.1,7.2,1.629629773,41,35,10,1,0,3,6,14.6,0,0,2.06,0.74,0.07,-0.07,91.9,162,42.85714285714285,5.714285714285714,4.878048780487805,5.96,-2.21,-0.06,2.26,0.341,2.0,0.737804878,0.297,0.483,-0.737804878,0.047,0.044,0.117,0.07,14.6,53.4,7.443774363360483,-0.926561937092112,31.89519742191866,0.4878048780487805,36.35665766033126,30.476056884899545,OAK
Ryan Yarbrough,642232,2026,63.1,268,49,3,18.3,8.6,2,1,3.69,0.233,0.325,0.285,0.285,37.0,3.6,25.0,72.177732258,91.67577828,21.7,33.1,25.0,47.9,35.4,28.6,25.5,1061,NYY,41,642232,1064,3.9,0.067,0.067,0.1,0.133,0.084,0.169,0.177,1,15,87.8,19.2,1982,80.9,80.79,17,41,0,-0.1000000000000085,6.36,116,145,115,152,284,325,292,3.256,-3.256,71.4,7.2,2.121037191,15,10,0,1,0,0,5,33.3,0,0,2.96,0.61,0.16,0.16,89.9,158,30.0,0.0,0.0,5.01,3.13,0.03,2.47,0.067,0.0,-7.941463415,0.177,0.214,7.941463415,-0.11,-0.1099999999999999,-0.081,-0.085,41.5,15.2,12.253598967421611,-7.833039157907822,33.3846560668223,0.3414634146341463,34.536208709327155,33.86440620758369,NYY
Jacob Latz,656641,2026,72.0,271,83,6,30.6,8.5,3,4,2.13,0.188,0.332,0.207,0.253,28.5,8.5,41.2,78.97146963,93.949980124,23.9,45.5,31.5,52.8,37.0,30.3,19.4,1128,TEX,29,656641,1152,2.5,0.214,0.214,0.222,0.429,0.274,0.224,0.176,3,14,91.9,26.6,2455,91.3,91.41,8,29,0,0.1000000000000085,6.49,119,145,110,152,297,328,304,1.507,-1.507,72.5,7.4,3.616485728,14,10,2,0,0,1,4,28.6,0,0,1.69,1.08,0.3,0.3,91.0,171,50.0,10.0,7.142857142857142,6.01,1.85,-0.17,2.34,0.214,1.0,-5.196551724,0.176,0.354,5.196551724,0.038,0.038,0.075,0.05,27.6,51.9,12.780488922799222,-3.555859844975571,31.22171009005106,0.5172413793103449,38.70176644493474,33.43339666372351,TEX
Yaramil Hiraldo,682274,2026,9.1,48,13,2,27.1,20.8,1,0,8.68,0.178,0.31,0.391,0.317,29.2,8.3,33.3,79.51324,93.161445,27.0,61.3,38.3,48.7,20.8,41.7,16.7,193,BAL,26,682274,193,13.5,0.286,0.0,0.286,0.286,0.223,0.195,0.235,2,7,83.4,26.1,1865,90.7,90.26,6,26,0,-0.4000000000000057,6.05,117,142,109,144,289,320,303,1.187,-1.187,70.0,7.2,3.063202242,8,7,2,0,0,0,1,12.5,0,0,1.68,1.12,0.53,-0.53,88.6,150,14.285714285714285,0.0,0.0,6.25,-0.35,0.03,2.66,0.25,0.0,-4.565384615,0.206,0.268,4.565384615,0.051,0.044,0.018,0.028,23.1,59.6,13.469923698342887,-9.049337855466048,31.042401341871194,0.5,34.916904417562264,35.68098966815847,BAL
Nolan Hoffman,676510,2026,15.0,67,12,0,17.9,9.0,0,0,3.6,0.296,0.371,0.343,0.343,30.4,0.0,34.8,70.984428261,92.670124222,9.9,53.1,23.3,45.0,47.8,10.9,34.8,229,KC,27,676510,229,11.8,0.333,0.167,0.5,0.5,0.359,0.272,0.256,4,12,92.2,2.5,2259,89.2,89.54,8,27,0,0.2999999999999971,6.54,109,144,125,151,290,324,298,-0.027,0.027,71.4,6.7,1.760345488,12,8,2,2,0,0,4,33.3,0,0,2.74,0.15,0.95,-0.95,91.4,184,62.5,0.0,0.0,3.66,-2.61,-0.14,2.4,0.333,0.0,0.1,0.256,0.374,-0.1,0.077,0.077,0.126,0.087,29.6,-2.1,6.586954429626566,6.915115662122376,32.53869242680437,0.3703703703703703,38.36635233845544,27.96366071112569,KC
AJ Smith-Shawver,700363,2026,31.1,144,27,7,18.8,11.1,0,3,6.61,0.241,0.423,0.357,0.335,32.3,9.1,37.4,77.015052653,94.006957959,16.8,36.5,23.3,50.1,40.4,25.3,22.2,573,ATL,108,700363,573,18.8,0.327,0.367,0.262,0.694,0.432,0.358,0.295,16,49,89.9,15.4,1815,87.5,88.29,22,108,0,0.7999999999999972,6.76,121,145,117,152,305,323,309,-3.774,3.774,71.2,7.3,3.941727964,49,47,8,3,0,5,2,4.1,0,0,2.6,0.45,0.66,-0.66,92.9,161,42.5531914893617,10.638297872340424,10.20408163265306,5.66,-2.44,-0.23,2.37,0.327,5.0,3.494444444,0.295,0.551,-3.494444444,0.032,0.032,0.143,0.074,20.4,37.0,12.437196799784113,-6.335741459603913,31.61028094708804,0.4351851851851852,38.989668009194176,34.309390714932306,ATL
Gabe Speier,642100,2026,46.0,190,45,5,23.7,7.9,2,3,2.93,0.214,0.388,0.285,0.297,28.0,10.5,36.8,76.493828197,93.911668852,18.6,39.0,24.5,52.0,44.0,28.8,20.0,698,SEA,53,642100,706,7.5,0.259,0.222,0.3,0.481,0.314,0.296,0.254,7,27,92.5,7.6,2170,93.4,93.42,12,53,0,0.0,6.21,118,144,111,150,283,325,307,0.677,-0.677,71.1,6.7,2.102514347,27,21,4,1,1,1,6,22.2,0,0,1.99,0.63,0.87,0.87,92.2,171,42.85714285714285,9.523809523809524,7.4074074074074066,5.41,2.15,0.09,2.59,0.259,2.0,-1.277358491,0.254,0.444,1.277358491,0.005,0.005,0.037,0.018,22.6,28.8,6.079847746671193,8.924157696992172,30.949625448100736,0.5283018867924528,36.09919561494621,25.872752670199773,SEA
Jackson Kent,800600,2026,36.1,170,30,2,17.6,14.7,2,4,5.94,0.274,0.409,0.352,0.353,35.7,6.1,40.0,75.991521579,93.851242368,12.6,40.0,23.8,45.3,49.6,20.0,25.2,677,WSH,68,800600,677,10.0,0.314,0.257,0.357,0.571,0.375,0.289,0.25,11,35,89.4,11.9,2206,89.1,90.34,12,68,0,1.2000000000000028,7.01,115,147,117,151,297,331,303,-1.168,1.168,72.7,7.1,5.990692327,35,29,5,4,1,1,6,17.1,0,0,2.24,0.65,0.26,0.26,91.4,151,44.82758620689656,6.896551724137931,5.714285714285714,5.56,1.96,-0.12,2.21,0.314,2.0,1.717647059,0.25,0.425,-1.717647059,0.064,0.064,0.146,0.086,17.6,40.6,11.621446656794353,-1.8368206187193967,32.46187852241475,0.5588235294117647,36.84548361383562,33.977505988537075,WSH
Connor Brogdon,641401,2026,16.0,70,15,5,21.4,4.3,2,2,5.06,0.256,0.504,0.345,0.345,33.3,13.7,45.1,82.188572083,95.268325833,20.8,38.1,26.1,49.1,41.2,35.3,15.7,281,TBD,7,641401,282,2.5,0.5,0.0,1.0,0.5,0.445,0.156,0.171,1,2,99.3,-3.0,2258,92.1,92.76,1,7,0,0.7000000000000028,6.9,116,146,123,145,299,319,296,0.025,-0.025,73.5,7.0,0.188965008,2,1,1,0,0,0,1,50.0,0,0,1.62,1.13,1.02,-1.02,89.9,153,100.0,0.0,0.0,5.72,-2.81,-0.01,2.33,0.5,0.0,-0.357142857,0.171,0.194,0.357142857,0.329,0.3289999999999999,0.306,0.289,14.3,29.7,5.6864651864785,2.002095710343417,34.30021879641652,0.5714285714285714,34.04670761673733,28.761745237868343,TBD
Garrett Stallings,668831,2026,14.0,51,17,0,33.3,9.8,0,0,0.0,0.119,0.135,0.146,0.169,17.2,0.0,17.2,78.897302857,91.297072857,19.6,54.3,33.0,46.9,34.5,44.8,10.3,194,TBD,11,668831,194,5.7,0.0,0.0,0.0,0.0,0.0,0.116,0.119,0,6,83.2,27.0,1757,86.5,87.09,3,11,0,0.5999999999999943,6.58,126,148,140,154,294,319,303,1.841,-1.841,73.9,7.4,3.433909746,6,5,0,0,0,0,1,16.7,0,0,2.3,0.77,1.03,-1.03,90.9,158,20.0,0.0,0.0,5.23,-1.44,-0.31,2.18,0.0,0.0,-16.736363636,0.119,0.15,16.736363636,-0.119,-0.119,-0.15,-0.116,27.3,40.1,14.36128127086856,-6.549607788425346,32.8163220717874,0.5454545454545454,37.866060502093575,34.922093016262025,TBD
Antonio Senzatela,622608,2026,73.1,311,60,6,19.3,8.4,11,5,4.05,0.259,0.375,0.31,0.31,32.3,6.3,40.4,77.021888727,94.288859455,16.4,38.6,23.5,49.4,48.9,23.8,22.0,1165,MIL,69,622608,1173,5.9,0.357,0.143,0.391,0.5,0.36,0.324,0.3,10,28,90.6,10.3,2260,95.2,95.28,16,69,0,0.0999999999999943,6.27,117,149,124,152,293,318,302,-0.553,0.553,72.2,6.9,0.831656347,29,24,8,1,0,1,5,17.2,0,0,1.91,0.61,0.51,-0.51,92.0,133,37.5,8.333333333333332,6.896551724137931,5.82,-2.09,0.02,2.47,0.345,2.0,0.801449275,0.306,0.421,-0.801449275,0.057,0.0389999999999999,0.079,0.036,23.2,37.0,6.107949875927394,7.706329368769318,33.58204813379024,0.5072463768115942,35.72084897257653,26.86130546676885,MIL
Tony Santillan,663574,2026,40.2,191,36,11,18.8,14.7,3,4,6.42,0.262,0.52,0.373,0.385,36.8,13.8,45.6,82.241141167,94.800150667,14.3,41.7,22.9,43.8,34.4,38.4,21.6,698,CIN,44,663574,704,6.3,0.211,0.263,0.214,0.474,0.287,0.517,0.328,4,19,93.6,31.5,2234,90.9,90.35,9,44,0,-0.6000000000000085,5.98,120,148,118,153,289,325,298,0.973,-0.973,69.7,6.9,0.975309851,19,15,1,2,0,1,4,21.1,0,0,1.91,0.87,0.32,-0.32,92.7,230,53.333333333333336,40.0,31.57894736842105,5.42,-2.22,0.03,2.47,0.211,6.0,-2.211363636,0.328,0.927,2.211363636,-0.117,-0.117,-0.453,-0.23,20.5,28.1,7.5647334033700435,3.8936751615537295,33.2894583039795,0.3863636363636363,35.69685926518853,28.08083782726872,CIN
Greg Weissert,669711,2026,60.2,255,60,8,23.5,7.8,4,2,3.26,0.228,0.363,0.304,0.293,30.4,5.3,30.4,76.395298353,92.73874426,15.5,39.5,23.7,49.4,42.1,31.6,19.9,991,BOS,63,669711,998,6.3,0.353,0.235,0.357,0.588,0.382,0.362,0.328,6,17,92.3,17.9,2051,90.1,89.5,18,63,0,-0.5999999999999943,5.98,109,143,115,145,282,317,303,0.877,-0.877,70.9,7.1,3.305511753,18,15,4,1,0,1,3,16.7,0,0,2.58,0.26,0.99,-0.99,90.7,184,53.333333333333336,6.666666666666667,5.555555555555555,4.72,-2.29,-0.22,2.2,0.333,1.0,-1.392063492,0.324,0.51,1.392063492,0.025,0.009,0.078,0.02,28.6,11.6,9.728280752986391,-1.5541029905470811,32.369132538331705,0.5396825396825397,38.23804849053996,30.03321245829796,BOS
Hagen Smith,696146,2026,28.0,110,41,1,37.3,14.5,3,3,1.29,0.159,0.224,0.211,0.243,35.8,1.9,34.0,75.859778846,93.418211538,22.2,60.3,36.2,42.4,43.4,18.9,30.2,469,CWS,51,696146,469,10.9,0.24,0.12,0.238,0.36,0.26,0.274,0.268,6,25,84.5,11.4,2408,88.9,89.95,11,51,0,1.0999999999999943,6.86,112,148,114,152,287,323,302,3.022,-3.022,69.4,7.0,4.764852624,25,22,5,0,0,1,3,12.0,0,0,2.35,0.56,0.19,0.19,91.0,137,36.36363636363637,4.545454545454546,4.0,5.26,3.38,-0.09,2.26,0.24,1.0,-5.925490196,0.268,0.367,5.925490196,-0.028,-0.028,-0.007,-0.014,21.6,20.3,10.10520793160121,-4.800458840098245,33.76886504205059,0.4509803921568627,35.461396762568185,33.40692175788088,CWS
Danny Young,664849,2026,12.1,65,15,3,23.1,20.0,0,1,8.03,0.24,0.468,0.449,0.391,32.4,17.6,61.8,89.220940625,97.231403125,12.1,48.4,24.7,33.6,47.1,26.5,23.5,265,TBD,6,664849,273,2.2,0.5,0.75,0.5,1.25,0.735,0.645,0.394,2,4,102.5,26.3,2527,87.7,87.45,2,6,0,-0.2000000000000028,6.43,128,146,128,153,302,324,301,-1.053,1.053,73.3,7.8,4.74157551,4,3,1,0,0,1,1,25.0,0,0,2.92,0.11,0.08,0.08,102.5,273,100.0,33.33333333333333,25.0,4.93,3.42,-0.26,2.18,0.5,1.0,17.55,0.394,1.192,-17.55,0.106,0.1059999999999999,0.058,0.09,33.3,14.8,21.13748276382293,-12.145062466205488,33.46056690295257,0.5,40.600599100893824,37.21151262945351,TBD
Jedixson Paez,699151,2026,11.2,57,8,4,14.0,8.8,1,1,10.8,0.33,0.628,0.428,0.418,34.1,15.9,47.7,79.938445,95.762905,16.5,33.3,21.7,50.2,45.5,36.4,13.6,229,BOS,49,699151,229,21.4,0.3,0.25,0.294,0.55,0.345,0.382,0.32,6,20,88.7,6.3,2107,86.4,86.68,11,49,0,0.2999999999999971,6.68,107,146,117,149,277,319,306,-0.098,0.098,73.3,7.6,2.739098804,21,18,3,2,0,1,3,14.3,0,0,2.57,0.53,0.67,-0.67,92.2,147,50.0,16.666666666666664,14.285714285714285,5.68,-3.28,-0.28,2.26,0.286,3.0,0.2,0.305,0.628,-0.2,-0.02,-0.019,-0.078,-0.037,22.4,41.1,16.93179752520522,-10.123869242366377,32.23979689099088,0.5714285714285714,36.159225418055286,38.519477888759134,BOS
George Kirby,669923,2026,174.2,741,148,22,20.0,6.3,9,11,4.33,0.263,0.408,0.341,0.315,33.0,6.6,40.1,78.915435242,94.141239424,13.7,40.0,22.5,51.9,44.2,24.3,23.8,2758,SEA,188,669923,2764,6.8,0.356,0.267,0.38,0.622,0.418,0.385,0.348,32,90,91.7,21.8,2187,92.2,92.69,39,188,0,0.5,6.59,118,145,111,150,279,320,305,-4.196,4.196,72.2,7.1,1.650714007,90,76,18,9,0,5,14,15.6,0,0,2.26,0.44,0.29,-0.29,92.6,168,43.42105263157895,5.263157894736842,4.444444444444445,5.78,-1.52,0.21,2.37,0.356,4.0,2.231914894,0.348,0.551,-2.231914894,0.008,0.008,0.071,0.033,20.7,34.6,8.69141160392457,-0.3902625556383373,32.819409804374665,0.5531914893617021,33.69822722654417,30.07265892226345,SEA
Enmanuel De Jesus,646241,2026,42.1,178,39,3,21.9,8.4,2,0,3.83,0.253,0.407,0.3,0.323,36.9,7.4,43.4,81.234065167,94.536764583,14.5,46.4,24.2,47.5,41.8,27.0,23.8,669,DET,24,646241,669,3.6,0.267,0.267,0.231,0.533,0.339,0.372,0.311,4,15,87.9,22.4,2372,91.5,91.11,4,24,0,-0.4000000000000057,6.06,118,147,116,150,285,322,305,0.576,-0.576,71.4,7.2,5.992537623,15,14,2,1,0,1,1,6.7,0,0,1.87,0.87,0.7,0.7,92.5,172,35.714285714285715,7.142857142857142,6.666666666666667,5.83,2.99,0.16,2.52,0.267,1.0,-2.4,0.311,0.565,2.4,-0.044,-0.0439999999999999,-0.032,-0.033,16.7,41.1,11.535309488623655,-5.340221216665755,29.135581497198807,0.5833333333333334,33.51320132059092,33.100142000124954,DET
Erik Tolman,680899,2026,15.1,67,17,1,25.4,13.4,1,1,2.93,0.209,0.34,0.295,0.293,29.3,4.9,26.8,70.5278665,93.1486135,23.8,41.9,29.1,51.0,51.2,26.8,14.6,289,WSH,28,680899,291,9.6,0.273,0.091,0.273,0.364,0.253,0.276,0.251,3,11,82.2,19.2,2108,88.8,89.03,7,28,0,0.2000000000000028,6.26,109,146,114,150,298,329,305,1.229,-1.229,70.7,7.2,3.415742575,12,11,2,1,0,0,1,8.3,0,0,2.49,0.41,0.13,0.13,90.4,161,27.27272727272727,0.0,0.0,6.09,1.73,-0.06,2.27,0.25,0.0,-4.389285714,0.245,0.404,4.389285714,0.022,0.005,-0.04,-0.023,25.0,46.1,12.32890885944428,-1.8124897570046392,33.82820640216985,0.4642857142857143,36.16325542127513,33.411255294485926,WSH
Mark Manfredi,815081,2026,17.2,75,16,1,21.3,12.0,1,2,3.06,0.228,0.417,0.301,0.325,24.0,8.0,46.0,80.9554164,95.1574368,16.1,51.5,25.4,42.3,40.0,32.0,22.0,298,COL,54,815081,298,18.1,0.304,0.217,0.35,0.522,0.348,0.338,0.292,7,23,92.4,14.1,2388,92.3,92.8,12,54,0,0.5,6.36,121,147,122,153,290,331,306,0.445,-0.445,71.9,7.0,2.749114113,23,20,4,1,2,0,3,13.0,0,0,1.67,0.99,0.56,0.56,93.2,186,55.00000000000001,5.0,4.3478260869565215,5.47,1.8,-0.06,2.43,0.304,1.0,-0.824074074,0.292,0.503,0.824074074,0.012,0.012,0.019,0.01,22.2,28.4,6.338645311370239,5.404727985674641,35.25948236128541,0.4629629629629629,35.53465770870729,27.482622996182677,COL
Trevor Rogers,669432,2026,169.2,699,157,19,22.5,5.6,10,11,4.03,0.239,0.387,0.304,0.293,31.8,6.8,36.2,77.048872154,93.709961362,16.9,40.4,24.4,53.3,39.4,25.0,24.2,2689,BAL,94,669432,2690,3.5,0.222,0.067,0.286,0.289,0.222,0.198,0.186,10,45,81.7,14.7,2318,91.0,91.67,25,94,0,0.7000000000000028,6.77,113,146,107,148,287,323,309,4.404,-4.404,69.1,6.9,1.810613516,45,35,8,1,1,0,10,22.2,0,0,2.02,0.78,0.77,0.77,89.9,147,22.857142857142858,2.857142857142857,2.2222222222222223,5.73,2.23,0.01,2.38,0.222,1.0,-4.685106383,0.186,0.272,4.685106383,0.036,0.036,0.017,0.024,26.6,22.5,5.455164510229858,3.4512349669856075,34.60718716425899,0.4468085106382978,35.14927034384348,26.99322698726373,BAL
Reiver Sanmartin,665665,2026,21.1,93,16,3,17.2,7.5,3,0,4.22,0.261,0.396,0.324,0.309,25.7,10.0,37.1,74.59019,93.877700725,9.9,41.0,22.4,44.1,62.9,12.9,21.4,345,SF,44,665665,349,12.6,0.261,0.13,0.333,0.391,0.279,0.219,0.213,6,23,85.3,7.6,2414,86.9,87.1,17,44,0,0.1999999999999886,6.43,119,148,119,153,288,320,301,2.001,-2.001,72.7,7.5,3.718717294,23,18,4,1,1,0,5,21.7,0,0,2.98,0.06,0.65,0.65,91.5,124,22.22222222222222,11.11111111111111,8.695652173913043,5.21,2.65,-0.08,1.94,0.261,2.0,-4.547727273,0.213,0.293,4.547727273,0.048,0.048,0.098,0.06,38.6,21.2,11.69705762879414,-4.919792540863659,34.4330662171367,0.5909090909090909,36.02199447426708,33.61673584115734,SF
Nick Davila,689546,2026,27.1,119,13,2,10.9,10.9,0,0,4.94,0.273,0.386,0.315,0.34,28.1,4.5,28.1,79.078879333,92.678903146,8.7,30.8,15.8,45.5,51.7,20.2,21.3,446,TBD,19,689546,447,4.3,0.545,0.364,0.5,0.909,0.625,0.44,0.398,6,11,91.3,23.7,2109,90.1,90.0,2,19,0,-0.0999999999999943,6.19,110,141,116,148,284,325,305,-2.799,2.799,71.7,7.4,2.172743154,11,11,4,1,0,1,0,0.0,0,0,2.84,-0.01,0.51,-0.51,93.1,198,45.45454545454545,18.181818181818183,18.181818181818183,5.84,-1.52,-0.08,2.14,0.545,2.0,14.731578947,0.398,0.637,-14.731578947,0.147,0.147,0.272,0.185,10.5,29.5,8.390925720473524,3.894476339144709,35.00781883699991,0.4210526315789473,38.64893930936592,24.61208533313737,TBD
Grayson Rodriguez,680570,2026,98.2,444,85,16,19.1,9.7,5,8,6.02,0.277,0.471,0.365,0.36,35.3,8.7,44.7,79.626060387,94.854158608,15.2,45.9,23.9,48.8,39.8,27.8,26.9,1771,LAA,243,680570,1778,13.7,0.35,0.233,0.38,0.583,0.396,0.331,0.288,36,103,92.2,13.5,2063,90.2,91.4,59,243,0,1.2000000000000028,7.15,113,146,119,152,301,330,307,-3.599,3.599,71.6,7.3,3.157412083,104,85,25,4,1,6,19,18.3,0,0,2.13,0.73,0.83,-0.83,91.9,172,45.88235294117647,8.235294117647058,6.730769230769231,5.73,-2.54,-0.23,2.24,0.346,7.0,1.481069959,0.286,0.495,-1.481069959,0.062,0.06,0.088,0.065,24.3,38.0,9.64223640782726,-1.5833937036034396,32.823069413535094,0.3786008230452675,37.91659266145247,30.97663683269565,LAA
Seth Halvorsen,678020,2026,29.0,141,23,6,16.3,12.1,1,2,5.9,0.295,0.475,0.368,0.375,34.3,7.1,39.4,79.63697551,94.58040898,13.5,37.0,21.0,48.3,44.4,21.2,28.3,521,TBD,29,678020,530,5.5,0.267,0.2,0.25,0.467,0.315,0.32,0.275,4,15,92.5,10.2,2152,94.6,95.58,4,29,0,1.0,6.83,122,149,124,152,288,318,301,0.979,-0.979,73.7,7.3,1.807887408,15,13,3,0,0,1,2,13.3,0,0,1.86,0.7,0.67,-0.67,93.8,148,53.84615384615385,7.6923076923076925,6.666666666666667,5.82,-2.46,-0.2,2.2,0.267,1.0,-3.375862069,0.275,0.474,3.375862069,-0.008,-0.008,-0.007,-0.005,13.8,43.2,8.12847374023636,0.0682128921902239,33.221745783200255,0.5517241379310345,37.687400935459145,32.603694205972,TBD
Tanner Banks,621383,2026,36.1,176,38,8,21.6,8.5,0,4,6.19,0.253,0.402,0.405,0.315,41.0,6.6,33.6,75.221785254,93.363377521,17.9,33.0,22.8,49.2,38.5,30.3,26.2,669,PHI,18,621383,673,2.7,0.222,0.333,0.167,0.556,0.327,0.338,0.268,2,9,89.7,3.1,2330,86.6,85.74,5,18,0,-0.8999999999999915,5.66,118,148,119,149,295,322,298,0.235,-0.235,72.4,7.1,0.797382808,9,7,1,0,0,1,2,22.2,0,0,2.57,0.47,-0.4,-0.4,91.9,190,57.14285714285714,14.285714285714285,11.11111111111111,6.46,2.5,-0.25,2.43,0.222,1.0,-1.305555556,0.268,0.534,1.305555556,-0.046,-0.046,0.022,-0.011,27.8,50.5,6.603659248893611,8.59961402903592,31.41017069469222,0.5555555555555556,40.01936708095874,25.50328788723454,PHI
Bryan Woo,693433,2026,173.0,710,175,18,24.6,5.5,12,10,4.01,0.24,0.385,0.285,0.296,36.3,7.0,42.8,78.537634239,94.383196523,16.6,43.9,25.2,53.1,38.3,27.5,24.4,2667,SEA,200,693433,2670,7.5,0.222,0.198,0.221,0.42,0.272,0.32,0.278,18,81,91.9,16.4,2181,94.4,94.73,32,200,0,0.2999999999999971,6.43,116,146,113,150,281,323,307,6.534,-6.534,72.2,7.0,1.752268928,81,71,9,5,1,3,10,12.3,0,0,1.76,0.81,0.83,-0.83,92.0,185,52.11267605633802,5.633802816901409,4.938271604938271,5.06,-1.66,0.04,2.47,0.222,4.0,-3.267,0.278,0.474,3.267,-0.056,-0.056,-0.054,-0.048,16.0,25.7,7.17975907321057,1.6212086664714225,33.2533982319601,0.45,35.476963408403364,28.31406628913358,SEA
Jhoan Duran,661395,2026,59.1,236,84,2,35.6,4.2,2,6,1.82,0.187,0.259,0.244,0.222,23.9,3.7,39.1,79.250384627,94.12616194,24.5,57.0,35.7,52.6,59.4,11.6,21.0,947,PHI,73,661395,952,7.7,0.25,0.036,0.389,0.286,0.236,0.14,0.149,7,28,87.8,13.4,1884,98.5,98.33,26,73,0,-0.2000000000000028,6.14,118,148,119,149,285,323,298,4.024,-4.024,71.8,6.8,1.168274392,28,18,6,1,0,0,10,35.7,0,0,1.83,0.52,0.97,-0.97,90.3,131,16.666666666666664,0.0,0.0,6.23,-2.29,0.06,2.31,0.25,0.0,-5.512328767,0.149,0.17,5.512328767,0.101,0.101,0.116,0.096,35.6,39.0,2.4067286506582835,10.571993190967977,33.402589044526906,0.3561643835616438,35.410042304376944,23.51608601888105,PHI
Kirby Yates,489446,2026,42.1,178,49,3,27.5,9.6,2,5,3.19,0.213,0.321,0.291,0.285,35.2,5.6,47.2,82.153517736,95.127109057,21.9,38.3,28.0,52.1,33.3,26.9,28.7,726,PIT,63,489446,726,8.7,0.32,0.04,0.381,0.36,0.3,0.306,0.302,8,25,93.7,21.8,2014,88.4,87.97,9,63,0,-0.4000000000000057,6.03,121,146,123,152,298,326,303,2.166,-2.166,72.7,7.0,0.892285086,25,21,7,1,0,0,4,16.0,0,0,2.25,0.68,1.06,-1.06,91.8,169,66.66666666666666,0.0,0.0,5.0,-2.46,-0.14,2.44,0.32,0.0,-3.438095238,0.302,0.407,3.438095238,0.018,0.018,-0.047,-0.006,14.3,16.2,8.829842252820017,1.817471812054169,34.08800970637585,0.4444444444444444,35.39921011505397,31.75845849829403,PIT
Garrett Cleavinger,664076,2026,41.1,181,54,6,29.8,12.2,4,4,4.79,0.239,0.377,0.325,0.317,36.9,7.8,40.8,74.0462202,93.9375836,19.4,41.7,28.3,47.7,39.8,22.3,29.1,734,TB,27,664076,738,3.7,0.429,0.286,0.5,0.714,0.491,0.478,0.422,6,14,86.7,13.8,2526,90.3,89.76,5,27,0,-0.5,6.03,109,140,104,144,293,328,304,-1.668,1.668,70.3,7.0,1.902806541,14,11,4,1,0,1,3,21.4,0,0,2.39,0.46,0.36,0.36,91.1,165,36.36363636363637,9.090909090909092,7.142857142857142,5.21,1.13,-0.07,2.2,0.429,1.0,6.177777778,0.422,0.709,-6.177777778,0.007,0.007,0.005,0.013,18.5,29.5,6.6444511430364654,0.4378010095709394,32.354888968273166,0.4814814814814814,35.97831575472325,32.026672587459615,TB
Chris Bassitt,605135,2026,102.0,460,74,10,16.1,8.3,9,5,4.41,0.279,0.413,0.348,0.338,31.9,5.0,37.8,77.101129821,93.832486518,14.3,37.7,20.9,46.4,45.4,24.5,23.6,1731,BAL,193,605135,1733,11.1,0.306,0.129,0.333,0.435,0.321,0.335,0.306,26,85,90.7,10.1,2205,86.8,86.67,35,193,0,-0.0999999999999943,6.26,117,145,111,150,290,326,307,4.235,-4.235,71.3,7.1,2.878977362,85,74,19,5,0,2,11,12.9,0,0,2.92,0.23,0.38,-0.38,91.8,152,47.2972972972973,8.108108108108109,7.0588235294117645,5.32,-1.51,-0.01,2.32,0.306,6.0,-2.194300518,0.306,0.479,2.194300518,0.0,0.0,-0.044,-0.014,18.1,30.9,9.981943451122378,0.6523610878282042,33.4413503613852,0.4507772020725388,35.94257457576511,29.533927790163112,BAL
Brant Hurter,676428,2026,35.1,143,24,1,16.8,10.5,4,1,3.06,0.24,0.322,0.247,0.296,28.2,3.0,32.0,73.7322016,93.181420909,14.5,34.8,20.8,43.6,59.2,13.6,23.3,507,DET,23,676428,511,4.5,0.214,0.0,0.25,0.214,0.191,0.295,0.306,3,14,83.3,16.8,2409,85.2,84.5,3,23,0,-0.7000000000000028,5.97,114,144,116,151,283,318,301,1.653,-1.653,71.6,7.3,0.987691501,14,12,3,0,0,0,2,14.3,0,0,3.13,0.07,0.01,0.01,92.0,148,25.0,0.0,0.0,5.91,3.52,0.13,2.19,0.214,0.0,-7.186956522,0.306,0.362,7.186956522,-0.092,-0.092,-0.148,-0.104,13.0,30.0,13.529712998758374,-6.163202002763744,34.874136967293985,0.5652173913043478,34.08197958345572,35.154837797152645,DET
Cade Povich,700249,2026,37.0,160,28,6,17.5,9.4,2,1,4.38,0.254,0.426,0.35,0.331,25.0,6.9,39.7,79.616194828,94.483620087,9.8,46.5,22.6,46.3,44.0,29.3,18.1,611,BAL,34,700249,611,5.6,0.25,0.188,0.25,0.438,0.295,0.32,0.242,4,16,86.7,12.2,2498,88.4,88.51,7,34,0,0.0999999999999943,6.29,114,147,114,150,295,330,309,0.901,-0.901,70.9,7.0,2.094519683,16,13,3,0,0,1,3,18.8,0,0,2.23,0.71,0.02,0.02,91.2,151,38.46153846153847,7.6923076923076925,6.25,5.92,1.31,-0.35,2.36,0.25,1.0,-2.65,0.242,0.52,2.65,0.008,0.008,-0.082,-0.025,20.6,45.5,9.10188742095721,3.683078383872004,31.107910324211435,0.5588235294117647,39.86846709793928,30.073559560367794,BAL
Logan Gilbert,669302,2026,186.0,750,205,29,27.3,6.5,12,11,3.73,0.23,0.385,0.299,0.294,36.4,10.0,41.3,78.974090958,94.374292417,21.4,49.3,30.7,50.3,39.7,28.0,24.3,2982,SEA,202,669302,2991,6.8,0.264,0.161,0.317,0.425,0.297,0.267,0.242,23,87,88.7,9.8,1851,90.9,92.85,59,202,0,1.8999999999999917,7.37,117,145,115,150,283,321,305,4.18,-4.18,70.6,7.2,2.455450113,87,64,17,2,0,4,23,26.4,0,0,2.16,0.64,0.57,-0.57,90.9,166,42.1875,7.8125,5.747126436781609,5.99,-1.57,-0.05,2.16,0.264,5.0,-2.069306931,0.242,0.38,2.069306931,0.022,0.022,0.045,0.03,29.2,40.0,10.511853509807167,-2.9595350439261985,33.18102797507895,0.4653465346534653,37.39388152713836,31.97943476328069,SEA
Hunter Gaddis,683769,2026,60.1,257,57,7,22.2,8.6,6,3,2.98,0.249,0.384,0.3,0.311,33.7,7.5,29.9,75.512971294,92.352765294,19.4,49.1,29.5,51.7,36.6,30.3,23.4,983,CLE,92,683769,984,9.3,0.353,0.206,0.4,0.559,0.393,0.327,0.284,12,34,88.5,20.7,2250,90.3,91.5,24,92,0,1.2000000000000028,6.94,114,144,124,150,298,325,298,-0.012,0.012,71.7,7.3,3.47101165,34,27,9,1,0,2,7,20.6,0,0,2.1,0.71,0.13,-0.13,91.4,138,33.33333333333333,11.11111111111111,8.823529411764707,6.14,-2.28,0.27,2.25,0.353,3.0,0.013043478,0.284,0.485,-0.013043478,0.069,0.069,0.074,0.066,26.1,35.6,15.14613418067125,-8.710539394729466,34.231780673634034,0.4673913043478261,32.7689944343314,34.792678161361664,CLE
Parker Messick,800048,2026,186.1,747,193,17,25.8,6.6,12,9,2.56,0.225,0.34,0.274,0.275,30.7,5.0,34.3,76.354216626,93.483966904,17.7,40.3,25.5,48.6,45.1,21.8,22.2,2948,CLE,125,800048,2954,4.2,0.265,0.265,0.286,0.531,0.337,0.267,0.212,13,49,89.1,16.5,2179,92.8,93.36,29,125,0,0.6000000000000085,6.54,111,146,122,150,291,320,301,0.872,-0.872,71.9,7.2,1.2353841,49,38,6,4,0,3,11,22.4,0,0,1.76,0.89,0.68,0.68,92.2,140,44.73684210526316,7.894736842105263,6.122448979591836,5.4,1.03,0.02,2.44,0.265,3.0,-0.6976,0.212,0.417,0.6976,0.053,0.053,0.114,0.07,23.2,41.8,9.036609000947246,0.815531642704843,33.70656252588095,0.496,35.634084297626856,29.42922841631458,CLE
Adrian Morejon,670970,2026,86.0,352,107,4,30.4,8.0,9,3,2.83,0.195,0.267,0.244,0.237,28.3,2.8,32.5,74.331806132,93.323366588,18.8,59.8,34.2,52.6,58.0,16.0,22.2,1318,SD,56,670970,1344,4.2,0.2,0.04,0.333,0.24,0.193,0.115,0.122,5,25,86.5,6.7,2390,97.8,97.5,15,56,0,-0.2999999999999971,6.19,118,143,121,148,291,323,308,2.11,-2.11,69.6,6.6,1.002258432,25,15,4,1,0,0,10,40.0,0,0,1.65,0.75,0.83,0.83,90.9,174,40.0,0.0,0.0,5.92,2.55,0.33,2.64,0.2,0.0,-3.767857143,0.122,0.144,3.767857143,0.078,0.078,0.096,0.078,26.8,41.1,3.959512469406145,11.70565124578161,32.74553420534579,0.3035714285714285,33.69391485588381,23.03140339407487,SD
Chase Lee,695445,2026,9.2,42,5,3,11.9,19.0,1,0,6.52,0.227,0.331,0.379,0.312,24.1,10.3,34.5,75.198984286,93.516621071,5.7,47.6,21.4,38.4,48.3,31.0,13.8,146,TOR,12,695445,154,7.8,0.5,0.0,0.5,0.5,0.445,0.393,0.397,3,6,101.7,4.8,2054,87.9,86.92,0,12,0,-1.0,5.89,115,147,119,154,283,321,297,-0.353,0.353,73.9,7.1,,6,6,3,0,0,0,0,0.0,0,0,3.14,-0.16,0.92,-0.92,96.1,147,83.33333333333334,16.666666666666664,16.666666666666664,4.0,-2.8,-0.07,2.25,0.5,1.0,2.941666667,0.397,0.507,-2.941666667,0.103,0.1029999999999999,-0.007,0.052,0.0,-2.6,0.1278799160873962,8.619569652375581,32.0031963486399,0.3333333333333333,38.4456882683804,23.80889271996279,TOR
Corbin Burnes,669203,2026,10.1,47,8,5,17.0,8.5,0,0,7.84,0.271,0.596,0.441,0.389,51.4,17.1,40.0,81.963338889,94.568210571,16.4,50.0,28.4,48.0,17.1,45.7,28.6,198,ARI,48,669203,198,24.2,0.381,0.381,0.353,0.762,0.463,0.395,0.343,8,21,91.9,19.8,2495,87.4,87.87,10,48,0,0.5,6.52,120,146,115,152,293,324,297,-3.257,3.257,72.7,7.4,2.08410516,22,19,4,2,0,2,3,13.6,0,0,2.55,0.48,-0.15,0.15,93.6,208,42.10526315789473,10.526315789473683,9.090909090909092,5.67,-0.85,-0.06,2.14,0.364,2.0,6.785416667,0.336,0.605,-6.785416667,0.038,0.0279999999999999,0.157,0.068,20.8,36.7,12.94547200860424,-7.240091388219024,33.74307367656304,0.4583333333333333,36.97222350343242,33.689623806039286,ARI
Luke Weaver,596133,2026,60.1,238,65,5,27.3,6.7,4,1,2.69,0.212,0.346,0.252,0.272,31.8,7.8,34.4,78.217580395,93.351498013,20.7,49.4,30.3,53.0,38.3,29.9,22.7,903,PIT,71,596133,908,7.8,0.458,0.458,0.563,0.917,0.559,0.35,0.306,11,24,91.7,24.6,2199,91.8,91.73,20,71,0,-0.0999999999999943,6.16,122,146,117,153,298,326,300,-4.465,4.465,71.6,7.1,3.922234629,25,18,4,5,0,2,7,28.0,0,0,1.72,0.99,0.69,-0.69,91.6,189,44.44444444444444,16.666666666666664,12.0,5.49,-1.38,0.02,2.27,0.44,3.0,6.288732394,0.294,0.548,-6.288732394,0.152,0.146,0.369,0.209,28.2,47.8,12.12651064402544,-4.775113328775738,32.94693041556619,0.4084507042253521,35.18702886640241,32.94833424970924,PIT
Ian Seymour,693855,2026,132.2,551,158,25,28.7,6.5,9,7,4.21,0.22,0.396,0.308,0.291,34.4,9.9,36.9,77.189549826,93.81275102,20.8,46.1,29.4,51.7,35.2,30.4,23.3,2123,TB,102,693855,2138,4.8,0.25,0.212,0.263,0.462,0.304,0.261,0.241,13,52,87.0,15.2,1955,87.9,87.83,22,102,0,-0.1000000000000085,6.29,114,145,113,151,292,330,303,1.699,-1.699,72.0,7.2,2.879220644,52,41,8,2,0,3,11,21.2,0,0,2.0,0.97,0.69,0.69,91.4,145,36.58536585365854,4.878048780487805,3.8461538461538463,5.62,1.38,0.11,2.44,0.25,2.0,-1.665686275,0.241,0.366,1.665686275,0.009,0.009,0.096,0.043,21.6,40.5,11.253082861121005,-3.5873503957768103,31.24402648259432,0.6274509803921569,33.9854939765732,31.874141864275924,TB
Kade Morris,695034,2026,17.1,89,10,5,11.2,7.9,0,1,10.9,0.289,0.417,0.465,0.359,30.4,5.8,44.9,76.632902647,94.993501029,16.3,21.8,18.2,49.4,52.2,20.3,23.2,322,OAK,33,695034,323,10.2,0.412,0.412,0.375,0.824,0.491,0.465,0.372,7,17,93.9,17.0,1998,91.0,90.93,8,33,0,-0.0999999999999943,6.21,114,145,105,150,294,323,298,-1.871,1.871,71.4,7.4,2.057232314,18,17,3,2,1,1,1,5.6,0,0,2.4,0.36,1.24,-1.24,93.4,194,47.05882352941176,11.76470588235294,11.11111111111111,5.14,-2.44,-0.35,2.13,0.389,2.0,5.66969697,0.383,0.625,-5.66969697,0.04,0.006,0.199,0.026,24.2,21.7,11.01475885073572,-3.0841215165889877,32.58617995720594,0.4545454545454545,38.51523077354145,31.47753246678263,OAK
Gavin Hollowell,668970,2026,14.2,64,13,2,20.3,14.1,0,0,2.45,0.247,0.45,0.316,0.359,39.0,14.6,36.6,75.8865825,93.96529175,19.7,45.5,27.5,42.1,22.0,41.5,24.4,259,CHC,1,668970,259,0.4,0.0,0.0,0.0,0.0,0.0,0.551,0.597,0,1,99.8,5.0,2716,80.7,79.8,0,1,0,-0.9000000000000057,6.2,126,149,106,154,271,309,287,0.25,-0.25,69.5,7.0,,1,1,0,0,0,0,0,0.0,0,0,3.6,-0.03,-1.69,1.69,99.8,101,100.0,0.0,0.0,5.11,-3.79,-0.11,1.88,0.0,0.0,-25.0,0.597,0.659,25.0,-0.597,-0.597,-0.659,-0.551,0.0,6.8,4.937603354047359,-0.7383313526145641,35.30276930553801,0.0,35.90278891943645,39.419516211771445,CHC
Erik Sabrowski,681870,2026,48.1,203,76,3,37.4,15.3,5,2,2.61,0.143,0.246,0.258,0.251,39.4,6.5,34.0,79.988533696,93.73779337,22.6,46.2,30.8,46.1,20.2,39.4,25.5,820,CLE,31,681870,833,3.7,0.214,0.143,0.3,0.357,0.241,0.188,0.161,3,14,87.5,28.1,2554,90.6,91.23,11,31,0,0.6000000000000085,6.57,115,148,120,153,289,328,311,1.676,-1.676,71.1,7.3,5.412420078,14,10,2,0,1,0,4,28.6,0,0,1.79,0.99,0.35,0.35,92.4,195,30.0,0.0,0.0,6.02,1.29,-0.1,2.38,0.214,0.0,-5.406451613,0.161,0.282,5.406451613,0.053,0.0529999999999999,0.075,0.053,35.5,44.1,14.251358879581348,-5.508072116814986,32.61182104818884,0.3225806451612903,37.07629176358975,36.09897725681677,CLE
Huascar Brazobán,623211,2026,67.0,267,56,5,21.0,10.9,6,2,2.96,0.221,0.335,0.271,0.289,27.6,5.0,30.9,74.787456067,92.96359236,16.5,43.2,25.6,49.5,50.8,22.7,18.8,1040,TBD,42,623211,1048,4.0,0.136,0.136,0.143,0.273,0.17,0.272,0.231,3,22,90.7,17.6,2197,93.9,92.88,9,42,0,-1.0,5.65,123,148,112,153,290,327,304,3.923,-3.923,72.5,7.5,4.650630694,22,21,1,1,1,0,1,4.5,0,0,2.03,0.56,1.31,-1.31,91.4,152,33.33333333333333,9.523809523809524,9.090909090909092,6.06,-1.3,-0.3,1.91,0.136,2.0,-9.34047619,0.231,0.409,9.34047619,-0.095,-0.095,-0.136,-0.102,21.4,37.1,12.127724986807424,-6.751650958588403,33.26087929125526,0.6428571428571429,37.867958282007336,34.29755498055215,TBD
Spencer Arrighetti,681293,2026,110.2,492,106,18,21.5,13.0,9,9,4.96,0.239,0.412,0.329,0.349,36.6,9.2,31.4,76.037551325,92.885874437,16.0,43.7,25.5,42.0,36.6,31.4,23.9,1942,TOR,88,681293,1944,4.5,0.25,0.295,0.194,0.545,0.336,0.322,0.265,11,44,85.7,20.3,2239,86.2,87.58,19,88,0,1.3999999999999917,7.28,114,145,112,152,285,323,302,1.775,-1.775,71.1,7.5,2.749432985,44,40,6,1,0,4,4,9.1,0,0,2.64,0.5,0.33,-0.33,90.8,172,28.205128205128204,10.256410256410255,9.090909090909092,4.75,-2.31,-0.04,2.27,0.25,4.0,-2.017045455,0.265,0.493,2.017045455,-0.015,-0.015,0.052,0.014,21.6,19.4,13.140627308999528,-9.44287566858644,30.98578678499061,0.5681818181818182,36.76575588895754,35.25035623806375,TOR
Ryne Stanek,592773,2026,62.2,267,65,9,24.3,12.0,2,3,4.02,0.228,0.375,0.314,0.311,29.9,7.8,35.9,78.136750602,94.122006687,21.7,45.5,29.7,48.7,40.7,26.9,22.8,1079,STL,62,592773,1081,5.7,0.219,0.0,0.25,0.219,0.189,0.223,0.232,7,32,84.3,14.0,2085,95.0,94.47,16,62,0,-0.5,5.96,113,143,109,150,297,325,303,4.754,-4.754,70.6,7.0,2.36770219,33,28,7,0,0,0,5,15.2,0,0,1.5,1.03,0.67,-0.67,90.2,158,21.428571428571427,3.571428571428571,3.0303030303030303,6.41,-0.64,-0.18,2.45,0.212,1.0,-7.667741935,0.227,0.291,7.667741935,-0.013,-0.015,-0.072,-0.034,25.8,47.1,6.8569533762178665,3.8621583878615646,34.21332660822176,0.4516129032258064,37.79809107049775,26.62303806130596,STL
Jordan Montgomery,656756,2026,26.0,104,20,3,19.2,5.8,1,0,4.15,0.232,0.365,0.258,0.282,28.6,7.8,32.5,74.076148205,92.998548182,12.6,37.9,21.2,46.6,58.4,23.4,14.3,414,TEX,60,656756,419,14.3,0.242,0.03,0.296,0.273,0.227,0.298,0.296,8,33,88.9,3.3,2254,88.1,88.74,11,60,0,0.6000000000000085,6.77,114,144,113,151,292,324,304,4.212,-4.212,70.4,7.2,2.136574607,33,27,7,1,0,0,6,18.2,0,0,2.3,0.66,0.62,0.62,91.7,124,40.74074074074074,3.7037037037037033,3.0303030303030303,6.49,1.52,0.02,2.24,0.242,1.0,-7.02,0.296,0.39,7.02,-0.054,-0.0539999999999999,-0.117,-0.071,18.3,45.6,11.566537504051016,-0.6100051688608261,33.77918352940327,0.6,35.61021635722746,30.742042294268558,TEX
David Peterson,656849,2026,148.1,663,137,15,20.7,9.8,9,8,4.79,0.267,0.403,0.328,0.333,34.1,6.4,39.6,77.55711375,94.292709085,14.1,40.0,22.7,46.3,50.8,19.7,25.6,2476,CHC,92,656849,2479,3.7,0.268,0.073,0.4,0.341,0.267,0.253,0.255,11,41,84.3,9.3,2189,90.0,91.74,32,92,0,1.7000000000000028,7.22,110,148,114,154,289,318,302,2.003,-2.003,73.2,7.4,1.670785459,41,26,10,0,0,1,15,36.6,0,0,2.32,0.5,0.41,0.41,90.7,136,30.76923076923077,3.8461538461538463,2.4390243902439024,6.02,1.39,-0.12,2.21,0.268,1.0,-2.177173913,0.255,0.328,2.177173913,0.013,0.013,0.013,0.014,34.8,38.5,10.409870897132295,-0.8768233252194554,32.00473243380856,0.532608695652174,37.897083233475634,31.202950913056693,CHC
Yoshinobu Yamamoto,808967,2026,185.0,708,182,20,25.7,5.9,14,9,2.53,0.211,0.335,0.242,0.266,29.1,6.5,35.5,76.04979859,93.786488889,17.6,46.6,27.9,49.6,48.6,22.9,21.4,2734,LAD,180,808967,2740,6.6,0.15,0.15,0.158,0.3,0.191,0.214,0.183,12,80,87.9,11.7,2072,90.9,91.34,52,180,0,0.3999999999999915,6.54,118,148,118,153,289,317,304,13.234,-13.234,72.5,7.3,1.822019788,80,60,6,3,0,3,20,25.0,0,0,2.47,0.34,0.43,-0.43,91.8,130,35.59322033898305,8.47457627118644,6.25,5.37,-1.96,-0.12,2.14,0.15,5.0,-7.352222222,0.183,0.319,7.352222222,-0.033,-0.033,-0.019,-0.023,28.9,39.6,10.228192594794224,-0.0544045153530318,33.70667876915496,0.5166666666666667,36.29616964498643,30.167431659526347,LAD
Matt Festa,670036,2026,66.2,289,69,7,23.9,7.3,2,3,3.78,0.235,0.384,0.319,0.305,38.9,7.8,38.3,76.201405208,93.829441204,17.6,47.2,27.6,48.3,37.3,25.4,24.4,1101,CLE,50,670036,1102,4.5,0.259,0.074,0.35,0.333,0.258,0.259,0.239,7,27,86.6,19.3,2639,89.7,90.14,10,50,0,0.3999999999999915,6.46,121,145,120,150,292,324,300,2.078,-2.078,71.5,6.9,1.989728096,27,20,5,2,0,0,7,25.9,0,0,2.21,0.64,-0.52,0.52,93.1,147,35.0,5.0,3.7037037037037033,5.17,-2.12,0.41,2.61,0.259,1.0,-4.156,0.239,0.367,4.156,0.02,0.02,-0.034,-0.001,20.0,33.4,8.24960203129009,-1.845656430976164,32.26460840932761,0.38,32.06164871824534,31.887523982210435,CLE
Pierce Johnson,572955,2026,48.2,211,42,8,19.9,9.0,2,1,4.62,0.263,0.451,0.326,0.338,36.7,10.1,37.3,81.563535946,93.85046483,15.4,38.7,24.0,46.2,37.3,33.3,24.7,840,CIN,44,572955,840,5.2,0.231,0.231,0.235,0.462,0.295,0.192,0.172,6,26,88.4,20.3,2652,91.0,90.02,11,44,0,-1.0,5.67,118,144,117,148,290,324,296,0.977,-0.977,70.6,7.1,1.525614181,26,19,4,0,0,2,7,26.9,0,0,2.42,0.35,0.08,-0.08,91.3,168,36.84210526315789,5.263157894736842,3.8461538461538463,6.13,-1.3,0.06,2.3,0.231,1.0,-2.220454545,0.172,0.275,2.220454545,0.059,0.059,0.187,0.103,25.0,41.4,8.84538597879057,1.2064337855037048,34.38690509788185,0.5454545454545454,35.77283564196495,28.258967895962456,CIN
Yohan Ramírez,670990,2026,85.0,362,102,4,28.2,12.2,7,4,2.86,0.207,0.286,0.272,0.282,32.2,4.5,30.7,71.9942174,92.76090545,15.7,49.8,27.9,44.2,50.0,18.3,24.8,1410,PIT,79,670990,1442,5.5,0.212,0.03,0.28,0.242,0.2,0.264,0.258,7,33,90.1,11.2,2491,89.2,90.25,13,79,0,1.0999999999999943,6.93,118,144,112,150,298,325,302,4.005,-4.005,71.1,7.2,2.87316505,33,25,6,1,0,0,8,24.2,0,0,2.42,0.48,-0.31,0.31,92.4,134,36.0,4.0,3.0303030303030303,5.19,-2.28,0.14,2.17,0.212,1.0,-5.069620253,0.258,0.355,5.069620253,-0.046,-0.046,-0.113,-0.064,16.5,26.6,13.276367540750078,-3.366000844885857,35.692927751613524,0.4050632911392405,34.73479646577797,32.441509753648305,PIT
Michael Fulmer,605242,2026,13.2,61,18,2,29.5,13.1,0,1,3.29,0.212,0.343,0.32,0.299,32.4,14.7,32.4,78.493695294,93.083997941,20.0,56.4,36.7,45.5,38.2,35.3,23.5,264,TBD,47,605242,268,17.5,0.222,0.333,0.182,0.556,0.327,0.199,0.151,4,18,87.3,17.5,2384,87.0,87.26,15,47,0,0.2999999999999971,6.5,111,147,119,153,287,329,295,0.798,-0.798,70.5,7.6,3.277753071,18,13,2,0,0,2,5,27.8,0,0,2.79,0.25,-0.12,0.12,92.5,167,30.76923076923077,15.384615384615383,11.11111111111111,5.95,-2.51,0.14,2.02,0.222,2.0,-1.69787234,0.151,0.327,1.69787234,0.071,0.071,0.229,0.128,31.9,35.9,14.254444096711795,-12.507763293657243,33.5548071685974,0.574468085106383,34.68171260113546,36.2596348205257,TBD
Zack Wheeler,554430,2026,162.0,645,193,21,29.9,7.3,14,5,3.0,0.203,0.32,0.278,0.263,33.7,6.0,35.2,74.1717679,93.435190576,19.8,46.3,30.9,50.3,43.6,24.2,23.2,2649,PHI,259,554430,2649,9.8,0.343,0.245,0.4,0.588,0.399,0.297,0.266,35,102,89.5,17.2,2260,90.9,92.52,71,259,0,1.5999999999999943,7.23,118,148,113,148,286,323,298,0.719,-0.719,71.6,7.2,1.815059512,102,80,20,10,0,5,22,21.6,0,0,2.22,0.56,0.62,-0.62,91.8,160,45.0,6.25,4.901960784313726,5.01,-1.87,0.01,2.28,0.343,5.0,-0.277606178,0.266,0.43,0.277606178,0.077,0.077,0.158,0.102,27.4,22.5,8.35217775959534,0.5998317974939608,32.8808917157414,0.4247104247104247,36.0982609103018,30.003881819265857,PHI
Cam Booser,592155,2026,41.0,152,45,5,29.6,3.9,1,0,1.98,0.204,0.347,0.222,0.252,32.7,5.9,37.6,81.083061042,94.197371771,17.0,55.8,28.6,55.5,30.7,33.7,22.8,573,TB,56,592155,574,9.8,0.182,0.182,0.176,0.364,0.221,0.254,0.269,4,22,87.1,13.3,2084,90.9,91.41,19,56,0,0.5,6.53,115,147,116,152,295,331,303,3.201,-3.201,72.3,7.5,4.445416161,23,18,2,1,0,1,5,21.7,0,0,2.11,0.67,0.01,0.01,91.6,172,22.22222222222222,0.0,0.0,5.52,2.74,-0.05,2.24,0.174,0.0,-5.716071429,0.259,0.338,5.716071429,-0.087,-0.085,0.026,-0.033,33.9,32.9,13.916056268367416,-8.671043207513343,31.249040890018588,0.5178571428571429,35.99226567978847,35.49376866470161,TB
Troy Johnston,687859,2026,2.0,9,0,0,0.0,11.1,0,0,0.0,0.177,0.207,0.257,0.289,0.0,0.0,42.9,82.4785175,92.391702857,0.0,18.2,10.5,54.3,57.1,28.6,0.0,35,COL,10,687859,35,28.6,0.333,0.0,0.333,0.333,0.297,0.318,0.334,1,3,93.9,-0.3,1634,72.4,71.32,0,10,0,-1.1000000000000083,5.2,122,140,130,152,289,330,301,0.241,-0.241,67.1,6.3,,3,3,1,0,0,0,0,0.0,0,0,3.24,1.22,0.67,0.67,90.1,131,66.66666666666666,0.0,0.0,6.44,1.73,-0.24,2.94,0.333,0.0,-2.41,0.334,0.386,2.41,-0.001,-0.001,-0.053,-0.021,0.0,50.2,-1.7781193777791695,11.150566343521678,29.41490609935684,0.1,36.19053798597787,24.198611682098168,COL
Pedro Pagés,686780,2026,2.0,7,0,1,0.0,0.0,0,0,4.5,0.407,0.991,0.42,0.584,28.6,28.6,42.9,88.892765,96.735931429,0.0,0.0,0.0,62.5,42.9,57.1,0.0,16,STL,6,686780,16,37.5,0.333,0.5,0.2,0.833,0.49,0.678,0.473,2,6,95.8,14.8,1199,48.1,46.1,0,6,0,-2.0,4.32,127,146,137,154,308,326,304,-0.9,0.9,73.3,7.0,,6,6,1,0,0,1,0,0.0,0,0,8.87,1.3,0.54,-0.54,97.5,211,50.0,33.33333333333333,33.33333333333333,6.52,-1.47,-0.48,3.25,0.333,2.0,15.0,0.473,1.151,-15.0,-0.14,-0.1399999999999999,-0.318,-0.188,0.0,39.2,15.667619640407032,-2.576181699142854,22.89138459064978,0.8333333333333334,41.22527091831353,36.97399112783118,STL
Khristian Curtis,694753,2026,21.0,87,13,1,14.9,13.8,2,0,4.71,0.196,0.346,0.289,0.298,34.4,8.2,29.5,73.980757419,92.602039016,15.8,36.1,23.5,46.4,34.4,27.9,16.4,349,PIT,66,694753,349,18.9,0.192,0.077,0.2,0.269,0.192,0.212,0.197,5,26,83.7,29.6,2532,90.6,91.66,12,66,0,1.1000000000000083,6.78,112,146,118,148,296,322,302,3.763,-3.763,71.8,7.6,1.737126405,27,25,3,2,0,0,2,7.4,0,0,1.95,0.83,0.45,-0.45,90.5,144,20.0,4.0,3.7037037037037033,5.81,-1.22,0.03,2.26,0.185,1.0,-5.701515152,0.19,0.317,5.701515152,-0.005,-0.005,-0.048,-0.02,18.2,44.6,12.56752817785208,-8.746666038352448,33.20511739959891,0.4545454545454545,34.87287990225879,34.60735909294092,PIT
Yennier Cano,666974,2026,49.2,203,45,2,22.2,5.9,4,3,2.9,0.228,0.342,0.25,0.283,26.6,5.8,39.9,78.667521857,94.259977914,13.3,47.3,25.7,44.6,62.2,16.8,18.2,794,BAL,37,666974,794,4.7,0.333,0.143,0.353,0.476,0.352,0.379,0.354,7,21,92.4,8.6,1761,92.1,91.3,9,37,0,-0.7999999999999972,5.87,118,145,106,149,289,321,298,0.166,-0.166,71.8,7.6,1.911346819,21,18,6,0,0,1,3,14.3,0,0,3.0,-0.3,1.11,-1.11,93.1,156,44.44444444444444,11.11111111111111,9.523809523809524,5.54,-2.39,-0.12,1.67,0.333,2.0,-0.448648649,0.354,0.531,0.448648649,-0.021,-0.0209999999999999,-0.055,-0.027,24.3,18.1,10.136217772986036,-3.996244287940067,35.16639838739122,0.6486486486486487,38.09942850803072,31.49288500815149,BAL
Nick Frasso,693308,2026,21.2,99,22,3,22.2,7.1,1,1,5.82,0.251,0.399,0.354,0.321,36.8,4.4,35.3,81.502097273,93.771165152,13.1,44.1,24.2,48.7,35.3,32.4,30.9,390,COL,100,693308,391,25.6,0.238,0.119,0.273,0.357,0.251,0.241,0.209,10,42,90.8,18.8,2325,91.1,92.58,24,100,0,1.5,6.99,116,144,119,151,292,330,304,2.42,-2.42,70.0,7.2,3.790169956,43,34,7,2,0,1,9,20.9,0,0,2.05,0.71,0.8,-0.8,91.2,185,35.294117647058826,2.941176470588235,2.3255813953488373,6.21,-3.6,-0.15,2.17,0.233,1.0,-2.42,0.216,0.331,2.42,0.029,0.017,0.026,0.01,24.0,47.1,10.421961617373478,-1.5499431738217542,34.573055520043354,0.35,36.17555125904765,31.740816302605047,COL
Erik Miller,669062,2026,51.1,227,74,3,32.6,15.0,4,2,2.98,0.18,0.266,0.288,0.275,30.7,5.4,26.3,72.100777547,92.650225849,18.3,60.4,35.0,40.1,51.8,18.4,22.8,970,BOS,41,669062,979,4.2,0.278,0.056,0.294,0.333,0.254,0.208,0.229,5,18,84.9,0.9,2434,93.2,93.53,11,41,0,0.2999999999999971,6.64,115,147,116,149,282,316,302,1.743,-1.743,71.0,7.2,5.522756108,19,17,4,1,0,0,2,10.5,0,0,2.23,0.44,0.84,0.84,89.7,109,12.5,0.0,0.0,6.4,1.73,0.18,2.08,0.263,0.0,-4.251219512,0.221,0.259,4.251219512,0.049,0.042,0.074,0.046,26.8,39.5,8.702083366198666,0.3098081634876929,32.230983718735224,0.5365853658536586,33.83800013287183,30.543135971462466,BOS
Steven Cruz,674444,2026,58.2,246,65,14,26.4,8.1,2,4,4.3,0.24,0.402,0.336,0.31,36.1,11.4,37.3,77.949388961,94.351879416,19.9,55.4,28.6,53.0,46.2,22.8,22.8,930,TBD,81,674444,939,8.6,0.344,0.156,0.385,0.5,0.365,0.367,0.329,11,32,91.3,10.6,2165,96.4,96.68,22,81,0,0.2999999999999971,6.46,118,147,123,153,292,323,299,1.503,-1.503,72.2,7.0,1.274748143,32,27,8,2,0,1,5,15.6,0,0,1.58,0.88,0.44,-0.44,94.1,156,59.25925925925925,14.814814814814811,12.5,5.5,-2.86,0.09,2.51,0.344,4.0,-1.855555556,0.329,0.527,1.855555556,0.015,0.0149999999999999,-0.027,-0.002,27.2,27.3,7.214556489986533,5.245192155815621,32.17092439573509,0.4320987654320987,34.948528685476774,26.645055629414596,TBD
Bubba Chandler,696149,2026,154.0,674,140,15,20.8,11.9,8,10,4.5,0.236,0.38,0.316,0.318,31.4,6.1,39.2,78.678420409,93.95743175,15.1,38.1,22.2,46.7,39.5,28.9,22.4,2685,PIT,198,696149,2692,7.4,0.265,0.217,0.281,0.482,0.311,0.307,0.262,22,83,91.2,19.9,2229,95.6,96.14,38,198,0,0.5,6.59,116,145,119,152,299,327,303,3.142,-3.142,71.5,6.9,1.208540786,85,68,13,4,1,4,17,20.0,0,0,1.56,0.94,0.69,-0.69,91.5,180,50.0,7.352941176470589,5.88235294117647,5.58,-1.2,-0.02,2.57,0.259,5.0,-1.586868687,0.257,0.477,1.586868687,0.003,0.002,0.005,0.004,19.2,39.4,5.960528169404487,5.137828388732727,32.37816147574677,0.4848484848484848,35.52970526920383,26.62268394136939,PIT
Cristian Javier,664299,2026,63.0,276,59,10,21.4,10.1,2,6,5.14,0.254,0.421,0.34,0.333,40.1,9.1,33.7,79.589907204,93.749699516,21.0,43.3,29.0,51.3,24.6,41.2,25.7,1108,HOU,160,664299,1110,14.4,0.257,0.171,0.278,0.429,0.294,0.259,0.238,18,70,87.5,23.1,2302,87.7,87.36,37,160,0,-0.2999999999999971,6.2,114,147,108,152,285,323,298,3.982,-3.982,71.8,7.3,1.937853221,70,57,13,1,1,3,13,18.6,0,0,2.08,0.92,0.14,-0.14,91.2,172,28.07017543859649,7.017543859649122,5.714285714285714,5.52,-1.91,0.01,2.34,0.257,4.0,-2.48875,0.238,0.368,2.48875,0.019,0.019,0.061,0.035,23.1,35.3,12.536766916335036,-5.577880490444078,31.282968268341232,0.51875,36.15993441552466,33.653854357719624,HOU
Merrill Kelly,518876,2026,162.0,704,113,28,16.1,9.9,10,14,4.94,0.292,0.51,0.35,0.377,37.8,11.0,41.5,78.418128196,94.587108094,11.6,36.3,21.6,49.4,41.5,26.7,26.6,2616,ARI,209,518876,2626,8.0,0.278,0.2,0.292,0.478,0.323,0.348,0.309,25,90,88.4,11.5,2303,89.7,89.41,46,209,0,-0.2999999999999971,6.1,115,145,108,152,295,323,298,4.37,-4.37,72.4,7.4,1.557566594,90,76,16,4,1,4,14,15.6,0,0,2.38,0.46,0.78,-0.78,91.5,146,39.47368421052632,7.894736842105263,6.666666666666667,5.43,-1.84,-0.11,2.14,0.278,6.0,-2.090909091,0.309,0.503,2.090909091,-0.031,-0.0309999999999999,-0.025,-0.025,22.0,23.6,12.732473305134748,-4.554436492045584,34.51956277853205,0.5980861244019139,36.77953915715721,32.64556385473063,ARI
Colin Holderman,670059,2026,52.2,222,50,1,22.5,9.0,6,4,2.73,0.219,0.341,0.254,0.303,23.9,7.8,44.4,74.337009714,94.545200071,16.5,44.1,27.0,44.3,55.6,22.5,16.2,860,TBD,53,670059,864,6.1,0.278,0.111,0.357,0.389,0.289,0.189,0.19,5,18,80.3,3.6,2395,91.2,91.62,11,53,0,0.3999999999999915,6.51,107,140,121,145,295,327,308,0.795,-0.795,69.8,7.1,3.237452841,18,14,3,2,0,0,4,22.2,0,0,2.45,0.33,0.5,-0.5,89.3,148,7.142857142857142,0.0,0.0,5.35,-2.1,-0.36,2.09,0.278,0.0,-1.5,0.19,0.245,1.5,0.088,0.088,0.144,0.1,20.8,22.3,8.275610002001173,1.9270081274581952,33.36264718017647,0.3396226415094339,40.15315262006799,30.049773936267485,TBD
Kody Funderburk,681892,2026,51.0,222,49,3,22.1,12.2,3,2,3.71,0.225,0.328,0.29,0.298,27.8,4.9,29.2,72.876940294,92.654269632,19.3,31.0,22.9,43.9,58.3,20.1,16.7,876,MIN,53,681892,882,6.0,0.296,0.111,0.421,0.407,0.305,0.257,0.254,8,27,85.0,12.9,2351,90.5,91.38,18,53,0,0.9000000000000057,6.85,117,146,113,148,289,317,293,-0.191,0.191,71.2,7.0,1.354959528,27,19,5,3,0,0,8,29.6,0,0,2.18,0.62,0.33,0.33,90.7,172,21.052631578947366,0.0,0.0,5.76,2.45,-0.09,2.5,0.296,0.0,0.360377358,0.254,0.34,-0.360377358,0.042,0.0419999999999999,0.067,0.048,34.0,33.0,5.711973327447006,5.00596085764313,32.557711173957216,0.4716981132075472,36.64919716767245,27.052579434227734,MIN
Bryce Miller,682243,2026,118.2,485,119,21,24.5,7.8,4,10,4.17,0.226,0.385,0.309,0.297,32.2,8.0,32.2,76.865401688,92.970371656,17.9,39.2,25.0,54.2,37.7,33.7,21.2,1884,SEA,214,682243,1890,11.3,0.337,0.326,0.362,0.663,0.424,0.345,0.305,31,92,88.4,16.1,2021,89.8,89.94,46,214,0,0.1000000000000085,6.28,118,145,115,150,283,324,303,-6.632,6.632,72.6,7.4,2.939376359,92,75,14,10,1,6,17,18.5,0,0,2.12,0.72,0.27,-0.27,91.9,157,38.66666666666666,9.333333333333334,7.608695652173914,5.64,-1.16,0.08,2.34,0.337,7.0,3.099065421,0.305,0.502,-3.099065421,0.032,0.032,0.161,0.079,21.5,47.2,13.7215995324261,-6.821689384409664,34.02205753960752,0.5373831775700935,34.66765999429243,33.69893738367035,SEA
Connelly Early,813349,2026,94.2,400,94,15,23.5,8.5,7,5,3.33,0.232,0.404,0.314,0.317,32.7,10.6,39.9,80.898823672,94.361787461,14.5,39.8,23.5,46.8,43.7,30.0,19.4,1562,WSH,8,813349,1563,0.5,0.25,0.0,0.333,0.25,0.223,0.386,0.338,1,4,93.4,31.0,2211,85.5,86.0,2,8,0,0.5,6.64,120,149,124,153,297,326,307,0.575,-0.575,73.6,7.7,3.095895726,4,3,1,0,0,0,1,25.0,0,0,2.94,0.2,-0.05,-0.05,91.3,144,33.33333333333333,33.33333333333333,25.0,5.56,3.06,-0.12,1.81,0.25,1.0,-7.1875,0.338,0.559,7.1875,-0.088,-0.088,-0.309,-0.163,25.0,28.6,17.096218861050943,-9.92958868767827,36.48191323535204,0.625,38.26809234604373,36.77779393973265,WSH
Cole Sulser,642121,2026,56.1,236,56,7,23.7,7.2,1,0,4.31,0.25,0.457,0.306,0.321,37.4,11.8,41.1,75.704230875,94.345345975,16.8,42.5,27.1,51.1,38.7,30.1,22.7,937,TB,46,642121,950,4.8,0.182,0.227,0.176,0.409,0.248,0.277,0.243,4,22,92.4,16.4,2143,88.8,89.27,10,46,0,0.5,6.63,120,148,129,153,291,331,304,2.971,-2.971,72.2,7.2,2.454888185,22,18,1,2,0,1,4,18.2,0,0,1.95,0.97,0.72,-0.72,93.2,175,58.82352941176471,11.76470588235294,9.090909090909092,5.77,-1.73,-0.05,2.3,0.182,2.0,-6.458695652,0.243,0.413,6.458695652,-0.061,-0.061,-0.004,-0.029,21.7,43.2,7.658818118191682,1.0436112384158522,32.52272232972474,0.5217391304347826,37.90478538328469,29.358672114167074,TB
Wyatt Olds,681544,2026,15.2,68,20,2,29.4,11.8,2,0,1.15,0.184,0.323,0.293,0.288,31.6,7.9,28.9,78.097546316,93.269193158,23.7,53.3,33.1,49.3,42.1,28.9,15.8,288,BOS,70,681544,288,24.3,0.148,0.259,0.133,0.407,0.231,0.257,0.174,4,27,92.5,24.1,2386,93.8,93.92,24,70,0,0.1000000000000085,6.44,122,148,123,150,285,318,306,3.263,-3.263,72.9,7.3,0.828401542,27,17,1,1,0,2,10,37.0,0,0,1.83,0.78,0.58,-0.58,91.0,193,41.17647058823529,17.647058823529413,11.11111111111111,5.59,-2.36,-0.08,2.42,0.148,3.0,-4.661428571,0.174,0.443,4.661428571,-0.026,-0.0259999999999999,-0.036,-0.026,34.3,32.3,8.806971109018274,1.1745291738329418,32.69748464040077,0.5,35.80369972735922,27.99644517297986,BOS
Steven Matz,571927,2026,80.1,342,61,15,17.8,7.3,6,6,5.49,0.274,0.458,0.32,0.342,40.6,10.6,35.4,76.306606508,93.92085123,15.7,33.0,20.8,47.9,39.0,25.6,28.7,1345,TB,53,571927,1345,3.9,0.172,0.172,0.154,0.345,0.219,0.253,0.235,5,29,90.1,6.4,2240,89.4,89.78,10,53,0,0.3999999999999915,6.68,114,149,120,153,294,335,308,0.77,-0.77,72.7,7.0,1.168861352,29,27,2,2,0,1,2,6.9,0,0,2.49,0.42,0.99,0.99,92.2,129,37.03703703703704,7.4074074074074066,6.896551724137931,5.57,2.89,0.13,2.28,0.172,2.0,-1.452830189,0.235,0.353,1.452830189,-0.063,-0.063,-0.008,-0.034,18.9,30.1,6.9614643658491655,3.2909498893026665,33.478263902794914,0.5283018867924528,34.75794976538474,29.594784141837664,TB
Brandon Eisert,685126,2026,44.0,189,49,6,25.9,7.4,3,3,5.52,0.239,0.378,0.327,0.299,34.4,6.4,39.2,79.3312155,93.990497667,20.4,47.4,30.6,45.9,41.6,27.2,26.4,784,PIT,36,685126,784,4.6,0.238,0.0,0.357,0.238,0.212,0.2,0.209,5,21,85.4,24.4,2121,87.0,88.49,10,36,0,1.5,7.24,110,144,115,148,297,325,300,2.692,-2.692,71.3,7.1,2.282845848,21,14,5,0,0,0,7,33.3,0,0,2.38,0.65,0.12,0.12,90.4,161,28.57142857142857,0.0,0.0,5.06,3.86,-0.01,2.27,0.238,0.0,-7.477777778,0.209,0.256,7.477777778,0.029,0.0289999999999999,-0.018,0.012,27.8,37.2,8.949172156389285,-1.1730917100100586,32.84952552536869,0.4722222222222222,34.5244859640049,32.79720189406705,PIT
Jefry Yan,642376,2026,20.1,96,26,3,27.1,15.6,2,1,4.87,0.225,0.345,0.346,0.32,29.6,7.4,42.6,75.179812222,94.698939811,20.6,54.8,35.3,46.3,53.7,24.1,16.7,366,NYM,62,642376,367,16.9,0.286,0.107,0.318,0.393,0.296,0.327,0.288,8,28,86.8,3.4,2530,95.4,94.77,19,62,0,-0.6000000000000085,6.12,109,147,122,151,289,319,301,1.398,-1.398,71.8,7.4,4.605247608,28,23,7,0,0,1,5,17.9,0,0,1.72,0.82,0.74,0.74,92.6,128,39.130434782608695,8.695652173913043,7.142857142857142,5.99,1.9,0.21,2.14,0.286,2.0,-2.25483871,0.288,0.474,2.25483871,-0.002,-0.002,-0.081,-0.031,30.6,48.6,9.909854298890751,-2.958496856172638,35.589027944246794,0.4677419354838709,33.6265686400305,31.13112635534065,NYM
Cole Winn,668390,2026,48.0,215,49,7,22.8,7.4,5,3,5.63,0.274,0.442,0.342,0.337,34.2,6.8,43.6,75.571779863,94.554598288,17.1,47.6,27.7,53.6,38.3,28.9,27.5,787,TBD,42,668390,788,5.3,0.235,0.176,0.286,0.412,0.273,0.333,0.304,4,17,92.0,10.9,2268,91.4,92.25,9,42,0,0.7999999999999972,6.82,110,142,109,148,291,320,305,0.963,-0.963,70.0,7.1,3.762596388,17,14,2,1,1,0,3,17.6,0,0,2.09,0.65,0.49,-0.49,92.3,142,53.84615384615385,7.6923076923076925,5.88235294117647,5.45,-1.42,-0.05,2.21,0.235,1.0,-2.292857143,0.304,0.473,2.292857143,-0.069,-0.069,-0.061,-0.06,21.4,38.8,10.664140727242115,-0.4703761332864209,34.81681851326739,0.3333333333333333,35.99882547450683,31.665234822065077,TBD
Noah Cameron,702070,2026,177.1,746,158,21,21.2,7.8,9,8,4.11,0.245,0.405,0.306,0.312,37.1,8.2,37.7,78.05787428,94.050283346,16.9,44.7,25.8,48.3,40.0,28.0,25.5,2892,KC,109,702070,2895,3.8,0.294,0.137,0.326,0.431,0.314,0.292,0.267,15,51,90.2,16.2,2241,87.7,87.81,22,109,0,0.0999999999999943,6.32,121,147,120,153,292,321,297,1.814,-1.814,71.5,7.2,4.455481704,51,44,10,4,0,1,7,13.7,0,0,2.36,0.62,0.2,0.2,92.0,151,38.63636363636363,6.8181818181818175,5.88235294117647,6.27,1.15,-0.05,2.14,0.294,3.0,-1.664220183,0.267,0.415,1.664220183,0.027,0.0269999999999999,0.016,0.022,20.2,53.9,13.337828404419826,-5.224772945760127,35.69008362453111,0.4311926605504587,36.18889412643676,34.69087646519328,KC
Eduardo Rodriguez,593958,2026,189.2,788,143,19,18.1,7.9,16,7,2.89,0.251,0.415,0.3,0.318,33.7,7.6,32.8,76.011367028,93.24426528,15.0,35.6,21.9,48.9,40.0,29.0,23.9,3066,ARI,134,593958,3068,4.4,0.339,0.232,0.364,0.571,0.39,0.306,0.285,19,56,91.0,18.4,2224,87.9,88.11,31,134,0,0.1999999999999886,6.41,112,146,116,152,292,326,296,0.67,-0.67,72.7,7.4,2.711561278,56,47,13,2,1,3,9,16.1,0,0,2.23,0.75,0.41,0.41,92.2,163,36.17021276595745,4.25531914893617,3.571428571428571,6.06,1.16,0.02,2.29,0.339,2.0,-0.5,0.285,0.432,0.5,0.054,0.054,0.139,0.084,23.1,46.7,12.740473004721109,-5.686814603461877,34.33988443522661,0.4925373134328358,36.17779424800241,32.65114171857563,ARI
Brad Lord,695418,2026,83.1,357,77,10,21.6,9.2,5,2,3.78,0.228,0.366,0.295,0.305,27.3,6.4,37.0,75.896113793,93.826361255,15.5,30.5,19.7,49.8,55.5,20.2,17.6,1467,WSH,111,695418,1476,7.5,0.188,0.188,0.208,0.375,0.238,0.208,0.167,6,32,87.9,14.8,2524,92.2,90.52,18,111,0,-1.7000000000000028,5.35,116,147,123,152,298,329,304,4.866,-4.866,71.4,6.8,0.984509524,32,25,2,3,0,1,7,21.9,0,0,2.19,0.51,1.0,-1.0,90.2,178,36.0,8.0,6.25,5.39,-2.44,-0.01,2.44,0.188,2.0,-4.383783784,0.167,0.319,4.383783784,0.021,0.0209999999999999,0.056,0.03,16.2,18.0,5.076810240337254,5.803614875497097,35.48604119705114,0.3963963963963964,36.46534633451576,27.4116858548421,WSH
Tyler Glasnow,607192,2026,74.0,288,98,7,34.0,8.7,5,2,3.53,0.19,0.332,0.245,0.263,32.3,8.5,38.4,80.944570988,93.941386111,14.9,60.3,32.1,42.3,41.5,29.3,23.2,1149,LAD,107,607192,1156,9.3,0.259,0.167,0.308,0.426,0.279,0.306,0.253,14,54,93.2,19.1,2612,91.3,93.33,32,107,0,2.0,7.42,119,148,119,153,289,318,304,5.214,-5.214,73.1,7.3,3.341150303,57,41,9,3,0,2,16,28.1,0,0,2.29,0.48,-0.11,0.11,93.1,188,48.78048780487805,12.195121951219512,8.771929824561402,5.99,-1.51,0.12,2.23,0.246,5.0,-4.872897196,0.245,0.487,4.872897196,0.006,0.001,-0.061,-0.027,29.9,54.3,11.822638327900908,-3.977391028199333,34.08613328511629,0.4579439252336448,34.18017839072426,33.01748462845767,LAD
Reynaldo López,625643,2026,79.1,346,73,11,21.1,9.8,4,5,4.54,0.262,0.428,0.336,0.335,39.2,7.2,35.9,76.056520684,93.600347436,12.0,44.7,22.3,45.5,38.0,26.2,28.3,1368,TBD,32,625643,1370,2.3,0.421,0.316,0.583,0.737,0.494,0.324,0.281,8,19,91.6,12.2,2048,87.1,87.66,13,32,0,0.6000000000000085,6.59,109,144,108,150,306,324,310,-2.131,2.131,71.1,7.8,4.432501839,19,13,4,3,0,1,6,31.6,0,0,2.44,0.6,0.19,-0.19,92.9,140,46.15384615384615,7.6923076923076925,5.263157894736842,5.6,-2.0,-0.17,1.83,0.421,1.0,6.659375,0.281,0.481,-6.659375,0.14,0.1399999999999999,0.256,0.17,40.6,38.9,15.781573462623856,-13.898041033192303,33.95967299963853,0.34375,37.50033973912125,38.25580624394946,TBD
Paul Blackburn,621112,2026,85.0,336,69,7,20.5,9.8,7,3,1.59,0.236,0.352,0.259,0.296,27.5,5.6,35.2,75.055748879,93.465775108,12.8,42.2,22.8,45.7,54.9,21.5,18.5,1237,NYY,83,621112,1242,6.7,0.222,0.111,0.25,0.333,0.239,0.266,0.268,8,36,86.7,14.6,2048,88.1,87.87,16,83,0,-0.1999999999999886,6.19,108,145,112,152,286,330,293,3.477,-3.477,72.3,7.6,2.166577625,36,32,4,4,0,0,4,11.1,0,0,2.67,0.29,0.65,-0.65,90.7,129,28.125,3.125,2.7777777777777777,6.0,-1.93,-0.33,2.0,0.222,1.0,-4.189156627,0.268,0.346,4.189156627,-0.046,-0.046,-0.013,-0.027,19.3,46.8,13.217024757173393,-5.2592912846562365,32.7978808327621,0.5662650602409639,38.68902320864041,35.584938906055086,NYY
Nate Lavender,681320,2026,21.2,79,26,1,32.9,5.1,1,0,1.66,0.187,0.29,0.213,0.228,32.7,8.2,34.7,77.1496,92.986921633,24.0,33.3,26.6,48.6,30.6,34.7,18.4,294,NYM,59,681320,294,20.1,0.258,0.097,0.308,0.355,0.266,0.297,0.282,8,31,89.1,22.5,2381,88.7,89.97,12,59,0,1.2999999999999972,7.1,118,149,120,152,289,320,305,2.473,-2.473,73.1,7.1,0.609494135,31,26,5,3,0,0,5,16.1,0,0,1.79,1.14,0.0,0.0,92.1,180,42.30769230769231,7.6923076923076925,6.451612903225806,5.51,1.52,0.04,2.36,0.258,2.0,-4.191525424,0.282,0.414,4.191525424,-0.024,-0.0239999999999999,-0.059,-0.031,20.3,43.8,9.759460805353909,-0.7629170420939246,33.56665791300967,0.6101694915254238,35.56395875908583,31.76286689097565,NYM
Jose Cabrera,703615,2026,28.1,129,20,6,15.5,8.5,0,4,5.72,0.255,0.456,0.368,0.347,24.2,9.5,35.8,78.695649302,94.193622353,10.1,37.9,19.0,44.3,45.3,27.4,16.8,463,ARI,38,703615,464,8.2,0.273,0.227,0.278,0.5,0.329,0.308,0.242,6,22,92.5,14.1,2149,90.6,90.89,6,38,0,0.3000000000000113,6.42,122,147,110,152,295,322,298,1.233,-1.233,71.0,7.0,1.28077059,22,19,3,2,0,1,3,13.6,0,0,2.13,0.66,0.71,-0.71,92.0,169,42.10526315789473,15.789473684210526,13.636363636363637,5.82,-1.93,-0.06,2.41,0.273,3.0,-3.244736842,0.242,0.486,3.244736842,0.031,0.031,0.014,0.021,15.8,31.0,8.067784425018427,0.1931059512472259,30.684683195482005,0.6578947368421053,37.45984501679441,30.30351346350796,ARI
Kyle Leahy,681517,2026,140.0,596,132,15,22.1,6.9,10,5,3.66,0.272,0.445,0.327,0.337,36.2,9.8,47.0,80.586446346,95.319318313,12.4,46.9,22.7,46.3,45.8,23.7,26.1,2327,STL,135,681517,2328,5.8,0.369,0.2,0.423,0.569,0.404,0.355,0.318,24,65,90.7,8.9,2082,89.8,91.46,31,135,0,1.7000000000000028,7.18,114,143,107,150,295,326,299,-0.832,0.832,72.3,7.1,2.227871492,65,54,15,7,0,2,11,16.9,0,0,2.51,0.33,0.11,-0.11,92.4,166,40.74074074074074,9.25925925925926,7.6923076923076925,5.49,-1.93,0.0,2.31,0.369,5.0,0.616296296,0.318,0.511,-0.616296296,0.051,0.0509999999999999,0.058,0.049,23.0,40.1,10.004885683375642,0.7348576243864016,34.17077679351355,0.4888888888888889,36.12315385715559,30.381849698039485,STL
Spencer Bivens,702352,2026,7.2,42,12,1,28.6,14.3,0,0,9.39,0.264,0.449,0.412,0.355,54.2,8.3,25.0,78.510693333,93.54966,18.9,34.6,24.1,43.4,33.3,29.2,33.3,182,KC,25,702352,182,13.7,0.5,0.3,0.5,0.8,0.51,0.498,0.39,5,10,91.6,14.2,1951,91.0,91.73,5,25,0,0.7000000000000028,6.64,119,147,122,153,291,322,300,-1.005,1.005,70.1,6.9,0.680497954,11,9,4,0,0,1,2,18.2,0,0,2.21,0.55,0.53,-0.53,91.8,156,33.33333333333333,22.22222222222222,18.181818181818183,5.81,-3.18,-0.09,2.6,0.455,2.0,4.02,0.362,0.89,-4.02,0.11,0.093,-0.09,0.012,20.0,27.4,8.069056750474608,5.011786366243946,30.003488583601417,0.6,37.04290363927719,28.06505408062084,KC
Kai-Wei Teng,678906,2026,73.2,329,73,10,22.2,10.0,5,7,4.76,0.249,0.404,0.342,0.339,36.7,8.1,39.0,79.241448846,94.185621154,15.8,46.6,26.3,43.9,39.5,24.3,27.6,1266,HOU,18,678906,1266,1.4,0.333,0.111,0.429,0.444,0.338,0.346,0.367,3,9,85.1,18.3,2376,88.0,87.63,5,18,0,-0.4000000000000057,6.27,109,147,104,150,286,324,293,0.055,-0.055,72.1,7.5,4.180756818,9,7,2,1,0,0,2,22.2,0,0,2.44,0.55,0.14,-0.14,90.7,122,42.85714285714285,0.0,0.0,5.51,-2.24,-0.04,2.37,0.333,0.0,-0.305555556,0.367,0.418,0.305555556,-0.034,-0.0339999999999999,0.026,-0.008,27.8,22.9,14.326881261496712,-8.290765749486336,32.70229895948604,0.5555555555555556,36.2105183293924,34.92836046716723,HOU
Nick Martinez,607259,2026,180.0,722,109,22,15.1,3.6,15,6,3.1,0.263,0.412,0.295,0.307,34.6,6.8,32.9,75.759860346,93.176832266,10.5,33.7,17.4,50.9,36.5,29.5,24.3,2522,TB,189,607259,2525,7.5,0.25,0.12,0.256,0.37,0.268,0.286,0.265,25,100,88.9,22.0,2206,87.3,86.93,24,189,0,-0.3999999999999915,5.93,115,147,115,153,299,331,305,7.819,-7.819,72.1,7.3,2.554334927,100,92,17,6,0,2,8,8.0,0,0,2.3,0.73,0.61,-0.61,91.8,173,39.130434782608695,5.434782608695652,5.0,6.01,-1.69,0.03,2.36,0.25,5.0,-4.137037037,0.265,0.404,4.137037037,-0.015,-0.015,-0.034,-0.018,12.7,53.1,11.17245465911492,-4.010927328202307,32.80323244909108,0.544973544973545,35.47070123701068,32.27738582737404,TB
Dax Fulton,690978,2026,28.2,122,29,1,23.8,12.3,2,0,3.77,0.226,0.32,0.296,0.298,31.2,5.3,41.6,78.187634211,94.292281974,20.7,37.8,26.8,43.6,55.8,11.7,28.6,479,MIA,37,690978,479,7.7,0.333,0.222,0.313,0.556,0.362,0.391,0.324,6,18,96.3,15.0,2343,90.8,91.57,6,37,0,0.7999999999999972,6.8,116,141,108,147,294,322,304,0.338,-0.338,72.6,7.3,3.612842035,19,17,4,1,0,1,2,10.5,0,0,2.33,0.46,-0.33,-0.33,94.8,195,64.70588235294117,11.76470588235294,10.526315789473683,6.32,2.71,-0.01,2.05,0.316,2.0,-0.913513514,0.326,0.598,0.913513514,0.009,-0.01,-0.042,-0.029,16.2,42.3,8.445530676276473,-1.7534345943030596,35.14709583986106,0.5135135135135135,37.13532190314815,31.22261366927976,MIA
Martín Pérez,527048,2026,142.0,596,102,14,17.1,10.4,9,9,3.04,0.262,0.386,0.298,0.325,34.0,4.7,35.0,76.464463636,93.738206124,13.4,35.3,21.1,43.0,47.6,21.4,24.9,2244,TBD,93,527048,2247,4.1,0.293,0.146,0.313,0.439,0.317,0.367,0.33,12,41,91.0,4.1,1930,85.6,85.38,18,93,0,-0.1999999999999886,6.06,107,145,118,152,299,323,309,1.528,-1.528,73.3,7.5,3.755198248,41,34,10,0,0,2,7,17.1,0,0,2.45,0.68,1.09,1.09,92.6,114,44.11764705882353,8.823529411764707,7.317073170731707,5.55,1.16,-0.03,2.09,0.293,3.0,-1.643010753,0.33,0.533,1.643010753,-0.037,-0.037,-0.094,-0.05,19.4,41.4,15.188146020195855,-6.543801887779948,34.322660477280856,0.4838709677419355,35.85650947977891,36.66948855666748,TBD
Trey Gibson,694346,2026,39.2,185,37,7,20.0,14.6,2,3,6.13,0.279,0.457,0.357,0.372,30.8,8.5,45.0,79.953026271,95.275285508,10.9,41.3,21.5,41.8,54.2,18.3,25.0,711,BAL,19,694346,711,2.7,0.143,0.0,0.143,0.143,0.111,0.256,0.274,1,7,82.5,2.0,2253,89.3,89.65,3,19,0,0.2999999999999971,6.74,124,150,119,152,281,321,310,0.757,-0.757,69.6,6.9,3.335129248,8,7,1,0,0,0,1,12.5,0,0,3.02,-0.11,-0.27,0.27,90.8,140,28.57142857142857,0.0,0.0,6.1,-2.32,-0.09,1.97,0.143,0.0,-3.984210526,0.274,0.39,3.984210526,-0.131,-0.131,-0.247,-0.145,15.8,46.5,7.444531782993948,3.990429952353356,33.80611883613273,0.3157894736842105,37.864492739107526,30.479646536971917,BAL
Cristopher Sánchez,650911,2026,207.0,857,231,19,27.0,5.3,18,7,2.91,0.237,0.366,0.296,0.285,31.9,7.5,42.0,78.068024787,94.522698883,18.3,52.5,31.3,50.5,58.0,16.9,21.6,3158,PHI,77,650911,3158,2.4,0.324,0.027,0.4,0.351,0.299,0.29,0.298,12,37,89.3,2.0,2088,91.8,92.58,19,77,0,0.7999999999999972,6.84,121,148,118,149,287,322,296,0.814,-0.814,71.5,7.4,2.906669488,37,30,11,1,0,0,7,18.9,0,0,2.59,0.14,1.13,1.13,91.8,146,36.66666666666666,0.0,0.0,6.13,1.91,0.13,2.14,0.324,0.0,-1.057142857,0.298,0.367,1.057142857,0.026,0.026,-0.016,0.009,24.7,32.2,9.787657615685251,0.365162524721541,34.71609625105447,0.4285714285714285,34.89573707491969,30.770583119615345,PHI
Carson Seymour,693313,2026,31.2,140,23,6,16.4,11.4,0,2,4.55,0.294,0.49,0.348,0.374,36.0,9.0,41.0,77.399216939,94.015876327,11.4,54.2,23.8,46.8,50.0,24.0,22.0,530,SF,96,693313,536,17.9,0.25,0.25,0.222,0.5,0.318,0.354,0.307,11,44,91.4,8.8,2235,94.3,94.85,23,96,0,0.5,6.54,119,148,119,153,287,320,300,2.912,-2.912,72.1,7.0,2.337093061,44,39,6,2,0,3,5,11.4,0,0,2.23,0.33,0.37,-0.37,92.6,158,43.58974358974359,7.6923076923076925,6.8181818181818175,5.9,-2.66,0.24,2.27,0.25,3.0,-3.033333333,0.307,0.527,3.033333333,-0.057,-0.0569999999999999,-0.027,-0.036,24.0,38.6,8.260979213566923,2.197160003522982,33.877518645297265,0.5208333333333334,33.72923181973633,28.832639197703013,SF
Jimmy Herget,623474,2026,53.2,237,47,10,19.8,11.0,0,6,5.7,0.237,0.414,0.366,0.325,32.3,9.9,37.3,76.674947215,94.036316203,18.5,37.1,24.8,47.4,34.8,30.4,25.5,946,COL,87,623474,954,9.1,0.194,0.194,0.154,0.387,0.239,0.293,0.237,6,31,87.3,20.6,2399,86.3,84.89,12,87,0,-1.3999999999999917,5.06,112,143,120,150,297,331,304,3.559,-3.559,72.5,7.5,1.657029967,32,28,4,0,0,2,4,12.5,0,0,2.7,0.35,0.31,-0.31,91.2,177,35.714285714285715,7.142857142857142,6.25,5.16,-2.49,-0.12,2.29,0.188,2.0,-4.090804598,0.232,0.465,4.090804598,-0.043,-0.044,-0.078,-0.054,13.8,6.3,13.6602423778377,-6.110293265152188,33.25517235771518,0.5517241379310345,36.18473008583359,33.68930880915432,COL
John Klein,804619,2026,8.1,35,7,1,20.0,17.1,0,1,2.16,0.188,0.343,0.311,0.33,31.8,9.1,36.4,65.800059091,93.027508182,14.0,26.3,17.4,46.6,40.9,36.4,13.6,148,TOR,12,804619,148,8.1,0.25,0.5,0.25,0.75,0.399,0.275,0.237,1,4,85.3,15.3,2095,90.1,90.73,2,12,0,0.6000000000000085,6.69,124,147,109,154,284,317,296,-0.123,0.123,70.2,7.4,0.655422384,4,4,0,0,1,0,0,0.0,0,0,2.07,0.76,0.91,-0.91,90.9,138,25.0,0.0,0.0,6.12,-0.98,-0.04,2.32,0.25,0.0,1.025,0.237,0.409,-1.025,0.013,0.013,0.341,0.124,16.7,42.6,11.737262769644053,-9.966332737361853,31.47751396454169,0.4166666666666667,36.5651114182015,34.401369577224614,TOR
Spencer Miles,693686,2026,95.2,388,93,5,24.0,6.4,6,2,2.73,0.232,0.327,0.256,0.271,28.6,3.7,35.3,76.142895263,93.047286128,12.5,35.6,18.8,47.9,50.9,19.7,23.4,1502,TOR,82,693686,1510,5.4,0.297,0.135,0.314,0.432,0.306,0.342,0.326,11,37,92.3,11.9,2457,93.3,93.87,14,82,0,0.6000000000000085,6.71,116,146,116,152,282,321,297,2.708,-2.708,72.3,6.9,0.996747952,38,35,7,3,1,0,3,7.9,0,0,2.38,0.29,0.64,-0.64,91.9,170,48.57142857142857,5.714285714285714,5.263157894736842,5.83,-1.2,0.18,2.43,0.289,2.0,-3.302439024,0.33,0.456,3.302439024,-0.029,-0.041,-0.024,-0.036,17.1,35.9,5.421137027417004,2.76568676345112,33.18610736308826,0.3414634146341463,34.2729731416427,26.99695725584569,TOR
Anthony Gose,543238,2026,13.2,51,7,1,13.7,3.9,1,1,0.66,0.25,0.408,0.269,0.292,42.9,7.1,26.2,78.44825,92.283609756,15.0,37.8,24.8,52.5,28.6,31.0,26.2,200,KC,29,543238,200,14.5,0.2,0.067,0.214,0.267,0.203,0.456,0.35,3,15,87.6,18.2,2385,92.7,91.93,5,29,0,-0.7999999999999972,5.8,118,146,116,153,292,321,296,1.629,-1.629,70.5,7.3,5.095965278,15,14,2,1,0,0,1,6.7,0,0,1.59,1.08,0.16,0.16,92.6,219,28.57142857142857,14.285714285714285,13.333333333333334,5.88,0.91,-0.2,2.15,0.2,2.0,-5.617241379,0.35,0.736,5.617241379,-0.15,-0.1499999999999999,-0.469,-0.253,17.2,53.9,14.630893905739104,-5.340060055940692,34.08138737243418,0.5172413793103449,37.27414063828208,33.563179401666055,KC
Bryse Wilson,669060,2026,35.1,151,31,5,20.5,2.0,0,0,4.33,0.286,0.435,0.336,0.322,37.4,4.4,47.8,82.890021786,95.212694196,14.0,29.9,18.1,53.6,39.1,25.2,29.6,558,TBD,51,669060,558,9.1,0.28,0.2,0.316,0.48,0.324,0.325,0.288,7,25,94.5,14.8,2055,90.5,90.39,12,51,0,-0.0999999999999943,6.3,119,148,128,152,295,316,304,1.448,-1.448,72.0,7.0,2.126785762,25,20,5,0,1,1,5,20.0,0,0,2.01,0.79,0.67,-0.67,92.6,185,50.0,10.0,8.0,5.94,-2.91,-0.21,2.47,0.28,2.0,-2.839215686,0.288,0.472,2.839215686,-0.008,-0.0079999999999999,0.008,-0.001,23.5,43.6,7.541569925407309,4.9438124827125725,32.08051403148656,0.3529411764705882,37.56678411360854,27.407592894691984,TBD
Michael McGreevy,700241,2026,168.2,702,115,21,16.4,6.8,7,9,3.95,0.283,0.475,0.32,0.351,34.9,9.1,41.8,79.09144812,94.675024229,9.8,39.2,20.1,44.6,44.4,27.3,24.5,2774,STL,211,700241,2774,7.6,0.315,0.204,0.33,0.519,0.353,0.339,0.301,34,108,89.3,12.3,2117,87.7,88.46,45,211,0,0.7999999999999972,6.75,115,145,113,151,297,323,299,3.479,-3.479,72.4,7.3,2.688611119,109,97,19,11,1,3,12,11.0,0,0,2.74,0.25,0.48,-0.48,92.3,169,40.20618556701031,7.216494845360824,6.422018348623854,5.77,-2.21,-0.17,2.21,0.312,7.0,-1.648815166,0.301,0.49,1.648815166,0.014,0.011,0.029,0.014,21.3,33.7,10.45254554476492,-0.1600275804508524,34.589449678774926,0.4976303317535545,37.65110662800459,31.413982851882015,STL
Brent Suter,608718,2026,91.0,377,78,9,20.7,6.9,3,2,3.36,0.252,0.396,0.305,0.306,33.6,6.7,31.0,75.068237481,93.096854924,16.8,38.6,23.6,46.6,50.6,21.4,23.2,1526,ATL,55,608718,1534,3.6,0.207,0.241,0.192,0.448,0.274,0.388,0.323,6,29,89.3,11.1,2071,85.2,86.78,11,55,0,1.5999999999999943,7.29,115,147,119,152,305,322,308,2.623,-2.623,70.2,6.8,1.983451708,29,27,2,2,1,1,2,6.9,0,0,2.3,0.87,0.51,0.51,91.2,171,33.33333333333333,14.814814814814811,13.79310344827586,6.01,3.5,0.1,2.51,0.207,4.0,-4.769090909,0.323,0.591,4.769090909,-0.116,-0.116,-0.143,-0.114,20.0,46.1,8.668154779275836,1.3395263215369275,30.501389262733497,0.3090909090909091,35.02238265362593,31.69751273437722,ATL
Bailey Falter,663559,2026,13.0,69,8,4,11.6,8.7,0,2,10.38,0.332,0.502,0.485,0.386,45.5,7.3,43.6,79.53435,95.461500926,16.3,28.6,18.8,46.5,36.4,16.4,40.0,217,TBD,9,663559,217,4.1,0.25,0.25,0.333,0.5,0.315,0.189,0.163,1,4,86.4,19.7,2062,89.1,90.89,2,9,0,1.8000000000000114,7.32,127,146,120,153,307,323,311,0.146,-0.146,72.1,7.0,0.562012298,4,3,0,1,0,0,1,25.0,0,0,2.0,0.88,0.09,0.09,90.8,141,33.33333333333333,0.0,0.0,5.62,1.98,0.11,2.2,0.25,0.0,-1.622222222,0.163,0.285,1.622222222,0.087,0.087,0.215,0.126,22.2,49.6,3.938138429545248,2.032257197302693,35.57132484066797,0.7777777777777778,34.607479080399,29.653387932872,TBD
Kenley Jansen,445276,2026,45.0,180,51,7,28.3,12.8,4,6,3.2,0.194,0.363,0.259,0.293,32.4,9.5,38.1,78.891191765,93.927649118,19.8,41.4,26.6,48.8,24.8,39.0,20.0,725,DET,67,445276,729,9.2,0.115,0.115,0.105,0.231,0.147,0.188,0.16,3,26,91.5,26.8,2606,92.2,93.46,12,67,0,1.2999999999999972,6.93,121,147,116,150,285,324,307,3.354,-3.354,70.9,7.1,2.658477122,26,20,2,0,0,1,6,23.1,0,0,1.54,1.14,-0.2,0.2,91.0,168,35.0,0.0,0.0,6.26,-2.01,0.16,2.54,0.115,0.0,-5.005970149,0.16,0.279,5.005970149,-0.045,-0.045,-0.048,-0.041,17.9,54.9,9.299820109231996,-1.5045043269499414,32.12793572038417,0.6567164179104478,32.50908021737729,30.32609392359976,DET
Hogan Harris,663687,2026,70.1,311,88,8,28.3,13.5,4,2,3.33,0.204,0.33,0.314,0.298,32.6,6.9,33.7,76.524833605,93.184765698,20.4,38.1,25.3,43.2,48.6,24.6,19.4,1333,OAK,50,663687,1342,3.7,0.192,0.115,0.211,0.308,0.216,0.24,0.198,5,26,89.1,2.7,2412,91.5,91.69,10,50,0,0.2000000000000028,6.58,111,146,111,150,290,324,304,2.377,-2.377,70.9,7.0,0.991381535,26,20,4,0,0,1,6,23.1,0,0,1.86,0.97,0.48,0.48,91.5,175,31.57894736842105,10.526315789473683,7.6923076923076925,5.98,2.41,-0.12,2.32,0.192,2.0,-4.754,0.198,0.367,4.754,-0.006,-0.006,-0.059,-0.024,20.0,53.0,3.783924599891054,6.850859319718065,32.50567958156117,0.4,37.26885180533046,26.79391044160561,OAK
Nick Lodolo,666157,2026,108.2,486,83,20,17.1,9.5,3,6,4.97,0.297,0.484,0.374,0.38,37.6,9.0,40.3,79.209189697,94.662235333,12.6,38.6,21.5,45.1,41.8,25.6,28.2,1899,CIN,74,666157,1899,3.9,0.367,0.4,0.381,0.767,0.479,0.396,0.32,11,30,91.2,5.6,2341,89.6,89.17,23,74,0,-0.3999999999999915,6.15,117,146,114,151,289,326,300,-0.934,0.934,71.4,7.2,6.88040749,30,24,5,3,0,3,6,20.0,0,0,2.66,0.22,0.87,0.87,92.4,160,41.66666666666667,12.5,10.0,5.33,3.63,-0.23,2.28,0.367,3.0,1.262162162,0.32,0.622,-1.262162162,0.047,0.0469999999999999,0.145,0.083,31.1,12.8,11.543048936418517,-3.922412555493562,33.028947745016325,0.3378378378378378,38.20820421437778,34.30229157593412,CIN
Evan Sisk,681895,2026,44.2,197,50,2,25.4,12.7,1,0,3.02,0.206,0.293,0.318,0.299,31.0,3.5,31.0,73.653770182,92.876725321,19.3,44.1,27.4,40.7,45.1,14.2,26.5,833,PIT,18,681895,834,2.2,0.125,0.0,0.143,0.125,0.111,0.402,0.376,1,8,94.4,-0.7,2092,86.7,87.69,5,18,0,1.0,6.96,118,146,116,150,300,326,305,1.924,-1.924,70.9,7.3,1.936121786,8,7,1,0,0,0,1,12.5,0,0,2.61,0.47,0.4,0.4,93.4,175,42.85714285714285,14.285714285714285,12.5,5.02,3.76,-0.06,2.3,0.125,1.0,-10.688888889,0.376,0.563,10.688888889,-0.251,-0.251,-0.438,-0.291,27.8,19.9,10.515653471734632,-1.872761654016448,34.131370279086404,0.6111111111111112,34.870945363894755,31.63883776954563,PIT
Victor Vodnik,680767,2026,58.2,266,44,3,16.5,12.4,3,3,4.91,0.239,0.356,0.322,0.312,28.5,4.3,39.8,81.731847033,94.210686209,15.9,46.6,25.2,46.7,56.5,16.1,24.2,1027,MIA,87,680767,1032,8.4,0.225,0.05,0.265,0.275,0.218,0.267,0.258,9,40,91.5,-0.2,2232,92.5,93.2,23,87,0,0.7000000000000028,6.71,114,145,111,150,297,325,302,4.915,-4.915,71.7,7.2,1.862046371,40,34,8,0,1,0,6,15.0,0,0,2.36,0.32,0.24,-0.24,92.1,126,52.94117647058824,2.941176470588235,2.5,5.36,-2.24,0.06,2.07,0.225,1.0,-5.649425287,0.258,0.366,5.649425287,-0.033,-0.033,-0.091,-0.049,26.4,42.7,9.582068220099076,-1.899109137492804,32.58359162591702,0.5172413793103449,35.87840631528991,31.251526405787644,MIA
Connor Thomas,671162,2026,25.2,118,18,4,15.3,7.6,2,1,7.01,0.259,0.413,0.359,0.325,27.0,5.6,41.6,77.995143778,94.298214944,14.4,37.3,21.2,47.4,56.2,21.3,18.0,418,KC,55,671162,419,13.1,0.25,0.071,0.269,0.321,0.249,0.237,0.238,7,28,85.4,-6.6,2475,88.9,88.87,6,55,0,0.0,6.18,117,147,119,153,291,322,296,2.499,-2.499,70.2,6.8,1.153686734,28,26,5,2,0,0,2,7.1,0,0,2.71,0.18,0.6,0.6,90.8,87,30.76923076923077,3.8461538461538463,3.571428571428571,5.02,1.43,-0.11,2.28,0.25,1.0,-4.543636364,0.238,0.308,4.543636364,0.012,0.012,0.013,0.012,10.9,28.5,3.352023688788845,9.494865169424807,32.760497412745366,0.4,36.65931308050487,25.93122679215362,KC
Craig Yoho,684974,2026,38.1,164,41,6,25.0,11.0,2,1,4.93,0.227,0.385,0.314,0.318,43.1,9.0,31.4,74.298822449,92.988084388,21.5,39.6,28.4,46.0,41.2,23.5,29.4,635,TBD,61,684974,635,9.6,0.364,0.394,0.36,0.758,0.474,0.37,0.32,12,33,90.7,23.0,2481,83.7,84.85,10,61,0,1.0999999999999943,7.02,113,142,119,148,294,323,298,-2.937,2.937,70.7,7.2,2.577698935,33,28,5,4,0,3,5,15.2,0,0,3.41,-0.1,0.97,-0.97,92.1,165,50.0,10.714285714285714,9.090909090909092,4.87,-2.05,-0.06,2.13,0.364,3.0,4.814754098,0.32,0.558,-4.814754098,0.044,0.0439999999999999,0.2,0.104,16.4,18.4,11.051039520807413,-5.399711290275181,32.743153991878195,0.5737704918032787,36.31201142005641,35.09774001570668,TBD
Cade Gibson,806188,2026,50.1,221,44,4,19.9,9.5,6,2,5.36,0.232,0.309,0.319,0.288,30.0,3.3,36.0,73.861845135,93.068793581,11.2,40.1,22.1,44.4,52.0,20.0,22.7,877,MIA,67,806188,881,7.6,0.229,0.2,0.24,0.429,0.28,0.295,0.266,8,35,86.2,11.3,2843,84.0,83.4,17,67,0,-0.5999999999999943,6.02,115,146,114,149,290,321,302,1.133,-1.133,71.7,7.3,3.210885079,35,27,5,1,0,2,8,22.9,0,0,3.21,0.08,-0.64,-0.64,91.4,132,37.03703703703704,11.11111111111111,8.571428571428571,5.57,2.05,-0.34,2.2,0.229,3.0,-1.691044776,0.266,0.419,1.691044776,-0.037,-0.037,0.01,-0.015,25.4,29.7,12.50563007300572,-5.32937239566023,31.77439641176156,0.5522388059701493,39.49463987982237,35.27509065343282,MIA
Jovani Morán,663558,2026,65.2,272,73,9,26.8,12.1,2,3,3.15,0.196,0.332,0.277,0.283,30.5,8.0,29.3,75.42239359,93.332538654,23.3,49.4,32.1,45.8,40.9,29.9,19.5,1061,BOS,57,663558,1070,5.3,0.364,0.273,0.353,0.636,0.429,0.32,0.283,8,22,87.7,21.2,2320,88.1,88.05,17,57,0,0.0,6.29,109,145,115,147,290,323,302,0.181,-0.181,71.0,7.2,4.612695575,22,19,6,0,0,2,3,13.6,0,0,2.14,0.83,0.46,0.46,90.1,153,26.31578947368421,10.526315789473683,9.090909090909092,5.79,1.2,-0.08,2.42,0.364,2.0,-0.31754386,0.283,0.467,0.31754386,0.081,0.081,0.169,0.109,29.8,45.9,12.125382473651063,-2.508263762850136,31.42301521233573,0.4210526315789473,37.2698982864009,32.1965972937214,BOS
Adam Macko,671936,2026,31.0,145,32,5,22.1,9.7,2,0,5.23,0.267,0.438,0.364,0.343,37.9,6.3,37.9,76.170363696,94.268126739,18.0,47.4,28.2,47.2,36.8,28.4,27.4,577,TEX,27,671936,587,4.6,0.417,0.333,0.444,0.75,0.498,0.472,0.389,5,12,94.6,21.2,2310,92.1,91.67,7,27,0,-0.3999999999999915,6.04,110,146,119,152,288,322,299,-2.522,2.522,71.4,7.1,4.666167919,12,10,3,1,0,1,2,16.7,0,0,1.68,1.03,0.33,0.33,93.1,225,50.0,20.0,16.666666666666664,5.66,1.82,-0.05,2.7,0.417,2.0,9.340740741,0.389,0.729,-9.340740741,0.028,0.0279999999999999,0.021,0.026,25.9,43.5,9.872423793714672,2.180342778176904,28.478061598181483,0.5555555555555556,37.42182883447117,31.18929735282821,TEX
Joe Rock,697812,2026,10.1,56,12,0,21.4,23.2,0,1,5.23,0.27,0.402,0.385,0.401,37.9,3.4,55.2,86.07098,96.477300357,18.2,52.2,27.0,42.2,27.6,31.0,31.0,211,OAK,3,697812,211,1.4,1.0,0.0,1.0,1.0,0.89,0.345,0.383,1,1,81.3,10.0,2322,90.4,90.8,0,3,0,0.3999999999999915,6.6,89,112,82,119,275,310,290,-0.485,0.485,65.7,7.0,,1,1,1,0,0,0,0,0.0,0,0,2.1,0.72,0.56,0.56,88.0,148,0.0,0.0,0.0,5.46,1.94,-0.25,2.06,1.0,0.0,16.166666667,0.383,0.405,-16.166666667,0.617,0.617,0.595,0.545,0.0,20.7,0.9883237494934484,2.6059972120345467,29.287980139721423,0.0,37.54591256876101,24.466797413108782,OAK
David Bednar,670280,2026,69.1,280,76,4,27.1,7.1,7,3,2.47,0.215,0.309,0.249,0.263,26.4,4.9,35.7,76.065211111,93.295998994,22.2,44.0,30.8,53.1,51.6,20.9,17.6,1154,NYY,78,670280,1160,6.7,0.176,0.088,0.192,0.265,0.191,0.249,0.234,6,34,88.3,8.6,1866,91.4,91.86,22,78,0,0.5,6.52,116,146,117,153,287,328,293,3.876,-3.876,72.7,7.5,3.343108233,34,27,5,0,0,1,7,20.6,0,0,2.17,0.58,0.63,-0.63,91.6,133,33.33333333333333,3.7037037037037033,2.941176470588235,5.96,-1.74,0.02,2.01,0.176,1.0,-4.969230769,0.234,0.345,4.969230769,-0.058,-0.058,-0.08,-0.058,28.2,41.3,13.250770679207434,-5.948180703695651,33.984967646811974,0.6153846153846154,35.53024408424422,33.97665095225214,NYY
Tayler Saucedo,642048,2026,21.1,87,26,1,29.9,8.0,1,1,2.53,0.178,0.289,0.26,0.256,29.4,5.9,29.4,74.5497168,93.4927932,22.7,58.2,37.2,47.8,39.2,29.4,21.6,343,LAA,48,642048,343,14.0,0.286,0.0,0.353,0.286,0.254,0.241,0.245,6,21,87.1,14.6,2379,85.5,85.67,17,48,0,0.2000000000000028,6.49,110,146,112,152,292,324,304,3.034,-3.034,70.9,7.5,4.436867927,21,17,6,0,0,0,4,19.0,0,0,2.67,0.48,-0.24,-0.24,89.7,145,11.76470588235294,0.0,0.0,5.41,2.18,-0.37,2.35,0.286,0.0,-6.320833333,0.245,0.31,6.320833333,0.041,0.0409999999999999,-0.024,0.013,35.4,24.8,14.293926472645758,-5.505343615030576,30.645578268979964,0.625,39.92645958105941,35.37875237944463,LAA
JT Brubaker,664141,2026,60.1,250,39,5,15.6,10.4,0,0,3.58,0.274,0.427,0.294,0.341,36.1,5.5,36.1,77.08366011,93.579520879,9.9,39.3,20.9,45.0,41.5,25.7,27.9,1000,SF,29,664141,1002,2.9,0.4,0.1,0.4,0.5,0.393,0.502,0.532,4,10,90.5,14.0,2252,90.9,90.14,6,29,0,-0.8000000000000114,5.69,117,146,113,151,285,313,299,0.436,-0.436,72.1,7.4,2.754764336,10,10,3,1,0,0,0,0.0,0,0,2.16,0.59,0.86,-0.86,91.6,130,50.0,0.0,0.0,6.24,-2.38,-0.12,2.24,0.4,0.0,-1.503448276,0.532,0.617,1.503448276,-0.132,-0.132,-0.117,-0.109,20.7,44.7,13.810927752271,-5.975474370392498,33.10306141730759,0.5172413793103449,35.53635786609291,32.99871903007525,SF
Alex Cook,702047,2026,5.2,24,5,1,20.8,8.3,0,0,4.76,0.153,0.276,0.27,0.222,47.1,5.9,35.3,81.092535556,93.982228824,25.8,11.1,22.5,40.8,17.6,29.4,35.3,98,TBD,6,702047,98,6.1,0.0,0.0,0.0,0.0,0.0,0.079,0.078,0,3,81.6,12.3,2162,92.9,93.42,1,6,0,0.5,6.73,99,145,127,153,297,337,310,0.042,-0.042,74.0,6.9,0.892468572,3,3,0,0,0,0,0,0.0,0,0,1.43,1.24,0.74,-0.74,89.4,203,0.0,0.0,0.0,5.6,-1.29,-0.33,2.5,0.0,0.0,-0.7,0.078,0.119,0.7,-0.078,-0.078,-0.119,-0.079,16.7,44.4,8.859370864367694,4.670137537689776,29.53834442189132,1.0,40.12532952412341,27.968511643485,TBD
Cal Quantrill,615698,2026,110.0,443,81,13,18.3,5.6,9,5,2.86,0.242,0.402,0.274,0.303,33.0,7.3,36.4,78.664019329,93.727857073,13.4,32.6,19.6,48.1,40.3,27.9,23.6,1669,TBD,165,615698,1673,9.9,0.222,0.125,0.254,0.347,0.245,0.3,0.276,16,72,91.4,12.8,1794,89.8,89.95,29,165,0,0.2000000000000028,6.38,119,148,109,152,290,324,301,9.249,-9.249,71.6,7.3,1.490851114,72,60,9,6,0,1,12,16.7,0,0,2.17,0.68,0.72,-0.72,91.2,161,38.333333333333336,6.666666666666667,5.555555555555555,6.26,-1.34,-0.22,2.3,0.222,4.0,-5.605454545,0.276,0.428,5.605454545,-0.054,-0.054,-0.081,-0.055,17.6,43.7,8.356536348941033,0.4716627543422422,32.732804527374824,0.5515151515151515,37.98448062043028,30.395478804032614,TBD
Emilio Pagán,641941,2026,42.2,174,45,7,25.9,6.3,5,1,3.38,0.2,0.395,0.293,0.286,35.1,10.5,45.6,80.474397368,94.391015398,16.8,46.7,25.9,52.0,26.3,40.4,18.4,674,CIN,70,641941,676,10.4,0.222,0.148,0.25,0.37,0.254,0.256,0.213,6,27,87.7,23.0,2187,91.8,92.47,12,70,0,0.7000000000000028,6.76,120,147,112,152,292,326,301,2.113,-2.113,71.8,7.2,4.762961904,27,21,4,1,0,1,6,22.2,0,0,1.62,1.12,0.65,-0.65,91.1,177,38.095238095238095,9.523809523809524,7.4074074074074066,5.54,-1.33,-0.06,2.4,0.222,2.0,-3.018571429,0.213,0.394,3.018571429,0.009,0.009,-0.024,-0.002,17.1,39.6,11.54851160380221,-3.4696460568116576,34.055743328907084,0.5428571428571428,35.09733531444547,33.717318495347385,CIN
JR Ritchie,702275,2026,73.1,326,68,13,20.9,13.2,1,5,4.91,0.246,0.417,0.345,0.345,31.6,9.6,41.6,78.910428058,94.20390568,12.4,42.4,22.4,42.9,47.4,27.3,20.1,1278,ATL,47,702275,1282,3.7,0.333,0.5,0.4,0.833,0.485,0.32,0.243,6,18,88.4,24.2,2136,88.9,89.01,13,47,0,0.0999999999999943,6.46,118,142,117,150,301,324,308,-2.532,2.532,72.9,7.4,1.09447478,18,12,2,1,1,2,6,33.3,0,0,2.86,0.06,0.47,-0.47,91.9,149,58.333333333333336,25.0,16.666666666666664,5.5,-2.26,-0.02,2.04,0.333,3.0,5.387234043,0.243,0.515,-5.387234043,0.09,0.09,0.318,0.165,27.7,27.5,14.64656443955684,-6.078700309327749,31.677567099850464,0.574468085106383,36.32490674597873,33.26585772665587,ATL
Hunter Dobbins,690928,2026,54.0,231,52,7,22.5,10.4,3,3,3.67,0.233,0.366,0.322,0.306,35.9,7.2,39.2,77.503833553,93.898949013,15.5,39.4,23.1,44.5,43.8,26.8,24.8,932,STL,59,690928,932,6.3,0.308,0.192,0.35,0.5,0.347,0.31,0.259,8,26,88.2,19.7,2464,86.8,86.99,12,59,0,0.2000000000000028,6.26,113,143,113,150,293,323,300,0.168,-0.168,71.6,7.3,2.852017593,26,21,5,2,0,1,5,19.2,0,0,2.82,0.23,-0.17,0.17,92.0,175,33.33333333333333,14.285714285714285,11.538461538461538,6.07,-0.81,0.06,2.09,0.308,3.0,-0.284745763,0.259,0.47,0.284745763,0.049,0.0489999999999999,0.03,0.037,20.3,44.4,12.579154607953642,-8.141124369210997,32.5529215171311,0.559322033898305,34.96646630764296,36.08026851075292,STL
Travis Adams,701519,2026,59.0,247,62,8,25.1,10.1,3,0,4.58,0.239,0.395,0.324,0.314,38.1,6.3,33.1,75.007129103,93.573543097,17.9,42.7,27.5,48.2,40.6,28.1,24.4,950,MIN,66,701519,950,6.9,0.263,0.263,0.267,0.526,0.333,0.297,0.259,10,38,89.2,19.1,2294,89.9,89.71,12,66,0,-0.2000000000000028,5.97,123,145,118,148,294,327,294,0.212,-0.212,72.4,7.4,4.010206273,38,32,5,2,1,2,6,15.8,0,0,2.23,0.58,0.32,-0.32,92.7,162,43.75,3.125,2.631578947368421,5.96,-0.77,0.16,2.19,0.263,1.0,-0.321212121,0.259,0.439,0.321212121,0.004,0.004,0.087,0.036,18.2,41.3,12.352104058563336,-4.5413893543131065,33.8776123378841,0.5,34.05421224189067,33.56514720401378,MIN
Troy Melton,675512,2026,114.1,470,94,13,20.0,7.9,8,5,2.76,0.239,0.369,0.294,0.302,31.3,6.0,38.3,78.528408485,93.751201429,13.4,43.6,23.4,49.6,43.4,23.2,24.7,1773,DET,199,675512,1773,11.2,0.319,0.253,0.352,0.571,0.375,0.325,0.282,29,91,92.3,17.6,2210,91.4,92.43,37,199,0,1.0,6.79,116,146,110,151,288,326,301,-1.79,1.79,72.0,7.3,2.297152047,92,75,15,9,1,4,17,18.5,0,0,2.23,0.52,0.1,-0.1,92.9,164,49.333333333333336,8.0,6.521739130434782,5.61,-1.73,0.06,2.26,0.315,6.0,0.899497487,0.282,0.478,-0.899497487,0.037,0.033,0.093,0.05,18.6,38.1,12.15912225063567,-6.084908477888788,32.24392864340565,0.5829145728643216,35.37918331165682,32.460039627519066,DET
Tyler Mahle,641816,2026,149.0,614,137,20,22.3,7.5,7,10,3.99,0.245,0.391,0.311,0.306,32.0,6.8,37.1,80.019062512,93.831595995,15.6,37.4,22.9,45.6,44.4,26.6,22.2,2402,ATL,197,641816,2404,8.2,0.186,0.186,0.167,0.371,0.234,0.297,0.246,18,97,88.3,18.7,1910,89.1,89.81,49,197,0,0.7000000000000028,6.66,120,147,117,153,303,325,305,11.742,-11.742,72.5,7.4,2.442664805,98,83,10,3,0,5,15,15.3,0,0,2.14,0.73,0.98,-0.98,91.5,176,31.32530120481928,9.63855421686747,8.16326530612245,5.44,-1.77,-0.29,2.27,0.184,8.0,-5.960406091,0.246,0.455,5.960406091,-0.06,-0.062,-0.084,-0.063,24.9,37.9,13.113111078366453,-5.162884365622424,32.56072703584338,0.5786802030456852,38.34391416286297,33.46562408134076,ATL
Blake Adams,687060,2026,1.0,9,0,1,0.0,22.2,0,0,45.0,0.535,1.109,0.82,0.698,57.1,28.6,57.1,84.48505,97.928995714,8.3,40.0,17.6,45.9,14.3,42.9,42.9,37,COL,10,687060,37,27.0,0.667,0.5,0.6,1.167,0.787,0.635,0.507,4,6,92.0,16.2,2171,89.3,89.12,1,10,0,-0.2000000000000028,5.96,109,131,116,139,282,316,298,-1.711,1.711,70.8,6.9,1.6352079,6,6,3,0,0,1,0,0.0,0,0,2.12,0.74,0.15,-0.15,93.9,224,50.0,16.666666666666664,16.666666666666664,5.68,-1.9,-0.19,2.48,0.667,1.0,17.11,0.507,0.98,-17.11,0.16,0.16,0.187,0.152,10.0,37.7,2.8181070068803145,7.377239452508667,33.80678006063483,0.4,36.78693142899111,25.776652452611195,COL
Robert Gasser,688107,2026,109.1,462,103,15,22.3,7.4,5,5,3.87,0.249,0.398,0.309,0.317,37.8,7.6,34.0,74.591601538,93.170492147,15.8,40.7,22.5,49.3,33.7,27.3,27.6,1817,MIL,86,688107,1817,4.7,0.152,0.065,0.179,0.217,0.16,0.256,0.246,7,46,84.5,22.2,2324,88.2,89.05,21,86,0,0.8999999999999915,6.88,118,149,125,153,293,314,304,7.775,-7.775,71.6,7.3,3.446356203,46,39,4,3,0,0,7,15.2,0,0,2.41,0.57,-0.01,-0.01,91.1,156,33.33333333333333,5.128205128205128,4.3478260869565215,5.04,2.67,-0.08,2.34,0.152,2.0,-9.040697674,0.246,0.345,9.040697674,-0.094,-0.094,-0.128,-0.096,24.4,24.6,11.850910979685562,-5.300920480833412,33.15551372303337,0.5465116279069767,36.045986735364366,34.40596398128743,MIL
Jake Woodford,663765,2026,27.2,134,25,5,18.7,6.0,1,0,7.81,0.333,0.493,0.401,0.374,45.5,8.9,48.5,81.9313264,94.8229848,12.7,39.4,20.6,46.0,39.6,25.7,30.7,485,TBD,3,663765,485,0.6,0.5,1.5,0.0,2.0,1.025,0.739,0.436,1,2,95.3,8.5,1807,87.5,88.2,0,3,0,0.7000000000000028,6.67,123,147,114,154,297,326,296,-0.767,0.767,74.5,7.9,,2,2,0,0,0,1,0,0.0,0,0,2.47,0.52,0.34,-0.34,95.2,208,50.0,50.0,50.0,5.13,-2.09,-0.07,2.45,0.5,1.0,25.566666667,0.436,1.36,-25.566666667,0.064,0.064,0.64,0.286,0.0,27.5,17.993642596116686,-7.327006605858771,31.14599172147199,0.6666666666666666,34.648588836513085,32.831527180728315,TBD
Garrett Acton,670183,2026,11.0,51,14,1,27.5,11.8,1,1,5.73,0.212,0.396,0.33,0.317,41.4,10.3,51.7,83.213401333,96.555492759,19.4,71.0,36.6,45.8,34.5,34.5,27.6,203,MIN,23,670183,207,11.1,0.429,0.143,0.6,0.571,0.435,0.425,0.292,3,7,82.3,2.2,2433,91.0,90.33,10,23,0,-0.7000000000000028,5.89,115,145,129,150,297,329,296,0.259,-0.259,74.5,7.7,3.506217697,7,5,2,1,0,0,2,28.6,0,0,1.89,0.88,0.05,-0.05,93.3,159,40.0,40.0,28.57142857142857,5.99,-2.47,-0.03,2.18,0.429,2.0,-1.126086957,0.292,0.722,1.126086957,0.137,0.137,-0.151,0.01,43.5,43.2,17.700034509977716,-10.464883570472171,35.735190611135266,0.4347826086956521,35.93459382474652,35.86188420704592,MIN
A.J. Minter,621345,2026,45.2,186,41,9,22.0,4.3,2,2,2.56,0.24,0.427,0.298,0.302,30.9,10.3,36.8,76.108915373,93.229633609,14.3,43.6,23.4,52.4,37.5,33.1,17.6,677,MIN,73,621345,679,10.8,0.242,0.121,0.269,0.364,0.262,0.304,0.288,8,33,87.6,11.9,2546,90.8,91.23,15,73,0,0.4000000000000057,6.39,117,143,118,147,294,325,295,3.465,-3.465,72.7,7.4,2.677625059,33,27,6,1,0,1,6,18.2,0,0,2.16,0.6,-0.03,-0.03,91.6,157,44.44444444444444,7.4074074074074066,6.0606060606060606,5.57,2.51,-0.27,2.17,0.242,2.0,-4.746575342,0.288,0.418,4.746575342,-0.046,-0.0459999999999999,-0.054,-0.042,20.5,41.5,10.689341889069173,0.0065097522918947,33.19137617240962,0.5068493150684932,38.42676841911782,31.69466851158364,MIN
Carlos Rodón,607074,2026,84.1,340,91,7,26.8,11.2,7,3,2.67,0.224,0.356,0.254,0.304,38.3,6.8,38.3,80.209887087,94.09593561,18.6,51.5,30.0,48.0,37.3,28.7,28.2,1438,NYY,64,607074,1438,4.5,0.2,0.1,0.227,0.3,0.21,0.319,0.287,6,30,88.0,25.8,2467,91.3,90.73,20,64,0,-0.5999999999999943,6.06,120,147,112,153,284,327,292,2.041,-2.041,71.9,7.3,2.928970496,31,23,5,0,0,1,8,25.8,0,0,2.1,0.66,0.37,0.37,90.9,169,31.818181818181817,9.090909090909092,6.451612903225806,6.35,2.27,-0.02,2.19,0.194,2.0,-3.1890625,0.289,0.445,3.1890625,-0.087,-0.0949999999999999,-0.145,-0.109,31.3,45.3,11.639434250996002,-3.612735757927015,31.98299761967994,0.671875,35.260609101935955,31.983505841375056,NYY
Matthew Liberatore,669461,2026,155.0,674,154,28,22.8,8.2,6,14,5.23,0.266,0.455,0.356,0.341,40.2,9.3,42.4,79.668559167,94.63173375,12.4,48.4,23.9,46.2,38.0,28.7,25.9,2609,STL,87,669461,2613,3.3,0.326,0.239,0.333,0.565,0.381,0.333,0.278,15,46,89.4,17.7,2432,88.6,88.97,21,87,0,0.4000000000000057,6.36,113,144,112,150,295,323,299,-0.407,0.407,71.2,7.2,5.73391581,46,41,8,5,0,2,5,10.9,0,0,2.45,0.47,0.08,0.08,92.2,153,39.02439024390244,9.75609756097561,8.695652173913043,6.49,0.64,-0.23,2.21,0.326,4.0,0.467816092,0.278,0.509,-0.467816092,0.048,0.0479999999999999,0.056,0.048,24.1,46.6,11.957600811971282,-4.936522065553387,33.82577032113266,0.5402298850574713,36.764078005588246,33.648883052238446,STL
Alan Rangel,660604,2026,26.0,123,29,4,23.6,10.6,0,3,5.88,0.249,0.37,0.378,0.317,29.1,5.1,30.4,77.783388462,93.370295974,17.0,37.9,24.4,50.1,32.9,29.1,24.1,491,TBD,14,660604,491,2.9,0.167,0.167,0.2,0.333,0.21,0.206,0.224,1,6,84.5,40.8,2105,83.2,83.29,5,14,0,0.0999999999999943,6.44,102,143,106,145,297,323,292,0.797,-0.797,71.6,7.1,8.704515212,6,5,0,1,0,0,1,16.7,0,0,2.18,1.15,0.79,-0.79,88.3,173,0.0,0.0,0.0,6.04,0.27,-0.39,2.63,0.167,0.0,-5.692857143,0.224,0.265,5.692857143,-0.057,-0.0569999999999999,0.068,0.004,35.7,70.4,16.280210372368273,-7.760685875632371,28.780407695081323,0.2857142857142857,39.145164120348255,40.164120970744015,TBD
Jeffrey Springs,605488,2026,142.2,630,112,35,17.8,9.0,4,14,6.18,0.253,0.45,0.369,0.339,36.2,9.5,34.9,76.270514598,93.451683616,16.0,36.0,22.9,46.4,34.6,33.1,25.9,2464,OAK,60,605488,2464,2.4,0.429,0.429,0.387,0.857,0.542,0.472,0.388,15,35,90.0,11.6,2098,86.9,87.01,2,60,0,0.0999999999999943,6.4,113,147,110,150,290,324,300,-6.226,6.226,71.1,7.2,0.67533273,35,34,8,2,2,3,1,2.9,0,0,2.13,0.92,0.43,0.43,93.0,178,47.05882352941176,14.705882352941178,14.285714285714285,6.06,2.3,-0.19,2.54,0.429,5.0,10.376666667,0.388,0.727,-10.376666667,0.041,0.0409999999999999,0.13,0.07,3.3,45.4,8.08776550235968,-1.1694901834953548,29.618038891102984,0.4666666666666667,36.517256513425885,33.14078266241729,OAK
Didier Fuentes,800311,2026,73.1,297,92,6,31.0,7.1,7,2,2.45,0.223,0.347,0.269,0.275,36.3,6.6,34.6,77.508901348,93.351390506,22.8,48.4,30.4,52.7,39.0,26.4,26.9,1231,ATL,116,800311,1239,9.4,0.267,0.311,0.333,0.578,0.356,0.32,0.255,12,45,88.0,14.8,2121,94.6,95.78,40,116,0,1.2000000000000028,6.91,123,144,121,150,303,324,307,-2.76,2.76,71.8,7.0,2.358477926,45,28,7,0,1,4,17,37.8,0,0,1.63,0.93,0.68,-0.68,90.8,201,35.714285714285715,17.857142857142858,11.11111111111111,4.95,-2.44,-0.17,2.53,0.267,5.0,2.379310345,0.255,0.503,-2.379310345,0.012,0.012,0.075,0.036,34.5,23.4,6.700273929652301,2.928303131366109,31.240763861912,0.3017241379310345,38.01125478773322,26.9431110394453,ATL
Easton McGee,668834,2026,11.1,52,9,3,17.3,9.6,0,0,7.15,0.297,0.456,0.468,0.36,42.1,10.5,47.4,80.677935789,94.632513158,14.5,30.0,18.9,57.6,34.2,34.2,28.9,184,KC,29,668834,184,15.8,0.385,0.615,0.333,1.0,0.578,0.347,0.258,5,13,92.0,13.5,2282,85.9,87.02,5,29,0,1.0999999999999943,6.86,119,147,132,153,284,323,293,-2.779,2.779,71.9,7.3,0.641829677,13,11,1,2,0,2,2,15.4,0,0,2.76,0.33,-0.03,0.03,92.7,184,72.72727272727273,18.181818181818183,15.384615384615383,5.5,-1.42,0.17,2.15,0.385,2.0,9.582758621,0.258,0.566,-9.582758621,0.127,0.127,0.434,0.231,17.2,24.0,14.351325963256755,-5.535819685831919,34.99939793482197,0.4482758620689655,33.35041099597385,34.93468315068681,KC
Bradley Hanner,690440,2026,7.1,34,7,4,20.6,2.9,1,0,8.59,0.281,0.55,0.487,0.361,38.5,15.4,57.7,84.825782308,97.1558272,11.1,27.8,15.9,49.2,30.8,30.8,26.9,128,TBD,16,690440,128,12.5,0.4,1.0,0.167,1.4,0.741,0.501,0.296,4,10,97.1,23.4,2594,89.6,89.77,2,16,0,0.2000000000000028,6.54,115,139,106,145,280,314,291,-3.859,3.859,71.3,7.1,0.699543888,10,9,0,1,0,3,1,10.0,0,0,2.01,0.88,0.18,-0.18,94.3,239,66.66666666666666,33.33333333333333,30.0,4.98,-2.03,0.06,2.44,0.4,3.0,24.11875,0.296,0.916,-24.11875,0.104,0.104,0.484,0.24,12.5,19.7,9.21974253887628,-0.9236449279001322,31.347864017891258,0.5625,35.76633563142323,29.590803976029097,TBD
Jordan Romano,605447,2026,33.2,153,39,4,25.5,12.4,0,4,5.61,0.216,0.332,0.307,0.294,35.1,5.3,34.0,76.445590426,93.001577979,12.9,52.2,28.2,45.3,31.9,26.6,28.7,643,COL,57,605447,648,8.8,0.121,0.182,0.08,0.303,0.178,0.238,0.198,4,33,87.0,27.7,2196,85.8,87.68,17,57,0,1.9000000000000057,7.18,121,145,120,151,293,332,308,4.444,-4.444,71.9,7.7,2.569714915,33,27,2,0,0,2,6,18.2,0,0,2.98,0.11,-0.07,0.07,91.2,156,25.925925925925924,7.4074074074074066,6.0606060606060606,6.05,-1.95,-0.02,1.93,0.121,2.0,-7.796491228,0.198,0.359,7.796491228,-0.077,-0.077,-0.056,-0.06,29.8,50.1,16.114438820741842,-10.238146752089367,34.68811005271464,0.4912280701754385,35.34329893731527,38.071347975454586,COL
Blake Burkhalter,686628,2026,1.0,5,1,0,20.0,20.0,0,0,9.0,0.429,0.551,0.318,0.395,66.7,0.0,66.7,89.14268,96.185006667,25.0,50.0,40.0,43.5,0.0,33.3,66.7,23,TBD,4,686628,23,17.4,0.0,0.0,,0.0,0.0,0.0,,0,1,,,2388,89.6,89.72,3,4,0,0.2000000000000028,6.35,119,147,113,153,301,320,306,0.419,-0.419,72.7,7.7,3.37508613,1,0,0,0,0,0,1,100.0,0,0,2.14,0.71,0.07,-0.07,90.8,21,,,,5.61,-2.69,0.5,1.95,0.0,,-10.475,,,10.475,,,,0.0,75.0,42.5,20.063729501080275,-14.227586747995131,37.66611464217544,0.5,29.99964441875481,35.00712205956177,TBD
Cooper Criswell,681867,2026,40.2,172,31,3,18.0,9.3,4,2,3.32,0.253,0.362,0.313,0.301,26.6,4.8,37.9,74.268529836,93.801266639,15.1,29.2,20.7,47.5,58.9,19.4,17.7,642,SEA,30,681867,654,4.6,0.267,0.0,0.286,0.267,0.237,0.313,0.33,4,15,89.3,11.9,1984,86.4,87.04,4,30,0,0.5999999999999943,6.67,118,144,115,150,281,322,307,1.197,-1.197,71.2,7.1,2.463071768,15,14,4,0,0,0,1,6.7,0,0,3.04,0.03,0.45,-0.45,91.9,141,42.85714285714285,0.0,0.0,4.71,-2.04,0.02,2.27,0.267,0.0,-3.99,0.33,0.387,3.99,-0.063,-0.063,-0.12,-0.076,13.3,6.8,9.04944141836739,-1.3097958729253656,34.03665561404066,0.3333333333333333,36.99744642003389,30.7244996126669,SEA
Sonny Gray,543243,2026,169.0,683,149,16,21.8,6.7,18,5,2.72,0.249,0.385,0.293,0.303,34.4,6.9,38.3,78.869646681,93.890119389,9.6,45.9,23.1,47.5,46.4,23.6,25.9,2474,BOS,233,543243,2475,9.4,0.223,0.116,0.256,0.339,0.243,0.287,0.261,25,112,88.2,13.1,2530,86.1,86.11,52,233,0,0.0,6.33,115,147,117,150,285,322,301,11.073,-11.073,71.9,7.3,2.240905705,112,92,16,7,0,2,20,17.9,0,0,3.18,-0.07,-0.37,0.37,91.5,132,32.608695652173914,5.434782608695652,4.464285714285714,5.59,-0.64,0.1,1.99,0.223,5.0,-4.752360515,0.261,0.411,4.752360515,-0.038,-0.038,-0.072,-0.044,22.3,47.3,13.01736631163165,-6.144214049170296,33.952720808093645,0.5021459227467812,34.31531062479667,34.546496970900186,BOS
Davis Martin,663436,2026,146.0,617,122,14,19.8,7.5,9,8,3.95,0.271,0.414,0.319,0.331,34.2,6.5,45.1,79.801111721,94.916930606,13.7,40.8,23.4,48.4,43.3,23.0,27.6,2317,CWS,87,663436,2349,3.7,0.292,0.083,0.289,0.375,0.286,0.318,0.301,14,48,92.2,12.2,2399,90.2,90.19,15,87,0,0.0,6.31,115,147,112,151,289,327,302,3.615,-3.615,73.2,7.1,1.036489538,49,46,12,1,0,1,3,6.1,0,0,2.43,0.39,0.45,-0.45,93.6,144,52.17391304347826,6.521739130434782,6.122448979591836,5.87,-2.19,-0.04,2.2,0.286,3.0,-4.155172414,0.296,0.451,4.155172414,-0.009,-0.01,-0.076,-0.032,17.2,34.6,8.031374729315248,0.733358332225067,35.27942364164052,0.4827586206896552,34.50592461164588,30.20637712205346,CWS
Carlos Duran,679922,2026,1.1,9,1,0,11.1,33.3,1,0,13.5,0.166,0.199,0.431,0.334,40.0,0.0,0.0,67.74778,88.840146,16.7,50.0,30.0,28.6,80.0,0.0,20.0,35,KC,4,679922,35,11.4,0.333,0.0,0.5,0.333,0.297,0.11,0.121,1,3,69.6,-0.5,2323,93.0,93.8,1,4,0,0.7999999999999972,6.7,109,145,101,152,292,324,296,0.123,-0.123,68.2,6.8,0.214060044,3,2,1,0,0,0,1,33.3,0,0,2.34,0.3,0.85,-0.85,88.0,54,0.0,0.0,0.0,5.48,-2.59,-0.97,2.47,0.333,0.0,-3.075,0.121,0.134,3.075,0.212,0.212,0.199,0.187,25.0,17.8,6.965147677471765,11.386770569711164,28.047198472742224,0.75,48.79195674402628,22.581173848685708,KC
Orlando Ribalta,687377,2026,43.0,178,42,5,23.6,10.1,1,2,3.77,0.209,0.382,0.285,0.296,27.1,7.6,32.2,72.185457966,92.557879487,21.1,35.1,26.7,51.5,39.8,31.4,16.1,750,WSH,43,687377,750,5.7,0.059,0.0,0.083,0.059,0.052,0.181,0.166,1,17,84.7,29.4,2312,91.3,91.41,13,43,0,0.1000000000000085,6.27,120,147,120,152,293,327,300,4.665,-4.665,70.2,7.4,3.60316481,17,12,1,0,0,0,5,29.4,0,0,1.71,1.04,0.61,-0.61,89.7,190,25.0,0.0,0.0,6.42,-2.16,-0.2,2.34,0.059,0.0,-10.848837209,0.166,0.256,10.848837209,-0.107,-0.107,-0.197,-0.129,30.2,38.6,14.899804540889082,-10.204492919009658,33.71100239048928,0.5581395348837209,38.16132664383616,35.274750949464256,WSH
Jonathan Pintaro,702752,2026,30.2,130,30,5,23.1,12.3,2,3,5.28,0.22,0.37,0.342,0.319,25.9,6.3,39.5,78.694675897,93.967919231,19.1,39.7,25.7,46.0,43.2,27.2,21.0,523,NYM,59,702752,524,11.3,0.207,0.103,0.227,0.31,0.224,0.168,0.146,6,29,84.8,31.8,2526,92.1,92.1,15,59,0,0.0,6.24,115,149,121,153,291,320,305,2.731,-2.731,72.6,6.9,0.838912849,29,23,5,0,0,1,6,20.7,0,0,2.05,0.64,0.28,-0.28,91.3,180,26.08695652173913,4.3478260869565215,3.4482758620689653,5.02,-2.85,-0.01,2.66,0.207,1.0,-4.628813559,0.146,0.25,4.628813559,0.061,0.061,0.06,0.056,25.4,20.7,6.7125868088118175,6.249765096697074,31.424226163367784,0.4745762711864407,35.512085060455775,26.380940633383787,NYM
Tyler Gilbert,656457,2026,6.0,32,4,2,12.5,12.5,0,0,12.0,0.343,0.635,0.552,0.45,41.7,12.5,62.5,87.93539,96.946011667,11.1,46.7,20.0,44.8,37.5,33.3,29.2,134,TBD,5,656457,135,3.7,0.25,0.25,0.333,0.5,0.315,0.361,0.387,1,4,101.4,1.0,2316,83.7,83.12,2,5,0,-0.6000000000000085,6.1,104,148,111,153,295,325,302,-0.203,0.203,74.0,7.5,13.875606288,4,3,0,1,0,0,1,25.0,0,0,3.19,0.13,0.25,0.25,101.4,106,100.0,0.0,0.0,4.49,3.99,-0.23,2.29,0.25,0.0,4.06,0.387,0.448,-4.06,-0.137,-0.137,0.052,-0.046,40.0,6.1,16.13563722848741,-21.806764075985907,33.481119032495776,0.8,31.319124854004464,36.54683876247966,TBD
Wandy Peralta,593974,2026,77.1,321,50,7,15.6,7.2,3,3,3.61,0.275,0.394,0.327,0.319,37.1,4.5,35.9,77.143855,93.573145063,13.7,37.8,22.3,51.2,47.8,18.0,28.2,1224,TBD,57,593974,1230,4.6,0.357,0.286,0.429,0.643,0.423,0.288,0.301,10,28,91.1,12.6,2096,94.1,93.24,12,57,0,-0.8999999999999915,5.74,119,146,121,152,299,329,305,-1.914,1.914,72.8,7.4,3.025483327,28,22,6,1,2,1,6,21.4,0,0,1.89,0.69,1.1,1.1,91.7,146,40.909090909090914,0.0,0.0,6.11,0.18,0.27,2.18,0.357,0.0,3.357894737,0.301,0.365,-3.357894737,0.056,0.0559999999999999,0.278,0.135,21.1,44.2,10.333566475421083,-5.662843631629622,34.69688218751235,0.543859649122807,33.462246672063124,31.91552171703674,TBD
Jason Foley,671345,2026,26.0,117,15,2,12.8,9.4,3,2,4.15,0.257,0.39,0.32,0.309,28.6,5.5,38.5,74.537606522,94.051059451,10.2,29.1,15.6,42.9,51.6,23.1,22.0,448,SF,71,671345,456,15.6,0.343,0.114,0.364,0.457,0.338,0.32,0.307,12,35,90.8,9.1,1849,93.0,93.95,12,71,0,0.9000000000000057,6.76,115,145,114,151,286,319,302,1.33,-1.33,71.1,7.1,1.084217758,36,33,8,4,0,0,3,8.3,0,0,2.26,0.38,0.85,-0.85,92.7,174,45.45454545454545,6.0606060606060606,5.555555555555555,5.45,-1.88,-0.09,2.24,0.333,2.0,-1.873239437,0.301,0.454,1.873239437,0.036,0.032,0.003,0.018,16.9,24.9,8.459156202328177,0.9692643897760124,33.99851041057633,0.5774647887323944,36.497208496454384,29.555841222737957,SF
Chris Roycroft,688297,2026,38.1,189,29,10,15.3,11.1,2,0,6.57,0.294,0.479,0.404,0.375,27.9,9.6,43.4,80.011886818,95.271176718,13.0,29.1,17.3,46.6,58.8,16.2,21.3,695,OAK,82,688297,697,11.8,0.229,0.171,0.194,0.4,0.262,0.226,0.21,8,35,91.7,7.4,2191,95.0,96.33,8,82,0,1.2999999999999972,7.01,109,139,110,144,293,326,300,2.41,-2.41,72.1,6.9,1.337293279,36,33,6,0,0,2,3,8.3,0,0,2.11,0.42,0.82,-0.82,92.1,126,36.36363636363637,6.0606060606060606,5.555555555555555,5.42,-1.32,0.03,2.48,0.222,2.0,-2.93902439,0.205,0.333,2.93902439,0.019,0.017,0.067,0.036,9.8,26.4,6.603252836038185,4.523869338606102,32.002146038954514,0.6097560975609756,34.9451583569173,28.602258615372197,OAK
Ron Marinaccio,676760,2026,57.2,260,48,11,18.5,10.4,1,0,6.09,0.26,0.426,0.371,0.347,34.3,7.9,41.0,77.869593146,94.238099382,17.7,42.9,25.3,47.1,39.3,26.4,25.8,1042,TBD,30,676760,1043,2.9,0.273,0.091,0.333,0.364,0.277,0.384,0.338,3,11,93.9,11.6,2253,89.4,90.07,5,30,0,0.6999999999999886,6.64,118,147,121,150,287,325,297,0.14,-0.14,71.1,7.1,1.57704394,11,9,2,1,0,0,2,18.2,0,0,1.99,0.88,0.76,-0.76,92.5,186,55.55555555555556,11.11111111111111,9.090909090909092,5.14,-1.89,-0.17,2.36,0.273,1.0,-0.466666667,0.338,0.562,0.466666667,-0.065,-0.065,-0.198,-0.107,16.7,27.1,7.273873348335785,-0.7790091652721574,32.44842067029515,0.4333333333333333,37.66023934865515,31.43464338657173,TBD
Joey Cantillo,676282,2026,159.0,687,171,17,24.9,11.8,11,9,3.62,0.226,0.36,0.324,0.308,32.4,7.5,39.4,76.892746095,93.87355431,20.7,46.6,29.1,44.4,45.0,26.6,21.4,2747,CLE,79,676282,2752,2.9,0.281,0.063,0.333,0.344,0.274,0.259,0.247,9,32,89.0,15.8,2003,86.6,88.28,17,79,0,1.7000000000000028,7.21,113,148,118,152,287,322,300,3.25,-3.25,71.8,7.4,2.864578227,32,27,7,2,0,0,5,15.6,0,0,2.6,0.46,0.07,0.07,91.4,137,33.33333333333333,3.7037037037037033,3.125,5.78,1.05,0.05,2.21,0.281,1.0,-4.113924051,0.247,0.355,4.113924051,0.034,0.034,-0.011,0.015,21.5,46.7,13.506049683854767,-8.005713735440173,32.553601321873586,0.5316455696202531,35.41793629740709,35.56078388473272,CLE
Hunter Barco,682995,2026,17.2,87,14,4,16.1,14.9,0,1,7.64,0.28,0.466,0.411,0.381,32.8,7.0,43.1,77.439766207,95.129504211,9.3,34.2,16.3,38.5,46.6,22.4,20.7,351,PIT,5,682995,351,1.4,0.333,0.0,0.5,0.333,0.297,0.196,0.216,1,3,80.2,-16.0,2186,85.9,86.24,1,5,0,0.2999999999999971,6.36,131,148,127,153,306,321,308,0.276,-0.276,74.0,7.3,2.319515964,3,2,1,0,0,0,1,33.3,0,0,2.87,0.24,0.48,0.48,92.5,90,50.0,0.0,0.0,5.04,3.47,-0.07,2.12,0.333,0.0,-5.52,0.216,0.235,5.52,0.117,0.117,0.098,0.101,20.0,22.6,7.778309628407253,-4.221771008037253,32.26388936926028,0.4,37.231460530335895,31.224095729390072,PIT
Elieser Hernández,622694,2026,12.0,53,13,3,24.5,11.3,2,0,2.25,0.185,0.283,0.319,0.259,27.3,9.1,36.4,77.851517059,93.13752,18.8,48.6,29.3,45.6,33.3,27.3,18.2,217,TBD,17,622694,221,7.7,0.3,0.3,0.222,0.6,0.383,0.316,0.274,3,10,89.7,31.9,2268,88.4,88.86,1,17,0,0.5,6.62,120,146,127,153,304,321,313,-1.383,1.383,72.6,7.5,1.185510456,10,10,2,0,0,1,0,0.0,0,0,1.73,1.22,0.3,-0.3,93.9,184,50.0,10.0,10.0,5.3,-2.15,0.22,2.37,0.3,1.0,8.135294118,0.274,0.465,-8.135294118,0.026,0.0259999999999999,0.135,0.067,5.9,37.0,14.095574542633802,-12.114444908165147,32.52022387480446,0.7647058823529411,32.74147121913995,35.803332378850705,TBD
George Soriano,666277,2026,66.0,290,66,10,22.8,12.1,6,5,4.23,0.231,0.4,0.323,0.327,28.0,9.1,39.5,80.626898791,94.32177967,15.8,50.2,29.0,48.0,45.2,25.3,21.0,1149,STL,100,666277,1171,8.5,0.229,0.057,0.308,0.286,0.225,0.248,0.253,8,35,92.2,4.2,1946,92.4,92.91,26,100,0,0.5,6.56,118,146,113,152,300,327,303,4.244,-4.244,72.3,7.4,3.043399606,35,26,6,2,0,0,9,25.7,0,0,2.38,0.3,0.7,-0.7,90.8,129,34.61538461538461,0.0,0.0,5.57,-2.54,-0.1,2.1,0.229,0.0,-4.244,0.253,0.32,4.244,-0.024,-0.0239999999999999,-0.034,-0.023,26.0,34.6,11.05046983601403,-2.352417170863593,34.937382535267645,0.51,36.66387727898225,31.04724362217972,STL
Bryan Hudson,663542,2026,67.1,282,59,5,20.9,6.4,5,4,3.74,0.235,0.331,0.304,0.277,29.5,4.0,37.0,77.03898567,93.301948299,18.5,38.8,23.1,47.9,47.0,25.5,22.5,1057,CWS,38,663542,1063,3.6,0.353,0.588,0.231,0.941,0.541,0.417,0.318,6,17,92.4,14.9,2139,86.2,87.52,7,38,0,1.2999999999999972,7.26,115,149,114,151,288,325,302,-3.913,3.913,70.7,6.9,2.123918844,17,16,2,1,0,3,1,5.9,0,0,2.68,0.46,0.05,0.05,91.9,197,43.75,12.5,11.76470588235294,4.83,3.51,-0.11,2.29,0.353,2.0,10.297368421,0.318,0.672,-10.297368421,0.035,0.0349999999999999,0.269,0.124,18.4,9.7,5.790944769837471,2.155138874868522,32.82492009850395,0.2894736842105263,35.707577029091404,30.201918300088305,CWS
Michael King,650633,2026,185.0,757,159,20,21.0,9.2,12,10,3.21,0.24,0.403,0.295,0.322,33.7,8.2,32.7,75.924543175,93.05490175,17.3,38.0,24.5,46.5,45.1,26.5,20.8,2981,SD,230,650633,2981,7.7,0.252,0.16,0.269,0.412,0.285,0.311,0.267,30,119,87.9,13.4,2287,89.6,89.04,48,230,0,-0.5999999999999943,5.88,119,146,119,153,297,327,306,8.011,-8.011,72.2,7.4,2.434818943,119,98,22,2,1,5,21,17.6,0,0,2.29,0.56,0.7,-0.7,91.3,155,35.41666666666667,9.375,7.563025210084033,5.46,-3.12,-0.21,2.34,0.252,9.0,-3.483043478,0.267,0.465,3.483043478,-0.015,-0.015,-0.053,-0.026,20.9,25.6,12.99522650405899,-3.3270919305906514,34.01671486630314,0.5043478260869565,37.92313321237619,31.786344503672225,SD
Chad Dallas,689149,2026,14.1,64,17,2,26.6,12.5,2,1,5.02,0.214,0.319,0.31,0.289,28.2,5.1,41.0,82.299641,93.825042051,12.3,46.4,28.1,46.5,38.5,30.8,20.5,260,TOR,19,689149,260,7.3,0.25,0.375,0.167,0.625,0.367,0.417,0.333,2,8,97.2,7.7,2480,89.7,89.74,4,19,0,0.0,6.38,124,148,112,153,287,324,297,-0.777,0.777,72.0,7.3,1.771139408,8,7,1,0,0,1,1,12.5,0,0,2.51,0.35,-0.36,0.36,95.2,114,85.71428571428571,14.285714285714285,12.5,5.93,-1.44,0.07,2.24,0.25,1.0,4.089473684,0.333,0.652,-4.089473684,-0.083,-0.083,-0.027,-0.05,21.1,55.6,8.696821908184308,-2.5042645536627752,31.316017588564968,0.5789473684210527,35.38587867923027,31.29426340986602,TOR
Tim Mayza,641835,2026,67.1,271,64,7,23.6,6.6,3,4,3.48,0.233,0.377,0.289,0.288,33.0,6.4,45.2,77.811493118,94.67829227,15.2,38.0,22.2,45.3,49.5,21.8,25.0,1085,PHI,36,641835,1093,3.3,0.263,0.053,0.294,0.316,0.254,0.244,0.247,5,19,87.2,1.0,2036,93.6,94.67,3,36,0,1.1000000000000083,6.9,118,148,121,148,291,324,298,2.138,-2.138,73.0,7.2,3.000453152,19,17,4,1,0,0,2,10.5,0,0,1.9,0.71,0.99,0.99,91.7,110,47.05882352941176,0.0,0.0,6.21,1.6,0.15,2.19,0.263,0.0,-5.938888889,0.247,0.314,5.938888889,0.016,0.016,0.002,0.01,8.3,41.8,7.071101848938835,5.259084160394457,32.77488261685944,0.5277777777777778,35.17879510151853,26.95433909923499,PHI
Nate Pearson,663878,2026,46.0,200,41,2,20.5,13.0,3,4,4.11,0.222,0.357,0.306,0.321,33.1,7.1,35.4,76.110729365,93.732298968,15.3,38.3,23.0,44.6,45.7,26.8,20.5,772,KC,78,663878,774,10.1,0.222,0.056,0.276,0.278,0.218,0.22,0.205,8,36,91.7,9.1,2336,95.3,96.47,18,78,0,1.2000000000000028,6.94,118,146,115,152,290,321,297,4.323,-4.323,70.8,7.0,1.025477911,36,29,6,2,0,0,7,19.4,0,0,1.52,1.01,0.37,-0.37,92.0,166,34.48275862068966,6.896551724137931,5.555555555555555,5.67,-1.61,-0.03,2.51,0.222,2.0,-5.542307692,0.205,0.305,5.542307692,0.017,0.017,-0.027,-0.002,23.1,43.9,8.325928952215365,0.8277114881678416,31.87318655541054,0.4743589743589743,36.20470939879508,28.18709725877122,KC
Tomoyuki Sugano,608372,2026,154.1,656,96,33,14.6,5.5,12,12,5.37,0.303,0.538,0.356,0.377,37.4,11.7,43.2,80.796965349,95.032128547,10.8,38.9,19.6,47.4,37.8,31.3,26.3,2522,COL,252,608372,2526,10.0,0.287,0.252,0.286,0.539,0.348,0.309,0.266,33,115,90.3,17.2,2259,88.2,88.55,58,252,0,0.2999999999999971,6.25,116,144,119,150,297,332,305,3.876,-3.876,72.6,7.5,2.997277897,116,98,21,2,3,7,18,15.5,0,0,2.46,0.46,0.37,-0.37,92.2,181,37.755102040816325,7.142857142857142,6.0344827586206895,5.9,-2.67,-0.22,2.05,0.284,7.0,-1.538095238,0.265,0.466,1.538095238,0.021,0.0189999999999999,0.073,0.039,23.0,39.9,12.784122266148916,-3.7404105717581433,35.23040429492294,0.5436507936507936,37.13423811056363,33.38824674722091,COL
Louis Varland,686973,2026,78.0,307,97,2,31.6,7.5,5,6,1.27,0.204,0.269,0.228,0.239,26.2,3.7,36.9,76.307341196,93.486047268,17.9,48.5,29.4,52.0,55.6,18.2,21.9,1236,TOR,91,686973,1240,7.3,0.25,0.05,0.303,0.3,0.235,0.285,0.288,10,40,88.7,3.1,2150,94.7,95.55,27,91,0,0.8999999999999915,6.8,119,147,111,152,282,322,298,3.297,-3.297,71.6,7.1,1.809353547,41,33,8,2,0,0,8,19.5,0,0,2.13,0.43,0.42,-0.42,92.0,144,42.42424242424242,6.0606060606060606,4.878048780487805,5.36,-2.99,-0.16,2.06,0.244,2.0,-3.623076923,0.283,0.386,3.623076923,-0.038,-0.0389999999999999,-0.086,-0.05,29.7,38.3,5.80859961581931,4.970645516682982,33.08125675441958,0.4725274725274725,38.11740112640271,26.504416471240145,TOR
Braxton Garrett,666129,2026,9.1,49,7,0,14.3,22.4,1,1,7.71,0.259,0.36,0.402,0.37,36.7,6.9,30.0,74.409034667,92.989786897,14.8,34.8,20.8,38.7,50.0,23.3,20.0,199,CHC,4,666129,200,2.0,0.0,0.0,0.0,0.0,0.0,0.256,0.282,0,2,80.0,7.0,2260,87.1,87.42,1,4,0,0.3000000000000113,6.75,116,149,111,155,295,329,299,0.678,-0.678,74.1,7.3,0.507667068,2,2,0,0,0,0,0,0.0,0,0,2.96,0.08,0.54,0.54,92.5,107,50.0,0.0,0.0,5.6,3.02,0.29,2.38,0.0,0.0,-16.95,0.282,0.303,16.95,-0.282,-0.282,-0.303,-0.256,25.0,35.1,10.620954333539151,-3.408337234942058,30.828389733517948,0.75,33.143513136976395,33.45701882708453,CHC
Mason Black,696131,2026,31.1,142,19,6,13.4,14.1,0,0,4.31,0.284,0.482,0.353,0.387,38.6,9.9,46.5,82.276597451,95.05425505,12.9,34.4,18.5,41.7,33.7,30.7,27.7,556,KC,32,696131,557,5.7,0.389,0.5,0.308,0.889,0.539,0.438,0.365,7,18,92.9,18.6,2168,88.1,88.73,6,32,0,0.6000000000000085,6.65,114,146,119,153,292,324,292,-3.146,3.146,71.8,7.2,3.370439564,18,16,4,0,0,3,2,11.1,0,0,2.7,0.27,0.41,-0.41,93.8,206,37.5,12.5,11.11111111111111,5.05,-2.29,0.04,2.36,0.389,2.0,9.83125,0.365,0.663,-9.83125,0.024,0.024,0.226,0.101,18.8,25.2,11.403568646104354,-3.813856556139157,33.41277724540764,0.5,34.82646433714389,33.6585943634797,KC
Brandyn Garcia,805299,2026,51.1,192,60,3,31.3,5.7,0,1,1.93,0.164,0.25,0.216,0.225,21.9,5.3,29.8,75.979626429,93.159652072,18.8,48.2,26.9,43.8,58.8,18.4,14.9,705,ARI,52,805299,710,7.3,0.16,0.12,0.2,0.28,0.189,0.14,0.104,4,25,80.4,-1.8,2363,92.7,91.21,21,52,0,-1.5,5.43,111,146,113,151,294,324,296,4.57,-4.57,71.5,7.4,2.317269094,25,16,3,0,0,1,9,36.0,0,0,2.31,0.37,0.16,0.16,89.4,107,18.75,6.25,4.0,5.65,1.55,-0.23,2.28,0.16,1.0,-8.788461538,0.104,0.235,8.788461538,0.056,0.056,0.045,0.049,40.4,17.4,9.920930268425218,-0.4474196171052457,33.015320255916535,0.4615384615384615,39.41736648150434,31.00941467963206,ARI
Drew Rasmussen,656876,2026,172.0,669,174,14,26.0,4.8,16,5,2.67,0.227,0.343,0.243,0.271,32.5,5.9,33.8,77.428542965,93.596998204,15.3,44.7,25.1,50.1,45.0,23.5,24.6,2660,TB,212,656876,2660,8.0,0.157,0.036,0.21,0.193,0.149,0.214,0.197,13,83,89.0,16.5,2178,92.1,92.3,56,212,0,0.2000000000000028,6.47,113,147,117,153,293,332,305,14.619,-14.619,71.3,7.0,1.577255609,85,62,10,3,0,0,23,27.1,0,0,1.94,0.77,0.5,-0.5,90.9,163,33.87096774193548,3.225806451612903,2.3529411764705883,5.86,-1.91,0.12,2.46,0.153,2.0,-6.895754717,0.196,0.298,6.895754717,-0.04,-0.043,-0.105,-0.065,26.4,52.3,8.838504211162764,1.6306565521613805,32.142221256849545,0.5471698113207547,34.72685718107253,28.7491289516139,TB
George Klassen,691946,2026,27.0,125,24,2,19.2,16.8,2,2,3.67,0.26,0.388,0.317,0.358,34.2,9.0,45.6,78.676259737,95.205656316,19.7,58.2,31.3,45.6,51.9,24.1,20.3,491,LAA,91,691946,491,18.5,0.25,0.091,0.27,0.341,0.252,0.338,0.307,11,44,91.2,12.0,2128,92.4,92.02,30,91,0,-0.4000000000000057,6.36,110,146,116,151,301,330,310,3.337,-3.337,73.5,7.3,2.523434386,45,38,9,1,0,1,7,15.6,0,0,1.91,0.8,0.71,-0.71,92.8,176,51.35135135135135,8.108108108108109,6.666666666666667,5.98,-2.5,-0.08,2.16,0.244,3.0,-3.667032967,0.313,0.448,3.667032967,-0.057,-0.069,-0.107,-0.086,33.0,44.5,10.930038107861469,-3.737075312167088,32.6240915421385,0.6593406593406593,36.00099604861551,33.348236248758816,LAA
Tyler Alexander,641302,2026,73.0,313,60,3,19.2,7.7,5,2,3.7,0.233,0.329,0.301,0.283,29.8,4.0,33.3,75.433621982,93.025949865,14.4,33.2,20.9,46.2,51.1,22.2,20.4,1200,TEX,70,641302,1205,5.8,0.303,0.061,0.303,0.364,0.284,0.275,0.269,10,33,86.2,12.5,2374,86.0,85.92,11,70,0,-0.0999999999999943,6.3,118,145,109,151,289,322,302,2.178,-2.178,72.1,7.3,2.934967838,34,33,8,2,0,0,1,2.9,0,0,2.61,0.51,-0.18,-0.18,90.3,132,27.27272727272727,3.0303030303030303,2.941176470588235,5.5,2.52,-0.22,2.18,0.294,1.0,-3.111428571,0.276,0.341,3.111428571,0.034,0.0179999999999999,0.023,0.009,15.7,33.9,8.072518533629758,-0.0342184167488465,33.12575976518951,0.4571428571428571,38.81163153091554,31.164080266750798,TEX
Braxton Ashcraft,677952,2026,165.1,667,173,22,25.9,5.2,14,6,3.65,0.232,0.369,0.292,0.287,32.1,6.2,41.6,79.124396652,94.461768971,13.9,47.9,25.6,52.0,46.5,25.4,21.5,2413,PIT,100,677952,2413,4.1,0.255,0.182,0.239,0.436,0.297,0.302,0.252,14,55,89.5,6.6,2429,93.8,93.73,12,100,0,-0.0999999999999943,6.24,119,146,114,153,302,325,307,0.498,-0.498,71.4,6.9,1.446369861,55,49,10,1,0,3,6,10.9,0,0,2.28,0.34,0.51,-0.51,92.6,155,40.81632653061224,6.122448979591836,5.454545454545454,6.05,-0.93,0.03,2.33,0.255,3.0,-0.498,0.252,0.459,0.498,0.003,0.003,-0.023,-0.005,12.0,35.6,6.850139926823839,2.834114790996302,33.895405637549906,0.53,34.986619375373714,28.47481424608831,PIT
Wilber Dotel,696062,2026,42.1,182,41,3,22.5,8.8,1,5,4.46,0.249,0.365,0.3,0.301,25.6,4.0,44.8,79.862841452,94.66631626,20.0,36.7,24.8,48.6,47.2,27.2,20.0,706,PIT,68,696062,712,9.6,0.2,0.033,0.25,0.233,0.184,0.218,0.216,6,30,86.7,13.2,2239,95.4,96.2,18,68,0,0.7999999999999972,6.64,113,145,117,149,296,326,304,4.802,-4.802,71.4,6.7,1.563097361,31,24,5,1,0,0,7,22.6,0,0,1.6,0.91,0.26,-0.26,91.3,156,41.66666666666667,4.166666666666666,3.225806451612903,5.84,-1.33,0.12,2.55,0.194,1.0,-7.061764706,0.21,0.303,7.061764706,-0.016,-0.0159999999999999,-0.07,-0.034,26.5,42.3,4.4581142591491,6.8457157816787255,33.47023190695124,0.4117647058823529,34.45289361868436,27.289411407913544,PIT
Seth Johnson,686751,2026,33.2,158,40,5,25.3,12.7,1,0,5.88,0.241,0.393,0.369,0.331,40.6,11.6,43.8,79.070036596,94.267569362,20.1,43.0,27.8,45.8,37.5,22.9,32.3,605,OAK,44,686751,605,7.3,0.348,0.348,0.3,0.696,0.443,0.422,0.343,8,23,90.5,13.6,2384,93.3,93.66,6,44,0,0.4000000000000057,6.35,116,148,115,152,295,324,299,-3.051,3.051,73.0,7.5,2.526521953,23,22,4,2,0,2,1,4.3,0,0,1.9,0.72,0.35,-0.35,92.8,195,50.0,18.181818181818183,17.391304347826086,5.57,-1.72,-0.1,2.2,0.348,4.0,6.934090909,0.343,0.659,-6.934090909,0.005,0.0049999999999999,0.037,0.021,13.6,43.3,9.527665591941895,-3.855549748081617,31.35990724707989,0.5454545454545454,36.75943145648717,33.01023033701973,OAK
Zach Maxwell,687209,2026,13.0,67,12,3,17.9,14.9,0,1,8.31,0.274,0.452,0.406,0.366,37.8,11.4,39.5,82.500818182,94.337208864,7.4,43.8,16.4,43.7,26.7,31.1,28.9,291,CIN,6,687209,293,2.0,0.5,0.5,0.5,1.0,0.631,0.533,0.319,1,2,98.7,10.0,2442,97.3,96.78,0,6,0,-0.5,6.15,94,140,122,149,285,325,299,-0.459,0.459,72.5,7.8,,2,2,0,1,0,0,0,0.0,0,0,1.32,1.1,0.69,-0.69,91.5,223,100.0,50.0,50.0,6.05,-2.52,-0.28,2.08,0.5,1.0,7.65,0.319,0.975,-7.65,0.181,0.181,0.025,0.098,0.0,33.3,10.74234514952419,5.6168801508315385,36.2582366026333,0.3333333333333333,34.01973355792863,29.77860940363962,CIN
Tatsuya Imai,837227,2026,76.2,338,97,9,28.7,15.1,6,4,4.93,0.221,0.379,0.308,0.328,37.6,9.1,44.1,77.427911739,94.37402125,19.4,56.3,32.7,43.9,41.9,27.4,23.7,1451,HOU,57,837227,1453,3.9,0.048,0.0,0.067,0.048,0.042,0.231,0.227,1,21,82.9,15.6,2170,89.3,88.36,18,57,0,-0.8999999999999915,5.82,114,147,109,150,286,323,294,6.357,-6.357,70.7,7.5,3.147250609,21,15,1,0,0,0,6,28.6,0,0,2.5,0.39,0.56,-0.56,91.2,176,40.0,0.0,0.0,5.47,-2.57,-0.01,2.12,0.048,0.0,-11.152631579,0.227,0.303,11.152631579,-0.179,-0.179,-0.255,-0.189,31.6,27.7,12.019249423971871,-6.020229465918691,34.977078536819,0.3859649122807017,36.08753912539024,32.742440692402425,HOU
Kumar Rocker,677958,2026,148.0,645,138,20,21.4,9.5,6,11,4.38,0.251,0.412,0.33,0.324,32.1,7.5,40.0,78.107594227,94.358751777,13.0,50.0,26.1,47.9,42.8,24.0,26.0,2496,TEX,205,677958,2506,8.2,0.28,0.226,0.288,0.505,0.335,0.299,0.25,26,93,90.2,19.5,2159,90.0,90.76,45,205,0,0.7999999999999972,6.78,117,145,111,152,294,324,302,0.615,-0.615,72.1,7.4,3.083392781,93,78,15,6,0,5,15,16.1,0,0,2.51,0.34,0.63,-0.63,91.4,179,35.8974358974359,8.974358974358974,7.526881720430108,5.75,-2.17,-0.16,2.12,0.28,7.0,-0.3,0.25,0.456,0.3,0.03,0.03,0.049,0.036,22.0,30.1,10.769781827597566,-3.3196197760149424,32.92424217711612,0.448780487804878,37.91012384145809,32.84366001508563,TEX
Eric Lauer,641778,2026,108.1,466,72,26,15.5,7.5,8,7,5.23,0.256,0.475,0.347,0.342,34.8,11.0,36.0,78.165668324,93.677637543,13.9,28.0,18.6,51.9,31.7,38.2,20.4,1814,TBD,57,641778,1816,3.1,0.308,0.346,0.273,0.654,0.406,0.382,0.281,8,26,89.8,33.3,2384,87.2,86.81,10,57,0,-0.4000000000000057,5.83,113,148,116,153,284,319,304,-2.756,2.756,72.4,7.2,0.922404074,26,24,3,3,0,2,2,7.7,0,0,2.33,0.67,0.05,0.05,91.4,209,37.5,16.666666666666664,15.384615384615383,6.04,1.56,-0.3,2.62,0.308,4.0,4.835087719,0.281,0.631,-4.835087719,0.027,0.0269999999999999,0.023,0.024,17.5,38.3,9.900257124578228,0.1363420763698893,29.5567920425046,0.5263157894736842,38.44307501174798,30.541894981382818,TBD
Eury Pérez,691587,2026,159.0,660,170,20,25.8,10.3,8,11,3.91,0.218,0.384,0.303,0.31,33.0,10.0,39.6,77.150178488,94.273191222,21.8,41.9,28.6,51.3,39.3,27.7,21.6,2673,MIA,246,691587,2678,9.2,0.198,0.154,0.242,0.352,0.235,0.259,0.214,18,91,93.4,19.1,2514,92.9,93.09,72,246,0,0.1999999999999886,6.61,119,146,110,151,304,328,299,13.206,-13.206,73.1,7.5,2.544979322,91,65,10,5,0,3,26,28.6,0,0,1.76,0.93,0.69,-0.69,91.9,166,50.76923076923077,9.230769230769232,6.593406593406594,5.93,-1.83,-0.15,2.25,0.198,6.0,-5.368292683,0.214,0.398,5.368292683,-0.016,-0.0159999999999999,-0.046,-0.024,29.3,30.5,13.161254928186237,-6.047807063515942,32.991691694485304,0.508130081300813,38.17596184763392,33.912778816014644,MIA
Randy Dobnak,677976,2026,74.1,321,49,7,15.3,8.1,3,5,3.51,0.291,0.402,0.325,0.336,34.3,4.6,40.9,79.839269328,94.63596865,9.0,37.0,19.1,45.6,51.2,22.3,24.0,1264,KC,189,677976,1264,15.0,0.37,0.23,0.39,0.6,0.408,0.346,0.332,37,100,91.0,10.9,1871,88.0,87.08,28,189,0,-0.9000000000000057,5.67,116,145,120,152,288,324,297,-3.416,3.416,72.3,7.2,1.486845392,102,87,25,6,1,5,15,14.7,0,0,2.94,0.02,0.77,-0.77,92.9,155,43.67816091954023,6.896551724137931,5.88235294117647,5.38,-1.94,-0.14,2.0,0.363,6.0,1.807407407,0.328,0.483,-1.807407407,0.038,0.0349999999999999,0.117,0.062,14.8,18.2,10.746193387373534,0.4990849219692839,35.50301315521074,0.5291005291005291,37.37364502563667,31.02544020649167,KC
Drew Anderson,623454,2026,108.0,457,114,16,24.9,9.6,5,7,3.67,0.226,0.373,0.316,0.305,30.0,8.6,37.9,79.762807153,94.019375296,12.8,48.4,27.0,49.2,48.8,24.2,19.1,1770,DET,191,623454,1772,10.8,0.25,0.25,0.235,0.5,0.315,0.331,0.278,22,88,90.6,14.5,2064,91.0,91.42,41,191,0,0.4000000000000057,6.57,117,147,116,151,287,326,303,5.542,-5.542,70.9,7.0,2.225475038,89,74,12,4,0,6,15,16.9,0,0,2.31,0.48,0.55,-0.55,92.1,164,41.891891891891895,13.513513513513514,11.235955056179774,5.68,-2.07,-0.02,2.41,0.247,10.0,-2.901570681,0.277,0.507,2.901570681,-0.028,-0.03,-0.007,-0.016,21.5,42.1,9.66483717779399,-1.1419169570503844,32.23924642157301,0.5078534031413613,36.100243617980766,29.918911125564648,DET
CJ Van Eyk,669310,2026,11.2,55,3,2,5.5,3.6,0,2,5.4,0.303,0.557,0.364,0.395,33.3,12.5,43.8,74.9996525,94.502705208,9.5,28.2,15.9,50.2,43.8,33.3,18.8,225,TOR,16,669310,225,7.1,0.1,0.1,0.125,0.2,0.126,0.234,0.185,1,10,87.4,34.5,2156,86.9,86.53,5,16,0,-0.4000000000000057,6.3,116,145,122,153,292,322,299,1.735,-1.735,74.2,7.5,0.97257553,10,8,0,1,0,0,2,20.0,0,0,2.83,0.26,0.06,-0.06,94.9,199,37.5,25.0,20.0,5.28,-1.74,0.07,2.2,0.1,2.0,-10.84375,0.185,0.365,10.84375,-0.085,-0.0849999999999999,-0.165,-0.108,31.3,33.2,13.380791750038414,-3.937485358902273,37.96274368481562,0.3125,33.042803840746416,36.24189112089685,TOR
Brady Singer,663903,2026,157.0,725,126,32,17.4,8.6,6,15,5.85,0.284,0.481,0.376,0.368,37.5,10.8,43.5,81.23993332,94.981323386,12.3,47.3,23.9,44.0,42.0,26.8,27.4,2801,CIN,223,663903,2802,8.0,0.363,0.239,0.366,0.602,0.407,0.41,0.34,41,113,91.7,15.2,2383,86.7,87.69,43,223,0,1.0,6.83,116,147,113,152,288,325,299,-4.082,4.082,72.0,7.3,2.75945652,115,100,29,4,1,7,15,13.0,0,0,2.66,0.37,0.3,-0.3,92.7,175,47.0,14.000000000000002,12.173913043478262,5.1,-1.33,0.07,2.16,0.357,14.0,1.830493274,0.345,0.601,-1.830493274,0.023,0.012,0.001,-0.003,19.3,22.5,12.155641556623936,-3.325895580600365,34.78506326085725,0.4932735426008968,35.31791967004498,33.63847319714887,CIN
Taj Bradley,671737,2026,178.1,748,205,23,27.4,10.2,12,6,3.73,0.227,0.38,0.294,0.307,40.2,9.1,45.4,80.944982348,94.922949804,16.9,51.0,27.4,47.2,35.6,29.2,27.4,2997,MIN,181,671737,2998,6.0,0.211,0.132,0.232,0.342,0.238,0.295,0.259,16,76,90.1,15.8,2126,93.9,94.12,50,181,0,0.1999999999999886,6.35,119,146,118,150,297,324,298,6.678,-6.678,71.4,7.1,1.408562095,76,59,12,1,0,3,17,22.4,0,0,1.74,0.85,0.47,-0.47,91.3,185,45.76271186440678,6.779661016949152,5.263157894736842,6.13,-1.16,-0.14,2.25,0.211,4.0,-3.689502762,0.259,0.434,3.689502762,-0.048,-0.048,-0.092,-0.057,27.6,54.0,7.777027379337646,3.119019032563409,33.99625133347388,0.5193370165745856,37.58186044112052,28.713450325078476,MIN
Matthew Boyd,571510,2026,126.2,520,96,15,18.5,7.5,10,5,3.91,0.264,0.423,0.303,0.33,33.1,7.7,37.6,77.142272527,93.9352125,15.6,35.5,22.3,49.2,43.1,24.6,22.8,1957,CHC,82,571510,1957,4.2,0.233,0.047,0.27,0.279,0.223,0.326,0.335,10,43,88.7,4.8,2295,86.7,86.55,13,82,0,-0.2000000000000028,6.2,117,149,111,154,293,323,301,5.123,-5.123,73.0,7.4,4.70699132,43,37,9,0,1,0,6,14.0,0,0,2.7,0.4,0.72,0.72,92.2,138,37.83783783783784,0.0,0.0,5.2,2.43,-0.07,2.29,0.233,0.0,-6.247560976,0.335,0.418,6.247560976,-0.102,-0.102,-0.139,-0.103,15.9,20.0,12.89097083369234,-4.528182502364518,31.713168145929,0.5609756097560976,36.95724664928191,34.28754994312434,CHC
Sandy Alcantara,645261,2026,214.0,894,153,24,17.1,6.6,13,11,3.87,0.25,0.376,0.306,0.301,32.7,5.5,36.1,78.092411027,93.732935068,14.8,35.4,21.1,50.7,42.3,24.8,23.6,3293,MIA,256,645261,3293,7.8,0.32,0.279,0.32,0.598,0.39,0.337,0.293,39,122,91.6,18.2,2204,92.3,91.95,48,256,0,-0.3999999999999915,6.08,116,146,111,150,295,328,304,-1.577,1.577,72.0,7.2,1.804133582,122,107,20,11,1,7,15,12.3,0,0,2.26,0.45,0.75,-0.75,92.3,176,41.1214953271028,8.411214953271028,7.377049180327869,5.87,-1.84,-0.19,2.24,0.32,9.0,0.616015625,0.293,0.498,-0.616015625,0.027,0.027,0.1,0.053,18.8,32.5,8.84020656520306,-0.4715639405904971,32.4649008252319,0.484375,38.52029931421244,30.554795586114476,MIA
MacKenzie Gore,669022,2026,173.0,750,174,19,23.2,9.5,8,11,4.58,0.244,0.39,0.315,0.314,34.1,8.7,41.2,77.751711016,94.520309857,16.3,42.8,24.9,48.9,40.2,26.9,26.3,2962,TEX,81,669022,2969,2.7,0.233,0.093,0.263,0.326,0.242,0.247,0.24,10,43,90.4,10.3,2122,90.5,90.86,18,81,0,0.4000000000000057,6.76,112,145,115,153,294,327,305,4.838,-4.838,71.3,7.2,3.374045536,43,38,6,4,0,0,5,11.6,0,0,2.0,0.83,0.26,0.26,91.9,145,43.24324324324324,5.405405405405405,4.651162790697675,5.62,1.87,-0.14,2.27,0.233,2.0,-5.972839506,0.24,0.335,5.972839506,-0.007,-0.0069999999999999,-0.009,-0.005,22.2,45.0,7.708285854578013,1.918670013272751,32.52169576714422,0.4567901234567901,38.52248751254246,30.46133267619396,TEX
Jonathan Cannon,686563,2026,3.0,18,4,0,22.2,27.8,0,0,9.0,0.252,0.45,0.433,0.409,33.3,11.1,22.2,79.021142,92.588862222,31.0,27.3,30.0,50.0,33.3,33.3,33.3,80,TBD,12,686563,80,15.0,0.2,0.2,0.333,0.4,0.252,0.257,0.257,1,5,86.0,16.0,2259,93.5,93.53,4,12,0,0.0,6.36,104,148,126,148,298,326,298,0.564,-0.564,71.0,6.6,0.919699062,5,3,0,1,0,0,2,40.0,0,0,1.62,1.0,0.66,-0.66,93.4,216,33.33333333333333,0.0,0.0,5.75,-2.46,0.0,2.62,0.2,0.0,-4.7,0.257,0.342,4.7,-0.057,-0.0569999999999999,0.058,-0.005,33.3,26.3,6.892531415046109,11.835586401645582,28.61724914160425,0.5833333333333334,36.280623657619685,25.32335095952981,TBD
Aaron Civale,650644,2026,111.1,493,91,18,18.5,7.1,6,8,4.2,0.254,0.417,0.35,0.32,37.4,8.0,40.2,77.502786056,93.845239081,13.1,35.4,20.7,46.2,31.6,30.7,27.7,1896,CHC,87,650644,1904,4.6,0.243,0.189,0.267,0.432,0.287,0.285,0.26,9,37,89.2,16.2,2580,86.1,85.72,23,87,0,-0.3999999999999915,5.91,115,147,119,153,290,319,299,2.448,-2.448,71.6,7.5,3.579926193,37,31,5,2,1,1,6,16.2,0,0,2.78,0.32,0.01,-0.01,92.5,131,41.935483870967744,6.451612903225806,5.405405405405405,6.24,-1.62,0.02,2.09,0.243,2.0,-2.813793103,0.26,0.406,2.813793103,-0.017,-0.017,0.026,0.002,26.4,44.8,14.17020573492703,-7.521283546882127,33.59471927154832,0.4942528735632184,36.11588813926192,35.27658745276102,CHC
Paul Sewald,623149,2026,53.1,219,53,13,24.2,5.9,2,5,4.73,0.218,0.46,0.302,0.312,38.9,13.4,38.9,79.671098649,94.308157432,19.3,41.6,26.2,51.8,21.5,43.0,19.5,854,TOR,49,623149,858,5.7,0.182,0.045,0.2,0.227,0.171,0.187,0.185,4,22,88.0,25.5,2538,88.0,87.8,7,49,0,-0.2000000000000028,6.26,113,144,115,153,285,324,298,3.91,-3.91,72.4,7.2,1.541224106,23,20,3,1,0,0,3,13.0,0,0,2.22,0.75,0.05,-0.05,91.0,176,25.0,5.0,4.3478260869565215,4.38,-3.62,-0.09,2.51,0.174,1.0,-7.979591837,0.178,0.263,7.979591837,-0.003,-0.004,-0.036,-0.016,14.3,13.5,8.644362671148981,0.9620733545577136,31.63994650727358,0.4693877551020408,37.37743531501665,28.588261629826977,TOR
Tim Herrin,682120,2026,56.2,240,54,5,22.5,11.7,3,4,3.02,0.213,0.357,0.308,0.304,32.7,8.5,37.3,75.510758684,93.778213026,19.7,48.3,30.7,46.8,44.4,26.1,20.9,983,CLE,49,682120,994,4.9,0.364,0.136,0.5,0.5,0.358,0.253,0.241,8,22,93.6,8.3,2237,89.0,89.13,14,49,0,0.0999999999999943,6.38,113,146,124,150,286,319,303,-0.6,0.6,71.7,7.4,5.284838205,23,16,5,3,0,0,7,30.4,0,0,2.63,0.28,0.44,0.44,92.2,156,43.75,12.5,8.695652173913043,5.77,1.9,0.12,2.15,0.348,2.0,1.224489796,0.233,0.36,-1.224489796,0.123,0.1149999999999999,0.14,0.105,28.6,32.2,9.597801147348596,-3.618733274286679,34.40809113777086,0.3673469387755102,34.62830527015785,31.65436036464395,CLE
Blas Castaño,680604,2026,27.1,111,21,4,18.9,8.1,2,0,3.62,0.288,0.493,0.351,0.367,38.0,9.0,48.1,81.988921026,94.698184103,12.8,31.8,18.6,46.7,44.3,30.4,22.8,460,COL,27,680604,460,5.9,0.444,0.111,0.5,0.556,0.437,0.475,0.44,4,9,86.9,17.1,2154,91.0,89.91,6,27,0,-1.0999999999999943,5.47,111,141,124,150,294,336,304,0.126,-0.126,74.6,7.5,2.110093338,9,8,3,1,0,0,1,11.1,0,0,2.28,0.48,0.55,-0.55,90.3,160,37.5,0.0,0.0,4.98,-2.12,0.12,2.35,0.444,0.0,-0.466666667,0.44,0.664,0.466666667,0.004,0.004,-0.108,-0.038,22.2,31.8,15.770474699697177,-4.41956158360791,37.52752279923053,0.5185185185185185,33.88696057168813,33.11460443527072,COL
Bryce Elder,693821,2026,149.0,633,121,24,19.1,7.7,8,8,4.11,0.252,0.401,0.313,0.313,33.1,6.8,39.9,79.952595759,94.304327455,12.3,42.0,21.6,46.3,44.2,26.4,23.5,2245,TBD,126,693821,2247,5.6,0.302,0.19,0.314,0.492,0.341,0.324,0.286,19,63,88.1,15.1,2118,87.9,88.03,24,126,0,0.2000000000000028,6.31,117,146,118,152,310,324,310,1.454,-1.454,72.4,7.1,2.320764801,63,54,13,3,0,3,9,14.3,0,0,2.36,0.6,0.53,-0.53,91.2,155,35.18518518518518,9.25925925925926,7.936507936507936,6.18,-1.72,-0.1,2.24,0.302,5.0,-1.153968254,0.286,0.474,1.153968254,0.016,0.016,0.018,0.017,19.0,47.8,10.81009019765164,-1.2282027295977436,34.4320889041928,0.5158730158730159,36.71240256476216,31.30652268401211,TBD
Max Scherzer,453286,2026,84.2,364,68,15,18.7,9.6,4,9,5.74,0.24,0.399,0.323,0.316,34.4,8.1,33.6,76.490915426,93.255910856,14.0,35.2,21.3,49.8,30.9,32.4,21.6,1461,TOR,223,453286,1462,15.3,0.257,0.124,0.267,0.381,0.276,0.278,0.26,27,105,87.1,25.6,2252,86.9,86.64,38,223,0,-0.3000000000000113,6.27,115,145,113,153,285,323,298,7.015,-7.015,71.9,7.2,2.091886685,105,93,20,4,0,3,12,11.4,0,0,2.43,0.67,0.34,-0.34,91.1,181,32.25806451612903,4.301075268817205,3.8095238095238098,5.57,-3.06,0.06,2.44,0.257,4.0,-3.14573991,0.26,0.388,3.14573991,-0.003,-0.003,-0.007,-0.002,17.0,30.8,11.035913555503637,-3.02492502414783,32.7388382389892,0.4798206278026906,35.56879188297278,31.934596993164607,TOR
David Sandlin,689818,2026,40.1,167,40,7,24.0,7.8,3,2,5.58,0.238,0.397,0.317,0.307,36.3,8.8,34.5,76.720641404,93.311753451,18.0,36.6,24.5,45.5,46.0,25.7,24.8,638,CWS,76,689818,638,11.9,0.286,0.214,0.294,0.5,0.335,0.322,0.271,12,42,85.5,14.3,2366,90.5,91.2,15,76,0,0.7000000000000028,6.59,121,148,114,152,293,329,302,2.333,-2.333,71.5,7.2,1.922902899,42,36,8,1,1,2,6,14.3,0,0,2.37,0.42,-0.08,0.08,90.8,144,22.22222222222222,8.333333333333332,7.142857142857142,5.76,-2.46,0.02,2.05,0.286,3.0,-3.069736842,0.271,0.484,3.069736842,0.015,0.0149999999999999,0.016,0.013,19.7,42.1,11.094064458303844,-3.164362971043925,35.018696160255494,0.4342105263157895,34.09720822318642,32.80922743664296,CWS
Tyler Ferguson,621053,2026,18.2,78,21,6,26.9,5.1,0,1,5.3,0.223,0.456,0.338,0.324,36.0,16.0,46.0,82.2750768,94.869522041,18.4,43.9,28.5,49.1,34.0,42.0,20.0,293,CHC,10,621053,293,3.4,0.0,0.0,0.0,0.0,0.0,0.273,0.195,0,5,96.0,20.3,2335,92.9,92.91,1,10,0,0.0,6.32,106,149,118,154,294,331,297,1.647,-1.647,70.6,6.8,1.603010892,5,4,0,0,0,0,1,20.0,0,0,1.76,0.9,0.4,-0.4,92.3,229,75.0,25.0,20.0,5.75,-3.0,0.11,2.5,0.0,1.0,-16.47,0.195,0.459,16.47,-0.195,-0.195,-0.459,-0.273,10.0,28.5,5.272918658182887,9.586025538704323,33.71475409278048,0.4,38.07846130187795,24.167790014062984,CHC
Blake Walston,686796,2026,3.0,13,2,0,15.4,23.1,1,0,3.0,0.222,0.517,0.178,0.323,50.0,12.5,12.5,74.95611,92.21470375,41.7,0.0,33.3,35.7,50.0,37.5,12.5,42,ARI,8,686796,48,16.7,0.0,0.0,0.0,0.0,0.0,0.119,0.049,0,2,77.8,22.7,2206,87.8,87.06,3,8,0,-0.7000000000000028,6.06,111,133,102,144,289,321,301,0.848,-0.848,71.8,7.5,0.719369421,4,3,0,0,0,0,1,25.0,0,0,2.08,0.92,0.23,0.23,88.5,149,0.0,0.0,0.0,6.18,2.8,-0.39,2.34,0.0,0.0,-10.6,0.125,0.058,10.6,-0.049,-0.125,-0.058,-0.119,37.5,36.8,10.999927211735663,-7.854499068334076,27.08405428463967,0.625,41.69982720975321,33.92869235904335,ARI
Griffin Canning,656288,2026,88.2,391,87,14,22.3,10.5,5,9,5.68,0.253,0.409,0.354,0.331,34.2,8.2,45.1,79.752336719,94.739413906,13.9,49.3,25.5,45.2,47.9,23.0,23.0,1544,TBD,72,656288,1545,4.7,0.371,0.114,0.433,0.486,0.372,0.348,0.352,13,35,94.3,7.6,2133,90.6,90.03,19,72,0,-0.5999999999999943,5.82,121,147,126,153,296,329,305,0.493,-0.493,72.0,7.1,2.319150636,35,30,10,2,1,0,5,14.3,0,0,2.6,0.17,0.61,-0.61,93.2,153,50.0,0.0,0.0,5.63,-0.85,0.04,2.17,0.371,0.0,-0.684722222,0.352,0.452,0.684722222,0.019,0.019,0.034,0.024,26.4,38.7,8.80437446064538,-1.1812211991877817,32.78784225968957,0.4722222222222222,35.03767472919155,30.797899606260927,TBD
Walbert Ureña,700712,2026,148.1,625,142,10,22.7,10.9,9,11,2.97,0.208,0.312,0.28,0.281,25.9,5.4,35.2,75.212318607,93.621245821,17.5,45.3,27.7,46.8,55.9,21.9,18.7,2480,LAA,212,700712,2490,8.5,0.295,0.105,0.36,0.4,0.302,0.282,0.267,28,95,89.3,6.2,2059,95.1,94.34,55,212,0,-0.7999999999999972,5.96,115,146,121,152,299,328,309,4.78,-4.78,71.7,7.4,2.343242036,95,76,20,7,0,1,19,20.0,0,0,2.02,0.52,1.22,-1.22,91.9,152,40.78947368421053,3.947368421052632,3.1578947368421053,6.18,-1.37,-0.22,2.05,0.295,3.0,-2.254716981,0.267,0.389,2.254716981,0.028,0.0279999999999999,0.011,0.02,25.9,38.8,11.928918327481137,-4.159801088240469,34.48487379501173,0.4433962264150943,36.8466930959106,31.866411429671462,LAA
Daniel Espino,682982,2026,15.1,65,25,3,38.5,10.8,0,0,4.11,0.182,0.317,0.299,0.264,27.3,12.1,36.4,72.897165882,93.172357879,28.1,54.5,36.8,48.7,36.4,39.4,21.2,273,CLE,35,682982,273,12.8,0.167,0.0,0.2,0.167,0.148,0.195,0.174,2,12,88.6,33.3,2429,96.6,97.14,13,35,0,0.5,6.63,109,147,127,151,291,319,294,2.738,-2.738,71.9,7.0,1.056848256,12,10,2,0,0,0,2,16.7,0,0,1.42,1.05,0.45,-0.45,91.4,218,40.0,10.0,8.333333333333332,5.85,-1.46,-0.04,2.57,0.167,1.0,-7.822857143,0.174,0.277,7.822857143,-0.007,-0.0069999999999999,-0.11,-0.047,37.1,41.1,7.771129848170165,1.2836089936849464,31.93938026906204,0.6,36.51351229579351,28.99869021480515,CLE
Michael Lorenzen,547179,2026,127.1,619,90,23,14.5,8.7,3,13,7.21,0.3,0.493,0.406,0.372,34.5,9.2,46.3,80.902581974,95.328123798,10.7,36.9,18.0,44.5,43.7,24.7,26.7,2399,TBD,93,547179,2400,3.9,0.341,0.39,0.27,0.732,0.432,0.378,0.322,14,41,91.4,11.9,2394,89.4,88.55,9,93,0,-0.8000000000000114,5.78,117,145,118,150,290,325,305,-3.842,3.842,72.0,7.3,3.452587754,43,41,6,4,0,4,2,4.7,0,0,2.11,0.77,0.79,-0.79,92.4,170,43.90243902439025,9.75609756097561,9.30232558139535,5.81,-1.54,-0.14,2.3,0.326,4.0,4.131182796,0.312,0.6,-4.131182796,0.019,0.014,0.132,0.054,9.7,41.6,9.611874896145522,-2.4502075455936554,33.63226446990378,0.4516129032258064,36.61071148455018,31.927322248089148,TBD
Sean Burke,680732,2026,172.1,716,185,19,25.8,8.7,11,7,3.34,0.228,0.373,0.302,0.3,35.3,8.3,38.8,79.394902291,93.969692313,18.0,41.0,25.5,49.1,35.9,30.5,24.4,2878,CWS,199,680732,2880,6.9,0.306,0.235,0.333,0.541,0.357,0.315,0.283,26,85,92.0,19.0,2558,89.7,90.48,43,199,0,0.7999999999999972,6.77,118,147,116,151,292,326,303,-0.22,0.22,72.6,7.2,2.443435441,86,70,15,6,1,4,16,18.6,0,0,2.23,0.66,0.08,-0.08,92.6,162,45.71428571428572,11.428571428571429,9.30232558139535,6.04,-2.13,0.07,2.38,0.302,8.0,0.110552764,0.28,0.465,-0.110552764,0.023,0.0219999999999999,0.076,0.042,21.6,37.0,11.093258168527248,-3.942433947305009,32.850863416251386,0.4673366834170854,33.979168487510925,32.1600657808307,CWS
Cade Winquest,685464,2026,13.2,57,16,1,28.1,14.0,1,0,3.95,0.155,0.212,0.278,0.242,21.9,3.1,28.1,78.069405625,92.194844839,16.0,55.6,26.5,41.6,53.1,28.1,15.6,245,STL,62,685464,245,25.3,0.217,0.174,0.222,0.391,0.239,0.168,0.164,5,23,85.6,7.0,2489,91.0,92.43,14,62,0,1.4000000000000057,6.93,115,146,115,152,291,321,300,1.637,-1.637,71.1,6.9,1.911414508,25,19,3,1,0,1,6,24.0,0,0,2.38,0.39,-0.21,0.21,90.5,107,26.31578947368421,5.263157894736842,4.0,5.09,-1.05,0.17,2.28,0.2,1.0,-2.640322581,0.154,0.256,2.640322581,0.053,0.046,0.135,0.071,22.6,41.1,4.993901119305682,4.620351288985519,35.61630854245195,0.3387096774193548,33.72890166801986,26.328090149612063,STL
Taylor Clarke,664199,2026,73.0,288,45,7,15.6,4.9,2,4,2.96,0.26,0.436,0.27,0.322,34.2,8.9,34.7,76.118654595,93.585851216,11.8,43.2,22.7,49.7,45.8,24.9,20.4,1069,ARI,99,664199,1078,9.2,0.381,0.214,0.389,0.595,0.411,0.431,0.368,16,42,93.4,12.4,2081,92.6,92.75,22,99,0,0.1000000000000085,6.26,118,145,116,152,293,324,298,-1.892,1.892,71.9,7.3,3.871030906,43,38,11,3,0,2,5,11.6,0,0,2.14,0.51,0.94,-0.94,93.6,157,47.368421052631575,10.526315789473683,9.30232558139535,5.87,-1.11,-0.04,2.1,0.372,4.0,1.911111111,0.381,0.622,-1.911111111,0.013,-0.009,-0.027,-0.02,22.2,41.5,12.8488439265599,-6.8962512915650285,33.201628394438266,0.5555555555555556,36.67719190149393,33.66821406882562,ARI
Troy Taylor,700187,2026,3.0,15,2,1,13.3,13.3,0,0,9.0,0.209,0.361,0.432,0.303,27.3,9.1,27.3,78.94647,93.250998182,16.7,60.0,36.4,43.1,36.4,36.4,27.3,51,SEA,6,700187,51,11.8,0.333,0.0,0.5,0.333,0.297,0.078,0.086,1,3,73.4,2.0,2408,90.5,89.98,3,6,0,-0.4000000000000057,6.12,107,144,131,150,298,321,298,-0.064,0.064,72.0,7.9,1.89706224,3,2,1,0,0,0,1,33.3,0,0,2.42,0.41,0.55,-0.55,93.5,193,0.0,0.0,0.0,5.68,-1.62,0.03,1.91,0.333,0.0,1.066666667,0.086,0.089,-1.066666667,0.247,0.247,0.244,0.219,50.0,30.1,18.145191282251403,-15.477563804935738,35.52539222020251,0.1666666666666666,38.22529243799436,41.08665398685216,SEA
Matt Waldron,663362,2026,42.2,194,33,7,17.0,5.7,2,2,6.54,0.235,0.374,0.379,0.291,27.0,5.4,36.5,78.247271111,93.241847431,12.3,29.9,17.8,49.6,44.6,29.7,18.2,690,TBD,36,663362,690,5.2,0.353,0.118,0.333,0.471,0.32,0.184,0.175,6,17,87.1,28.7,1195,84.4,84.56,8,36,0,0.1999999999999886,6.43,113,145,118,152,293,327,301,0.642,-0.642,71.8,7.0,2.414097191,19,18,4,2,0,0,1,5.3,0,0,3.03,0.22,0.27,-0.27,90.9,191,27.77777777777778,5.555555555555555,5.263157894736842,5.58,-1.1,0.09,2.42,0.316,1.0,-1.783333333,0.166,0.264,1.783333333,0.178,0.15,0.207,0.136,22.2,29.6,9.048223793396254,0.7945551483547627,31.863238088287908,0.3888888888888889,35.12255259289369,29.95983256421584,TBD
Bryan Abreu,650556,2026,62.2,268,80,9,29.9,15.3,6,4,3.73,0.197,0.345,0.324,0.312,34.5,6.4,41.5,81.696895072,94.178094015,21.6,54.7,33.8,42.2,41.5,29.6,23.2,1093,HOU,79,650556,1093,7.2,0.143,0.071,0.222,0.214,0.154,0.191,0.17,6,42,86.5,17.6,2523,92.8,93.03,29,79,0,0.2000000000000028,6.58,118,147,108,151,290,327,298,6.401,-6.401,72.8,7.4,1.638662729,42,27,3,3,0,0,15,35.7,0,0,2.01,0.67,0.03,-0.03,90.9,141,25.925925925925924,3.7037037037037033,2.380952380952381,5.64,-2.56,0.17,2.34,0.143,1.0,-8.102531646,0.17,0.278,8.102531646,-0.027,-0.027,-0.064,-0.037,36.7,41.8,10.84398056657801,-0.5063883952749366,31.8899272129502,0.4050632911392405,34.38226228739664,29.78148328981153,HOU
Justin Topa,623437,2026,22.0,108,15,4,13.9,11.1,0,1,6.95,0.288,0.464,0.403,0.367,25.3,7.8,43.0,78.605425641,95.083613377,10.5,29.8,16.6,43.7,54.4,22.8,19.0,413,TBD,8,623437,414,1.9,0.25,0.0,0.333,0.25,0.223,0.244,0.256,1,4,73.2,34.7,2329,87.4,86.41,3,8,0,-1.0,5.64,111,148,119,154,285,336,289,0.638,-0.638,70.3,7.5,0.891711128,4,3,1,0,0,0,1,25.0,0,0,2.76,0.25,0.02,-0.02,89.2,180,0.0,0.0,0.0,4.91,-2.23,0.27,2.45,0.25,0.0,-7.975,0.256,0.298,7.975,-0.006,-0.006,-0.048,-0.021,37.5,13.2,11.889646918084988,-1.1810220382105214,30.99640434689808,0.5,31.64208335764421,27.82456435194097,TBD
Shane Bieber,669456,2026,55.2,242,44,10,18.2,9.9,5,2,4.37,0.282,0.5,0.335,0.368,34.5,10.9,46.0,78.436498046,95.228101609,8.9,44.8,23.5,43.0,43.7,25.3,22.4,930,TOR,69,669456,930,7.4,0.189,0.243,0.138,0.432,0.262,0.287,0.237,7,37,93.1,25.5,2190,89.3,89.79,13,69,0,0.5,6.63,112,145,112,151,285,326,298,3.918,-3.918,71.7,7.3,3.738287735,37,32,4,0,0,3,5,13.5,0,0,2.21,0.67,0.64,-0.64,93.6,161,53.125,6.25,5.405405405405405,5.54,-1.54,-0.12,2.33,0.189,2.0,-5.67826087,0.237,0.44,5.67826087,-0.048,-0.0479999999999999,-0.008,-0.025,18.8,37.7,12.132356284583642,-3.125871569084849,30.63164150633732,0.6086956521739131,37.1599587210082,29.46126967730242,TOR
Ray Kerr,678061,2026,18.1,66,11,2,16.7,3.0,0,0,1.47,0.238,0.357,0.209,0.281,27.5,5.9,31.4,77.899917917,93.208475625,19.7,31.4,23.4,52.4,43.1,19.6,17.6,212,ATL,31,678061,212,14.6,0.222,0.056,0.267,0.278,0.218,0.357,0.351,4,18,87.5,6.0,2123,90.7,90.74,7,31,0,0.0,6.24,119,144,113,151,303,322,309,1.821,-1.821,72.9,7.4,4.221883886,18,15,3,1,0,0,3,16.7,0,0,2.22,0.59,0.72,0.72,91.5,124,33.33333333333333,6.666666666666667,5.555555555555555,5.27,1.54,0.04,2.31,0.222,1.0,-5.874193548,0.351,0.472,5.874193548,-0.129,-0.1289999999999999,-0.194,-0.139,22.6,25.5,10.934908545228316,-3.09575926108015,31.61036129759382,0.5483870967741935,35.21831084669939,31.96103069019649,ATL
Eddy Yean,678868,2026,11.0,45,7,1,15.6,4.4,0,1,2.45,0.24,0.318,0.256,0.273,28.6,2.9,34.3,81.190885556,92.922509429,13.1,17.6,14.1,46.4,57.1,20.0,14.3,168,WSH,1,678868,168,0.6,1.0,0.0,1.0,1.0,0.89,0.46,0.509,1,1,93.8,8.0,1637,88.6,88.3,0,1,0,-0.2999999999999971,6.3,130,148,121,154,294,330,304,-0.477,0.477,78.7,8.1,,1,1,1,0,0,0,0,0.0,0,0,2.42,0.5,0.81,-0.81,93.8,123,0.0,0.0,0.0,5.39,-1.63,0.08,1.96,1.0,0.0,47.7,0.509,0.56,-47.7,0.491,0.491,0.44,0.43,0.0,36.6,20.459470983740417,-5.6613374268839465,41.64362756921006,0.0,36.3494925409574,40.176023263613374,WSH
Hoby Milner,571948,2026,42.0,177,25,5,14.1,5.6,1,0,3.64,0.292,0.446,0.318,0.343,34.5,5.8,38.8,77.593374265,93.847236,14.6,28.9,19.0,46.0,45.3,21.6,26.6,674,SEA,14,571948,678,2.1,0.429,0.143,0.5,0.571,0.435,0.369,0.398,3,7,92.5,2.3,1856,83.0,83.54,4,14,0,0.5,6.74,121,146,120,150,279,316,302,-0.261,0.261,70.7,7.2,0.453138298,7,6,2,1,0,0,1,14.3,0,0,3.29,0.06,0.71,0.71,92.4,99,50.0,0.0,0.0,4.22,4.28,0.19,2.06,0.429,0.0,1.864285714,0.398,0.453,-1.864285714,0.031,0.0309999999999999,0.118,0.066,28.6,-4.0,6.8320014945333,-0.0918450437529809,36.72570302911335,0.7142857142857143,34.72211142841222,31.190086154815365,SEA
Connor Phillips,683175,2026,30.0,145,29,3,20.0,21.4,2,0,5.4,0.233,0.399,0.347,0.373,36.6,8.5,40.2,80.578723659,94.177107073,13.8,52.9,25.1,39.8,25.6,36.6,26.8,590,CIN,12,683175,591,2.0,0.2,0.2,0.2,0.4,0.252,0.332,0.266,1,5,95.4,27.8,2384,91.6,90.58,0,12,0,-1.0,5.73,103,144,110,152,292,322,297,0.353,-0.353,71.0,7.0,,5,5,0,1,0,0,0,0.0,0,0,2.15,0.62,-0.25,0.25,93.1,206,40.0,0.0,0.0,5.82,-1.34,-0.05,2.36,0.2,0.0,-2.941666667,0.266,0.523,2.941666667,-0.066,-0.066,-0.123,-0.08,0.0,39.3,7.040268979868206,-0.8962400856638609,33.741648696842674,0.25,38.059597529512665,32.04198526242336,CIN
Ranger Suarez,624133,2026,148.1,612,140,10,22.9,7.5,8,5,3.22,0.243,0.349,0.286,0.294,36.8,5.3,33.7,75.252062512,93.221690944,13.1,35.3,21.7,45.1,43.4,22.7,26.7,2384,BOS,82,624133,2387,3.4,0.229,0.125,0.227,0.354,0.251,0.323,0.288,11,48,88.6,14.4,1997,86.1,85.54,13,82,0,-0.5999999999999943,6.02,112,147,115,150,284,323,300,4.565,-4.565,71.4,7.2,3.420882003,48,45,7,3,0,1,3,6.3,0,0,2.72,0.41,0.46,0.46,92.3,168,37.77777777777778,8.88888888888889,8.333333333333332,5.85,2.26,0.1,2.28,0.229,4.0,-5.567073171,0.288,0.47,5.567073171,-0.059,-0.0589999999999999,-0.116,-0.072,15.9,40.8,10.172323582959557,-3.196049599608575,31.738135075286444,0.6341463414634146,34.42133524737794,33.14408034207989,BOS
Andre Pallante,669467,2026,162.0,679,110,12,16.2,7.4,12,9,3.83,0.262,0.383,0.303,0.313,30.9,4.9,34.2,75.436290833,93.517819921,11.9,42.1,21.0,45.0,56.2,16.2,23.5,2642,STL,184,669467,2642,7.0,0.229,0.094,0.25,0.323,0.239,0.305,0.302,22,96,86.7,0.8,2275,91.3,92.05,31,184,0,0.7999999999999972,6.54,114,144,108,150,289,322,294,9.167,-9.167,70.8,6.9,3.341150954,96,85,16,4,1,1,11,11.5,0,0,2.31,0.44,-0.03,0.03,91.9,118,36.47058823529412,2.3529411764705883,2.083333333333333,5.91,-1.89,0.07,2.28,0.229,2.0,-4.982065217,0.302,0.403,4.982065217,-0.073,-0.0729999999999999,-0.08,-0.066,16.8,53.6,5.763235799649218,6.3290766489988535,34.83965559856204,0.3858695652173913,34.780660806876114,26.022211764583396,STL
Shawn Armstrong,542888,2026,35.1,154,34,4,22.1,12.3,2,1,4.58,0.216,0.383,0.313,0.315,31.3,7.1,35.4,78.298572708,93.400017604,17.9,41.9,23.7,49.0,44.4,28.3,19.2,628,CLE,15,542888,632,2.4,0.143,0.0,0.167,0.143,0.127,0.434,0.304,1,7,87.6,11.0,2321,88.0,88.18,1,15,0,0.2000000000000028,6.28,119,147,122,153,292,325,310,1.494,-1.494,72.9,7.2,0.232112436,7,6,1,0,0,0,1,14.3,0,0,2.2,0.75,0.03,-0.03,90.8,182,50.0,16.666666666666664,14.285714285714285,5.92,-1.75,-0.14,2.49,0.143,1.0,-9.96,0.304,0.73,9.96,-0.161,-0.161,-0.587,-0.307,6.7,39.9,12.903180860229888,-4.463251046661227,29.27686618885901,0.8,39.77118492979341,32.80127362139795,CLE
Braxton Roxby,694820,2026,5.1,25,3,0,12.0,8.0,0,0,3.38,0.235,0.289,0.299,0.279,26.3,0.0,42.1,78.62938,93.274031579,26.3,27.3,26.5,47.1,52.6,26.3,10.5,104,SF,29,694820,104,27.9,0.308,0.0,0.308,0.308,0.274,0.3,0.306,4,13,90.7,19.2,2591,87.7,88.64,6,29,0,0.8999999999999915,6.9,110,144,123,152,284,317,299,1.588,-1.588,73.0,7.1,0.611192579,13,13,4,0,0,0,0,0.0,0,0,2.52,0.48,-0.3,0.3,92.3,161,46.15384615384615,0.0,0.0,5.04,-3.71,-0.05,2.36,0.308,0.0,-5.475862069,0.306,0.387,5.475862069,0.002,0.002,-0.079,-0.026,20.7,20.8,13.13696851486169,-1.989273466107128,33.742765425658334,0.6896551724137931,37.11504839279204,30.615007869069903,SF
Andrew Painter,691725,2026,126.2,552,115,21,20.8,8.5,3,10,5.4,0.25,0.413,0.339,0.322,29.9,8.1,35.1,75.91209455,93.561590714,17.8,39.5,25.6,49.2,43.6,25.7,21.3,2126,PHI,221,691725,2127,10.4,0.262,0.107,0.296,0.369,0.272,0.254,0.246,27,103,87.7,6.3,2158,91.6,92.2,56,221,0,0.6000000000000085,6.6,117,148,120,149,293,326,298,6.687,-6.687,72.9,7.5,2.43806275,104,84,22,2,0,3,20,19.2,0,0,2.07,0.67,0.32,-0.32,91.2,141,29.761904761904763,3.571428571428571,2.8846153846153846,6.43,-2.25,-0.08,2.23,0.26,3.0,-3.025791855,0.243,0.35,3.025791855,0.016,0.017,0.019,0.018,25.3,43.0,11.49285457110608,-1.6197391215754742,32.985183319561735,0.5158371040723982,36.54279556571026,31.86897934163005,PHI
Lyon Richardson,680689,2026,3.1,16,4,2,25.0,18.8,0,1,13.5,0.23,0.727,0.433,0.478,25.0,28.6,25.0,79.06667,94.366968571,26.7,40.0,32.0,36.8,62.5,25.0,0.0,68,TBD,3,680689,68,4.4,0.0,0.0,0.0,0.0,0.0,0.2,0.218,0,2,84.1,-26.5,2030,92.5,91.33,0,3,0,-1.2000000000000028,5.77,125,150,116,151,288,313,293,0.67,-0.67,69.0,7.5,,2,2,0,0,0,0,0,0.0,0,0,2.32,0.38,1.47,-1.47,89.1,80,0.0,0.0,0.0,5.13,-1.39,0.04,1.71,0.0,0.0,-22.333333333,0.218,0.234,22.333333333,-0.218,-0.218,-0.234,-0.2,0.0,27.1,2.75282784678402,3.343205263245526,30.414784036274977,0.6666666666666666,35.866966964646146,24.06832411834048,TBD
Ryan Gusto,687473,2026,88.0,392,74,11,18.9,7.1,1,5,4.09,0.282,0.438,0.339,0.341,39.3,8.8,43.2,78.928630979,94.188049895,13.4,38.9,20.7,49.4,39.6,25.6,28.1,1436,MIA,180,687473,1437,12.5,0.277,0.108,0.31,0.386,0.284,0.322,0.3,23,83,88.5,15.4,2254,88.2,88.41,31,180,0,0.2000000000000028,6.49,116,146,112,151,299,328,301,5.285,-5.285,71.5,6.9,1.719502874,84,72,17,4,1,1,12,14.3,0,0,2.69,0.29,0.03,-0.03,92.1,157,43.05555555555556,8.333333333333332,7.142857142857142,5.72,-1.64,0.0,2.4,0.274,6.0,-2.936111111,0.297,0.457,2.936111111,-0.023,-0.0229999999999999,-0.071,-0.038,17.2,45.9,8.282220123587303,0.4215531417316966,31.990122622060117,0.4722222222222222,36.03851096528068,31.4929901556986,MIA
Antwone Kelly,699008,2026,18.2,81,14,4,17.3,9.9,0,0,4.82,0.273,0.423,0.38,0.344,36.2,6.9,41.4,79.292251034,94.099260877,13.9,24.2,16.2,50.5,50.0,20.7,25.9,293,PIT,46,699008,293,15.7,0.25,0.25,0.286,0.5,0.318,0.271,0.258,5,20,89.4,6.7,2135,95.5,95.73,7,46,0,0.2000000000000028,6.33,117,146,117,147,293,323,303,0.482,-0.482,72.4,7.0,2.700369555,20,15,2,2,0,1,5,25.0,0,0,1.62,0.89,0.47,-0.47,91.2,170,40.0,6.666666666666667,5.0,5.79,-1.51,0.13,2.34,0.25,1.0,-1.047826087,0.258,0.369,1.047826087,-0.008,-0.008,0.131,0.047,15.2,38.3,6.175340994462565,4.518685968111068,34.27598181145878,0.4782608695652174,33.98577340770937,27.62868919113585,PIT
Chad Patrick,694477,2026,106.0,442,93,11,21.0,10.9,9,4,3.4,0.239,0.387,0.302,0.318,32.8,6.4,37.5,77.723720069,94.152439408,19.9,39.2,26.1,47.6,39.9,30.1,20.3,1730,MIL,79,694477,1739,4.5,0.31,0.345,0.259,0.655,0.406,0.476,0.395,9,29,95.8,19.4,2365,94.0,93.75,11,79,0,-0.2000000000000028,6.08,116,149,123,153,292,317,303,-0.012,0.012,72.7,7.1,0.672614578,29,29,4,2,1,2,0,0.0,0,0,1.68,0.91,0.43,-0.43,93.8,175,58.620689655172406,10.344827586206897,10.344827586206897,5.4,-1.08,0.19,2.38,0.31,3.0,0.015189873,0.395,0.725,-0.015189873,-0.085,-0.085,-0.07,-0.07,13.9,30.0,7.581240785732637,-1.2746837190385687,32.67488981949369,0.5189873417721519,33.30324212337191,29.03499412382048,MIL
Ryan Walker,676254,2026,32.2,155,23,5,14.8,12.3,0,1,7.16,0.254,0.393,0.375,0.323,31.3,6.3,34.8,74.555571481,93.368978037,10.3,26.3,14.9,42.9,46.4,24.1,24.1,609,SF,11,676254,619,1.8,0.6,0.6,0.667,1.2,0.766,0.66,0.463,3,5,101.9,19.8,2278,93.3,93.59,3,11,0,0.2999999999999971,6.38,112,146,114,153,283,320,302,-1.127,1.127,72.1,6.8,0.845362944,5,4,2,0,0,1,1,20.0,0,0,2.25,0.38,0.62,-0.62,96.0,204,75.0,25.0,20.0,4.9,-3.16,-0.12,2.37,0.6,1.0,10.245454545,0.463,1.147,-10.245454545,0.137,0.1369999999999999,0.053,0.106,27.3,14.8,9.00180269810369,10.013697355033957,33.54348799093768,0.1818181818181818,38.6517841984346,23.094773568768527,SF
Josh Hader,623352,2026,44.2,167,55,1,32.9,9.0,4,2,1.01,0.149,0.242,0.18,0.215,22.7,6.2,32.0,74.979178776,92.557630722,23.0,50.0,34.2,54.0,39.2,29.9,14.4,676,HOU,50,623352,676,7.4,0.167,0.042,0.2,0.208,0.164,0.229,0.235,4,24,89.9,16.6,2353,92.9,93.14,15,50,0,0.1999999999999886,6.63,119,147,106,151,287,325,297,4.1,-4.1,70.9,7.1,1.332458998,24,20,3,1,0,0,4,16.7,0,0,1.45,1.23,0.55,0.55,91.3,133,45.0,0.0,0.0,5.71,2.88,-0.18,2.63,0.167,0.0,-8.2,0.235,0.291,8.2,-0.068,-0.0679999999999999,-0.083,-0.065,30.0,32.0,8.954745788786266,2.9654265746335207,29.50468231629262,0.6,37.81839263465409,27.445527289927902,HOU
Tommy Nance,667297,2026,59.2,258,68,8,26.4,9.3,3,3,3.92,0.256,0.413,0.314,0.323,32.7,7.3,38.2,77.951237073,93.999472025,14.0,45.9,26.5,47.7,48.5,21.8,24.8,981,MIN,54,667297,986,5.5,0.32,0.28,0.4,0.6,0.377,0.38,0.3,8,25,95.9,20.8,2522,89.2,89.21,13,54,0,0.0,6.23,120,141,120,147,293,324,294,-1.126,1.126,73.0,7.3,2.074118246,26,17,5,1,0,2,9,34.6,0,0,2.83,0.04,-0.08,0.08,94.4,156,70.58823529411765,17.647058823529413,11.538461538461538,6.32,-1.26,0.39,2.09,0.308,3.0,2.085185185,0.289,0.632,-2.085185185,0.02,0.019,-0.032,-0.003,24.1,45.3,12.56865438827064,-4.087285836975137,35.85802481065005,0.5,32.27354294828055,31.381497355041848,MIN
Ethan Pecko,814490,2026,34.1,140,23,5,16.4,10.0,2,0,3.93,0.229,0.412,0.294,0.322,31.7,10.0,39.6,78.24577,94.2980954,13.7,34.4,21.2,46.2,36.6,29.7,21.8,572,HOU,155,814490,572,27.1,0.219,0.233,0.186,0.452,0.285,0.343,0.28,16,73,90.0,19.2,2292,88.4,88.3,26,155,0,-0.1000000000000085,6.31,115,147,107,152,289,325,296,7.431,-7.431,72.6,7.2,1.240769286,73,64,9,2,0,5,9,12.3,0,0,2.53,0.43,0.15,-0.15,92.7,165,43.75,10.9375,9.58904109589041,5.58,-3.32,-0.09,2.47,0.219,7.0,-4.794193548,0.28,0.529,4.794193548,-0.061,-0.061,-0.077,-0.058,16.8,37.7,9.58647451175764,0.1921103201791329,30.484828969674165,0.5161290322580645,36.63373609265164,30.50975756431288,HOU
Craig Kimbrel,518886,2026,46.0,196,40,4,20.4,11.2,1,5,4.5,0.244,0.374,0.313,0.316,31.3,5.3,36.6,80.940396,93.830723178,15.9,37.3,23.1,47.9,33.6,33.6,25.2,776,KC,44,518886,786,5.6,0.1,0.0,0.118,0.1,0.085,0.102,0.096,2,20,87.7,30.7,2219,92.2,92.68,8,44,0,0.5,6.68,115,146,114,152,292,325,298,4.292,-4.292,72.5,6.8,0.88119335,21,17,2,0,0,0,4,19.0,0,0,1.77,0.93,0.76,-0.76,91.9,192,11.76470588235294,0.0,0.0,4.73,-3.22,0.17,2.62,0.095,0.0,-9.754545455,0.1,0.124,9.754545455,0.004,-0.005,-0.024,-0.017,18.2,23.5,9.49585429516734,0.6503462821193838,32.456251547677994,0.5681818181818182,35.01849711264435,29.550667979169678,KC
Nathan Eovaldi,543135,2026,145.2,613,144,24,23.5,5.7,11,10,4.2,0.254,0.422,0.322,0.318,31.0,8.3,41.6,77.082098626,94.362791588,18.0,48.9,29.4,51.8,48.0,24.8,21.7,2220,TEX,76,543135,2220,3.4,0.27,0.108,0.286,0.378,0.273,0.308,0.29,10,37,87.6,13.9,1847,86.1,86.71,14,76,0,0.6000000000000085,6.71,117,144,112,151,295,328,303,3.074,-3.074,72.2,7.4,1.92899181,38,35,6,4,0,0,3,7.9,0,0,2.97,0.16,0.52,-0.52,92.0,141,45.71428571428572,5.714285714285714,5.263157894736842,5.78,-2.17,-0.16,2.02,0.263,2.0,-4.044736842,0.284,0.446,4.044736842,-0.02,-0.0209999999999999,-0.068,-0.035,18.4,39.4,13.133820445988606,-5.025164250870808,33.21251799164419,0.5921052631578947,37.64885502120059,34.90895281609919,TEX
Jacob Webb,657097,2026,67.0,284,73,10,25.7,8.8,6,5,3.36,0.252,0.405,0.296,0.32,40.0,7.7,41.6,77.435537253,94.259427127,27.8,44.4,33.3,50.0,40.5,24.9,28.1,1139,CHC,66,657097,1139,5.8,0.219,0.0,0.241,0.219,0.189,0.272,0.285,7,32,84.6,15.3,2381,87.0,86.64,23,66,0,-0.4000000000000057,6.18,115,148,114,153,294,321,300,5.007,-5.007,72.2,7.7,5.946082812,33,29,7,0,0,0,4,12.1,0,0,2.3,0.75,1.16,-1.16,90.6,173,27.58620689655172,0.0,0.0,5.58,-3.11,-0.34,2.08,0.212,0.0,-7.586363636,0.281,0.347,7.586363636,-0.066,-0.069,-0.128,-0.083,34.8,33.6,16.083199768129507,-8.869249980322131,32.499559621290125,0.4848484848484848,40.446851492454144,36.98999109804578,CHC
Ryan Rolison,669020,2026,63.0,256,55,6,21.5,10.9,9,2,3.14,0.238,0.376,0.303,0.309,35.8,7.0,38.6,77.564032353,93.505629412,10.5,41.2,19.7,45.6,43.9,28.9,22.0,990,CHC,64,669020,1009,6.3,0.171,0.057,0.182,0.229,0.174,0.304,0.283,6,35,87.2,16.0,2317,91.2,91.43,9,64,0,0.2000000000000028,6.41,115,148,113,153,289,317,300,5.209,-5.209,71.3,7.0,3.07829102,35,33,4,2,0,0,2,5.7,0,0,2.29,0.48,0.12,0.12,91.0,163,30.303030303030305,6.0606060606060606,5.714285714285714,5.93,1.89,0.09,2.37,0.171,2.0,-8.1390625,0.283,0.426,8.1390625,-0.112,-0.1119999999999999,-0.197,-0.13,14.1,45.2,6.846985130566982,3.904214176384675,32.67706259902057,0.484375,36.3445146855754,27.9684461491259,CHC
Franco Aleman,680916,2026,22.1,103,28,4,27.2,9.7,0,1,4.43,0.233,0.384,0.364,0.324,39.3,6.6,39.3,79.101760645,94.389512295,17.3,50.0,26.7,45.7,29.5,29.5,26.2,427,TBD,28,680916,427,6.6,0.462,0.231,0.556,0.692,0.5,0.504,0.435,6,13,94.2,20.1,2466,92.0,92.72,9,28,0,0.7000000000000028,6.81,115,143,121,147,287,321,300,-1.671,1.671,71.7,7.1,2.377361544,13,10,5,0,0,1,3,23.1,0,0,2.02,0.71,0.69,-0.69,93.0,218,60.0,10.0,7.6923076923076925,5.68,-2.17,-0.1,2.44,0.462,1.0,5.967857143,0.435,0.748,-5.967857143,0.027,0.027,-0.056,-0.004,32.1,19.6,9.064799347177162,1.4060806914658643,33.439893726926854,0.5357142857142857,36.54524727810847,29.34293500794325,TBD
Victor Robles,645302,2026,1.0,9,0,0,0.0,11.1,0,0,27.0,0.49,0.618,0.572,0.504,50.0,0.0,37.5,87.5538325,94.46135875,0.0,0.0,0.0,42.3,37.5,12.5,50.0,22,SEA,5,645302,26,19.2,0.75,0.0,0.75,0.75,0.668,0.641,0.66,3,4,90.0,14.5,1604,64.3,61.46,0,5,0,-2.799999999999997,3.68,122,139,128,153,285,327,309,-1.0,1.0,70.8,7.1,,4,4,3,0,0,0,0,0.0,0,0,5.71,1.06,0.7,-0.7,91.8,203,25.0,0.0,0.0,6.32,-2.53,-0.35,2.44,0.75,0.0,20.0,0.66,0.812,-20.0,0.09,0.0899999999999999,-0.062,0.027,0.0,25.9,7.360579348119965,6.080704582711327,37.45812137438672,0.8,37.02251100260984,25.879153454415,SEA
Bobby Miller,676272,2026,7.1,33,8,1,24.2,12.1,1,0,3.68,0.239,0.456,0.331,0.373,27.8,11.1,44.4,82.090864444,94.797776111,19.4,40.9,27.6,40.8,55.6,22.2,16.7,142,TBD,21,676272,146,14.4,0.273,0.182,0.375,0.455,0.307,0.35,0.291,3,11,91.6,-8.7,2620,88.9,89.5,3,21,0,0.5999999999999943,6.72,109,143,111,150,286,313,300,0.91,-0.91,71.0,7.2,1.058127796,11,8,2,0,1,0,3,27.3,0,0,2.88,0.1,-0.12,0.12,93.4,125,50.0,12.5,9.090909090909092,6.14,-1.01,0.25,2.19,0.273,1.0,-4.333333333,0.291,0.533,4.333333333,-0.018,-0.0179999999999999,-0.078,-0.043,14.3,43.7,12.698607087891297,-7.603936315132476,33.28734298999734,0.5238095238095238,33.70312194849187,34.02922019091507,TBD
Jeremiah Estrada,669093,2026,31.0,126,38,2,30.2,12.7,2,3,3.48,0.21,0.315,0.259,0.286,37.5,6.9,33.3,73.665732,92.74302971,19.4,50.0,31.7,46.9,37.5,26.4,27.8,512,TBD,22,669093,513,4.3,0.2,0.1,0.25,0.3,0.215,0.229,0.245,2,10,83.4,5.5,1980,94.3,95.67,4,22,0,1.4000000000000057,7.08,121,146,115,151,297,330,307,0.625,-0.625,72.0,6.8,3.296096235,10,8,1,1,0,0,2,20.0,0,0,1.18,1.4,0.23,-0.23,89.6,167,12.5,0.0,0.0,5.86,-0.23,0.09,2.73,0.2,0.0,-2.840909091,0.245,0.279,2.840909091,-0.045,-0.0449999999999999,0.021,-0.014,18.2,72.6,5.536150963448852,7.461058307435978,29.269339097802064,0.3636363636363636,34.360742878680426,27.82181995650225,TBD
Foster Griffin,656492,2026,172.2,721,158,23,21.9,6.2,15,6,3.6,0.262,0.414,0.311,0.32,36.6,8.3,37.0,75.80857136,93.91929358,15.3,38.4,23.2,48.4,45.5,24.8,24.2,2833,CLE,83,656492,2835,2.9,0.282,0.179,0.357,0.462,0.318,0.313,0.287,11,39,88.3,12.7,2250,87.3,87.42,20,83,0,0.1000000000000085,6.28,109,146,120,150,292,324,302,1.763,-1.763,72.0,7.2,2.804262967,39,29,7,2,1,1,10,25.6,0,0,2.52,0.49,-0.26,-0.26,90.8,157,34.48275862068966,10.344827586206897,7.6923076923076925,5.69,2.7,-0.04,2.29,0.282,3.0,-2.124096386,0.287,0.442,2.124096386,-0.005,-0.005,0.02,0.005,24.1,42.8,7.030390927595057,0.8910443367216643,32.982756087927314,0.4578313253012048,36.137425182302806,30.893541379112587,CLE
Eduard Bazardo,660825,2026,67.1,297,70,13,23.6,8.4,4,4,4.01,0.263,0.45,0.348,0.339,38.5,9.5,40.5,79.57407949,94.406865204,13.0,45.0,21.9,44.8,35.5,30.5,25.5,1133,SEA,48,660825,1141,4.2,0.375,0.125,0.4,0.5,0.382,0.316,0.282,9,24,86.0,17.1,2356,91.4,90.74,8,48,0,-0.7000000000000028,5.81,114,144,111,150,280,323,306,0.611,-0.611,71.6,7.4,1.037696147,24,21,8,0,0,1,3,12.5,0,0,2.41,0.35,0.37,-0.37,91.8,167,33.33333333333333,4.761904761904762,4.166666666666666,5.78,-1.85,-0.03,2.23,0.375,1.0,-1.272916667,0.282,0.46,1.272916667,0.093,0.093,0.04,0.066,16.7,42.1,11.791002440856063,-5.983407180292043,33.21952717912488,0.6458333333333334,35.986705407013474,33.03144409229813,SEA
Devin Williams,642207,2026,40.2,184,52,3,28.3,11.4,3,2,4.43,0.218,0.306,0.326,0.278,35.1,4.5,29.7,78.060197593,92.785165648,26.5,44.6,34.4,51.0,39.6,18.9,28.8,759,NYM,19,642207,763,2.5,0.375,0.0,0.375,0.375,0.334,0.238,0.247,3,8,90.2,28.3,2431,91.3,93.02,4,19,0,1.7000000000000028,7.33,122,150,124,153,296,312,300,0.012,-0.012,72.3,7.1,1.818799899,8,8,3,0,0,0,0,0.0,0,0,1.97,0.79,1.24,-1.24,91.8,147,37.5,0.0,0.0,5.25,-2.52,-0.07,2.61,0.375,0.0,-0.063157895,0.247,0.297,0.063157895,0.128,0.128,0.078,0.096,21.1,20.1,9.98725621449177,-3.4423418614661845,30.227569834859413,0.631578947368421,35.31760240425882,32.12017919889577,NYM
Kevin Ginkel,656464,2026,67.2,275,72,9,26.2,6.2,6,4,4.12,0.227,0.389,0.294,0.291,31.9,9.2,39.5,79.266362198,94.082514088,14.5,51.8,29.5,50.0,40.5,28.6,23.8,1099,ARI,84,656464,1105,7.6,0.278,0.25,0.296,0.528,0.333,0.262,0.227,10,36,91.3,18.1,2408,91.7,92.65,23,84,0,1.0,6.8,119,144,114,151,290,321,294,-0.088,0.088,70.5,7.2,3.36672582,37,29,5,3,0,2,8,21.6,0,0,2.13,0.6,0.23,-0.23,91.4,182,37.93103448275862,6.896551724137931,5.405405405405405,6.47,-1.89,0.05,2.31,0.27,2.0,0.104761905,0.221,0.406,-0.104761905,0.051,0.049,0.122,0.071,27.4,42.1,9.971822027274216,-3.621553599472768,32.684413123754744,0.5238095238095238,35.62289653914683,30.89802074102035,ARI
Kyle Harrison,690986,2026,115.2,505,141,20,27.9,7.1,11,5,4.2,0.245,0.389,0.336,0.308,39.4,8.1,38.8,78.96419327,94.027615868,16.9,49.0,27.9,48.3,37.2,28.1,28.4,2106,MIL,65,690986,2107,3.1,0.344,0.094,0.44,0.438,0.341,0.272,0.266,11,32,83.5,14.4,2272,89.5,89.59,16,65,0,0.0999999999999943,6.59,119,149,123,152,291,318,304,0.664,-0.664,70.6,7.0,3.574827741,32,25,8,3,0,0,7,21.9,0,0,2.24,0.67,0.42,0.42,90.4,159,28.000000000000004,0.0,0.0,5.02,2.99,0.13,2.45,0.344,0.0,-1.021538462,0.266,0.363,1.021538462,0.078,0.0779999999999999,0.075,0.069,24.6,30.8,9.279669627486273,-3.042949442079649,32.23157929709868,0.4923076923076923,33.95896561511682,32.72353550111388,MIL
Tom Cosgrove,676680,2026,16.1,74,14,3,18.9,8.1,1,2,7.71,0.249,0.41,0.379,0.32,32.7,9.6,38.5,74.838292692,93.849098431,13.7,25.7,16.8,51.1,32.7,36.5,23.1,268,TBD,38,676680,268,14.2,0.182,0.364,0.111,0.545,0.255,0.307,0.265,2,11,89.2,18.4,2653,78.6,78.09,10,38,0,-0.5,5.89,112,139,107,144,289,328,296,1.003,-1.003,70.9,7.1,2.064670149,13,10,0,1,0,1,3,23.1,0,0,3.27,0.53,-0.74,-0.74,91.3,190,60.0,10.0,7.6923076923076925,4.63,2.75,-0.17,2.36,0.154,1.0,-2.639473684,0.237,0.53,2.639473684,-0.083,-0.0829999999999999,0.015,-0.052,26.3,11.3,12.66245117171431,-8.039541198282045,32.280953674808224,0.4736842105263157,36.31207411927411,38.24404455572331,TBD
Brendon Little,663893,2026,28.1,132,44,5,33.3,18.9,0,3,6.35,0.184,0.304,0.377,0.282,25.4,6.3,41.3,79.988454839,94.287445323,24.0,62.0,41.6,42.2,60.3,19.0,17.5,552,TOR,65,663893,574,11.3,0.136,0.136,0.154,0.273,0.174,0.145,0.138,3,22,84.9,7.6,2185,90.9,90.47,25,65,0,-0.4000000000000057,5.94,112,146,115,152,281,319,296,3.639,-3.639,69.9,7.3,2.82706501,22,14,2,0,0,1,8,36.4,0,0,2.71,0.06,0.33,0.33,90.5,120,21.428571428571427,0.0,0.0,6.18,1.59,-0.17,1.99,0.136,0.0,-5.598461538,0.138,0.198,5.598461538,-0.002,-0.002,0.075,0.029,38.5,37.6,10.003013803712646,-1.415696433783397,32.15192253093875,0.4307692307692308,37.574904420854985,30.721987884819345,TOR
Quinn Mathews,687273,2026,49.1,211,46,5,21.8,9.5,2,4,3.83,0.246,0.359,0.317,0.302,32.6,4.9,36.8,78.502964,94.046755857,16.5,51.3,26.8,45.7,43.1,25.7,25.0,867,STL,93,687273,867,10.7,0.256,0.279,0.267,0.535,0.334,0.355,0.311,11,43,89.5,14.0,2298,88.0,88.65,27,93,0,0.5999999999999943,6.57,113,145,119,150,290,320,296,-0.195,0.195,71.5,7.2,2.548932506,43,33,5,3,0,3,10,23.3,0,0,2.39,0.58,0.13,0.13,92.6,192,39.39393939393939,15.151515151515152,11.627906976744184,5.36,1.21,-0.1,2.36,0.256,5.0,0.209677419,0.311,0.521,-0.209677419,-0.055,-0.0549999999999999,0.014,-0.021,29.0,38.3,10.011987491765115,-2.0991511951945974,34.67220486818957,0.5591397849462365,37.01575704880885,31.966740334459,STL
Clay Holmes,605280,2026,101.1,419,78,6,18.6,10.0,6,8,3.29,0.244,0.348,0.272,0.303,26.0,4.4,40.5,78.954358163,94.127816667,11.0,38.7,21.9,45.3,60.8,18.6,17.9,1613,CHC,214,605280,1614,13.3,0.245,0.104,0.282,0.349,0.257,0.269,0.262,26,106,90.4,0.6,1974,89.5,88.56,48,214,0,-0.9000000000000057,5.73,113,147,115,153,293,325,301,9.776,-9.776,72.8,7.4,2.142741822,106,87,20,3,1,2,19,17.9,0,0,2.85,0.02,0.8,-0.8,92.7,121,39.08045977011494,3.4482758620689653,2.8301886792452837,6.31,-0.98,-0.17,1.9,0.245,3.0,-4.568224299,0.262,0.36,4.568224299,-0.017,-0.017,-0.011,-0.012,22.4,37.7,12.043671623028118,-1.90722423140793,34.03692498630792,0.514018691588785,38.58882042914208,31.459086348452857,CHC
Yusei Kikuchi,579328,2026,67.2,305,67,7,22.0,9.8,1,7,4.92,0.257,0.417,0.346,0.333,33.2,8.3,44.4,79.401816471,95.386079706,16.7,42.6,23.5,48.8,43.9,21.0,26.3,1202,LAA,78,579328,1206,6.5,0.342,0.105,0.419,0.447,0.334,0.286,0.255,13,38,91.6,-2.6,2310,89.8,90.69,14,78,0,0.9000000000000057,6.81,110,146,121,150,295,328,304,-0.413,0.413,71.3,7.0,2.202048508,39,31,10,2,1,0,8,20.5,0,0,2.38,0.48,0.02,0.02,92.2,163,48.38709677419355,9.67741935483871,7.6923076923076925,5.56,2.39,-0.13,2.33,0.333,3.0,0.529487179,0.265,0.371,-0.529487179,0.087,0.068,0.076,0.048,17.9,42.8,4.391337388960961,4.286627864946515,31.91919957546816,0.3717948717948718,36.93578553510788,30.312337793113347,LAA
Ryan Zeferjahn,666171,2026,69.2,303,94,7,31.0,12.9,4,4,3.88,0.183,0.281,0.291,0.273,30.0,5.7,35.6,79.034023418,93.477205696,20.7,52.4,32.0,42.1,45.0,21.9,22.5,1269,CHC,51,666171,1299,3.9,0.381,0.286,0.353,0.667,0.449,0.392,0.365,8,21,92.4,9.6,2512,91.9,92.74,13,51,0,0.7999999999999972,6.77,115,147,115,151,295,321,299,-2.133,2.133,71.2,7.2,2.20730311,21,19,6,0,0,2,2,9.5,0,0,2.08,0.65,-0.39,0.39,92.3,150,42.10526315789473,10.526315789473683,9.523809523809524,5.59,-2.46,0.09,2.21,0.381,2.0,4.182352941,0.365,0.557,-4.182352941,0.016,0.016,0.11,0.057,25.5,33.7,11.244565117890188,-0.502205755642484,33.31263635583404,0.5490196078431373,35.86535456538894,31.116562823274805,CHC
Tyler Zuber,676604,2026,39.2,175,42,10,24.0,6.3,2,1,5.67,0.24,0.389,0.369,0.301,28.3,6.7,44.2,81.202892034,94.65624839,14.5,42.0,22.9,47.3,44.2,34.2,17.5,694,MIA,70,676604,694,10.1,0.387,0.387,0.346,0.774,0.462,0.286,0.263,12,31,92.5,21.7,2574,91.4,90.82,13,70,0,-0.6000000000000085,6.03,108,140,108,145,297,326,301,-1.926,1.926,72.8,7.3,2.173994706,33,29,7,1,1,3,4,12.1,0,0,2.08,0.68,0.03,-0.03,91.4,178,37.93103448275862,6.896551724137931,6.0606060606060606,4.99,-2.37,0.11,2.3,0.364,2.0,2.751428571,0.254,0.416,-2.751428571,0.124,0.1099999999999999,0.358,0.176,18.6,30.9,11.661900702299892,-4.338631383161927,32.90611721610569,0.5,35.758686675886906,32.9628674830404,MIA
DL Hall,669084,2026,61.1,241,64,5,26.6,14.5,4,0,1.91,0.193,0.3,0.246,0.286,31.4,6.5,32.9,78.682148955,93.283887687,19.2,46.7,28.0,42.2,44.3,28.6,19.3,997,MIL,58,669084,998,5.8,0.083,0.125,0.059,0.208,0.122,0.229,0.191,2,24,88.3,17.9,2460,91.3,92.13,13,58,0,0.7999999999999972,6.84,120,149,128,153,292,316,302,5.758,-5.758,72.6,7.3,2.512608128,24,18,1,0,0,1,6,25.0,0,0,2.46,0.3,0.07,0.07,90.0,137,22.22222222222222,11.11111111111111,8.333333333333332,5.47,2.84,-0.03,2.18,0.083,2.0,-9.927586207,0.191,0.345,9.927586207,-0.108,-0.108,-0.137,-0.107,22.4,41.7,9.878279409058834,-1.5850766248970565,32.937093952031404,0.5344827586206896,36.37117274701043,31.013791055345543,MIL
Parker Mushinski,656786,2026,6.2,34,0,0,0.0,14.7,1,0,2.7,0.325,0.459,0.36,0.39,41.4,3.4,37.9,82.107151333,93.465733103,2.5,33.3,12.1,41.7,34.5,27.6,31.0,139,TBD,32,656786,139,23.0,0.333,0.111,0.333,0.444,0.338,0.344,0.314,6,18,87.2,26.4,2666,85.3,85.86,3,32,0,0.6000000000000085,6.39,106,137,107,143,294,328,301,-1.419,1.419,70.5,7.2,1.375299594,18,18,4,2,0,0,0,0.0,0,0,2.72,0.4,-0.55,-0.55,91.4,168,27.77777777777778,5.555555555555555,5.555555555555555,5.61,1.6,-0.11,2.26,0.333,1.0,4.434375,0.314,0.486,-4.434375,0.019,0.019,-0.042,-0.006,9.4,42.8,7.68208979401092,-2.4324736781420206,34.4909873844562,0.5,36.44021709247931,30.967708720985083,TBD
Will Warren,701542,2026,156.0,677,158,21,23.3,8.0,11,6,3.92,0.257,0.407,0.329,0.32,33.1,7.2,44.0,80.801949518,95.031624527,14.8,36.8,22.7,44.1,45.5,22.9,25.1,2642,NYY,177,701542,2646,6.7,0.341,0.136,0.392,0.477,0.354,0.352,0.337,30,88,93.4,6.9,2239,88.9,89.45,32,177,0,0.5,6.71,117,147,116,153,285,329,292,-1.315,1.315,72.9,7.4,2.188813144,88,75,21,7,1,1,13,14.8,0,0,2.61,0.3,0.58,-0.58,93.2,137,57.333333333333336,4.0,3.4090909090909087,5.51,-3.33,-0.29,2.09,0.341,3.0,0.742937853,0.337,0.479,-0.742937853,0.004,0.004,-0.002,0.002,18.1,32.5,11.022629440521998,0.5831252917959503,33.6436228511396,0.536723163841808,38.21569649253072,31.211576144486514,NYY
Drew Sommers,805427,2026,39.2,169,62,4,36.7,8.3,2,4,3.63,0.175,0.245,0.285,0.229,24.4,3.3,30.0,73.296619302,92.693397907,22.4,46.9,31.1,49.5,63.3,14.4,18.9,642,DET,50,805427,651,7.7,0.292,0.0,0.412,0.292,0.26,0.185,0.196,7,24,81.2,-12.3,2178,93.7,95.29,13,50,0,1.5999999999999943,7.24,115,145,113,149,289,320,301,0.97,-0.97,68.7,6.5,1.86772524,24,17,7,0,0,0,7,29.2,0,0,2.19,0.43,1.05,1.05,91.0,99,23.52941176470588,0.0,0.0,4.7,2.84,0.18,2.4,0.292,0.0,-1.94,0.196,0.229,1.94,0.096,0.0959999999999999,0.063,0.075,26.0,11.8,-1.0238400689423588,11.075622579867234,34.104544609497474,0.28,34.40856184157797,22.532951852334104,DET
Tarik Skubal,669373,2026,158.2,620,186,14,30.0,4.4,12,7,2.72,0.226,0.338,0.264,0.266,34.6,6.7,34.8,75.355637897,93.484764538,22.7,48.7,31.7,53.4,45.0,24.4,24.1,2356,LAD,82,669373,2357,3.5,0.268,0.195,0.385,0.463,0.311,0.22,0.222,11,41,87.1,12.2,2161,93.9,94.06,24,82,0,0.1999999999999886,6.39,116,150,111,152,283,314,301,0.176,-0.176,72.7,7.3,1.660188208,41,27,7,1,2,1,14,34.1,0,0,1.73,0.87,0.73,0.73,91.0,145,29.629629629629623,7.4074074074074066,4.878048780487805,6.22,1.85,0.26,2.33,0.268,2.0,-0.214634146,0.222,0.288,0.214634146,0.046,0.046,0.175,0.091,29.3,47.6,8.296739307980909,-3.5881815068231093,33.08926055040286,0.4024390243902439,33.31048942787899,31.791732369779883,LAD
Orion Kerkering,689147,2026,58.0,268,63,5,23.5,12.7,7,1,4.97,0.215,0.327,0.317,0.303,36.6,6.1,31.1,73.845226914,92.757836852,16.8,42.5,26.1,42.0,34.8,29.9,25.6,1093,TBD,49,689147,1097,4.5,0.381,0.143,0.389,0.524,0.394,0.41,0.379,8,21,89.7,17.5,2386,93.0,92.94,10,49,0,-0.0999999999999943,6.25,118,146,117,147,291,324,298,-2.01,2.01,72.5,7.2,1.068095036,21,19,7,0,0,1,2,9.5,0,0,1.81,0.84,0.45,-0.45,92.1,163,42.10526315789473,5.263157894736842,4.761904761904762,5.8,-1.48,-0.07,2.36,0.381,1.0,4.102040816,0.379,0.579,-4.102040816,0.002,0.002,-0.055,-0.016,20.4,34.1,7.288696058762146,3.1105244638277902,33.70099536333007,0.4693877551020408,37.11633828708228,26.79492266665248,TBD
Richard Lovelady,663992,2026,35.0,172,31,5,18.0,14.0,3,4,4.11,0.28,0.421,0.381,0.361,35.4,6.3,28.3,73.775882453,92.995488774,11.6,42.6,22.3,45.5,46.0,20.4,27.4,640,WSH,17,663992,653,2.6,0.429,0.286,0.6,0.714,0.488,0.237,0.251,3,7,80.2,15.0,2336,85.9,87.31,6,17,0,1.3999999999999917,7.13,117,148,119,152,297,327,306,-0.508,0.508,69.7,6.9,5.783988732,7,5,1,2,0,0,2,28.6,0,0,2.89,0.22,0.0,0.0,89.3,165,0.0,0.0,0.0,5.23,2.61,0.14,2.0,0.429,0.0,2.988235294,0.251,0.298,-2.988235294,0.178,0.178,0.416,0.251,35.3,17.6,10.433229250613646,-4.7057000253566885,36.44687487736949,0.3529411764705882,33.754987305281965,35.11980658030538,WSH
Carlos Vargas,672841,2026,19.0,81,17,2,21.0,4.9,3,0,4.74,0.246,0.401,0.302,0.32,37.5,9.1,28.6,73.977031071,93.102717818,14.2,21.4,16.2,52.5,48.2,23.2,25.0,282,SEA,61,672841,282,21.6,0.296,0.296,0.273,0.593,0.377,0.346,0.279,8,27,87.1,9.5,2369,92.3,92.76,6,61,0,0.5,6.49,116,145,118,149,281,321,304,0.264,-0.264,70.9,7.0,0.787677973,27,24,4,2,0,2,3,11.1,0,0,2.32,0.36,0.02,-0.02,90.3,164,20.833333333333336,12.5,11.11111111111111,5.95,-2.49,-0.02,2.16,0.296,3.0,-0.432786885,0.279,0.543,0.432786885,0.017,0.0169999999999999,0.05,0.031,9.8,36.8,7.491905376416285,1.1118916998188535,34.17179494433385,0.4590163934426229,35.98802688751407,30.27509047028511,SEA
Julian Garcia,670062,2026,46.0,179,41,7,22.9,10.6,2,3,3.13,0.196,0.304,0.28,0.267,28.0,4.3,32.2,75.518083559,92.79282188,16.8,49.5,27.7,46.2,40.7,32.2,20.3,712,CIN,83,670062,713,11.6,0.211,0.079,0.25,0.289,0.217,0.265,0.251,8,38,90.3,17.5,2892,86.6,87.03,15,83,0,0.4000000000000057,6.48,115,146,115,152,288,325,298,5.015,-5.015,72.2,7.4,2.392231875,38,32,5,3,0,0,6,15.8,0,0,2.62,0.44,-0.58,0.58,92.2,126,50.0,3.125,2.631578947368421,6.02,-1.6,0.2,2.18,0.211,1.0,-6.042168675,0.251,0.365,6.042168675,-0.04,-0.04,-0.076,-0.048,18.1,52.2,12.668592784766624,-7.62767210150521,31.47996544697136,0.5662650602409639,34.10975395203423,34.9199828353884,CIN
Kyle Hurt,669165,2026,45.2,198,58,5,29.3,11.6,4,1,4.14,0.214,0.366,0.299,0.299,31.9,7.8,40.5,79.299953448,94.208150348,25.8,56.9,34.6,51.8,43.1,24.1,25.0,742,TBD,41,669165,746,5.5,0.278,0.222,0.333,0.5,0.332,0.4,0.3,5,18,93.2,17.9,1775,94.2,94.97,10,41,0,0.7999999999999972,6.49,121,149,118,153,292,323,304,1.179,-1.179,72.3,7.0,1.481175488,18,13,3,1,0,1,5,27.8,0,0,1.67,0.89,0.78,-0.78,92.1,187,46.15384615384615,15.384615384615383,11.11111111111111,5.59,-0.99,-0.07,2.57,0.278,2.0,-2.875609756,0.3,0.656,2.875609756,-0.022,-0.0219999999999999,-0.156,-0.068,24.4,43.6,5.2314596907569175,1.6862099133472084,32.513376353959785,0.3658536585365853,35.04280554149136,28.375974183652254,TBD
Sean Newcomb,656794,2026,90.1,372,84,4,22.6,9.1,2,5,3.09,0.254,0.377,0.285,0.317,34.1,6.5,38.6,77.732436083,94.013500335,16.8,40.5,23.9,45.9,45.9,22.4,25.2,1472,CWS,63,656794,1482,4.3,0.241,0.103,0.25,0.345,0.255,0.282,0.251,7,29,88.3,12.8,2389,92.5,91.58,10,63,0,-0.9000000000000057,5.81,114,146,112,149,289,323,294,2.385,-2.385,71.8,7.0,1.999773742,29,25,6,0,0,1,4,13.8,0,0,2.24,0.46,0.59,0.59,91.3,134,48.0,4.0,3.4482758620689653,5.68,2.6,0.11,2.39,0.241,1.0,-3.785714286,0.251,0.406,3.785714286,-0.01,-0.01,-0.061,-0.027,15.9,24.8,8.604227027269795,0.0751030038528623,32.01579599138778,0.5396825396825397,33.794760649139405,30.679790689884253,CWS
Tristan Beck,663941,2026,19.0,83,9,2,10.8,6.0,1,0,5.21,0.253,0.428,0.33,0.321,25.0,8.8,35.3,80.269796765,93.463736269,10.9,36.4,18.2,49.2,51.5,29.4,14.7,313,SF,18,663941,313,5.8,0.364,0.0,0.4,0.364,0.324,0.302,0.324,4,11,84.9,-12.5,2375,90.1,90.64,2,18,0,0.5,6.71,112,147,115,152,286,321,306,-0.549,0.549,69.1,6.7,0.628428288,11,10,4,0,0,0,1,9.1,0,0,2.26,0.59,-0.24,0.24,89.8,98,10.0,0.0,0.0,5.82,-2.31,0.04,2.45,0.364,0.0,3.05,0.324,0.366,-3.05,0.04,0.0399999999999999,-0.002,0.022,11.1,38.3,4.942212156360021,5.273936920622771,31.882504197199445,0.5,35.793815088157395,25.61071252465646,SF
Anthony Molina,683627,2026,34.0,136,31,3,22.8,5.1,3,2,3.97,0.241,0.403,0.278,0.297,42.9,7.1,36.7,77.102225833,93.279798958,17.7,35.2,23.2,51.8,37.8,30.6,26.5,541,SF,127,683627,541,23.5,0.232,0.179,0.25,0.411,0.274,0.328,0.28,13,56,91.0,17.4,2113,91.3,91.37,23,127,0,0.1000000000000085,6.4,120,148,121,153,289,324,304,3.625,-3.625,72.5,7.2,1.452809373,56,46,8,2,1,2,10,17.9,0,0,1.76,1.01,0.68,-0.68,91.4,180,41.30434782608695,8.695652173913043,7.142857142857142,6.22,-1.87,-0.14,2.34,0.232,4.0,-2.854330709,0.28,0.491,2.854330709,-0.048,-0.048,-0.08,-0.054,18.1,49.5,7.890140923878714,3.6621488979219743,32.60327273314277,0.5118110236220472,36.726733812605005,29.392177240632133,SF
Trent Harris,805345,2026,23.1,94,27,1,28.7,7.4,0,1,2.31,0.197,0.28,0.281,0.241,30.0,1.7,25.0,73.612965333,92.025286,17.1,35.8,23.4,42.9,51.7,16.7,25.0,368,SF,78,805345,368,21.2,0.286,0.095,0.375,0.381,0.289,0.229,0.238,12,42,83.7,7.5,2412,89.1,89.84,16,78,0,0.7000000000000028,6.71,115,148,120,153,285,318,302,1.159,-1.159,69.7,6.9,1.27690902,42,32,9,2,1,0,10,23.8,0,0,2.54,0.39,-0.22,0.22,90.2,138,21.875,0.0,0.0,6.11,-0.49,-0.07,2.32,0.286,0.0,-1.485897436,0.238,0.292,1.485897436,0.048,0.0479999999999999,0.089,0.06,20.5,71.3,8.824301592338948,1.4949133691705434,32.46938122246133,0.5,36.18739739331528,30.12277927125867,SF
José Urquidy,664353,2026,36.1,164,30,4,18.3,4.3,2,2,4.95,0.247,0.353,0.347,0.286,35.2,5.6,36.8,76.980915645,93.448633548,16.7,34.8,22.0,51.6,39.2,27.2,26.4,607,TBD,118,664353,608,19.4,0.304,0.089,0.354,0.393,0.298,0.277,0.27,17,56,87.9,17.8,2271,84.8,84.1,25,118,0,-0.7000000000000028,5.89,118,148,122,152,294,324,300,2.246,-2.246,71.9,7.4,3.167579042,57,48,12,5,0,0,9,15.8,0,0,2.61,0.61,0.91,-0.91,91.2,177,33.33333333333333,4.166666666666666,3.508771929824561,5.97,-1.49,-0.3,2.31,0.298,2.0,-1.903389831,0.273,0.35,1.903389831,0.034,0.0249999999999999,0.043,0.021,21.2,45.1,13.945875678487916,-6.853908839318732,32.2807221943222,0.5169491525423728,37.80872698907456,34.116782137580714,TBD
Tyler Holton,663947,2026,72.0,301,55,8,18.3,6.3,2,5,2.75,0.247,0.364,0.316,0.3,31.2,5.5,37.6,76.083224495,93.552477051,14.4,43.6,23.4,46.9,52.0,17.2,22.6,1130,DET,60,663947,1130,5.3,0.286,0.214,0.261,0.5,0.337,0.313,0.268,8,28,86.0,3.2,2258,88.6,89.14,11,60,0,0.5,6.56,116,145,114,148,285,321,305,2.038,-2.038,71.4,7.3,1.862742293,28,25,6,0,0,2,3,10.7,0,0,2.39,0.53,0.47,0.47,91.5,114,36.0,8.0,7.142857142857142,5.79,1.76,-0.1,2.17,0.286,2.0,-3.396666667,0.268,0.469,3.396666667,0.018,0.0179999999999999,0.031,0.024,18.3,37.8,10.40112915598321,-1.7598453218618817,33.89306241942468,0.5333333333333333,36.82768403394384,30.198501847962987,DET
Gage Jump,695611,2026,98.2,437,108,12,24.7,10.5,6,11,5.47,0.262,0.402,0.343,0.329,40.5,6.8,39.8,79.206498333,94.427945055,15.0,46.5,25.2,48.3,39.1,26.2,28.3,1756,OAK,54,695611,1762,3.1,0.391,0.13,0.381,0.522,0.382,0.434,0.418,9,23,88.8,5.8,2386,92.1,92.45,10,54,0,0.4000000000000057,6.41,110,144,110,149,292,324,304,-0.333,0.333,72.1,7.1,2.890684049,24,22,8,0,0,1,2,8.3,0,0,1.94,0.76,0.24,0.24,92.3,159,50.0,13.636363636363637,12.5,5.56,1.87,0.0,2.33,0.375,3.0,0.616666667,0.412,0.593,-0.616666667,-0.027,-0.0369999999999999,-0.071,-0.052,18.5,43.9,8.526350208764311,1.4805782388342932,31.313769554652747,0.5185185185185185,36.83281976033052,31.797126090140125,OAK
Zach McCambley,685112,2026,13.1,60,14,1,23.3,10.0,0,0,4.05,0.275,0.48,0.312,0.367,31.6,10.5,50.0,79.719242632,94.961948158,13.6,52.3,29.1,46.0,50.0,31.6,18.4,238,CIN,22,685112,242,9.1,0.222,0.0,0.286,0.222,0.198,0.501,0.379,2,9,99.8,5.0,2575,92.0,92.06,7,22,0,0.0999999999999943,6.14,119,146,121,152,299,328,300,1.392,-1.392,75.0,7.4,0.86086064,9,7,2,0,0,0,2,22.2,0,0,2.04,0.65,-0.09,0.09,95.3,115,85.71428571428571,28.57142857142857,22.22222222222222,5.63,-1.29,-0.01,2.05,0.222,2.0,-6.327272727,0.379,0.815,6.327272727,-0.157,-0.157,-0.593,-0.303,31.8,27.6,8.230140925829222,1.6546738844978777,36.16220618291742,0.5909090909090909,35.74129146598294,30.4565986250277,CIN
Shane McClanahan,663556,2026,118.0,487,106,10,21.8,8.0,10,7,3.36,0.245,0.413,0.273,0.318,31.8,8.9,41.5,78.059291718,94.5463836,16.4,47.8,26.8,48.5,46.9,27.3,21.4,1830,TBD,29,663556,1830,1.6,0.25,0.375,0.167,0.625,0.367,0.497,0.377,4,16,94.8,10.1,2227,89.4,89.98,7,29,0,0.5999999999999943,6.66,109,142,113,148,304,334,306,-1.076,1.076,73.6,7.2,1.806972077,16,14,2,0,0,2,2,12.5,0,0,2.49,0.39,0.41,0.41,94.8,153,64.28571428571429,21.428571428571427,18.75,6.19,0.65,-0.18,2.22,0.25,3.0,3.710344828,0.377,0.8,-3.710344828,-0.127,-0.127,-0.175,-0.13,24.1,38.8,11.903961321282878,-1.6051447286770664,32.01266807073962,0.6551724137931034,36.76990198512054,33.772175927775784,TBD
Trevor Martin,694680,2026,15.1,73,9,4,12.3,9.6,0,1,4.11,0.258,0.472,0.415,0.359,34.5,9.1,41.8,76.580912222,93.7484,15.6,36.4,20.9,48.7,49.1,32.7,16.4,265,LAA,24,694680,265,9.1,0.222,0.111,0.286,0.333,0.239,0.159,0.154,2,9,80.6,-10.4,1886,90.6,91.72,3,24,0,1.1000000000000083,6.88,103,131,101,135,293,327,303,1.245,-1.245,67.5,6.6,1.120471021,9,7,1,1,0,0,2,22.2,0,0,2.18,0.61,0.55,-0.55,89.8,146,28.57142857142857,0.0,0.0,5.31,-1.93,-0.03,2.18,0.222,0.0,-5.1875,0.154,0.216,5.1875,0.068,0.068,0.117,0.08,12.5,24.9,3.922189620379789,8.789025009125396,36.99838377340406,0.2916666666666667,36.14104591769106,28.77108557664589,LAA
Cade Smith,671922,2026,74.0,295,107,5,36.3,7.8,6,1,1.95,0.189,0.315,0.241,0.261,35.4,8.7,42.8,82.0535845,94.653655813,25.4,50.7,34.5,49.6,41.0,29.8,21.7,1226,CLE,87,671922,1241,7.0,0.108,0.027,0.19,0.135,0.103,0.151,0.152,4,37,88.4,2.4,1881,95.2,97.07,31,87,0,1.8999999999999917,7.41,114,147,126,152,289,326,306,7.219,-7.219,71.2,7.1,2.156722055,38,21,3,1,0,0,17,44.7,0,0,1.7,0.85,0.57,-0.57,90.0,162,28.57142857142857,4.761904761904762,2.631578947368421,5.67,-1.97,-0.19,2.33,0.105,1.0,-8.297701149,0.149,0.203,8.297701149,-0.044,-0.044,-0.068,-0.048,35.6,38.5,6.494539501500368,4.156892368735906,33.0960038207931,0.3908045977011494,37.31824574841382,27.47649907639993,CLE
Juan Morillo,666661,2026,64.1,264,74,3,28.0,8.7,5,4,2.24,0.179,0.258,0.254,0.243,26.5,3.1,32.1,74.180612,92.9485095,20.4,43.3,29.4,49.4,51.9,20.4,19.8,1041,ARI,62,666661,1045,5.9,0.148,0.111,0.158,0.259,0.175,0.209,0.172,4,27,89.7,24.1,2296,96.1,96.03,19,62,0,-0.0999999999999943,6.25,114,146,113,152,295,324,297,4.693,-4.693,71.4,7.1,2.561159266,27,20,3,0,0,1,7,25.9,0,0,1.41,1.07,0.65,-0.65,91.2,126,35.0,5.0,3.7037037037037033,5.8,-1.61,-0.05,2.3,0.148,1.0,-7.569354839,0.172,0.323,7.569354839,-0.024,-0.0239999999999999,-0.064,-0.034,30.6,46.8,9.272425266221369,0.9873688540048722,33.425778149017134,0.5,36.14535239105285,29.06090199595187,ARI
Michael Soroka,647336,2026,116.0,473,114,10,24.1,6.1,9,5,3.41,0.251,0.403,0.282,0.312,37.2,8.0,34.1,76.693328063,93.331667969,12.4,41.2,23.0,49.4,36.5,27.6,26.6,1838,ARI,138,647336,1840,7.5,0.246,0.197,0.255,0.443,0.294,0.339,0.311,15,61,88.5,18.7,2605,88.2,88.24,30,138,0,0.0,6.2,116,146,107,152,302,324,298,4.286,-4.286,72.4,7.3,2.124500834,61,50,10,1,1,3,11,18.0,0,0,2.54,0.41,0.34,-0.34,91.4,170,36.0,6.0,4.918032786885246,5.47,-2.62,0.16,2.28,0.246,3.0,-3.105797101,0.311,0.481,3.105797101,-0.065,-0.065,-0.038,-0.045,21.7,25.5,12.687077295029276,-6.030139290810833,33.42161308145843,0.5434782608695652,34.72384143618118,34.19274504205302,ARI
Jameson Taillon,592791,2026,86.0,370,76,27,20.5,8.6,2,6,5.65,0.261,0.532,0.364,0.367,36.9,14.6,39.6,77.992759077,94.451266525,16.0,45.6,26.5,46.3,34.2,38.1,20.8,1443,TOR,28,592791,1447,1.9,0.2,0.0,0.214,0.2,0.178,0.31,0.326,3,15,91.7,27.1,2333,88.3,89.27,7,28,0,1.0,6.92,119,145,110,153,283,329,300,2.552,-2.552,74.3,7.4,1.225972318,15,14,3,0,0,0,1,6.7,0,0,2.14,0.81,0.17,-0.17,93.6,151,28.57142857142857,0.0,0.0,5.98,-1.22,0.1,2.41,0.2,0.0,-9.114285714,0.326,0.383,9.114285714,-0.126,-0.126,-0.183,-0.132,25.0,45.1,9.873548340359926,-3.911926322522208,30.826840863050236,0.6428571428571429,34.75044021851281,32.25135041154128,TOR
Jacob Misiorowski,694819,2026,174.2,665,252,14,37.9,6.6,16,5,1.8,0.174,0.255,0.216,0.226,33.9,3.6,33.3,76.498458531,92.952685282,26.0,59.3,37.3,51.3,44.2,24.4,22.5,2647,MIL,197,694819,2649,7.4,0.173,0.133,0.216,0.307,0.205,0.23,0.199,13,75,91.3,21.5,2590,97.4,99.52,80,197,0,2.0999999999999943,7.52,119,150,125,153,292,318,302,10.957,-10.957,71.2,6.9,1.771264428,75,53,8,2,1,2,22,29.3,0,0,1.65,0.77,0.57,-0.57,91.8,175,35.84905660377358,7.547169811320755,5.333333333333334,5.15,-1.99,0.05,2.51,0.173,4.0,-5.561928934,0.199,0.341,5.561928934,-0.026,-0.026,-0.034,-0.025,40.6,30.3,7.430669565504182,1.457139075680506,32.79736847904607,0.4060913705583756,34.98653855541088,28.222059131716097,MIL
Xzavion Curry,675540,2026,21.1,94,15,7,16.0,9.6,0,1,5.48,0.226,0.482,0.385,0.341,26.1,13.0,42.0,81.558195429,94.582842319,12.2,31.8,17.6,45.7,26.1,43.5,15.9,348,TBD,38,675540,349,10.9,0.182,0.136,0.176,0.318,0.215,0.289,0.209,4,22,89.3,35.3,2111,85.7,85.08,9,38,0,-0.6000000000000085,5.82,117,148,126,152,290,321,304,1.449,-1.449,72.2,7.2,1.915942423,22,18,3,0,0,1,4,18.2,0,0,2.39,0.74,0.32,-0.32,92.4,171,38.88888888888889,16.666666666666664,13.636363636363637,6.05,-1.88,-0.05,2.48,0.182,3.0,-3.813157895,0.209,0.479,3.813157895,-0.027,-0.0269999999999999,-0.161,-0.074,23.7,54.2,11.669262522736975,-1.6550744949907878,31.52276892204946,0.631578947368421,35.8637362883176,33.18315447459069,TBD
Framber Valdez,664285,2026,174.0,758,135,16,17.8,8.8,10,12,4.03,0.258,0.385,0.315,0.321,28.2,5.6,41.9,79.280653094,94.648901679,10.4,39.9,20.6,46.8,56.3,18.3,21.4,2768,DET,82,664285,2771,3.0,0.293,0.171,0.303,0.463,0.326,0.33,0.312,12,41,90.7,5.0,2298,89.1,88.21,17,82,0,-0.8999999999999915,5.76,113,146,117,149,283,321,305,1.691,-1.691,71.6,7.3,3.716615493,41,35,9,1,0,2,6,14.6,0,0,2.85,0.07,0.53,0.53,92.2,126,25.71428571428571,2.857142857142857,2.4390243902439024,5.93,1.23,0.03,2.12,0.293,1.0,-2.062195122,0.312,0.454,2.062195122,-0.019,-0.019,0.009,-0.004,20.7,43.6,12.775787427446392,-4.109017822667655,35.69050919000689,0.4756097560975609,35.893247318509225,33.02156361858172,DET
Justin Hagenman,663795,2026,8.0,33,4,2,12.1,6.1,0,0,3.38,0.278,0.56,0.328,0.375,37.0,14.8,37.0,81.525215714,94.658416667,5.3,22.2,12.3,49.2,29.6,37.0,22.2,132,NYM,38,663795,132,28.8,0.25,0.188,0.214,0.438,0.295,0.389,0.302,4,16,93.3,31.2,1968,86.6,86.48,3,38,0,-0.0999999999999943,6.21,110,149,127,153,293,317,305,1.034,-1.034,74.0,7.4,2.177911088,16,15,3,0,0,1,1,6.3,0,0,2.53,0.52,0.87,-0.87,93.4,155,53.333333333333336,13.333333333333334,12.5,5.17,-3.42,-0.04,2.2,0.25,2.0,-2.721052632,0.302,0.619,2.721052632,-0.052,-0.0519999999999999,-0.181,-0.094,7.9,20.2,10.866959269158285,-6.533186371411459,32.16509905221351,0.6578947368421053,37.63014273180599,35.248793437205805,NYM
Brett Kerry,695049,2026,13.2,54,12,1,22.2,3.7,0,0,3.95,0.23,0.36,0.269,0.27,25.0,5.0,42.5,76.830881,94.504978,21.5,35.0,26.7,49.5,47.5,20.0,20.0,212,LAA,25,695049,212,11.8,0.214,0.143,0.25,0.357,0.241,0.218,0.222,3,14,91.5,17.8,1974,86.5,86.26,7,25,0,-0.2000000000000028,6.34,111,145,117,151,297,323,307,1.289,-1.289,73.5,7.4,6.808531569,14,12,2,0,1,0,2,14.3,0,0,2.04,1.05,0.78,-0.78,94.1,145,50.0,0.0,0.0,5.83,-1.44,-0.24,2.24,0.214,0.0,-5.156,0.222,0.284,5.156,-0.008,-0.008,0.073,0.023,28.0,51.0,15.462773626740695,-11.247709103306242,30.517887548454453,0.44,39.02499148372237,37.640702829946285,LAA
Justin Martinez,679885,2026,13.1,55,18,0,32.7,18.2,3,1,2.03,0.114,0.145,0.234,0.229,11.5,0.0,26.9,75.75841,92.419863462,20.0,61.9,30.2,37.1,53.8,30.8,7.7,232,ARI,37,679885,232,15.9,0.167,0.111,0.25,0.278,0.178,0.101,0.097,3,18,85.4,20.4,1944,99.1,98.68,11,37,0,-0.3999999999999915,6.2,118,147,114,152,289,321,297,2.912,-2.912,71.0,7.1,4.5362501,19,12,2,0,1,0,7,36.8,0,0,1.52,0.83,0.85,-0.85,90.2,197,25.0,0.0,0.0,6.13,-2.77,0.1,2.43,0.158,0.0,-7.87027027,0.093,0.151,7.87027027,0.07,0.065,0.127,0.077,29.7,37.2,7.066994318909084,0.1374979458140067,32.32937405260703,0.4594594594594595,34.793639779605456,27.58980468815511,ARI
Edwin Díaz,621242,2026,18.2,96,28,3,29.2,11.5,2,2,8.68,0.256,0.381,0.4,0.328,42.6,7.5,46.3,80.254157778,94.774877547,16.7,39.7,24.9,44.8,31.5,31.5,31.5,395,LAD,44,621242,402,10.9,0.35,0.25,0.5,0.6,0.401,0.296,0.29,7,20,94.3,25.9,2303,94.1,95.74,12,44,0,1.6000000000000083,7.12,118,146,113,151,285,314,302,-0.894,0.894,70.4,7.1,1.317196989,20,14,4,1,2,0,6,30.0,0,0,1.84,0.73,0.6,-0.6,93.3,173,57.14285714285714,7.142857142857142,5.0,4.69,-2.07,0.23,2.36,0.35,1.0,2.031818182,0.29,0.394,-2.031818182,0.06,0.06,0.206,0.105,27.3,15.0,9.274048388703658,-4.770999094906307,33.73864842450786,0.3863636363636363,32.9672572707802,30.39712311953434,LAD
Janson Junk,676083,2026,123.2,523,89,15,17.0,6.3,6,9,4.22,0.255,0.409,0.319,0.315,29.8,7.3,38.4,79.444623333,94.335657763,10.6,30.0,15.9,49.0,43.7,23.5,20.5,1981,MIA,201,676083,1983,10.1,0.237,0.065,0.278,0.301,0.235,0.278,0.259,22,93,89.3,15.4,2277,88.4,88.67,34,201,0,0.2999999999999971,6.5,119,146,112,151,299,328,304,10.962,-10.962,72.4,7.0,1.515789815,93,79,16,6,0,0,14,15.1,0,0,2.42,0.53,0.06,-0.06,91.9,148,35.44303797468354,7.59493670886076,6.451612903225806,5.65,-1.27,0.07,2.32,0.237,6.0,-5.453731343,0.259,0.388,5.453731343,-0.022,-0.022,-0.087,-0.043,16.9,43.1,7.972828167585737,2.638775328881714,33.107090104797,0.5024875621890548,34.904334715307215,29.191659839811496,MIA
Blake Snell,605483,2026,42.2,173,55,0,31.8,9.2,4,1,1.9,0.182,0.228,0.245,0.228,28.7,2.0,15.8,71.9158414,91.0630215,21.8,49.1,34.8,49.7,43.6,24.8,18.8,741,LAD,75,605483,742,10.1,0.241,0.069,0.368,0.31,0.24,0.165,0.178,7,29,85.0,9.8,2422,91.6,92.54,23,75,0,0.9000000000000057,6.73,112,147,114,151,285,318,307,3.504,-3.504,70.8,7.0,4.332081504,29,19,5,2,0,0,10,34.5,0,0,1.81,0.93,0.06,0.06,88.8,152,0.0,0.0,0.0,6.57,1.94,-0.23,2.3,0.241,0.0,-4.672,0.178,0.204,4.672,0.063,0.063,0.106,0.075,30.7,58.4,8.162497764199752,-1.171575879629111,32.4351512543647,0.4666666666666667,38.83543011706573,30.91410558862076,LAD
Brandon Sproat,687075,2026,97.0,422,101,17,23.9,12.3,3,7,5.57,0.245,0.407,0.352,0.341,34.7,8.6,42.7,79.511800551,94.630858031,17.0,45.0,25.0,45.6,43.2,27.8,23.2,1727,TBD,7,687075,1757,0.4,0.0,0.0,0.0,0.0,0.0,0.005,0.006,0,1,89.0,49.0,2160,95.6,95.37,1,7,0,-0.1999999999999886,6.16,127,151,139,155,297,316,300,0.474,-0.474,73.8,7.2,1.111029948,1,1,0,0,0,0,0,0.0,0,0,1.74,0.78,0.33,-0.33,88.2,180,0.0,0.0,0.0,5.65,-2.24,0.02,2.18,0.0,0.0,-6.771428571,0.006,0.008,6.771428571,-0.006,-0.006,-0.008,-0.005,14.3,31.8,8.685148945293767,-1.0302198780179137,35.55829608877634,0.4285714285714285,32.1246509703313,31.25207201058265,TBD
Kade Anderson,807739,2026,35.2,146,32,4,21.9,6.2,2,2,3.79,0.257,0.394,0.305,0.304,35.2,7.6,41.0,75.477745577,93.919997885,18.3,39.1,24.4,54.5,43.8,25.7,23.8,541,SEA,52,807739,541,9.6,0.346,0.231,0.364,0.577,0.394,0.348,0.328,9,26,90.2,7.4,2149,89.5,90.71,11,52,0,1.2000000000000028,6.85,115,146,112,150,285,325,308,-1.068,1.068,71.3,7.1,3.883104522,26,23,6,1,1,1,3,11.5,0,0,2.3,0.54,0.2,0.2,92.5,157,47.82608695652174,8.695652173913043,7.6923076923076925,5.95,2.67,-0.04,2.29,0.346,2.0,2.053846154,0.328,0.479,-2.053846154,0.018,0.0179999999999999,0.098,0.046,21.2,52.4,9.912779113133452,-2.607686137430826,32.661907331265894,0.4423076923076923,36.88118466434087,32.153542471123586,SEA
Casey Mize,663554,2026,131.1,549,110,18,20.0,6.9,6,10,4.32,0.238,0.395,0.318,0.303,35.2,8.3,39.4,78.784962487,94.10273368,15.8,38.8,23.2,47.4,33.7,31.2,25.1,2083,TBD,180,663554,2083,8.6,0.292,0.25,0.274,0.542,0.351,0.273,0.252,28,96,88.7,16.8,1908,89.0,89.96,24,180,0,1.0,6.81,119,146,113,152,295,327,306,-2.178,2.178,72.3,7.3,3.137799931,97,89,15,7,1,5,8,8.2,0,0,2.08,0.8,0.72,-0.72,91.7,169,35.95505617977528,5.617977528089887,5.154639175257731,5.82,-2.33,-0.25,2.16,0.289,5.0,1.21,0.25,0.389,-1.21,0.04,0.0389999999999999,0.153,0.078,13.3,43.6,11.159018981671988,-3.488621649007504,32.55342286592509,0.6444444444444445,37.92815267182144,33.38842453868392,TBD
Elvis Alvarado,665660,2026,55.1,229,65,10,28.4,10.9,5,4,3.9,0.218,0.418,0.319,0.322,29.9,13.1,46.7,79.8267675,94.9608175,28.2,39.4,31.4,50.9,36.5,41.6,16.8,951,OAK,97,665660,958,10.1,0.3,0.2,0.333,0.5,0.344,0.313,0.272,12,40,90.2,23.0,2252,96.7,95.62,29,97,0,-1.1000000000000083,5.72,118,147,112,151,292,324,301,0.978,-0.978,71.9,7.2,1.958837646,40,32,8,2,0,2,8,20.0,0,0,1.44,1.02,0.99,-0.99,91.3,202,40.625,9.375,7.5,5.88,-2.11,-0.12,2.49,0.3,3.0,-1.008247423,0.272,0.456,1.008247423,0.028,0.0279999999999999,0.044,0.031,29.9,23.2,6.380485485161025,0.7660403741439461,31.41815945435758,0.4845360824742268,35.96974754215602,27.9467983418848,OAK
Samy Natera Jr.,696519,2026,31.2,131,48,1,36.6,9.9,1,2,3.13,0.178,0.261,0.256,0.246,33.8,4.4,35.3,78.913498788,93.454441667,29.1,51.9,35.7,47.8,22.1,36.8,30.9,580,LAA,17,696519,580,2.9,0.375,0.125,0.6,0.5,0.38,0.323,0.317,3,8,93.9,23.6,2348,94.8,95.37,9,17,0,0.6000000000000085,6.72,115,147,112,151,289,320,302,-0.442,0.442,70.3,6.8,0.800259895,8,5,2,1,0,0,3,37.5,0,0,0.96,1.59,0.32,0.32,92.6,254,40.0,0.0,0.0,6.27,0.99,0.09,2.57,0.375,0.0,2.6,0.317,0.43,-2.6,0.058,0.0579999999999999,0.07,0.057,52.9,52.0,4.235677333731946,8.91505076639624,32.51281803928009,0.4117647058823529,34.9599505367424,22.64582496675492,LAA
Emmet Sheehan,686218,2026,112.1,472,132,21,28.0,7.0,5,8,4.57,0.218,0.379,0.32,0.292,34.4,9.7,38.5,77.952393893,93.908948687,18.4,52.8,31.6,50.7,35.8,29.8,23.1,1954,TBD,55,686218,1960,2.8,0.238,0.143,0.286,0.381,0.267,0.309,0.271,5,21,91.8,20.1,2328,88.0,88.23,15,55,0,0.2000000000000028,6.53,118,148,118,154,290,315,300,1.441,-1.441,72.2,7.2,3.103765345,21,15,4,0,0,1,6,28.6,0,0,2.53,0.47,0.33,-0.33,91.8,158,46.66666666666666,6.666666666666667,4.761904761904762,5.19,-1.28,0.14,2.49,0.238,1.0,-2.62,0.271,0.447,2.62,-0.033,-0.033,-0.066,-0.042,27.3,28.2,12.942235854547356,-7.0394835268755935,31.87371201397384,0.6363636363636364,33.999411045406134,35.408711818395425,TBD
Robert Garcia,676395,2026,18.2,71,11,1,15.5,12.7,2,1,2.41,0.229,0.337,0.278,0.302,27.5,3.9,29.4,75.6061424,92.385421,19.4,37.5,24.0,43.6,49.0,29.4,15.7,287,TEX,22,676395,287,7.7,0.154,0.077,0.182,0.231,0.166,0.278,0.257,2,13,87.5,10.2,2163,91.5,91.54,8,22,0,0.0,6.4,118,147,116,154,294,328,301,2.068,-2.068,71.3,7.2,3.453769083,13,11,1,1,0,0,2,15.4,0,0,1.97,0.77,0.79,0.79,91.3,178,36.36363636363637,0.0,0.0,5.78,3.52,0.22,2.29,0.154,0.0,-9.4,0.257,0.381,9.4,-0.103,-0.103,-0.15,-0.112,36.4,26.9,8.102712649846955,1.1658913289707789,33.459854423702126,0.5,33.90772548367933,29.56872952344841,TEX
Marco Gonzales,594835,2026,6.2,29,3,0,10.3,13.8,0,0,1.35,0.208,0.294,0.324,0.267,31.8,4.5,22.7,75.285237273,91.4655,18.8,15.0,17.3,44.1,36.4,27.3,27.3,118,TBD,1,594835,121,0.8,0.0,0.0,0.0,0.0,0.0,0.086,0.092,0,1,68.7,-3.0,2150,81.8,81.5,0,1,0,-0.2999999999999971,6.2,105,142,88,150,296,323,308,0.335,-0.335,68.7,7.7,,1,1,0,0,0,0,0,0.0,0,0,3.62,-0.2,-0.7,-0.7,88.0,23,0.0,0.0,0.0,5.46,2.22,-0.86,1.81,0.0,0.0,-33.5,0.092,0.111,33.5,-0.092,-0.092,-0.111,-0.086,0.0,35.6,10.279242472338405,-4.58636752546278,29.708216051359784,1.0,47.36036072061696,35.939743236964816,TBD
Jackson Jobe,695549,2026,46.0,193,51,7,26.4,8.3,3,3,3.91,0.225,0.375,0.311,0.302,30.3,9.1,37.7,78.539593443,93.796381488,16.9,39.7,25.3,47.6,47.5,27.0,20.5,771,DET,229,695549,771,29.7,0.235,0.225,0.25,0.461,0.289,0.279,0.241,24,102,90.0,13.1,2509,92.3,92.1,50,229,0,-0.2000000000000028,6.1,116,146,118,152,288,324,300,5.915,-5.915,70.8,7.2,1.987331371,104,81,12,6,1,5,23,22.1,0,0,2.18,0.51,0.3,-0.3,91.9,162,41.9753086419753,9.876543209876544,7.6923076923076925,5.72,-1.85,-0.01,2.28,0.231,8.0,-2.582969432,0.239,0.419,2.582969432,-0.006,-0.0079999999999999,0.042,0.01,21.8,37.9,10.60327201935412,-2.66911038970016,33.55267133604245,0.4672489082969432,35.30169888726309,30.10317994116124,DET
Gordon Graceffo,700669,2026,81.0,326,63,5,19.3,11.0,8,2,2.67,0.243,0.415,0.262,0.327,34.1,9.0,43.5,80.770719099,94.899808869,12.3,37.4,21.2,45.5,47.5,27.4,21.1,1222,STL,98,700669,1233,7.9,0.167,0.071,0.233,0.238,0.171,0.273,0.235,7,42,89.5,11.1,2111,89.7,89.66,29,98,0,0.0,6.23,115,143,109,148,292,320,297,7.104,-7.104,71.3,7.1,2.593545478,43,30,4,3,0,0,13,30.2,0,0,2.43,0.42,0.33,-0.33,91.6,143,40.0,6.666666666666667,4.651162790697675,6.06,-1.35,0.01,2.14,0.163,2.0,-7.248979592,0.239,0.379,7.248979592,-0.068,-0.0759999999999999,-0.141,-0.102,29.6,51.3,10.80759685707188,-2.1758610045402422,34.02590615693153,0.4795918367346938,35.28726159696436,31.856534662358506,STL
Carson Whisenhunt,687931,2026,34.2,164,26,5,15.9,12.8,3,4,6.49,0.272,0.467,0.372,0.368,39.7,7.8,44.8,81.944113966,95.059663739,18.2,43.6,28.2,45.4,33.6,33.6,27.6,617,TBD,20,687931,617,3.2,0.333,0.0,0.3,0.333,0.267,0.389,0.364,3,9,94.4,17.1,2307,87.7,88.25,2,20,0,0.5999999999999943,6.67,116,147,108,153,288,321,303,0.679,-0.679,70.1,7.0,0.383414052,10,10,3,0,0,0,0,0.0,0,0,2.51,0.49,0.53,0.53,93.6,230,30.0,10.0,10.0,6.08,1.84,0.06,2.31,0.3,1.0,-3.395,0.341,0.596,3.395,-0.031,-0.041,-0.263,-0.122,10.0,47.9,7.31027009815908,1.0357860535968475,31.84875178274249,0.55,34.89830111695441,30.33798861106797,TBD
Kohl Drake,684442,2026,20.2,95,17,5,17.9,7.4,0,1,6.53,0.298,0.597,0.403,0.412,44.8,16.4,49.3,82.025661212,95.518452615,18.6,30.0,22.0,44.0,29.9,37.3,26.9,382,ARI,25,684442,382,6.5,0.444,0.556,0.375,1.0,0.607,0.668,0.443,4,9,96.9,19.1,2299,84.5,84.98,3,25,0,0.5,6.55,114,148,116,152,300,325,293,-2.999,2.999,72.5,7.7,1.845525108,9,9,1,2,0,1,0,0.0,0,0,2.75,0.48,0.33,0.33,94.7,215,66.66666666666666,33.33333333333333,33.33333333333333,5.75,1.34,-0.1,2.35,0.444,3.0,11.996,0.443,1.166,-11.996,0.001,0.001,-0.166,-0.061,12.0,37.1,12.409285097977506,-12.552450777383124,30.73487535162497,0.44,35.95670003350497,37.87274151930161,ARI
Jesús Luzardo,666200,2026,179.2,730,221,15,30.3,7.1,14,5,2.86,0.204,0.303,0.274,0.261,32.3,5.9,33.2,76.421373899,93.154302408,16.6,55.9,31.9,46.3,50.2,22.2,22.0,2864,PHI,44,666200,2864,1.5,0.1,0.0,0.143,0.1,0.089,0.206,0.182,2,20,84.7,1.3,2376,91.5,90.45,14,44,0,-1.0999999999999943,5.75,117,147,113,148,286,325,295,4.883,-4.883,69.9,7.2,8.442547312,20,14,2,0,0,0,6,30.0,0,0,2.42,0.34,0.32,0.32,90.8,145,28.57142857142857,7.142857142857142,5.0,5.58,2.69,-0.3,2.27,0.1,1.0,-11.097727273,0.182,0.299,11.097727273,-0.082,-0.0819999999999999,-0.199,-0.117,31.8,26.4,9.469736914850913,0.2369192470153986,31.40247535573222,0.2954545454545454,40.02492982955688,32.19076442839724,PHI
Tyler Phillips,663969,2026,126.2,538,101,17,18.8,10.4,5,6,3.34,0.256,0.414,0.313,0.332,32.4,8.0,42.2,79.135979947,94.262393324,11.8,50.1,26.4,45.8,47.7,27.9,22.0,2037,MIA,135,663969,2037,6.6,0.25,0.183,0.24,0.433,0.287,0.344,0.287,15,60,86.9,12.4,2028,87.8,87.58,27,135,0,-0.2000000000000028,6.23,119,146,111,151,293,322,303,1.715,-1.715,72.2,7.5,2.991920213,61,53,11,0,1,3,8,13.1,0,0,3.01,-0.02,0.34,-0.34,92.2,160,35.84905660377358,11.320754716981131,9.836065573770492,6.13,-1.15,-0.07,1.9,0.246,6.0,-1.27037037,0.284,0.532,1.27037037,-0.037,-0.0379999999999999,-0.099,-0.057,20.0,33.4,12.561152590312377,-7.927989655472018,34.228160552479906,0.4962962962962963,36.48653063074531,35.618807265826625,MIA
Tyler Schweitzer,805326,2026,37.1,154,18,3,11.7,7.8,1,0,3.13,0.29,0.484,0.319,0.359,40.3,8.9,46.8,79.865566721,95.135184344,15.9,36.8,21.3,52.3,37.9,31.5,27.4,566,TBD,32,805326,566,5.7,0.333,0.278,0.313,0.611,0.402,0.338,0.293,6,18,84.7,11.6,2393,89.7,89.84,6,32,0,0.0999999999999943,6.33,113,149,113,153,288,323,302,-0.206,0.206,72.1,7.0,1.584027687,18,17,3,2,0,1,1,5.6,0,0,2.18,0.66,-0.08,-0.08,92.2,176,35.294117647058826,5.88235294117647,5.555555555555555,5.87,2.38,-0.27,2.31,0.333,1.0,0.64375,0.293,0.5,-0.64375,0.04,0.04,0.111,0.064,18.8,44.6,8.519293799724945,-0.3929499602654732,32.46627121232059,0.625,36.96372227899343,31.324990788163973,TBD
Patrick Monteverde,687287,2026,4.0,18,2,1,11.1,5.6,0,0,9.0,0.255,0.409,0.41,0.307,40.0,6.7,33.3,81.734025,92.057346,6.9,25.0,10.8,56.9,20.0,46.7,26.7,65,MIA,17,687287,65,26.2,0.429,0.286,0.429,0.714,0.482,0.255,0.258,3,7,84.9,27.7,2107,83.9,83.92,1,17,0,0.0,6.13,116,148,121,153,288,318,303,-0.171,0.171,72.1,7.7,1.434902472,7,7,2,0,1,0,0,0.0,0,0,2.78,0.46,0.01,0.01,91.2,153,14.285714285714285,0.0,0.0,5.87,1.93,-0.01,2.29,0.429,0.0,1.005882353,0.258,0.327,-1.005882353,0.171,0.1709999999999999,0.387,0.227,5.9,37.4,13.221319563767253,-14.156531281203822,30.448856188302827,0.7647058823529411,35.37915033146056,39.141962041296274,MIA
Joey Estes,683155,2026,7.1,34,5,4,14.7,5.9,0,0,11.05,0.337,0.576,0.545,0.396,40.7,14.8,37.0,82.426099286,93.888562963,18.4,43.8,24.6,52.0,14.8,48.1,33.3,125,OAK,10,683155,125,8.0,0.571,0.429,0.5,1.0,0.674,0.507,0.486,4,7,83.5,25.4,2266,85.1,84.89,1,10,0,-0.1999999999999886,6.02,100,144,119,149,295,324,304,-1.968,1.968,74.8,7.8,2.92119768,7,7,3,0,0,1,0,0.0,0,0,2.3,0.86,0.41,-0.41,90.9,221,28.57142857142857,14.285714285714285,14.285714285714285,5.73,-1.91,-0.4,2.27,0.571,1.0,19.68,0.486,0.685,-19.68,0.085,0.0849999999999999,0.315,0.167,10.0,34.5,11.364421933847677,-7.465176544980538,30.242238613616777,0.4,38.70045550879703,35.29661193011552,OAK
Justin Verlander,434378,2026,9.0,39,7,3,17.9,7.7,0,1,7.0,0.271,0.572,0.422,0.382,31.0,13.8,44.8,83.038193333,95.503844828,17.9,20.0,18.6,50.3,17.2,41.4,27.6,171,DET,33,434378,171,19.3,0.167,0.25,0.125,0.417,0.245,0.187,0.117,2,12,87.0,35.7,2482,87.6,86.84,6,33,0,-0.7999999999999972,5.73,120,147,128,152,286,327,305,2.106,-2.106,71.4,7.4,1.97669517,12,9,1,0,0,1,3,25.0,0,0,2.3,0.7,0.18,-0.18,90.3,198,11.11111111111111,11.11111111111111,8.333333333333332,6.9,-1.89,-0.03,2.35,0.167,1.0,-6.381818182,0.117,0.331,6.381818182,0.05,0.05,0.086,0.058,18.2,52.9,14.65593226693517,-8.62005256301389,31.07278932315107,0.3939393939393939,35.372649236506184,33.78108863457975,DET
Jonathan Bowlan,680742,2026,56.1,229,73,8,31.9,6.6,2,2,3.36,0.193,0.323,0.276,0.262,35.8,7.3,36.5,76.093496618,93.230517481,23.9,43.0,31.3,50.0,46.7,28.5,20.4,966,PHI,76,680742,967,7.9,0.077,0.115,0.056,0.192,0.113,0.182,0.155,2,26,89.5,10.7,2260,94.5,95.06,17,76,0,0.5999999999999943,6.66,121,147,117,149,289,323,300,6.371,-6.371,70.4,6.8,1.441773612,26,19,1,0,0,1,7,26.9,0,0,1.48,1.09,0.63,-0.63,90.7,194,42.10526315789473,5.263157894736842,3.8461538461538463,6.21,-2.58,-0.11,2.66,0.077,1.0,-8.382894737,0.155,0.276,8.382894737,-0.078,-0.078,-0.084,-0.069,22.4,40.5,5.04285413818435,8.268653363186363,30.380195072096644,0.3552631578947368,36.35576584935036,25.5589292432792,PHI
Cesar Perdomo,702885,2026,24.2,104,14,4,13.5,6.7,0,1,3.65,0.267,0.427,0.337,0.324,37.3,7.2,42.2,79.46218439,94.022218642,11.3,41.5,19.9,49.6,42.2,30.1,21.7,375,SF,60,702885,375,16.0,0.333,0.233,0.308,0.567,0.374,0.371,0.322,10,30,89.5,23.6,2178,89.1,88.22,9,60,0,-0.8999999999999915,5.78,110,147,121,153,285,320,299,0.425,-0.425,72.0,7.0,2.801697191,31,28,7,1,0,2,3,9.7,0,0,2.14,0.75,0.44,0.44,92.8,192,46.42857142857143,7.142857142857142,6.451612903225806,5.7,2.22,0.01,2.52,0.323,2.0,-0.708333333,0.323,0.545,0.708333333,0.011,0.0,0.022,0.003,15.0,38.7,13.524582167543851,-6.716486879767384,34.090706240041186,0.5666666666666667,34.93558961526089,34.645963692565324,SF
Dylan Dodd,689266,2026,49.2,194,53,7,27.3,7.2,4,1,2.54,0.198,0.354,0.26,0.273,37.9,8.9,37.1,80.094113934,93.49856377,22.8,41.9,29.5,54.4,27.4,33.1,24.2,779,ATL,47,689266,783,6.0,0.182,0.227,0.188,0.409,0.248,0.268,0.18,4,22,91.6,29.2,2174,91.5,91.35,14,47,0,-0.0999999999999943,6.19,117,145,116,151,306,323,307,0.741,-0.741,72.2,7.3,2.764909732,22,17,1,2,0,1,5,22.7,0,0,1.55,1.19,0.46,0.46,91.3,189,35.294117647058826,17.647058823529413,13.636363636363637,6.14,1.9,-0.27,2.53,0.182,3.0,-1.576595745,0.18,0.465,1.576595745,0.002,0.002,-0.056,-0.02,29.8,44.1,11.638515046600418,-4.391111868537975,29.035255480801016,0.5531914893617021,38.79000411059201,32.78496532013232,ATL
Trent Thornton,663423,2026,48.1,196,31,8,15.8,8.7,5,5,3.35,0.254,0.457,0.318,0.339,31.7,10.3,44.4,80.178630694,94.570327708,12.4,36.8,20.6,48.9,46.9,27.6,17.9,708,CHC,41,663423,718,5.7,0.267,0.267,0.3,0.533,0.339,0.34,0.256,4,15,93.1,15.5,2738,89.5,89.48,6,41,0,0.0,6.15,116,149,115,153,293,317,299,1.075,-1.075,72.9,7.0,1.934581137,15,11,2,1,0,1,4,26.7,0,0,2.57,0.32,-0.08,0.08,91.2,140,45.45454545454545,9.090909090909092,6.666666666666667,5.54,-2.2,0.33,2.4,0.267,1.0,-2.62195122,0.256,0.558,2.62195122,0.011,0.011,-0.025,-0.001,14.6,45.6,11.940907721783264,-2.0580230125218826,33.118280524452786,0.4634146341463415,33.10913155856158,32.65449497325575,CHC
Blake Treinen,595014,2026,29.2,130,31,3,23.8,10.0,4,1,3.64,0.261,0.465,0.328,0.343,35.3,10.7,41.2,75.82214875,94.597450625,13.1,43.5,24.9,48.0,47.1,29.4,18.8,494,TBD,22,595014,499,4.4,0.143,0.0,0.167,0.143,0.111,0.113,0.107,1,7,86.2,23.5,2557,90.5,89.68,5,22,0,-0.7999999999999972,5.74,112,142,114,148,284,313,295,1.505,-1.505,70.4,7.1,2.093989848,8,6,1,0,0,0,2,25.0,0,0,2.41,0.4,-0.11,0.11,90.3,149,33.33333333333333,0.0,0.0,6.08,-3.11,0.13,2.5,0.125,0.0,-6.840909091,0.095,0.198,6.840909091,0.036,0.03,-0.055,-0.002,22.7,29.3,15.23820859418374,-4.501328787160123,33.3619837311567,0.5454545454545454,34.83156325176761,32.79000460183275,TBD
Kyle Freeland,607536,2026,135.1,613,108,29,17.6,4.7,4,12,6.65,0.29,0.496,0.386,0.356,35.0,11.1,43.5,79.949685431,95.282319222,11.0,44.5,22.2,51.1,40.5,28.4,26.4,2187,COL,61,607536,2187,2.8,0.3,0.2,0.296,0.5,0.343,0.412,0.344,9,30,88.3,13.0,2343,87.6,88.3,8,61,0,0.7000000000000028,6.6,123,147,120,152,291,328,306,0.749,-0.749,72.1,7.4,3.871236986,30,28,5,3,0,1,2,6.7,0,0,2.53,0.45,0.34,0.34,91.8,159,39.285714285714285,17.857142857142858,16.666666666666664,5.68,2.69,-0.09,2.22,0.3,5.0,-1.227868852,0.344,0.626,1.227868852,-0.044,-0.0439999999999999,-0.126,-0.069,13.1,25.0,8.535678750412295,0.6856739771234535,36.25425178644422,0.4918032786885246,35.375724141922966,29.45810325940138,COL
Nolan McLean,690997,2026,179.2,747,194,17,26.0,9.4,12,10,3.16,0.219,0.339,0.288,0.294,32.5,6.5,35.5,76.941804391,93.541793595,14.9,41.1,23.6,44.3,45.9,23.9,23.7,2914,NYM,211,690997,2915,7.2,0.333,0.141,0.354,0.475,0.348,0.336,0.311,33,99,91.3,14.6,2477,91.4,91.26,40,211,0,-0.1000000000000085,6.44,117,148,122,152,292,326,307,4.377,-4.377,72.3,7.3,2.090330556,100,86,27,2,0,4,14,14.0,0,0,2.52,0.26,0.52,-0.52,92.0,160,48.23529411764706,7.0588235294117645,6.0,5.21,-3.96,-0.15,2.21,0.33,6.0,-2.074407583,0.31,0.47,2.074407583,0.022,0.02,0.005,0.012,19.0,30.1,9.456212065332304,1.4077840033782467,34.432106651047384,0.5071090047393365,37.15490112958988,28.8462061903091,NYM
Brycen Mautz,802408,2026,15.1,75,19,2,25.3,14.7,0,1,5.87,0.246,0.42,0.391,0.357,51.2,9.3,30.2,76.954770952,93.825449524,20.2,60.0,32.6,42.7,34.9,25.6,37.2,302,STL,49,802408,302,16.2,0.227,0.182,0.267,0.409,0.272,0.302,0.263,5,22,88.9,6.1,2386,89.5,89.76,20,49,0,0.2999999999999971,6.46,114,144,116,149,297,323,294,2.258,-2.258,71.5,7.2,4.1994555,22,16,3,1,0,1,6,27.3,0,0,2.53,0.35,0.6,0.6,92.2,131,37.5,6.25,4.545454545454546,5.18,3.37,-0.02,2.37,0.227,1.0,-4.608163265,0.263,0.449,4.608163265,-0.036,-0.036,-0.04,-0.03,40.8,21.1,10.97221110151611,-3.28409725140923,33.09752054764318,0.5306122448979592,35.797163439504544,32.203259607591924,STL
Yovanny Cruz,672442,2026,16.0,70,15,2,21.4,12.9,0,2,5.06,0.263,0.405,0.358,0.352,43.2,2.3,43.2,77.191992273,94.084549545,16.3,47.2,25.9,45.3,36.4,22.7,31.8,256,WSH,41,672442,256,16.0,0.444,0.167,0.5,0.611,0.46,0.447,0.384,8,18,97.0,19.0,2180,93.7,93.48,12,41,0,-0.2000000000000028,6.27,100,139,113,148,293,328,299,-1.783,1.783,74.0,7.5,2.831585113,18,15,7,0,0,1,3,16.7,0,0,2.23,0.39,0.43,-0.43,94.5,200,66.66666666666666,6.666666666666667,5.555555555555555,6.0,-2.82,0.08,1.91,0.444,1.0,4.348780488,0.384,0.667,-4.348780488,0.06,0.06,-0.056,0.013,29.3,32.5,10.898229317652936,-5.865072057503645,35.628236047611814,0.4390243902439024,35.33043739383094,34.15546286558128,WSH
Anthony Nunez,689296,2026,59.2,255,66,5,25.9,10.2,3,2,4.07,0.228,0.373,0.29,0.305,40.3,6.3,40.9,76.246245128,93.983125161,12.7,58.6,32.8,48.1,42.1,24.5,25.8,993,BAL,47,689296,1005,4.7,0.217,0.087,0.357,0.304,0.226,0.292,0.283,5,23,87.7,2.7,2077,91.3,91.77,15,47,0,0.5,6.68,118,145,116,149,287,324,304,2.156,-2.156,69.7,7.3,3.936355274,23,14,3,2,0,0,9,39.1,0,0,2.26,0.5,0.04,-0.04,92.1,134,50.0,7.142857142857142,4.3478260869565215,5.63,-1.35,0.2,2.0,0.217,1.0,-4.587234043,0.283,0.393,4.587234043,-0.066,-0.0659999999999999,-0.089,-0.066,31.9,39.2,12.23692740339674,-4.617550532989173,34.94182519165496,0.2553191489361702,33.54558503536163,33.63998072049592,BAL
Tyler Wells,669330,2026,72.0,277,72,8,26.0,6.5,5,2,2.38,0.201,0.346,0.251,0.266,35.1,7.0,33.0,78.441537253,92.953249171,23.5,45.1,30.6,52.3,27.6,33.0,23.2,1068,TB,62,669330,1072,5.8,0.227,0.045,0.313,0.273,0.219,0.24,0.231,5,22,89.3,24.3,2379,89.8,89.68,18,62,0,-0.0999999999999943,6.16,114,148,113,153,292,334,306,3.308,-3.308,71.2,7.1,1.867462059,22,16,4,1,0,0,6,27.3,0,0,1.62,1.21,0.47,-0.47,90.7,167,31.25,6.25,4.545454545454546,7.01,-0.85,-0.18,2.64,0.227,1.0,-5.335483871,0.231,0.324,5.335483871,-0.004,-0.004,-0.051,-0.021,29.0,51.4,9.86251150051869,0.1520687084414329,29.66258666273748,0.5161290322580645,37.73598370417364,29.24216167932379,TB
José A. Ferrer,678606,2026,64.2,295,54,7,18.3,6.8,4,4,4.18,0.252,0.386,0.333,0.311,28.0,6.1,36.0,74.687788571,93.411498565,14.1,34.2,19.6,50.1,56.5,21.5,18.7,1090,SEA,59,678606,1101,5.4,0.273,0.091,0.321,0.364,0.277,0.237,0.229,9,33,84.3,1.3,2183,97.0,96.47,9,59,0,-0.5,6.02,110,144,109,148,281,321,303,0.765,-0.765,70.3,6.7,1.459403938,33,28,6,3,0,0,5,15.2,0,0,1.99,0.45,1.33,1.33,90.5,128,28.57142857142857,3.571428571428571,3.0303030303030303,5.72,2.89,0.23,2.24,0.273,1.0,-1.296610169,0.229,0.321,1.296610169,0.044,0.044,0.043,0.04,15.3,31.5,1.189333594469015,8.840922382093488,35.09952250214796,0.2542372881355932,35.073939699177444,24.39838810373965,SEA
Jake Irvin,663623,2026,106.2,470,110,20,23.4,10.2,2,10,5.48,0.252,0.457,0.34,0.351,35.3,10.9,44.9,77.948795033,94.851185282,18.0,40.8,24.0,46.6,38.0,28.7,23.8,1939,WSH,220,663623,1939,11.3,0.266,0.245,0.257,0.511,0.324,0.304,0.262,25,94,90.6,18.9,2356,87.4,88.64,46,220,0,1.1999999999999886,7.02,118,146,121,153,298,330,302,-0.227,0.227,72.7,7.2,1.576387601,96,80,14,5,0,6,16,16.7,0,0,2.45,0.59,0.2,-0.2,92.4,160,47.5,7.5,6.25,5.46,-2.11,0.07,2.24,0.26,6.0,0.103181818,0.262,0.442,-0.103181818,0.004,-0.002,0.069,0.02,20.9,26.9,10.711397243759734,-1.7177553719352052,34.812692882538805,0.45,35.58691325397364,32.88649671233864,WSH
Jack Weisenburger,674073,2026,12.2,50,14,0,28.0,8.0,0,0,2.13,0.192,0.285,0.254,0.246,34.4,6.3,31.3,79.900574375,93.226258387,13.1,44.2,26.0,50.7,46.9,31.3,18.8,205,NYM,54,674073,205,26.3,0.3,0.05,0.462,0.35,0.286,0.234,0.223,6,20,89.9,19.5,2114,91.2,92.16,14,54,0,1.0,6.85,112,145,126,150,295,327,305,1.257,-1.257,72.1,6.9,0.958627268,20,13,5,1,0,0,7,35.0,0,0,1.96,0.8,0.51,-0.51,90.6,176,23.07692307692308,7.6923076923076925,5.0,5.67,-1.74,0.02,2.46,0.3,1.0,-2.327777778,0.223,0.319,2.327777778,0.077,0.0769999999999999,0.031,0.052,25.9,40.3,6.260312677846748,6.388756409864977,35.65636957025052,0.4074074074074074,36.10505540732838,25.4073172772944,NYM
Dustin May,669160,2026,145.2,621,144,14,23.2,8.1,7,9,4.7,0.251,0.397,0.317,0.323,36.1,7.8,44.3,79.285414951,94.649461397,13.0,43.9,23.0,47.6,41.9,25.1,25.5,2398,MIL,172,669160,2400,7.2,0.261,0.188,0.286,0.449,0.305,0.35,0.304,18,69,87.9,14.9,2564,92.0,92.45,40,172,0,0.5,6.61,117,149,125,152,292,318,303,2.278,-2.278,72.3,7.1,2.297464578,69,53,13,1,0,4,16,23.2,0,0,2.3,0.43,0.03,-0.03,91.2,137,35.84905660377358,7.547169811320755,5.797101449275362,5.6,-1.75,0.14,2.25,0.261,4.0,-1.324418605,0.304,0.518,1.324418605,-0.043,-0.0429999999999999,-0.069,-0.045,23.3,38.3,9.382743081208709,0.37274618068612,33.79693381171056,0.5232558139534884,33.67920467209808,30.497443546071413,MIL
Sam Bachman,696147,2026,48.2,217,49,7,22.6,13.4,1,3,4.81,0.221,0.337,0.324,0.309,30.4,8.3,33.3,74.077893788,93.24215771,19.9,54.2,33.3,43.7,50.4,20.0,24.4,830,LAA,10,696147,834,1.2,0.8,0.8,1.0,1.6,1.018,0.795,0.631,4,5,102.1,19.0,2149,90.4,89.84,5,10,0,-0.6000000000000085,6.0,112,141,107,148,298,333,308,-2.011,2.011,72.7,7.5,1.805602735,5,4,2,1,0,1,1,20.0,0,0,2.93,-0.12,0.8,-0.8,99.2,254,75.0,50.0,40.0,5.24,-1.56,-0.18,1.94,0.8,2.0,20.11,0.631,1.24,-20.11,0.169,0.169,0.36,0.223,50.0,30.8,11.655697750359998,-6.115656974271918,31.021633973416336,0.6,37.82978882768697,32.206413240715136,LAA
Bradgley Rodriguez,699134,2026,74.0,301,81,6,26.9,6.6,4,3,2.19,0.19,0.297,0.266,0.239,27.0,4.5,30.0,76.26349102,92.978718367,23.9,41.9,30.1,51.6,51.0,25.5,17.0,1183,SD,104,699134,1184,8.8,0.244,0.268,0.226,0.512,0.32,0.291,0.245,10,41,86.6,12.1,2026,93.9,93.88,38,104,0,0.0,6.28,123,147,114,153,295,323,304,3.393,-3.393,72.5,7.3,3.116064474,41,34,5,2,0,3,7,17.1,0,0,1.71,0.88,1.06,-1.06,91.8,147,38.23529411764706,5.88235294117647,4.878048780487805,5.92,-0.43,-0.26,2.21,0.244,2.0,-3.2625,0.245,0.446,3.2625,-0.001,-0.001,0.066,0.029,36.5,45.7,13.221379908953743,-7.593852320180863,32.898214389973454,0.4903846153846153,37.817127935778615,34.06142841541503,SD
Drew Rom,680723,2026,17.2,83,17,1,20.5,8.4,1,1,5.6,0.279,0.458,0.349,0.346,45.8,10.2,49.2,86.151475172,96.652714655,16.7,29.2,18.9,44.0,28.8,30.5,37.3,300,OAK,31,680723,304,10.2,0.313,0.25,0.357,0.563,0.371,0.345,0.346,5,16,96.2,9.1,2250,90.8,90.0,5,31,0,-0.7999999999999972,5.83,114,148,120,152,286,325,297,-0.801,0.801,70.8,6.8,0.799695165,16,14,1,4,0,0,2,12.5,0,0,1.5,1.27,0.59,0.59,93.8,168,57.14285714285714,0.0,0.0,5.81,1.49,-0.1,2.66,0.313,0.0,2.583870968,0.346,0.451,-2.583870968,-0.033,-0.0329999999999999,0.112,0.026,16.1,48.5,5.068999212302788,7.173884994196087,30.51055262950758,0.4193548387096774,37.70274270858714,25.847326621079336,OAK
Ben Joyce,690829,2026,15.1,61,18,1,29.5,14.8,0,2,4.11,0.206,0.335,0.249,0.301,36.4,9.1,30.3,74.172056471,92.824502424,24.4,53.8,31.5,41.7,27.3,36.4,24.2,259,LAA,49,690829,263,18.6,0.143,0.143,0.125,0.286,0.182,0.299,0.254,3,21,89.2,14.9,2206,99.0,100.03,14,49,0,1.0,6.89,110,144,118,151,302,328,310,3.088,-3.088,73.3,7.1,1.807263983,21,17,2,0,0,1,4,19.0,0,0,1.34,1.0,0.86,-0.86,91.8,198,35.294117647058826,11.76470588235294,9.523809523809524,5.12,-1.68,-0.05,2.44,0.143,2.0,-6.302040816,0.254,0.454,6.302040816,-0.111,-0.111,-0.168,-0.117,28.6,28.2,8.747719055720902,1.7137654744617723,31.647057506705064,0.4081632653061224,36.74138621977063,28.751587349669613,LAA
JoJo Romero,668941,2026,56.1,238,54,7,22.7,7.6,3,3,3.36,0.256,0.418,0.305,0.323,34.0,7.5,38.9,79.261308481,94.932814051,11.6,41.5,22.1,41.8,51.2,21.0,22.8,922,MIL,29,668941,930,3.1,0.286,0.071,0.333,0.357,0.281,0.215,0.231,4,14,81.0,10.8,2615,86.7,85.06,7,29,0,-1.6000000000000083,5.42,115,149,132,154,293,321,301,0.992,-0.992,71.1,7.4,3.220497644,14,12,3,1,0,0,2,14.3,0,0,3.15,-0.06,-0.33,-0.33,89.5,108,16.666666666666664,0.0,0.0,5.29,2.1,-0.18,2.14,0.286,0.0,-3.420689655,0.231,0.261,3.420689655,0.055,0.0549999999999999,0.096,0.066,24.1,29.6,14.137335631479823,-6.454843532353403,33.38564969049982,0.5517241379310345,36.73562508600472,35.36725198296641,MIL
Javier Assad,665871,2026,94.1,378,63,16,16.7,7.1,6,2,3.63,0.261,0.421,0.304,0.324,32.6,6.7,43.5,79.438885786,94.378785786,11.8,28.1,15.9,44.6,47.7,27.4,18.6,1506,CHC,60,665871,1511,4.0,0.214,0.321,0.158,0.536,0.315,0.347,0.271,6,28,92.1,8.9,2042,90.5,90.68,15,60,0,0.2000000000000028,6.49,113,148,121,154,294,319,300,-0.525,0.525,72.4,7.0,2.667522392,28,22,3,0,0,3,6,21.4,0,0,2.14,0.68,0.42,-0.42,93.0,171,54.54545454545454,13.636363636363637,10.714285714285714,5.84,-1.7,-0.02,2.17,0.214,3.0,0.875,0.271,0.554,-0.875,-0.057,-0.057,-0.018,-0.032,25.0,50.3,8.981068889683161,2.7709806207600973,34.25496121385858,0.5666666666666667,36.63058054868762,29.92934371591609,CHC
Félix Bautista,642585,2026,1.2,10,3,1,30.0,10.0,0,0,16.2,0.31,0.491,0.579,0.376,66.7,16.7,66.7,91.99954,96.55239,54.5,50.0,52.4,56.8,16.7,16.7,66.7,37,BAL,7,642585,37,18.9,0.667,0.333,1.0,1.0,0.717,0.49,0.439,2,3,100.6,17.5,1691,91.5,92.09,3,7,0,0.5999999999999943,6.73,126,150,120,151,286,316,301,-0.699,0.699,76.1,7.5,0.978094792,3,2,1,1,0,0,1,33.3,0,0,1.35,1.4,0.55,-0.55,94.3,193,100.0,50.0,33.33333333333333,6.92,-0.1,-0.37,2.54,0.667,1.0,9.985714286,0.439,0.731,-9.985714286,0.228,0.228,0.269,0.227,42.9,64.0,14.675456122069123,-1.0532361658775966,29.557130282608384,0.5714285714285714,41.49652616074312,33.065301682899616,BAL
Peyton Gray,682608,2026,56.0,249,60,9,24.1,6.8,6,0,3.86,0.236,0.375,0.317,0.292,33.9,7.2,34.5,75.594274146,93.157421768,20.1,36.4,25.4,50.1,36.9,25.0,27.4,944,TEX,54,682608,954,5.7,0.259,0.185,0.286,0.444,0.301,0.231,0.203,7,27,84.3,11.5,2063,88.4,89.23,12,54,0,0.7999999999999972,6.91,119,144,105,151,292,320,302,0.818,-0.818,69.5,7.2,2.10940678,27,22,4,2,0,1,5,18.5,0,0,2.16,0.8,1.09,-1.09,90.7,166,31.818181818181817,4.545454545454546,3.7037037037037033,5.63,-2.57,-0.33,2.24,0.259,1.0,-1.514814815,0.203,0.343,1.514814815,0.056,0.0559999999999999,0.101,0.07,22.2,38.9,11.10846223807662,-0.690054774592072,34.08688611260857,0.5,39.324000300157245,31.554429236146746,TEX
Luis Gastelum,703725,2026,36.2,152,44,6,28.9,7.9,5,4,4.42,0.243,0.441,0.325,0.327,39.4,9.6,30.9,75.580715106,93.127270108,21.5,55.9,34.7,48.1,40.4,22.3,27.7,599,STL,97,703725,599,16.2,0.244,0.156,0.3,0.4,0.277,0.321,0.259,11,45,91.7,14.6,1978,86.3,87.11,34,97,0,0.7999999999999972,6.76,113,145,112,152,295,323,299,2.372,-2.372,71.5,7.4,3.492112268,45,32,8,1,0,2,13,28.9,0,0,2.87,0.23,0.71,-0.71,92.3,174,46.875,9.375,6.666666666666667,5.25,-1.77,-0.04,2.02,0.244,3.0,-2.445360825,0.259,0.502,2.445360825,-0.015,-0.015,-0.102,-0.044,35.1,22.4,12.638612300399094,-7.050943226421694,34.52623251932983,0.4329896907216495,36.20592738638532,35.04963329890699,STL
Brendan Beck,694341,2026,12.2,58,13,6,22.4,13.8,0,2,9.95,0.271,0.573,0.435,0.401,56.8,24.3,54.1,81.715874737,96.471595676,30.0,45.9,35.5,43.5,24.3,45.9,29.7,246,TBD,13,694341,246,5.3,0.333,0.667,0.2,1.0,0.552,0.46,0.368,2,6,93.6,22.7,2123,87.6,87.74,4,13,0,0.1000000000000085,6.54,121,148,116,153,299,332,294,-0.335,0.335,73.6,7.3,1.744626006,6,6,0,1,0,1,0,0.0,0,0,2.32,0.72,0.4,-0.4,92.9,247,66.66666666666666,16.666666666666664,16.666666666666664,6.09,-2.66,-0.19,2.55,0.333,1.0,2.576923077,0.368,0.725,-2.576923077,-0.035,-0.0349999999999999,0.275,0.092,30.8,47.9,13.914604014985052,-0.8479835144969123,34.47675677915475,0.3076923076923077,36.65708401167839,35.041302088940164,TBD
Camilo Doval,666808,2026,60.2,273,66,7,24.2,12.1,3,2,4.15,0.223,0.333,0.319,0.299,28.1,6.5,47.4,81.297468434,94.84315006,14.3,55.5,28.5,46.1,52.0,19.3,22.2,1038,SF,67,666808,1050,6.4,0.265,0.059,0.36,0.324,0.243,0.265,0.268,9,34,90.8,11.4,2615,94.4,94.26,22,67,0,-0.1000000000000085,6.07,108,139,110,145,298,321,300,3.934,-3.934,71.9,7.4,2.53863612,36,25,7,2,0,0,11,30.6,0,0,2.43,0.13,0.16,-0.16,92.8,139,40.0,4.0,2.7777777777777777,5.47,-1.49,0.09,1.97,0.25,1.0,-5.871641791,0.265,0.34,5.871641791,-0.003,-0.015,-0.016,-0.022,32.8,20.9,10.451101044883195,-3.192915990959567,34.738142909122715,0.5074626865671642,35.33050697799507,31.01259811301854,SF
Gavin Williams,668909,2026,184.1,746,248,28,33.2,8.2,14,8,3.76,0.219,0.396,0.294,0.302,35.0,11.4,46.6,79.297357934,94.995264941,21.0,54.3,32.8,49.1,44.5,25.5,23.2,2960,CLE,194,668909,2991,6.5,0.246,0.13,0.385,0.377,0.269,0.229,0.202,17,69,88.1,17.9,2330,91.6,92.66,65,194,0,1.1000000000000083,7.02,114,145,121,150,291,324,305,6.309,-6.309,70.1,7.1,3.313880574,69,41,12,3,0,2,28,40.6,0,0,2.56,0.21,-0.1,0.1,91.2,154,34.14634146341464,7.317073170731707,4.3478260869565215,5.99,-2.64,0.15,2.3,0.246,3.0,-3.252061856,0.202,0.335,3.252061856,0.044,0.0439999999999999,0.042,0.04,33.5,35.5,10.24318350214281,-1.207084404916685,33.692805754622576,0.3969072164948453,34.615624525809984,30.207418830891,CLE
Cade Cavalli,676917,2026,169.2,706,200,18,28.3,6.8,13,5,3.02,0.232,0.361,0.292,0.296,32.6,7.0,40.5,78.545867661,94.2981775,15.6,49.9,27.4,47.6,50.7,24.2,21.3,2776,WSH,172,676917,2782,6.2,0.171,0.092,0.22,0.263,0.188,0.213,0.207,13,76,89.0,11.5,2252,91.7,91.73,63,172,0,0.0,6.23,117,147,122,153,300,330,304,11.554,-11.554,71.3,7.1,2.131699561,76,52,10,1,0,2,24,31.6,0,0,2.6,0.13,0.17,-0.17,91.6,146,42.30769230769231,3.8461538461538463,2.631578947368421,5.98,-1.69,0.05,2.13,0.171,2.0,-6.71744186,0.207,0.286,6.71744186,-0.036,-0.0359999999999999,-0.023,-0.025,36.6,34.7,9.959842861642906,-1.4690424313857326,33.99067538992694,0.4593023255813953,35.08714506194176,31.225430794489952,WSH
Mason Adams,690279,2026,29.0,124,31,6,25.0,9.7,0,2,4.03,0.259,0.457,0.372,0.343,41.3,10.0,56.3,83.619262,95.9296315,11.7,46.3,22.2,47.2,40.0,28.7,27.5,468,COL,97,690279,468,20.7,0.333,0.271,0.371,0.604,0.399,0.352,0.303,16,48,95.2,15.1,2313,89.8,91.03,24,97,0,1.2000000000000028,6.7,118,146,122,152,295,332,307,-1.802,1.802,73.3,7.3,2.385741809,48,38,11,0,2,3,10,20.8,0,0,2.51,0.3,0.3,-0.3,94.9,157,65.78947368421053,10.526315789473683,8.333333333333332,5.06,-1.22,0.06,2.12,0.333,4.0,1.857731959,0.303,0.528,-1.857731959,0.03,0.03,0.076,0.047,24.7,27.7,10.588082076923444,-0.379660189546082,34.363905291767864,0.5051546391752577,34.04489129638654,32.26122920610275,COL
Fernando Cruz,518585,2026,54.2,234,67,7,28.6,13.7,4,6,3.13,0.185,0.324,0.306,0.281,29.3,9.0,27.1,76.176082879,92.709876718,22.6,65.0,39.1,43.6,32.3,36.1,18.0,944,TBD,16,518585,952,1.7,0.273,0.364,0.25,0.636,0.382,0.287,0.23,3,11,88.7,31.8,1294,83.3,84.26,4,16,0,1.0,6.97,121,146,111,153,289,327,292,-1.372,1.372,73.2,8.0,10.609941651,11,9,1,1,0,1,2,18.2,0,0,2.98,0.35,0.3,-0.3,93.2,218,33.33333333333333,11.11111111111111,9.090909090909092,5.98,-1.68,-0.11,1.89,0.273,1.0,8.575,0.23,0.451,-8.575,0.043,0.043,0.185,0.095,25.0,49.7,15.644675695367042,-11.584531429996936,34.281395653181505,0.5625,36.0012723464859,39.70488115279848,TBD
Caleb Ferguson,657571,2026,33.0,150,31,5,20.7,12.7,1,0,5.18,0.253,0.421,0.367,0.334,35.4,7.1,38.4,76.934017959,94.168223673,13.2,35.0,19.7,45.9,50.5,22.2,22.2,586,TBD,38,657571,595,6.4,0.333,0.222,0.5,0.556,0.379,0.372,0.262,3,9,99.4,16.3,2431,88.5,88.47,9,38,0,0.0,6.22,114,145,115,151,295,324,305,0.317,-0.317,73.0,7.0,1.215085399,9,6,1,2,0,0,3,33.3,0,0,2.48,0.44,0.43,0.43,91.0,159,66.66666666666666,16.666666666666664,11.11111111111111,5.6,2.68,0.05,2.4,0.333,1.0,-0.834210526,0.262,0.631,0.834210526,0.071,0.071,-0.075,0.007,23.7,37.6,9.546447278494371,-0.769388865040741,32.99763122831434,0.631578947368421,35.17084149366737,31.605325022657013,TBD
Graham Ashcraft,668933,2026,35.1,151,40,2,26.5,15.9,1,1,4.08,0.211,0.31,0.302,0.301,30.2,6.3,36.0,77.33545275,93.58313038,16.5,50.0,30.5,46.1,53.5,20.9,19.8,612,CIN,42,668933,614,6.8,0.333,0.056,0.4,0.389,0.317,0.265,0.278,6,18,84.3,12.5,2657,94.3,93.31,10,42,0,-1.0,5.5,108,143,116,149,294,324,297,1.149,-1.149,70.0,6.9,2.054161699,18,15,5,1,0,0,3,16.7,0,0,2.0,0.55,-0.34,0.34,90.9,151,33.33333333333333,0.0,0.0,6.47,-0.01,0.5,2.29,0.333,0.0,-2.735714286,0.278,0.321,2.735714286,0.055,0.0549999999999999,0.068,0.052,23.8,56.4,6.016932450932405,2.106680891966477,35.333362057321374,0.238095238095238,31.36030205353878,29.671914519721724,CIN
Trevor Megill,656730,2026,61.2,242,69,1,28.5,6.2,3,3,2.63,0.201,0.333,0.208,0.252,28.7,6.4,42.0,81.208537368,94.306671184,16.7,56.0,30.5,54.0,35.0,31.2,23.6,874,MIL,64,656730,886,7.2,0.188,0.094,0.208,0.281,0.197,0.272,0.213,6,32,92.7,27.6,2477,95.0,95.3,20,64,0,0.2999999999999971,6.56,123,149,126,153,291,316,303,2.648,-2.648,72.0,7.1,1.889428934,33,25,5,0,0,1,8,24.2,0,0,1.52,1.04,0.18,-0.18,92.4,198,56.00000000000001,12.0,9.090909090909092,6.56,-0.15,-0.06,2.36,0.182,3.0,-4.1375,0.207,0.453,4.1375,-0.025,-0.0249999999999999,-0.172,-0.075,31.3,53.1,8.711973390043708,1.265243495112081,32.65293456461059,0.5,35.84060500206084,29.87193281841668,MIL
Grant Wolfram,664991,2026,52.1,226,61,3,27.0,7.1,6,4,4.3,0.231,0.353,0.318,0.289,31.0,6.3,36.6,78.035744928,94.022594599,15.5,44.0,25.2,48.8,46.2,26.9,20.7,901,BAL,75,664991,906,8.3,0.344,0.156,0.37,0.5,0.365,0.373,0.336,11,32,86.9,11.5,2244,92.7,92.61,12,75,0,-0.1000000000000085,6.24,112,147,107,148,287,321,305,0.018,-0.018,69.9,6.8,4.128417693,32,28,8,2,0,1,4,12.5,0,0,1.96,0.71,0.64,0.64,90.7,165,33.33333333333333,7.4074074074074066,6.25,6.04,2.37,0.14,2.6,0.344,2.0,-0.024,0.336,0.53,0.024,0.008,0.0079999999999999,-0.03,-0.008,16.0,38.3,7.046307356015427,5.23954235401594,31.91685098725648,0.5066666666666667,34.200769609951045,27.572640160677484,BAL
Michael Petersen,656848,2026,65.2,269,81,5,30.1,10.8,4,4,3.02,0.192,0.356,0.274,0.287,31.0,12.3,43.2,80.955462208,94.72682474,21.9,45.3,30.1,50.9,36.1,30.3,18.7,1129,MIA,94,656848,1137,8.3,0.212,0.061,0.333,0.273,0.211,0.286,0.245,7,33,92.7,20.6,2225,96.4,96.05,40,94,0,-0.3000000000000113,6.21,116,145,111,149,299,329,299,5.209,-5.209,71.9,7.0,1.739709776,33,21,5,2,0,0,12,36.4,0,0,1.19,1.28,0.53,-0.53,92.3,180,52.38095238095239,14.285714285714285,9.090909090909092,6.6,-0.97,0.04,2.56,0.212,3.0,-5.541489362,0.245,0.429,5.541489362,-0.033,-0.033,-0.156,-0.075,42.6,50.0,10.01074163546711,-2.2343103297320206,32.23047859583801,0.6382978723404256,34.85647047639934,30.374904389229464,MIA
Gus Varland,681402,2026,33.0,155,32,7,20.6,9.7,2,2,6.55,0.296,0.565,0.401,0.392,45.4,15.9,50.0,84.828280385,96.210662308,12.2,41.9,21.8,49.9,29.6,31.5,29.6,579,WSH,1,681402,584,0.2,0.0,0.0,0.0,0.0,0.0,0.297,0.313,0,1,103.7,-13.0,2056,87.2,87.9,0,1,0,0.7000000000000028,6.6,127,148,90,155,299,328,299,0.261,-0.261,71.6,5.8,,1,1,0,0,0,0,0,0.0,0,0,3.05,-0.06,0.12,-0.12,103.7,10,100.0,0.0,0.0,5.49,-1.44,-0.23,2.18,0.0,0.0,-26.1,0.313,0.325,26.1,-0.313,-0.313,-0.325,-0.297,0.0,52.5,-13.424218590735451,6.651351572505902,41.01884357184366,0.0,33.85414072435689,23.75865532956002,WSH
Aroldis Chapman,547973,2026,51.2,213,71,3,33.3,10.8,3,4,1.92,0.179,0.277,0.263,0.252,26.3,6.8,38.1,77.162659107,94.466137143,21.4,49.3,30.4,52.0,48.3,28.0,16.9,841,BOS,28,547973,843,3.3,0.182,0.0,0.286,0.182,0.162,0.163,0.177,2,11,82.4,5.0,2119,93.4,95.02,7,28,0,1.5999999999999943,7.18,114,142,116,142,280,318,301,1.906,-1.906,69.6,7.1,2.226950406,11,7,2,0,0,0,4,36.4,0,0,1.72,0.92,0.13,0.13,89.1,150,14.285714285714285,0.0,0.0,6.04,0.53,-0.11,2.4,0.182,0.0,-6.807142857,0.177,0.198,6.807142857,0.005,0.005,-0.016,-0.001,25.0,50.3,6.899761436864936,3.382524757059828,31.99803045749349,0.4642857142857143,36.25786913302655,29.097722958226743,BOS
Garrett Whitlock,676477,2026,52.1,198,59,3,29.8,4.5,7,2,1.72,0.219,0.319,0.233,0.251,30.0,3.8,33.8,78.365594688,93.234516094,19.2,52.9,31.5,57.3,40.0,28.5,20.8,743,BOS,60,676477,743,8.1,0.304,0.043,0.389,0.348,0.275,0.218,0.21,7,23,87.1,22.8,2203,90.9,92.4,22,60,0,1.5,7.14,115,145,117,148,281,321,301,0.826,-0.826,70.0,7.1,1.78652597,24,18,6,1,0,0,6,25.0,0,0,1.93,0.85,0.97,-0.97,90.4,172,22.22222222222222,5.555555555555555,4.166666666666666,6.04,-0.81,0.13,2.33,0.292,1.0,-1.376666667,0.202,0.323,1.376666667,0.094,0.0899999999999999,0.025,0.057,36.7,44.9,6.854111113749856,0.4849248594617545,33.29065049178756,0.4166666666666667,33.223677607921346,28.73348582492352,BOS
Slade Cecconi,677944,2026,121.0,528,99,19,18.8,7.4,5,7,4.91,0.267,0.447,0.342,0.333,38.0,8.8,41.3,78.581288534,94.399007277,13.2,38.7,20.8,46.8,43.9,26.6,24.0,2003,TBD,35,677944,2009,1.7,0.167,0.0,0.231,0.167,0.148,0.301,0.291,3,18,93.7,13.9,2437,91.2,91.47,6,35,0,0.2999999999999971,6.5,112,146,133,152,297,325,303,2.831,-2.831,71.3,7.0,1.832392669,18,13,3,0,0,0,5,27.8,0,0,2.22,0.56,0.31,-0.31,93.7,199,53.84615384615385,0.0,0.0,5.79,-1.89,0.08,2.5,0.167,0.0,-8.088571429,0.291,0.413,8.088571429,-0.124,-0.1239999999999999,-0.246,-0.153,17.1,39.2,9.704054982093016,0.4499708720154567,34.92372940361698,0.4,34.055945071834195,30.36682926024888,TBD
José Alvarado,621237,2026,58.1,273,70,5,25.6,11.4,5,4,5.86,0.239,0.349,0.35,0.312,37.8,4.3,31.7,76.507101,93.053490755,17.5,41.0,27.0,46.0,36.0,23.8,29.3,1129,PHI,49,621237,1145,4.3,0.407,0.148,0.455,0.556,0.419,0.372,0.366,11,27,83.4,14.3,2051,96.2,97.51,11,49,0,1.2999999999999972,7.02,111,144,115,145,287,321,298,-0.9,0.9,71.4,7.0,1.600065996,27,23,9,1,0,1,4,14.8,0,0,1.51,0.96,0.87,0.87,91.4,137,39.130434782608695,4.3478260869565215,3.7037037037037033,6.5,1.37,0.26,2.34,0.407,1.0,1.836734694,0.366,0.492,-1.836734694,0.041,0.0409999999999999,0.064,0.047,22.4,58.6,5.900657667500026,5.81900071056659,33.649623944947,0.5510204081632653,34.45264775231977,25.78278795992261,PHI
Michael Grove,675627,2026,7.0,28,6,3,21.4,0.0,1,0,5.14,0.289,0.708,0.36,0.423,45.5,18.2,36.4,80.771469091,95.023928182,6.9,68.8,28.9,50.6,27.3,31.8,31.8,89,TBD,6,675627,89,6.7,0.333,1.0,0.0,1.333,0.683,0.715,0.38,1,3,98.0,25.0,2399,84.9,86.05,2,6,0,1.0999999999999943,6.98,120,148,122,154,301,339,310,-2.097,2.097,73.8,7.7,1.13908806,3,2,0,0,0,1,1,33.3,0,0,3.24,-0.02,-0.58,0.58,93.0,193,50.0,50.0,33.33333333333333,6.01,-0.97,0.44,1.72,0.333,1.0,34.95,0.38,1.367,-34.95,-0.047,-0.0469999999999999,-0.034,-0.032,33.3,52.6,14.293394571180851,-14.82311441568114,29.741495923813854,1.0,35.96799295913515,38.73024993169452,TBD
Calvin Faucher,676534,2026,68.1,294,73,1,24.8,12.6,5,5,3.56,0.228,0.311,0.276,0.295,29.4,4.4,38.3,75.781754382,93.99021764,15.2,44.3,26.0,42.9,55.6,17.8,23.9,1166,MIA,67,676534,1171,5.7,0.225,0.025,0.257,0.25,0.21,0.23,0.238,9,40,87.1,-0.1,2777,91.7,91.2,11,67,0,-0.5,5.99,116,145,111,149,293,323,302,4.462,-4.462,72.7,7.2,2.020343232,40,35,8,1,0,0,5,12.5,0,0,2.57,0.16,-0.17,0.17,91.9,98,37.142857142857146,2.857142857142857,2.5,5.45,-1.54,0.16,1.95,0.225,1.0,-6.659701493,0.238,0.289,6.659701493,-0.013,-0.0129999999999999,-0.039,-0.02,16.4,36.5,7.747701409253136,0.2737229997959845,34.49882563575596,0.5373134328358209,35.03597950108793,30.52553048222004,MIA
Clayton Beeter,690925,2026,48.0,209,47,8,22.5,14.8,6,5,4.5,0.226,0.379,0.314,0.334,28.1,6.3,43.0,80.489659839,94.415450806,14.2,52.7,28.2,44.5,48.4,28.1,20.3,796,WSH,39,690925,808,4.8,0.278,0.389,0.25,0.667,0.376,0.339,0.225,5,18,94.3,23.9,2690,90.6,90.39,11,39,0,-0.1999999999999886,6.1,116,140,112,147,299,328,302,-0.304,0.304,74.1,7.3,6.551649663,19,14,2,1,0,2,5,26.3,0,0,2.48,0.32,-0.06,0.06,92.9,201,57.14285714285714,14.285714285714285,10.526315789473683,5.97,-0.94,0.23,2.01,0.263,2.0,0.779487179,0.24,0.484,-0.779487179,0.053,0.023,0.183,0.037,28.2,52.7,12.909267157720754,-6.084816157039396,34.68081027078909,0.4871794871794871,33.3944729079174,33.4270577772836,WSH
Jared Simpson,688692,2026,4.1,20,4,0,20.0,35.0,1,1,10.38,0.291,0.366,0.289,0.431,66.7,0.0,22.2,83.673332,93.883793333,10.5,25.0,16.1,33.3,22.2,22.2,55.6,93,WSH,8,688692,93,8.6,0.0,0.0,0.0,0.0,0.0,0.255,0.272,0,4,87.5,6.0,2078,90.7,90.64,1,8,0,-0.1000000000000085,6.29,119,148,117,150,297,331,311,1.171,-1.171,73.4,6.9,1.47054414,4,4,0,0,0,0,0,0.0,0,0,2.2,0.61,0.91,0.91,90.8,144,25.0,0.0,0.0,5.83,2.98,0.24,2.09,0.0,0.0,-14.6375,0.272,0.3,14.6375,-0.272,-0.272,-0.3,-0.255,12.5,34.5,1.5581948334464937,10.35554004868712,33.666738451247625,0.375,33.98368700986582,27.113859349839803,WSH
Blade Tidwell,694918,2026,56.2,235,46,8,19.6,8.9,1,2,4.45,0.238,0.384,0.304,0.317,29.0,10.5,37.7,77.154431605,93.900451667,13.4,48.3,23.1,44.3,38.3,27.8,19.1,959,TBD,135,694918,960,14.1,0.267,0.333,0.192,0.6,0.366,0.378,0.304,16,60,89.4,26.3,2356,89.1,89.51,14,135,0,0.4000000000000057,6.48,117,148,115,153,287,320,302,1.114,-1.114,71.8,7.2,1.933493368,60,58,8,2,0,6,2,3.3,0,0,2.16,0.74,0.16,-0.16,92.2,194,39.6551724137931,17.24137931034483,16.666666666666664,5.94,-1.8,0.0,2.43,0.267,10.0,-0.825185185,0.304,0.594,0.825185185,-0.037,-0.0369999999999999,0.006,-0.012,10.4,37.5,12.08480861190644,-4.382359695571101,31.875373495800844,0.4814814814814814,35.808949785979166,31.8257053187364,TBD
Kade Strowd,669704,2026,2.2,14,1,0,7.1,35.7,0,0,3.38,0.406,0.479,0.377,0.496,62.5,0.0,25.0,79.1106375,94.010565714,0.0,0.0,0.0,28.8,12.5,12.5,62.5,59,ARI,4,669704,59,6.8,0.5,0.0,0.5,0.5,0.445,0.504,0.515,1,2,98.1,3.5,2488,90.9,90.88,0,4,0,0.0,6.17,114,146,88,153,292,316,302,0.164,-0.164,70.1,6.2,,2,2,1,0,0,0,0,0.0,0,0,2.26,0.49,-0.4,0.4,93.0,165,50.0,0.0,0.0,5.65,-1.56,0.24,2.59,0.5,0.0,-4.1,0.515,0.669,4.1,-0.015,-0.015,-0.169,-0.059,0.0,43.6,-3.217739843201513,9.427506306954356,30.24649284853021,0.0,35.76971137526078,24.525314952899077,ARI
Brandon Pfaadt,694297,2026,136.0,562,94,14,16.7,5.7,8,3,3.77,0.252,0.394,0.299,0.305,32.8,7.2,34.9,78.126912617,93.444159579,12.1,39.8,21.3,49.6,45.3,22.3,23.3,2032,ARI,176,694297,2038,8.6,0.239,0.227,0.213,0.466,0.299,0.336,0.305,21,88,88.0,13.0,2400,89.2,89.79,30,176,0,0.5999999999999943,6.61,117,146,112,152,294,321,296,5.322,-5.322,72.5,7.3,1.683767219,88,80,11,5,0,5,8,9.1,0,0,2.38,0.5,0.62,-0.62,91.4,145,35.0,6.25,5.681818181818182,5.42,-2.04,-0.05,2.27,0.239,5.0,-3.023863636,0.305,0.481,3.023863636,-0.066,-0.066,-0.015,-0.037,17.0,25.9,12.930394827249458,-3.407464120326184,33.1109925651569,0.5852272727272727,36.34565789920452,33.31281795813686,ARI
Dylan Cease,656302,2026,169.0,685,239,11,34.9,11.4,11,6,2.4,0.192,0.29,0.253,0.265,34.5,5.5,31.5,72.909152099,93.089757155,23.4,48.2,33.3,45.8,42.5,23.0,23.6,2895,TOR,194,656302,2896,6.7,0.167,0.128,0.212,0.295,0.197,0.24,0.212,13,78,86.2,17.0,2418,89.6,89.72,55,194,0,0.1000000000000085,6.36,117,145,113,152,284,321,295,11.043,-11.043,72.3,7.5,3.315355346,78,54,7,4,0,2,24,30.8,0,0,2.01,0.88,0.19,-0.19,91.0,161,25.925925925925924,9.25925925925926,6.41025641025641,6.17,-1.67,0.03,2.24,0.167,5.0,-5.692268041,0.212,0.351,5.692268041,-0.045,-0.0449999999999999,-0.056,-0.043,28.4,53.9,13.786700188249249,-7.867965695202262,33.2112535361739,0.4329896907216495,35.26263554560056,33.16934524624745,TOR
Brayan Bello,678394,2026,116.1,503,92,12,18.3,7.2,6,7,4.33,0.282,0.437,0.319,0.337,32.1,7.3,40.2,77.360368619,94.579724211,17.3,39.1,24.8,49.7,53.5,21.5,22.0,1906,BOS,167,678394,1916,8.7,0.23,0.081,0.239,0.311,0.226,0.271,0.272,17,74,85.9,9.4,1930,92.7,92.64,30,167,0,-0.1000000000000085,6.26,110,142,112,146,284,319,301,9.025,-9.025,72.3,7.4,2.032251102,77,68,14,1,1,1,9,11.7,0,0,2.06,0.6,0.97,-0.97,91.5,146,30.88235294117647,4.411764705882353,3.896103896103896,5.55,-1.61,-0.27,2.2,0.221,3.0,-5.404191617,0.262,0.378,5.404191617,-0.042,-0.041,-0.067,-0.045,18.0,37.2,10.778733527459773,-3.1802121090079583,32.39719543023091,0.5089820359281437,37.84146293104042,30.88969519449416,BOS
Joel Kuhnel,669270,2026,45.0,202,28,7,13.9,8.9,1,3,4.4,0.295,0.449,0.348,0.362,33.6,6.7,39.5,77.827431333,94.114225067,11.3,46.8,22.8,45.7,50.7,17.8,25.0,748,SF,24,669270,751,3.2,0.385,0.077,0.385,0.462,0.371,0.329,0.346,5,13,88.4,3.0,2302,94.5,95.1,2,24,0,0.5999999999999943,6.57,117,147,113,153,291,323,300,-0.152,0.152,72.1,7.2,2.507707308,13,13,4,1,0,0,0,0.0,0,0,1.94,0.61,0.87,-0.87,91.3,113,30.76923076923077,0.0,0.0,6.36,-1.12,-0.16,2.05,0.385,0.0,0.633333333,0.346,0.407,-0.633333333,0.039,0.039,0.055,0.042,8.3,38.5,11.429420189124984,-5.153823483809178,37.1075204607581,0.5416666666666666,37.369438906739454,32.67863836677734,SF
Sean Manaea,640455,2026,150.2,653,144,25,22.1,6.7,6,8,4.78,0.252,0.441,0.347,0.333,34.3,11.0,42.5,77.989433303,94.726521199,15.8,37.3,22.2,50.4,40.1,30.5,22.9,2493,NYM,87,640455,2493,3.5,0.211,0.158,0.241,0.368,0.246,0.294,0.251,8,38,89.0,12.7,2068,87.5,88.29,19,87,0,0.7999999999999972,6.84,117,149,126,153,290,319,307,3.518,-3.518,72.5,7.2,1.495806535,38,30,5,1,1,1,8,21.1,0,0,2.58,0.45,0.74,0.74,91.8,112,40.0,6.666666666666667,5.263157894736842,5.22,3.06,0.15,2.36,0.211,2.0,-4.043678161,0.251,0.44,4.043678161,-0.04,-0.04,-0.072,-0.048,21.8,16.4,10.343966647997908,-1.0571445289965973,33.91666274995974,0.4942528735632184,34.32145332854596,31.41152317313858,NYM
Dedniel Núñez,673380,2026,19.0,72,20,4,27.8,0.0,2,1,3.32,0.24,0.455,0.29,0.293,34.6,11.5,40.4,82.898464231,94.450022941,17.7,65.4,36.6,61.5,38.5,32.7,25.0,213,NYM,55,673380,213,25.8,0.3,0.233,0.304,0.533,0.357,0.39,0.324,9,30,93.1,16.9,2408,94.0,94.19,15,55,0,0.2000000000000028,6.36,117,150,120,153,289,318,306,-1.67,1.67,71.5,7.2,3.953731131,30,25,6,1,0,2,5,16.7,0,0,1.75,0.84,0.33,-0.33,94.3,181,48.0,16.0,13.333333333333334,5.37,-2.29,0.13,2.23,0.3,4.0,3.036363636,0.324,0.598,-3.036363636,-0.024,-0.024,-0.065,-0.033,27.3,36.4,10.5965147468184,-2.946629890072748,32.075465009267035,0.5818181818181818,34.07479674958387,32.432481393636,NYM
Taylor Rashi,688497,2026,5.2,26,5,1,19.2,11.5,1,0,7.94,0.278,0.462,0.345,0.359,38.9,5.6,50.0,78.103501111,94.579956111,25.0,53.8,33.3,51.1,44.4,27.8,27.8,88,TBD,7,688497,88,8.0,0.5,0.25,0.667,0.75,0.538,0.424,0.401,2,4,100.0,8.7,2060,86.9,88.23,1,7,0,1.2999999999999972,6.96,113,142,114,148,302,334,307,-0.662,0.662,72.3,6.7,,4,3,1,1,0,0,1,25.0,0,0,2.15,0.89,0.0,0.0,94.0,146,100.0,0.0,0.0,6.25,-0.15,-0.04,2.04,0.5,0.0,9.457142857,0.401,0.596,-9.457142857,0.099,0.0989999999999999,0.154,0.114,14.3,73.7,9.87356026338e-05,5.268923548093653,30.80094466271293,0.2857142857142857,38.837009450105846,27.899530786191843,TBD
Austin Peterson,804926,2026,7.0,27,8,2,29.6,7.4,0,1,2.57,0.237,0.557,0.269,0.36,29.4,17.6,58.8,84.587795556,95.863937059,11.1,58.8,29.5,41.9,52.9,35.3,11.8,105,TBD,20,804926,105,19.0,0.333,0.667,0.2,1.0,0.554,0.788,0.518,3,9,101.5,20.4,2025,88.6,89.52,5,20,0,0.9000000000000057,6.74,122,146,131,154,301,330,299,-2.099,2.099,72.9,7.5,4.20111879,9,7,1,0,0,2,2,22.2,0,0,2.34,0.57,0.52,-0.52,97.4,243,100.0,42.85714285714285,33.33333333333333,5.44,-1.73,0.06,2.24,0.333,3.0,10.495,0.518,1.375,-10.495,-0.185,-0.185,-0.375,-0.234,25.0,30.1,12.518800508439096,-10.429100124540632,32.010545666458874,0.6,36.84015557822787,34.83433233175218,TBD
Justin Bruihl,677865,2026,77.2,346,53,4,15.3,8.1,1,1,3.59,0.258,0.382,0.308,0.324,30.8,5.9,34.8,75.084411463,93.394692898,11.9,29.4,17.8,45.7,51.8,19.4,22.5,1314,STL,88,677865,1325,6.6,0.15,0.075,0.162,0.225,0.157,0.264,0.23,6,40,86.2,13.3,2378,84.9,85.24,13,88,0,0.2999999999999971,6.66,117,144,112,151,291,321,297,6.285,-6.285,70.4,7.0,2.969106375,41,37,3,3,0,0,4,9.8,0,0,3.13,0.1,0.03,0.03,91.3,134,32.432432432432435,8.108108108108109,7.317073170731707,4.86,3.49,0.05,2.36,0.146,3.0,-7.142045455,0.231,0.376,7.142045455,-0.08,-0.085,-0.151,-0.107,14.8,26.3,11.09983745034923,-4.638460178849988,32.98112471411143,0.5113636363636364,34.370266688549684,34.854163767678884,STL
Caleb Thielbar,573204,2026,50.0,211,60,11,28.4,8.1,3,4,4.86,0.244,0.461,0.327,0.328,34.6,10.6,38.3,76.848110308,94.439259615,19.3,45.9,28.9,51.8,31.6,33.8,23.3,848,CHC,54,573204,859,6.3,0.36,0.28,0.368,0.64,0.428,0.394,0.336,9,25,90.7,23.5,2361,87.5,87.45,16,54,0,-0.0999999999999943,6.16,117,148,115,153,288,319,299,-1.999,1.999,71.9,7.4,3.547585507,25,21,6,1,0,2,4,16.0,0,0,2.36,0.65,-0.33,-0.33,93.0,204,38.095238095238095,4.761904761904762,4.0,6.06,0.01,-0.12,2.26,0.36,1.0,3.701851852,0.336,0.589,-3.701851852,0.024,0.0239999999999999,0.051,0.034,29.6,54.0,11.30194503320513,-5.000174578761496,32.96981861101979,0.4074074074074074,38.3391800485991,33.034743884117134,CHC
Philip Abner,691769,2026,19.0,86,10,6,11.6,12.8,0,0,7.11,0.298,0.57,0.4,0.408,38.5,15.4,38.5,78.971711875,94.546908125,12.1,34.1,18.2,47.3,41.5,32.3,24.6,313,NYM,26,691769,313,8.3,0.417,0.583,0.375,1.0,0.595,0.471,0.321,5,12,90.7,16.2,2349,84.9,85.15,5,26,0,0.2999999999999971,6.45,121,147,116,152,297,322,295,-2.012,2.012,72.9,7.4,2.059531656,12,10,2,1,0,2,2,16.7,0,0,2.79,0.41,-0.43,-0.43,93.3,201,40.0,30.0,25.0,5.54,2.9,-0.14,2.49,0.417,3.0,7.738461538,0.321,0.818,-7.738461538,0.096,0.0959999999999999,0.182,0.124,19.2,36.4,11.768400233843655,-7.540364848788934,31.40601219860872,0.4230769230769231,35.97597523112763,35.92946841638588,NYM
Daniel Palencia,694037,2026,29.2,123,30,4,24.4,8.9,2,2,3.64,0.228,0.379,0.299,0.299,43.2,4.9,32.1,79.678617317,93.02824642,18.1,47.9,27.0,49.7,33.3,28.4,32.1,477,CHC,35,694037,481,7.3,0.308,0.538,0.222,0.846,0.481,0.337,0.24,4,13,88.6,22.8,2308,97.2,98.28,8,35,0,1.0999999999999943,6.86,117,149,115,153,297,323,299,-2.786,2.786,72.2,6.7,2.155934165,13,11,1,1,0,2,2,15.4,0,0,1.29,1.14,0.63,-0.63,90.7,222,36.36363636363637,9.090909090909092,7.6923076923076925,5.44,-0.97,0.19,2.7,0.308,1.0,7.96,0.24,0.565,-7.96,0.068,0.068,0.281,0.144,22.9,35.4,7.29873798363938,2.2511384848587137,31.634550518086723,0.5714285714285714,34.90159720204111,27.401274337769014,CHC
Max Fried,608331,2026,112.2,434,104,4,24.0,7.6,5,5,2.8,0.199,0.272,0.245,0.246,28.5,2.4,29.8,74.556119375,92.608685451,16.6,40.7,25.0,46.0,49.8,25.1,17.3,1696,NYY,60,608331,1696,3.5,0.217,0.13,0.263,0.348,0.24,0.196,0.192,5,23,84.5,5.6,2123,91.6,92.15,16,60,0,0.6000000000000085,6.48,114,144,115,152,288,329,291,3.359,-3.359,71.1,7.0,2.900088635,23,19,3,1,1,0,4,17.4,0,0,2.43,0.3,0.4,0.4,90.8,98,26.31578947368421,5.263157894736842,4.3478260869565215,5.81,1.22,0.17,2.17,0.217,1.0,-5.598333333,0.192,0.259,5.598333333,0.025,0.0249999999999999,0.089,0.044,26.7,45.4,6.478376432930641,1.7007526004068134,33.68581024444217,0.4833333333333333,34.80501979956171,26.29267550939688,NYY
Daniel Lynch IV,663738,2026,86.0,356,56,11,15.7,7.3,6,6,4.08,0.261,0.429,0.299,0.329,30.4,7.1,38.1,78.179110752,93.95827366,14.9,36.1,22.1,46.9,47.8,24.8,20.4,1300,KC,81,663738,1300,6.2,0.211,0.184,0.194,0.395,0.258,0.296,0.26,8,38,85.3,14.9,2145,90.8,91.0,12,81,0,0.2000000000000028,6.36,120,147,117,153,291,323,295,2.287,-2.287,72.1,7.3,2.163987404,38,33,5,1,0,2,5,13.2,0,0,2.22,0.56,0.74,0.74,90.9,106,34.375,6.25,5.263157894736842,6.0,1.78,0.26,2.23,0.211,2.0,-2.82345679,0.26,0.431,2.82345679,-0.049,-0.049,-0.036,-0.038,14.8,39.2,11.850220074530204,-3.449832977143064,34.843318380055535,0.5925925925925926,33.13584638012185,31.97462095751841,KC
Jack Flaherty,656427,2026,88.1,396,103,11,26.0,10.6,3,8,4.48,0.236,0.392,0.326,0.321,39.8,8.2,45.5,80.01224825,94.743889331,18.8,43.3,27.1,45.1,31.6,31.1,26.6,1658,DET,4,656427,1662,0.2,0.25,0.0,0.25,0.25,0.223,0.307,0.324,1,4,83.8,23.8,2223,88.8,89.08,0,4,0,0.2999999999999971,6.4,109,147,108,154,282,320,305,0.368,-0.368,73.3,7.5,,4,4,1,0,0,0,0,0.0,0,0,1.91,0.98,0.38,-0.38,89.7,191,0.0,0.0,0.0,5.39,-2.57,-0.28,2.28,0.25,0.0,-9.2,0.324,0.391,9.2,-0.074,-0.074,-0.141,-0.084,0.0,27.7,13.06701315684957,-1.78956189799638,28.64165525043025,1.0,37.5360980611553,33.32111918758873,DET
Cam Sanders,676742,2026,29.1,131,40,1,30.5,15.3,1,1,4.6,0.205,0.293,0.298,0.302,26.9,4.5,31.3,77.996477879,93.063518939,23.1,58.3,37.0,44.4,44.8,25.4,23.9,547,BAL,62,676742,551,11.3,0.2,0.029,0.28,0.229,0.189,0.255,0.244,7,35,91.6,11.8,2445,92.9,92.51,18,62,0,-0.4000000000000057,6.1,111,143,109,150,290,324,302,5.151,-5.151,72.3,7.3,1.54789549,35,25,6,1,0,0,10,28.6,0,0,1.9,0.77,0.47,-0.47,92.4,148,36.0,4.0,2.857142857142857,5.85,-3.05,-0.24,2.33,0.2,1.0,-8.308064516,0.244,0.348,8.308064516,-0.044,-0.0439999999999999,-0.119,-0.066,29.0,31.2,9.530037360178335,1.7390547916299206,31.50467746800784,0.5161290322580645,37.57648158176192,28.11188166060857,BAL
Tony Gonsolin,664062,2026,2.2,15,5,1,33.3,20.0,0,0,16.88,0.206,0.463,0.479,0.365,28.6,14.3,28.6,62.536505,93.426995714,15.4,44.4,27.3,34.9,57.1,14.3,14.3,63,KC,10,664062,63,15.9,0.333,0.5,0.5,0.833,0.49,0.383,0.228,2,6,78.1,-28.7,2280,88.5,87.65,3,10,0,-0.7999999999999972,5.81,115,144,126,153,281,327,299,-0.476,0.476,72.9,7.4,5.133433952,6,3,1,0,0,1,3,50.0,0,0,2.12,0.82,0.53,-0.53,94.2,123,33.33333333333333,33.33333333333333,16.666666666666664,6.39,-0.66,0.06,2.16,0.333,1.0,4.76,0.228,0.694,-4.76,0.105,0.105,0.139,0.107,30.0,43.5,16.488924650114818,-7.438842881091508,34.610816913206975,0.4,36.009248994531674,35.32037293421809,KC
Carmen Mlodzinski,669387,2026,123.0,537,97,10,18.1,8.2,8,7,3.95,0.28,0.424,0.31,0.337,33.8,6.9,46.5,80.491669639,94.880415452,12.0,39.5,20.9,45.0,43.2,23.5,26.6,2080,PIT,120,669387,2083,5.8,0.306,0.129,0.321,0.435,0.322,0.339,0.318,19,62,91.5,11.6,2161,90.3,90.6,21,120,0,0.2999999999999971,6.37,115,145,115,151,301,325,303,0.626,-0.626,72.4,7.3,2.534210531,62,55,15,2,0,2,7,11.3,0,0,2.51,0.29,0.6,-0.6,92.5,147,49.09090909090909,5.454545454545454,4.838709677419355,5.19,-1.5,-0.05,2.19,0.306,3.0,-0.521666667,0.318,0.473,0.521666667,-0.012,-0.012,-0.038,-0.017,17.5,27.9,11.651066070531616,-3.343992966207368,34.88782413798082,0.45,35.57788867315734,32.33300462506764,PIT
Tyron Guerrero,594027,2026,40.2,166,41,2,24.7,4.8,1,2,3.1,0.22,0.308,0.263,0.254,29.6,3.5,33.0,73.587211455,93.042132385,19.0,38.9,24.1,57.3,54.8,18.3,22.6,607,BOS,56,594027,612,9.2,0.167,0.056,0.25,0.222,0.169,0.2,0.201,3,18,94.2,3.4,2152,99.8,101.03,17,56,0,1.2000000000000028,7.02,107,149,120,149,281,317,304,2.99,-2.99,70.8,6.9,1.72774655,18,12,2,1,0,0,6,33.3,0,0,1.3,1.0,1.2,-1.2,90.4,172,54.54545454545454,0.0,0.0,6.27,-1.92,-0.2,2.63,0.167,0.0,-5.339285714,0.201,0.258,5.339285714,-0.034,-0.034,-0.036,-0.031,30.4,40.6,4.289319803035864,7.9151794016881905,31.589429359610488,0.4107142857142857,37.712766299258185,23.87874863517528,BOS
Joe Boyle,671212,2026,19.0,81,21,1,25.9,11.1,0,1,5.21,0.234,0.361,0.262,0.307,39.2,4.0,39.2,73.4467232,93.770476,18.2,38.3,24.2,45.2,41.2,21.6,19.6,347,TBD,13,671212,347,3.7,0.5,0.0,0.5,0.5,0.445,0.454,0.488,1,2,80.0,27.5,2545,95.7,96.1,1,13,0,0.3999999999999915,6.47,123,149,132,154,297,337,309,0.241,-0.241,74.4,7.3,1.060247388,2,2,1,0,0,0,0,0.0,0,0,1.42,1.07,0.39,-0.39,88.1,189,0.0,0.0,0.0,6.04,-1.36,-0.22,2.53,0.5,0.0,-1.853846154,0.488,0.544,1.853846154,0.012,0.012,-0.044,-0.009,7.7,36.3,6.243567607490076,1.1232253739658804,33.09972554807879,0.5384615384615384,36.17860093714352,29.87341025913809,TBD
Jack Dreyer,676263,2026,64.2,261,73,7,28.0,8.8,5,2,3.2,0.226,0.365,0.27,0.29,26.4,7.5,41.7,78.174419873,94.756477006,15.5,51.7,28.0,48.6,47.9,27.0,17.8,1037,TBD,45,676263,1049,4.3,0.364,0.182,0.368,0.545,0.393,0.418,0.385,8,22,89.9,14.3,2416,90.1,90.54,13,45,0,0.4000000000000057,6.6,107,137,105,142,282,310,299,-1.475,1.475,71.8,7.2,1.775349377,22,20,6,1,0,1,2,9.1,0,0,2.19,0.64,0.04,0.04,93.2,183,55.00000000000001,15.0,13.636363636363637,6.03,2.32,-0.04,2.36,0.364,3.0,3.277777778,0.385,0.591,-3.277777778,-0.021,-0.021,-0.046,-0.025,28.9,58.7,9.260960327817168,-0.2087993468595048,32.57365138420441,0.6,35.933273618345225,31.67118606744292,TBD
DJ Herz,687792,2026,7.0,35,6,3,17.1,8.6,0,1,10.29,0.332,0.756,0.481,0.478,42.3,26.9,53.8,77.840127692,96.79266,16.7,36.8,22.4,52.3,34.6,30.8,26.9,128,WSH,13,687792,128,10.2,0.25,0.0,0.25,0.25,0.223,0.464,0.391,2,8,93.7,10.4,2141,89.8,90.6,1,13,0,0.7999999999999972,6.77,119,141,120,145,301,332,302,0.393,-0.393,74.5,7.2,,8,8,2,0,0,0,0,0.0,0,0,1.78,1.06,0.68,0.68,96.5,147,62.5,25.0,25.0,5.83,2.18,-0.13,2.11,0.25,2.0,-3.023076923,0.391,0.7,3.023076923,-0.141,-0.141,-0.45,-0.241,7.7,34.5,9.20693601036681,3.4191536728591903,34.869595379929926,0.6923076923076923,39.20354645674777,28.542634289757345,WSH
Brady Basso,669620,2026,43.0,200,31,4,15.5,5.0,1,4,6.07,0.278,0.382,0.374,0.307,39.2,5.1,37.3,76.618982949,94.131882436,11.3,39.5,20.2,52.0,43.0,25.3,27.2,696,OAK,61,669620,704,8.7,0.306,0.167,0.314,0.472,0.333,0.345,0.343,11,36,87.9,13.0,2183,88.2,88.48,8,61,0,0.2999999999999971,6.35,109,146,111,150,290,323,302,0.397,-0.397,71.6,7.3,0.985865158,36,35,6,4,1,0,1,2.8,0,0,2.18,0.77,0.28,0.28,92.4,161,28.57142857142857,2.857142857142857,2.7777777777777777,6.45,2.15,0.06,2.33,0.306,1.0,-0.650819672,0.343,0.452,0.650819672,-0.037,-0.037,0.02,-0.012,13.1,48.7,11.090970250587077,-3.6957090750416417,32.220840061784045,0.5901639344262295,35.2299894984431,31.762711943621003,OAK
Robert Stock,476594,2026,30.1,147,29,2,19.7,10.2,1,3,5.93,0.265,0.408,0.355,0.343,35.4,8.1,36.4,78.920647917,93.993070208,14.9,46.3,24.0,49.1,38.4,28.3,26.3,560,NYM,130,476594,561,23.2,0.344,0.115,0.392,0.459,0.35,0.31,0.286,21,61,88.8,18.5,2250,90.9,90.55,23,130,0,-0.3000000000000113,6.23,112,146,116,150,290,321,307,0.809,-0.809,71.7,7.2,2.782608774,61,52,16,4,0,1,9,14.8,0,0,2.28,0.53,0.6,-0.6,91.5,175,34.61538461538461,5.769230769230769,4.918032786885246,4.92,-4.15,-0.15,2.29,0.344,3.0,-0.622307692,0.286,0.437,0.622307692,0.058,0.0579999999999999,0.022,0.04,17.7,15.2,8.89453366069725,1.4361234531776332,32.91379012773704,0.4307692307692308,37.17026030050123,28.750661919989675,NYM
Adrian Houser,605288,2026,109.2,470,75,15,16.0,7.2,4,7,4.02,0.268,0.453,0.326,0.339,33.9,8.7,42.0,78.578432057,94.647697029,11.3,35.2,18.1,46.3,44.8,24.4,24.4,1731,TBD,58,605288,1732,3.3,0.219,0.031,0.269,0.25,0.206,0.292,0.303,7,32,89.3,11.0,2175,94.5,95.41,11,58,0,0.9000000000000057,6.77,115,147,119,151,286,314,302,4.11,-4.11,71.3,6.9,2.258256238,32,26,6,1,0,0,6,18.8,0,0,1.72,0.84,1.0,-1.0,92.3,169,57.692307692307686,0.0,0.0,5.7,-1.31,-0.02,2.44,0.219,0.0,-7.086206897,0.303,0.37,7.086206897,-0.084,-0.0839999999999999,-0.12,-0.086,19.0,38.2,6.933430027498799,0.8662575921692534,32.68333829786479,0.4482758620689655,33.50562991225485,29.474330320282483,TBD
Luis De León,801725,2026,9.1,36,6,1,16.7,5.6,0,2,1.93,0.192,0.281,0.195,0.226,17.9,7.1,35.7,73.527675714,93.489824643,0.0,37.5,15.3,46.8,60.7,28.6,10.7,126,BAL,18,801725,126,14.3,0.111,0.333,0.0,0.444,0.228,0.16,0.133,1,9,86.6,8.3,2419,93.0,92.18,3,18,0,-0.7999999999999972,5.88,114,148,104,150,280,323,306,0.464,-0.464,70.3,7.1,3.290237472,9,8,0,0,0,1,1,11.1,0,0,2.17,0.49,0.98,0.98,90.9,101,37.5,12.5,11.11111111111111,6.14,2.06,0.15,2.28,0.111,1.0,-2.577777778,0.133,0.246,2.577777778,-0.022,-0.022,0.198,0.068,16.7,33.9,11.988087378287974,-0.796276940639663,32.9583359773139,0.6111111111111112,34.760563919008526,30.44033248684781,BAL
Dylan Lee,669276,2026,67.0,262,77,3,29.4,6.5,6,1,3.09,0.201,0.315,0.248,0.252,35.7,5.4,32.7,77.001041951,93.192195092,24.1,57.9,35.7,52.7,32.7,33.9,25.6,1054,ATL,44,669276,1059,4.2,0.455,0.182,0.5,0.636,0.472,0.277,0.277,10,22,90.1,27.3,2233,87.1,86.96,11,44,0,-0.0999999999999943,6.2,122,143,124,149,305,324,308,-2.582,2.582,71.6,7.6,6.606196776,22,20,6,4,0,0,2,9.1,0,0,2.26,0.78,0.22,0.22,92.0,199,30.0,0.0,0.0,6.58,1.77,-0.2,2.33,0.455,0.0,5.868181818,0.277,0.372,-5.868181818,0.178,0.178,0.264,0.195,25.0,47.2,17.551228769997955,-12.817634613407966,32.61722221455344,0.5227272727272727,37.77325012632684,39.086841831944575,ATL
Yilber Díaz,700270,2026,6.0,34,6,2,17.6,14.7,0,0,16.5,0.362,0.666,0.539,0.475,47.8,13.0,43.5,81.999389167,95.559716087,12.2,40.9,22.2,43.2,21.7,39.1,30.4,146,DET,20,700270,146,13.7,0.2,0.1,0.286,0.3,0.215,0.368,0.297,2,10,95.3,23.7,2420,92.8,92.33,8,20,0,-0.5,5.76,126,147,125,152,293,326,300,1.018,-1.018,70.6,7.2,1.762711678,10,7,1,1,0,0,3,30.0,0,0,1.76,0.89,0.47,-0.47,94.1,247,42.85714285714285,14.285714285714285,10.0,5.67,-1.24,-0.04,2.35,0.2,1.0,-5.09,0.297,0.578,5.09,-0.097,-0.0969999999999999,-0.278,-0.153,40.0,41.6,10.12893867586224,-4.522838403430777,33.66174749466999,0.55,35.52983077738106,31.006643381365105,DET
Manuel Rodríguez,655889,2026,6.2,35,10,1,28.6,22.9,0,0,2.7,0.213,0.342,0.401,0.351,31.3,6.3,31.3,83.10185125,94.215677333,6.5,48.0,25.0,40.6,50.0,6.3,37.5,138,TBD,15,655889,142,10.6,0.25,0.75,0.0,1.0,0.512,0.566,0.409,1,4,97.7,7.0,2220,92.4,93.17,1,15,0,0.7999999999999972,6.63,113,145,116,151,292,333,305,-0.83,0.83,74.5,7.4,0.81177144,4,3,0,0,0,1,1,25.0,0,0,2.04,0.63,0.2,-0.2,91.6,118,33.33333333333333,33.33333333333333,25.0,5.43,-1.02,0.12,2.1,0.25,1.0,5.533333333,0.409,0.938,-5.533333333,-0.159,-0.1589999999999999,0.062,-0.054,6.7,45.5,12.034267247043257,-0.3098006470101171,31.81468420167317,0.4,35.731758812821575,29.577289202914688,TBD
Joe Ryan,657746,2026,144.2,614,159,21,25.9,5.0,7,10,3.79,0.228,0.394,0.309,0.297,35.0,10.0,40.9,78.3079325,94.339559142,18.4,41.9,25.8,49.9,37.2,29.2,23.6,2441,MIN,91,657746,2443,3.7,0.343,0.257,0.357,0.6,0.402,0.326,0.301,12,35,91.1,19.7,2420,88.2,88.8,23,91,0,0.5999999999999943,6.76,118,145,116,151,296,328,297,-0.205,0.205,71.7,7.3,3.39451949,35,30,8,1,1,2,5,14.3,0,0,2.4,0.58,0.43,-0.43,91.9,169,33.33333333333333,3.333333333333333,2.857142857142857,4.72,-2.61,0.08,2.24,0.343,1.0,0.225274725,0.301,0.463,-0.225274725,0.042,0.042,0.137,0.076,25.3,23.2,13.764778661183517,-5.268506253846688,33.372494954527006,0.4945054945054945,35.542205447471446,34.83452992022302,MIN
Seth Lonsway,675920,2026,2.1,14,2,0,14.3,0.0,0,0,7.71,0.226,0.245,0.445,0.205,16.7,0.0,33.3,81.376916,93.468391,25.0,0.0,21.1,47.5,83.3,8.3,8.3,40,SF,4,675920,40,10.0,0.5,0.0,0.5,0.5,0.445,0.202,0.216,1,2,90.5,-7.0,2394,87.7,86.78,2,4,0,-0.9000000000000057,5.72,105,144,133,154,287,327,307,-0.022,0.022,70.2,7.1,1.389229476,2,2,1,0,0,0,0,0.0,0,0,3.04,-0.04,0.28,0.28,90.5,19,0.0,0.0,0.0,5.66,1.73,0.07,2.4,0.5,0.0,0.55,0.216,0.235,-0.55,0.284,0.284,0.265,0.243,50.0,33.9,4.9118474329416175,8.416395127540872,33.38361701939744,0.25,39.22111555993375,23.275598425396986,SF
Keider Montero,672456,2026,155.0,625,107,17,17.1,5.9,10,9,3.48,0.231,0.381,0.275,0.29,30.5,7.2,36.4,78.321199402,93.502493098,13.3,32.0,18.4,47.7,40.2,27.2,20.6,2304,DET,183,672456,2310,7.9,0.253,0.241,0.224,0.494,0.317,0.314,0.269,22,87,89.7,20.6,2361,89.6,89.59,21,183,0,0.0,6.3,116,145,119,149,288,326,305,5.404,-5.404,70.6,7.1,1.920971148,87,81,11,6,0,5,6,6.9,0,0,2.19,0.69,0.38,-0.38,91.3,177,37.03703703703704,9.876543209876544,9.195402298850574,5.86,-2.32,-0.13,2.42,0.253,8.0,-2.953005464,0.269,0.467,2.953005464,-0.016,-0.016,0.027,0.003,11.5,42.1,8.933708963286827,-1.0182614343146128,32.28609656287945,0.453551912568306,36.38665923181657,30.36770723455445,DET
Kevin Gausman,592332,2026,177.2,750,184,26,24.5,6.3,9,12,4.51,0.25,0.41,0.316,0.309,34.2,7.7,40.0,77.158105906,94.49589935,17.1,45.1,27.7,50.2,41.7,23.9,25.9,3003,CHC,212,592332,3005,7.1,0.298,0.214,0.303,0.512,0.343,0.325,0.293,25,84,90.9,6.6,1910,88.2,89.03,58,212,0,0.7999999999999972,6.82,118,148,116,154,297,323,302,1.358,-1.358,73.2,7.5,3.969270031,85,71,17,3,0,5,14,16.5,0,0,2.1,0.86,0.95,-0.95,91.8,158,40.845070422535215,5.633802816901409,4.705882352941177,5.76,-2.52,-0.21,2.01,0.294,4.0,-0.640566038,0.29,0.48,0.640566038,0.005,0.004,0.032,0.018,27.4,37.2,12.164766846725769,-4.227138839196421,33.64108937143065,0.4575471698113207,39.51197906979883,34.903716855644234,CHC
Justin Slaten,686580,2026,31.1,137,39,4,28.5,5.8,2,4,4.6,0.223,0.331,0.323,0.266,36.7,4.4,36.7,77.338378864,93.940124253,15.8,45.7,25.2,50.8,43.3,25.6,27.8,508,TBD,15,686580,508,3.0,0.571,0.143,0.8,0.714,0.562,0.3,0.3,4,7,91.3,9.6,2446,95.8,97.11,5,15,0,1.2999999999999972,6.86,100,141,116,146,281,317,300,-1.532,1.532,69.1,6.6,0.965953961,7,5,3,1,0,0,2,28.6,0,0,1.51,0.97,0.12,-0.12,92.3,178,40.0,0.0,0.0,5.89,-0.98,-0.06,2.54,0.571,0.0,10.213333333,0.3,0.405,-10.213333333,0.271,0.2709999999999999,0.309,0.262,33.3,46.8,5.450981367648927,7.377865676401238,33.14855734817332,0.5333333333333333,35.778044029633776,26.88014157832309,TBD
Logan Webb,657277,2026,160.2,668,134,13,20.1,6.1,8,9,4.31,0.259,0.386,0.292,0.311,31.0,5.8,38.9,76.910324286,93.920994968,13.9,34.6,21.5,47.6,51.8,20.6,23.1,2488,SF,134,657277,2489,5.4,0.302,0.175,0.309,0.476,0.334,0.307,0.283,19,63,88.3,8.9,1941,88.6,89.69,25,134,0,1.1000000000000083,6.82,115,146,113,151,285,316,299,1.035,-1.035,71.6,7.0,1.486252086,63,57,14,1,2,2,6,9.5,0,0,2.79,0.11,0.51,-0.51,91.3,127,38.59649122807017,7.017543859649122,6.349206349206349,4.83,-1.81,-0.03,2.2,0.302,4.0,-0.77238806,0.283,0.435,0.77238806,0.019,0.019,0.041,0.027,18.7,19.6,9.982344596505506,1.387036740312332,34.90115727339252,0.4776119402985074,36.236996335354654,31.309093325861543,SF
Raymond Burgos,670103,2026,21.1,82,16,3,19.5,1.2,0,0,4.22,0.232,0.402,0.252,0.275,21.5,6.3,35.4,79.506628387,93.841246613,8.8,46.3,18.8,52.7,53.8,29.2,12.3,292,BOS,51,670103,292,17.5,0.32,0.12,0.304,0.44,0.331,0.335,0.289,8,25,85.9,11.4,2217,86.1,84.91,8,51,0,-1.1999999999999886,5.59,120,146,118,149,285,319,302,-0.604,0.604,72.0,7.4,2.688247298,25,24,7,0,0,1,1,4.0,0,0,2.84,0.29,0.34,0.34,92.1,147,34.78260869565217,4.3478260869565215,4.0,5.66,2.5,0.05,2.26,0.32,1.0,1.184313725,0.289,0.494,-1.184313725,0.031,0.031,-0.054,-0.004,15.7,27.8,13.607565434579929,-5.655127611253271,33.208668769860175,0.5490196078431373,33.37283233041297,33.61689500710686,BOS
Shane Drohan,675660,2026,124.2,528,125,14,23.7,8.3,7,5,4.19,0.231,0.375,0.322,0.301,35.6,8.5,38.7,77.726555318,94.000294522,18.8,42.9,27.3,48.1,41.2,29.7,23.4,2001,MIL,70,675660,2001,3.5,0.308,0.103,0.387,0.41,0.312,0.325,0.277,12,39,92.2,10.7,2708,91.2,91.12,21,70,0,-0.1000000000000085,6.17,111,147,124,152,290,315,300,1.092,-1.092,71.6,7.3,5.233582949,39,31,8,4,0,0,8,20.5,0,0,2.4,0.35,0.5,0.5,93.4,167,54.83870967741935,3.225806451612903,2.564102564102564,5.39,1.78,-0.38,2.05,0.308,1.0,-1.56,0.277,0.487,1.56,0.031,0.0309999999999999,-0.077,-0.013,30.0,29.9,12.15388425469738,-3.826022014448819,33.505651905658944,0.5428571428571428,40.59126752456432,32.335425240329144,MIL
Chase Shugart,663767,2026,53.2,223,59,10,26.5,9.0,2,1,4.02,0.214,0.39,0.314,0.3,35.7,10.0,33.6,75.889306,93.222298643,19.5,31.6,23.4,40.4,35.7,38.6,20.0,867,PHI,47,663767,871,5.4,0.15,0.4,0.05,0.55,0.248,0.296,0.223,3,20,88.1,25.9,2288,90.8,90.86,8,47,0,0.1000000000000085,6.21,119,145,119,147,289,321,297,2.474,-2.474,71.3,7.0,1.153402338,23,22,0,0,1,2,1,4.3,0,0,2.14,0.62,0.5,-0.5,91.3,207,36.36363636363637,13.636363636363637,13.043478260869565,5.47,-2.89,-0.05,2.4,0.13,3.0,-5.263829787,0.218,0.517,5.263829787,-0.073,-0.088,0.033,-0.048,17.0,37.4,5.441244122286754,4.699540749431426,32.700947104755905,0.425531914893617,35.96379965935582,27.99711113131044,PHI
Ty Johnson,694494,2026,7.2,34,11,1,32.4,11.8,0,0,3.52,0.23,0.337,0.331,0.303,52.6,10.5,31.6,75.068544444,93.307372222,17.3,51.9,29.1,49.1,15.8,36.8,36.8,161,TBD,26,694494,161,16.1,0.286,0.143,0.333,0.429,0.307,0.337,0.342,2,7,86.7,34.8,2625,92.1,92.62,5,26,0,0.5,6.65,118,147,128,153,297,330,303,0.967,-0.967,72.9,7.1,1.342120107,7,6,1,1,0,0,1,14.3,0,0,1.36,1.33,0.73,-0.73,90.9,177,33.33333333333333,0.0,0.0,5.45,-1.9,0.05,2.58,0.286,0.0,-3.719230769,0.342,0.43,3.719230769,-0.056,-0.056,-0.001,-0.03,19.2,26.5,7.149000268806172,2.5440462658634715,32.64505054599423,0.5769230769230769,34.64470699072181,27.21290554839518,TBD
Chase Burns,695505,2026,154.1,630,185,17,29.4,8.9,15,3,2.86,0.207,0.347,0.288,0.279,34.4,8.2,38.2,79.91015266,93.796248271,18.3,52.9,32.0,48.9,38.0,28.9,23.5,2569,CIN,165,695505,2569,6.4,0.333,0.236,0.382,0.569,0.386,0.33,0.271,24,72,92.4,17.5,2691,94.3,94.39,48,165,0,0.1000000000000085,6.27,116,146,113,150,287,324,297,-1.065,1.065,72.6,7.5,3.777248544,72,58,14,6,1,3,14,19.4,0,0,1.66,0.91,0.04,-0.04,92.8,165,46.55172413793103,10.344827586206897,8.333333333333332,6.61,-1.37,0.12,2.14,0.333,6.0,0.645454545,0.271,0.506,-0.645454545,0.062,0.062,0.063,0.056,29.1,54.3,13.564970517650458,-7.6424353747857054,32.73248907087833,0.4909090909090909,34.07911908233453,34.535816494314766,CIN
Ben Peoples,687239,2026,16.1,68,10,3,14.7,11.8,0,1,2.76,0.221,0.362,0.333,0.305,34.7,6.1,26.5,73.9668716,92.119654694,21.1,28.6,24.0,51.8,44.9,28.6,22.4,282,TEX,11,687239,282,3.9,0.6,0.2,0.6,0.8,0.608,0.215,0.206,3,5,88.8,16.2,2128,88.7,88.6,0,11,0,-0.1000000000000085,6.27,113,146,124,153,298,318,305,-1.141,1.141,70.4,7.3,,5,5,2,1,0,0,0,0.0,0,0,2.4,0.51,0.09,-0.09,92.4,210,20.0,0.0,0.0,5.96,-1.39,0.06,2.43,0.6,0.0,10.372727273,0.206,0.295,-10.372727273,0.394,0.394,0.505,0.393,0.0,48.1,8.05028234990147,-6.622145196388107,28.311983568363416,0.5454545454545454,36.64883929739556,33.24532627836919,TEX
Trevor Richards,670950,2026,83.0,345,73,12,21.2,7.5,0,1,3.69,0.242,0.421,0.294,0.313,37.1,9.0,41.2,81.884487541,94.45229582,13.2,39.6,21.7,49.2,29.4,37.6,22.4,1302,TBD,108,670950,1319,8.2,0.222,0.2,0.2,0.422,0.246,0.409,0.34,10,45,92.4,23.1,2358,88.3,88.71,18,108,0,0.4000000000000057,6.56,119,146,113,150,291,324,302,3.764,-3.764,70.8,7.0,1.772998966,50,46,3,6,0,1,4,8.0,0,0,1.84,1.12,0.73,-0.73,92.0,193,47.82608695652174,17.391304347826086,16.0,6.27,-2.29,-0.25,2.44,0.2,8.0,-3.485185185,0.332,0.615,3.485185185,-0.118,-0.132,-0.193,-0.163,16.7,52.5,8.34252409046815,0.8284181234662338,31.64926813399552,0.5555555555555556,37.00073722427992,30.300887772036184,TBD
Jake Bennett,687562,2026,113.1,455,91,12,20.0,4.6,9,7,3.65,0.234,0.382,0.286,0.286,32.4,7.9,37.9,77.27794897,94.122067576,16.1,37.3,23.7,53.6,43.8,27.1,20.9,1618,BOS,71,687562,1627,4.4,0.167,0.0,0.25,0.167,0.148,0.174,0.174,5,30,86.9,2.3,2091,87.3,88.44,18,71,0,1.1000000000000083,7.1,118,150,123,150,287,322,303,4.962,-4.962,72.1,7.5,3.889349712,30,20,5,0,0,0,10,33.3,0,0,2.73,0.31,0.77,0.77,91.4,129,30.0,0.0,0.0,5.5,3.16,-0.02,2.15,0.167,0.0,-6.988732394,0.174,0.226,6.988732394,-0.007,-0.0069999999999999,-0.059,-0.026,25.4,29.5,12.386003262563998,-5.591885202720281,34.19865323047722,0.4507042253521127,34.15065486717545,34.25466329393976,BOS
Chase Petty,695534,2026,31.2,139,15,6,10.8,6.5,1,2,4.83,0.278,0.47,0.328,0.361,35.7,9.1,37.5,77.668980909,93.925085545,17.4,24.6,19.6,48.2,38.4,30.4,25.0,477,CIN,6,695534,477,1.3,0.5,0.75,0.333,1.25,0.735,0.882,0.572,2,4,100.6,33.5,1971,91.2,91.43,1,6,0,0.2000000000000028,6.33,101,143,109,147,286,320,294,-0.911,0.911,73.2,7.1,0.735233316,4,4,1,0,0,1,0,0.0,0,0,2.37,0.38,1.0,-1.0,100.1,313,75.0,50.0,50.0,5.56,-1.9,-0.18,2.75,0.5,2.0,15.183333333,0.572,1.553,-15.183333333,-0.072,-0.0719999999999999,-0.303,-0.147,16.7,32.8,12.464715825773492,-3.9999446008781607,27.26626624389004,0.5,37.90060286951199,34.87293547767203,CIN
Ryan Watson,670245,2026,72.0,307,65,8,21.2,7.5,1,1,4.0,0.263,0.432,0.308,0.331,36.6,9.8,36.6,77.617586698,94.044805566,17.1,40.9,25.5,49.2,40.3,23.6,27.3,1138,LAA,68,670245,1146,5.9,0.355,0.065,0.44,0.419,0.329,0.261,0.259,11,31,89.9,9.5,2153,88.1,89.07,19,68,0,1.0999999999999943,6.98,109,142,121,149,302,328,307,1.188,-1.188,72.2,7.2,1.284509118,32,25,9,2,0,0,7,21.9,0,0,2.7,0.27,-0.47,0.47,91.7,132,36.0,4.0,3.125,5.64,-1.06,0.18,2.28,0.344,1.0,-1.747058824,0.262,0.327,1.747058824,0.096,0.0819999999999999,0.092,0.068,27.9,37.4,9.951151077423516,-2.0084769740042754,33.31016322805811,0.5,33.371328194546734,30.196604915575552,LAA
John King,667463,2026,49.2,197,33,7,16.8,8.6,6,2,3.99,0.229,0.404,0.281,0.31,32.2,8.5,37.8,79.649369437,93.72125,12.9,36.2,21.7,47.2,47.6,26.6,21.0,714,TBD,25,667463,723,3.5,0.1,0.3,0.0,0.4,0.186,0.28,0.238,1,10,87.0,6.8,2341,86.0,85.86,6,25,0,-0.0999999999999943,6.17,119,145,108,147,292,322,299,1.82,-1.82,73.8,7.3,3.679235522,11,11,0,0,0,1,0,0.0,0,0,3.04,0.06,0.21,0.21,91.2,160,27.27272727272727,9.090909090909092,9.090909090909092,5.55,1.87,-0.05,1.94,0.091,1.0,-7.28,0.217,0.49,7.28,-0.138,-0.126,-0.09,-0.094,24.0,27.5,10.57555262058978,-1.566278930229532,37.34151116999912,0.44,37.16173289674888,32.80493201309645,TBD
Drey Jameson,686753,2026,19.1,86,13,1,15.1,11.6,0,0,5.12,0.275,0.397,0.325,0.341,40.3,4.8,30.6,76.406695161,92.90940129,17.7,45.8,27.1,47.1,35.5,24.2,35.5,306,ARI,13,686753,306,4.2,0.5,0.25,0.5,0.75,0.538,0.516,0.537,2,4,88.3,-8.0,2279,93.2,92.23,1,13,0,-1.0,5.81,114,144,126,153,306,319,293,-0.404,0.404,70.5,7.2,0.1,4,4,1,1,0,0,0,0.0,0,0,1.87,0.78,0.58,-0.58,93.0,150,50.0,0.0,0.0,5.58,-1.97,0.12,2.14,0.5,0.0,3.107692308,0.537,0.651,-3.107692308,-0.037,-0.037,0.099,0.022,7.7,42.2,10.978475685041696,-6.602360194425566,35.413328759724074,0.3846153846153846,33.75028263426054,33.42229507030499,ARI
Brandon Young,687064,2026,156.2,669,133,22,19.9,9.1,9,6,3.56,0.25,0.398,0.323,0.319,34.1,6.9,39.4,78.413877576,94.191988268,14.2,41.6,24.3,49.0,42.9,25.6,23.2,2530,BAL,230,687064,2530,9.1,0.229,0.25,0.222,0.479,0.299,0.254,0.221,22,96,89.7,16.3,2073,90.0,90.01,55,230,0,0.0,6.38,112,145,113,149,289,326,302,5.397,-5.397,70.9,7.1,2.434949969,96,78,11,4,1,6,18,18.8,0,0,2.04,0.83,0.46,-0.46,91.1,162,33.33333333333333,7.6923076923076925,6.25,5.96,-1.49,-0.12,2.5,0.229,6.0,-2.346521739,0.221,0.376,2.346521739,0.008,0.008,0.103,0.045,23.9,40.7,9.626806417223102,-1.1042348891832994,31.08856198835147,0.4608695652173913,36.51073375133311,30.31309953646536,BAL
Mitch Farris,815083,2026,60.0,258,63,10,24.4,11.2,1,4,4.05,0.258,0.43,0.355,0.339,40.6,9.2,46.5,77.946299259,94.862754568,18.7,46.2,28.8,44.2,40.6,24.2,28.5,961,LAA,25,815083,997,2.5,0.357,0.357,0.308,0.714,0.454,0.484,0.411,5,14,91.4,8.9,2118,87.6,88.07,7,25,0,0.5,6.6,116,147,116,151,296,327,306,-1.334,1.334,73.9,7.3,3.750635691,14,14,2,2,0,1,0,0.0,0,0,2.2,0.8,0.48,0.48,95.0,156,50.0,21.428571428571427,21.428571428571427,6.24,0.78,0.09,2.17,0.357,3.0,5.336,0.411,0.727,-5.336,-0.054,-0.0539999999999999,-0.013,-0.03,28.0,52.7,9.868688773002145,-5.656102625765081,33.49248401738874,0.48,34.624482079654804,36.76934707709335,LAA
Sam Moll,594580,2026,56.1,257,56,5,21.8,11.7,2,7,4.79,0.238,0.359,0.329,0.324,31.1,5.9,37.8,77.873913562,94.21959731,15.8,36.2,22.6,42.1,53.7,18.3,23.2,1073,TBD,35,594580,1081,3.2,0.25,0.0,0.267,0.25,0.223,0.26,0.272,4,16,90.4,10.3,2611,88.4,85.45,6,35,0,-2.9000000000000057,4.46,113,146,111,149,284,323,300,1.996,-1.996,71.1,7.2,5.365415522,16,15,4,0,0,0,1,6.3,0,0,2.88,0.07,0.43,0.43,92.1,108,60.0,0.0,0.0,5.06,2.04,0.09,2.2,0.25,0.0,-5.702857143,0.272,0.326,5.702857143,-0.022,-0.022,-0.076,-0.037,17.1,16.5,11.69580474871231,-2.3738161033298333,33.252796796228,0.5714285714285714,34.25822373288014,32.72144805054842,TBD
Shota Imanaga,684007,2026,174.1,706,174,35,24.6,5.2,11,10,3.77,0.235,0.41,0.309,0.301,34.2,9.8,36.9,77.405295062,93.83839299,20.7,45.9,30.0,51.8,37.7,32.4,21.1,2810,CHC,96,684007,2811,3.4,0.317,0.244,0.323,0.561,0.376,0.387,0.321,13,41,93.2,20.4,2251,87.3,87.11,26,96,0,-0.2000000000000028,6.16,112,148,126,154,293,327,301,-0.287,0.287,73.0,7.4,3.892078908,41,34,9,1,0,3,7,17.1,0,0,2.19,0.83,0.5,0.5,92.5,188,50.0,14.705882352941178,12.195121951219512,5.43,1.32,-0.03,2.45,0.317,5.0,0.298958333,0.321,0.594,-0.298958333,-0.004,-0.004,-0.033,-0.011,27.1,36.4,13.59562349782244,-6.487248430221271,31.729428986049506,0.4895833333333333,39.055703967573415,33.6970012253494,CHC
Brenan Hanifee,669724,2026,21.1,93,10,5,10.8,7.5,0,1,5.06,0.301,0.5,0.369,0.37,28.0,8.1,45.3,80.043368056,94.960762222,7.1,38.2,14.4,45.5,61.3,21.3,14.7,321,DET,2,669724,325,0.6,0.5,0.0,0.5,0.5,0.445,0.347,0.365,1,2,88.5,-18.0,2032,91.0,90.65,0,2,0,-0.2000000000000028,5.9,128,149,130,149,287,329,312,-0.104,0.104,76.2,7.9,,2,2,1,0,0,0,0,0.0,0,0,2.76,-0.02,0.64,-0.64,94.1,53,50.0,0.0,0.0,5.55,-2.79,-0.64,1.6,0.5,0.0,5.2,0.365,0.428,-5.2,0.135,0.135,0.072,0.098,0.0,31.9,10.99793728740691,0.0319799674617957,32.506523187379955,0.5,42.85447467166912,31.455938621399504,DET
Enyel De Los Santos,660853,2026,71.1,301,67,11,22.3,6.6,3,3,4.79,0.224,0.374,0.321,0.286,33.3,5.6,37.6,77.632913208,93.489452844,21.3,39.4,27.1,53.9,35.7,31.0,22.5,1153,HOU,80,660853,1159,6.9,0.27,0.459,0.222,0.73,0.405,0.323,0.239,10,37,89.6,23.7,2061,88.6,88.57,18,80,0,0.0,6.46,117,144,106,149,287,325,298,-1.229,1.229,72.9,7.5,2.120854916,38,31,1,5,0,4,7,18.4,0,0,2.1,0.85,1.1,-1.1,91.7,174,45.16129032258064,12.903225806451612,10.526315789473683,5.44,-2.23,-0.19,2.19,0.263,4.0,1.53625,0.242,0.526,-1.53625,0.031,0.021,0.204,0.082,22.5,25.8,13.307543675073582,-4.907060670380284,32.34127921329204,0.4125,38.3818064262366,34.922275242776806,HOU
Michael Rucker,621074,2026,43.2,186,50,6,26.9,9.1,1,4,5.56,0.236,0.368,0.307,0.305,34.2,8.5,35.0,75.951537759,93.663867931,16.7,40.7,25.9,46.4,47.0,19.7,27.4,757,SEA,84,621074,757,11.1,0.333,0.333,0.333,0.667,0.425,0.38,0.312,11,33,91.7,12.2,2548,89.7,89.53,14,84,0,-0.2000000000000028,6.27,121,145,116,151,281,322,305,-1.025,1.025,71.0,7.2,1.368929494,33,27,6,2,0,3,6,18.2,0,0,2.66,0.23,-0.34,0.34,92.2,147,44.44444444444444,14.814814814814811,12.12121212121212,5.46,-2.04,0.08,2.21,0.333,4.0,1.220238095,0.312,0.584,-1.220238095,0.021,0.021,0.083,0.045,16.7,37.8,7.984902222386161,-1.0708988233094427,31.4130736974706,0.4880952380952381,35.71200093091197,30.185448108943397,SEA
Ryan Weathers,677960,2026,137.1,568,143,18,25.2,6.7,5,8,3.6,0.255,0.424,0.306,0.319,32.0,8.6,40.6,77.68228672,94.601750608,16.4,47.2,27.0,44.8,49.5,21.4,24.5,2280,NYY,32,677960,2281,1.4,0.286,0.0,0.364,0.286,0.254,0.217,0.238,4,14,76.8,4.7,2337,89.6,88.45,8,32,0,-1.0999999999999943,5.67,122,147,115,153,277,322,294,1.477,-1.477,70.6,7.1,3.336703171,14,11,4,0,0,0,3,21.4,0,0,2.53,0.35,0.74,0.74,89.4,80,9.090909090909092,0.0,0.0,5.31,3.03,0.01,2.29,0.286,0.0,-4.615625,0.238,0.257,4.615625,0.048,0.0479999999999999,0.029,0.037,25.0,30.8,10.663622106753571,-2.313111483395684,29.822278711058985,0.5,35.418289770273354,33.46496581826451,NYY
Juan Mejia,675848,2026,70.0,323,66,6,20.4,12.4,4,6,5.27,0.262,0.384,0.344,0.332,33.2,3.8,38.8,77.425355619,94.307856,15.3,39.7,23.7,47.0,42.5,25.2,26.2,1303,COL,87,675848,1317,6.6,0.45,0.3,0.516,0.75,0.514,0.442,0.403,18,40,91.7,6.5,2620,91.1,91.25,17,87,0,0.1000000000000085,6.06,117,144,116,150,291,330,306,-3.646,3.646,72.3,7.3,3.806691913,40,33,10,6,0,2,7,17.5,0,0,2.31,0.44,-0.12,0.12,93.6,157,54.54545454545454,9.090909090909092,7.5,5.88,-1.68,0.06,2.25,0.45,3.0,4.190804598,0.403,0.63,-4.190804598,0.047,0.0469999999999999,0.12,0.072,19.5,35.1,9.412469603890017,-1.0526979487854975,33.98696588962846,0.367816091954023,34.69552075833474,30.698907997787728,COL
Rico Garcia,670329,2026,67.0,265,68,9,25.7,8.3,5,1,3.09,0.204,0.327,0.258,0.265,24.9,5.2,34.1,75.445666471,93.200597337,27.5,41.7,31.9,49.0,42.2,25.4,19.7,997,BAL,78,670329,1007,7.7,0.184,0.053,0.233,0.237,0.184,0.157,0.162,7,38,85.0,33.3,2419,90.0,89.29,22,78,0,-0.7000000000000028,5.93,117,145,101,148,290,324,304,6.074,-6.074,71.7,7.6,3.40840852,38,30,5,2,0,0,8,21.1,0,0,1.9,0.94,0.91,-0.91,90.3,151,20.0,0.0,0.0,5.88,-1.57,-0.26,2.21,0.184,0.0,-7.787179487,0.162,0.199,7.787179487,0.022,0.0219999999999999,0.038,0.027,28.2,47.5,13.786397414712532,-8.94880247874695,32.894727269062386,0.5,37.29859657489428,33.57646371100863,BAL
Cole Wilcox,677961,2026,27.0,123,28,2,22.8,13.8,0,0,4.0,0.284,0.404,0.326,0.355,36.8,6.7,46.1,81.182641053,95.235350667,19.9,52.5,31.4,46.3,44.7,17.1,34.2,488,SEA,5,677961,492,1.0,1.0,3.0,,4.0,2.049,0.408,0.209,1,1,102.7,41.0,1792,92.9,92.9,3,5,0,0.0,6.34,117,145,110,150,284,322,305,-1.275,1.275,73.2,7.5,7.54441096,1,1,0,0,0,1,0,0.0,0,0,2.2,0.46,1.16,-1.16,96.0,342,100.0,0.0,0.0,5.74,-2.11,-0.07,2.19,1.0,0.0,25.5,0.209,0.782,-25.5,0.791,0.791,3.218,1.641,60.0,25.4,22.84547863749209,-9.605064873990436,40.22312229268287,0.2,35.71623257196366,38.47916367783265,SEA
Griffin Jax,643377,2026,112.1,459,116,15,25.3,7.6,8,10,3.53,0.253,0.407,0.296,0.317,33.7,8.5,39.2,77.504651733,94.063749197,18.0,48.2,30.0,48.1,47.1,23.5,24.2,1724,TB,82,643377,1732,4.7,0.27,0.108,0.29,0.378,0.282,0.296,0.273,10,37,89.8,14.9,2505,91.1,91.01,25,82,0,-0.0999999999999943,6.28,117,148,117,154,293,332,309,3.589,-3.589,72.9,7.4,2.950614329,37,32,8,1,0,1,5,13.5,0,0,2.26,0.51,0.68,-0.68,92.1,147,40.625,6.25,5.405405405405405,5.59,-0.97,-0.09,2.14,0.27,2.0,-4.376829268,0.273,0.419,4.376829268,-0.003,-0.003,-0.041,-0.014,30.5,44.7,11.887721675468352,-5.532561935502588,32.630059931137275,0.524390243902439,37.23634824633236,33.250682972939366,TB
Ryan Feltner,663372,2026,123.1,548,92,20,16.8,9.7,7,10,5.4,0.254,0.45,0.357,0.337,30.9,9.5,35.9,75.725484673,93.476085264,14.1,48.6,23.6,49.1,42.9,29.4,20.9,2049,COL,229,663372,2050,11.2,0.333,0.141,0.356,0.475,0.333,0.3,0.286,33,99,87.8,17.6,2159,89.0,89.89,53,229,0,0.9000000000000057,6.59,115,142,116,149,296,329,304,3.364,-3.364,72.5,7.4,2.823089913,104,89,23,8,0,2,15,14.4,0,0,2.24,0.64,0.14,-0.14,91.8,170,30.337078651685395,6.741573033707865,5.769230769230769,5.54,-1.85,0.09,2.26,0.317,6.0,-1.468995633,0.278,0.419,1.468995633,0.047,0.0389999999999999,0.056,0.033,23.1,44.3,13.151236052223403,-5.424524626896127,34.35603439819557,0.4847161572052402,34.24531699429335,34.44314566734049,COL
Erick Fedde,607200,2026,141.0,606,99,23,16.3,8.6,8,9,3.83,0.258,0.442,0.327,0.334,36.5,8.3,40.5,77.653434688,94.077809263,12.2,31.5,18.2,42.4,37.9,29.8,24.9,2413,CWS,113,607200,2422,4.7,0.2,0.083,0.208,0.283,0.206,0.314,0.251,12,60,90.2,16.6,2279,88.9,89.58,19,113,0,0.6999999999999886,6.59,118,147,115,151,291,328,301,9.218,-9.218,72.8,7.1,1.322443245,61,54,9,2,0,1,7,11.5,0,0,2.53,0.37,-0.26,0.26,93.0,159,40.74074074074074,9.25925925925926,8.19672131147541,5.91,-1.3,0.16,2.36,0.197,5.0,-8.157522124,0.255,0.482,8.157522124,-0.051,-0.0579999999999999,-0.199,-0.108,16.8,35.3,11.081360868141898,-2.6326092865558763,33.37925434470033,0.5929203539823009,33.40570620483135,31.98491755121144,CWS
Albert Suárez,544150,2026,63.0,262,46,8,17.6,7.6,3,0,3.86,0.249,0.399,0.307,0.311,39.8,7.1,39.3,79.228780833,93.954084844,17.2,37.1,23.7,50.0,33.7,27.6,29.6,970,BAL,51,544150,971,5.3,0.167,0.208,0.158,0.375,0.226,0.238,0.221,4,24,89.1,29.3,2252,89.5,89.88,13,51,0,0.4000000000000057,6.62,119,147,119,151,297,328,306,1.589,-1.589,73.1,7.3,1.751259583,24,20,2,0,1,1,4,16.7,0,0,1.88,1.01,0.83,-0.83,91.1,193,35.0,5.0,4.166666666666666,6.28,-1.35,-0.21,2.63,0.167,1.0,-3.115686275,0.221,0.335,3.115686275,-0.054,-0.0539999999999999,0.04,-0.012,25.5,41.4,11.746753514470704,-2.157918105215702,32.62157217079739,0.5294117647058824,37.55955112911979,30.47362167903241,BAL
Gerrit Cole,543037,2026,127.0,519,131,22,25.2,4.8,10,9,3.61,0.248,0.401,0.302,0.3,36.2,9.0,44.6,81.410383164,94.50239887,14.6,39.4,21.3,49.2,34.3,27.0,28.1,1923,NYY,200,543037,1953,10.2,0.29,0.226,0.313,0.516,0.345,0.316,0.29,27,93,91.4,20.3,2372,92.1,91.59,38,200,0,-0.5,6.16,117,146,116,153,286,328,295,0.514,-0.514,71.3,7.2,1.737904488,93,73,18,3,0,6,20,21.5,0,0,1.98,0.76,0.41,-0.41,91.6,170,42.465753424657535,8.21917808219178,6.451612903225806,5.85,-2.16,-0.08,2.36,0.29,6.0,-0.257,0.29,0.449,0.257,0.0,0.0,0.067,0.029,19.0,37.6,8.740349149313216,0.7421769198570427,32.88182458884746,0.52,36.35731486201377,29.137681216533483,NYY
Braydon Fisher,680755,2026,75.2,310,74,8,23.9,14.2,3,4,3.21,0.223,0.358,0.293,0.316,31.7,9.5,39.2,76.701211739,93.652916685,19.5,42.6,28.3,43.6,43.9,24.9,22.2,1256,TOR,65,680755,1275,5.1,0.241,0.103,0.261,0.345,0.255,0.365,0.327,7,29,87.6,25.5,2310,86.8,85.38,16,65,0,-1.3999999999999917,5.38,113,142,116,150,285,322,298,4.102,-4.102,72.6,7.5,2.575336675,29,24,6,0,0,1,5,17.2,0,0,2.86,0.2,-0.01,0.01,92.9,165,41.66666666666667,4.166666666666666,3.4482758620689653,6.56,0.59,0.19,2.1,0.241,1.0,-6.310769231,0.327,0.528,6.310769231,-0.086,-0.086,-0.183,-0.11,24.6,47.9,13.996211404284857,-11.451600259237114,31.70072614382548,0.5846153846153846,34.37451577919868,36.28432692948584,TOR
Jose Quintana,500779,2026,48.0,212,25,10,11.8,9.4,2,3,5.44,0.279,0.483,0.37,0.357,35.5,9.6,34.9,78.646501951,93.541115276,13.6,32.7,20.9,46.9,34.3,33.7,22.3,816,COL,22,500779,820,2.7,0.111,0.0,0.125,0.111,0.099,0.343,0.32,1,9,94.5,14.1,2119,86.7,87.27,3,22,0,0.5999999999999943,6.51,116,146,118,152,298,331,309,2.14,-2.14,71.5,7.4,4.482233076,9,8,1,0,0,0,1,11.1,0,0,2.3,0.74,0.51,0.51,91.6,130,50.0,12.5,11.11111111111111,5.75,2.51,-0.06,2.24,0.111,1.0,-9.727272727,0.32,0.485,9.727272727,-0.209,-0.209,-0.374,-0.244,13.6,42.3,14.046507391252046,-2.5447870428300936,33.749094961540216,0.4545454545454545,35.54036053801825,34.03336640856309,COL
Josiah Gray,680686,2026,4.0,15,2,0,13.3,6.7,0,0,0.0,0.207,0.26,0.249,0.237,25.0,0.0,25.0,79.15886,92.821365,6.3,50.0,23.1,44.8,41.7,33.3,16.7,58,WSH,11,680686,58,19.0,0.143,0.0,0.2,0.143,0.127,0.248,0.253,1,7,92.0,32.0,2255,86.1,85.32,4,11,0,-0.7999999999999972,5.63,124,147,130,153,298,327,296,1.166,-1.166,70.6,7.8,3.909753114,7,5,1,0,0,0,2,28.6,0,0,2.9,0.19,0.11,-0.11,92.7,203,40.0,0.0,0.0,5.06,-1.45,-0.13,1.63,0.143,0.0,-10.6,0.253,0.319,10.6,-0.11,-0.11,-0.176,-0.121,36.4,32.7,15.601114442988717,-13.798242672307104,35.36919793459151,0.7272727272727273,36.53765537625173,38.32052382900453,WSH
Tanner Rainey,663432,2026,7.0,31,6,0,19.4,25.8,0,0,3.86,0.156,0.213,0.302,0.317,43.8,0.0,18.8,74.689145,91.568885625,35.5,50.0,39.5,33.9,18.8,37.5,31.3,127,TBD,23,663432,127,18.1,0.1,0.0,0.143,0.1,0.089,0.075,0.064,1,10,82.2,31.1,2372,92.7,92.65,10,23,0,-0.1000000000000085,6.2,112,140,114,144,286,325,303,1.821,-1.821,71.5,7.7,3.652807468,10,7,1,0,0,0,3,30.0,0,0,1.81,0.85,0.22,-0.22,89.5,168,0.0,0.0,0.0,6.09,-2.4,0.04,2.07,0.1,0.0,-7.917391304,0.064,0.11,7.917391304,0.036,0.036,-0.01,0.014,43.5,41.9,14.22266349106911,-11.133100525025226,34.13569694183508,0.4782608695652174,35.67953359968432,34.77520501233905,TBD
Brody Hopkins,811315,2026,5.1,24,7,1,29.2,25.0,0,0,5.06,0.12,0.177,0.297,0.27,36.4,0.0,27.3,75.86841,91.941385455,13.8,75.0,27.0,35.9,36.4,36.4,27.3,103,TBD,11,811315,103,10.7,0.0,0.0,0.0,0.0,0.0,0.161,0.172,0,3,86.3,31.0,2768,95.8,96.43,3,11,0,0.6000000000000085,6.66,110,148,115,154,287,331,300,1.114,-1.114,70.6,7.1,0.854380377,3,2,0,0,0,0,1,33.3,0,0,1.77,0.75,0.29,-0.29,88.5,188,0.0,0.0,0.0,5.15,-1.86,-0.14,2.32,0.0,0.0,-10.127272727,0.172,0.189,10.127272727,-0.172,-0.172,-0.189,-0.161,27.3,32.2,5.031244493182609,3.907058374326008,31.28930753245177,0.4545454545454545,38.70967192902795,28.32385874299653,TBD
Kris Bubic,663460,2026,55.0,226,56,4,24.8,11.5,4,2,3.76,0.234,0.376,0.281,0.315,36.6,7.1,38.7,78.918765857,94.027429071,15.7,47.4,25.9,48.1,48.6,27.5,20.4,882,LAD,7,663460,883,0.8,0.333,0.0,0.5,0.333,0.297,0.284,0.298,1,3,91.8,25.0,2446,88.8,90.04,2,7,0,1.2000000000000028,6.86,103,150,106,152,284,312,301,0.15,-0.15,66.8,6.7,2.548307736,3,2,1,0,0,0,1,33.3,0,0,2.64,0.25,-0.26,-0.26,89.9,177,50.0,0.0,0.0,5.64,2.07,-0.15,2.22,0.333,0.0,-2.142857143,0.298,0.351,2.142857143,0.035,0.035,-0.018,0.013,28.6,40.6,5.759258709765114,2.1384828389611226,33.49346917714766,0.4285714285714285,38.41888494167109,31.62304485618056,LAD
Landon Knack,689017,2026,11.2,50,8,4,16.0,4.0,1,0,3.86,0.221,0.445,0.37,0.311,35.9,12.8,43.6,82.654438,93.758425385,19.4,25.0,20.9,48.7,28.2,38.5,23.1,187,TBD,28,689017,187,15.0,0.308,0.154,0.4,0.462,0.328,0.188,0.189,4,13,86.4,32.2,2376,88.9,88.35,9,28,0,-0.6000000000000085,5.94,109,147,124,153,286,313,296,0.481,-0.481,71.8,7.4,2.737784633,13,10,3,0,1,0,3,23.1,0,0,1.96,0.96,0.29,-0.29,90.1,146,20.0,0.0,0.0,5.93,-0.88,-0.11,2.6,0.308,0.0,-1.717857143,0.189,0.246,1.717857143,0.119,0.119,0.216,0.14,32.1,56.8,14.193052958693915,-7.059772135076365,29.40649326677806,0.4285714285714285,36.131409985508654,35.440392247411864,TBD
Myles Straw,664702,2026,4.0,20,0,1,0.0,5.0,0,0,4.5,0.319,0.485,0.449,0.365,26.3,5.3,26.3,72.232687,91.511635789,16.7,5.3,8.0,46.3,52.6,15.8,21.1,11,TOR,2,664702,54,3.7,0.5,1.5,0.0,2.0,1.025,0.852,0.465,1,2,96.5,14.0,1005,39.4,36.4,0,2,0,-3.0,3.3,130,145,127,155,292,318,302,-1.82,1.82,74.2,7.3,,2,2,0,0,0,1,0,0.0,0,0,13.23,2.27,0.14,-0.14,96.4,222,50.0,50.0,50.0,7.18,-1.23,0.67,3.23,0.5,1.0,91.0,0.465,1.609,-91.0,0.035,0.0349999999999999,0.391,0.173,0.0,57.0,19.48479174070414,-12.20477046765152,27.16724081815052,0.5,31.451133388966063,36.20497459791334,TOR
Logan Henderson,701656,2026,98.1,371,110,14,29.6,5.1,11,3,2.47,0.201,0.342,0.252,0.257,32.4,8.3,36.9,77.233269412,93.814807899,21.7,38.7,26.5,53.2,32.0,30.7,25.3,1505,MIL,229,701656,1505,15.2,0.184,0.218,0.177,0.402,0.247,0.288,0.233,16,87,90.7,25.3,2398,89.3,89.12,54,229,0,-0.2000000000000028,6.3,117,150,128,153,295,319,301,9.079,-9.079,72.5,7.4,3.714805631,87,67,7,4,0,5,20,23.0,0,0,1.87,1.03,1.15,-1.15,91.5,180,47.76119402985074,8.955223880597014,6.896551724137931,5.14,-1.71,-0.18,2.36,0.184,6.0,-3.964628821,0.233,0.448,3.964628821,-0.049,-0.049,-0.046,-0.041,23.6,29.6,12.681219946853505,-7.421808648759591,32.39141009598007,0.5152838427947598,36.88193137561042,34.44160122288025,MIL
Keaton Winn,676775,2026,43.0,176,33,3,18.8,9.7,2,3,3.35,0.24,0.36,0.29,0.308,27.6,4.9,33.3,75.475094098,93.180974545,13.6,45.1,23.0,47.4,49.6,21.1,23.6,644,TBD,8,676775,648,1.2,1.0,1.25,1.0,2.25,1.356,0.748,0.528,4,4,99.7,23.0,2052,92.8,92.97,0,8,0,0.2000000000000028,6.22,116,145,105,150,288,315,304,-2.834,2.834,73.7,7.8,,4,4,2,0,1,1,0,0.0,0,0,1.92,0.72,0.86,-0.86,95.8,193,100.0,25.0,25.0,6.12,-1.56,0.18,2.07,1.0,1.0,35.425,0.528,1.255,-35.425,0.472,0.472,0.995,0.608,0.0,37.8,12.797591248051926,-10.26845128658983,33.74089602125525,0.875,34.93258380864526,35.83767765179042,TBD
Victor Mederos,682989,2026,34.1,148,34,1,23.0,9.5,6,1,3.41,0.226,0.312,0.28,0.289,30.2,3.1,38.5,77.096894167,93.352539684,19.7,45.6,30.0,49.0,35.4,28.1,21.9,586,ATL,70,682989,588,11.9,0.154,0.038,0.182,0.192,0.146,0.26,0.268,4,26,89.8,30.4,2227,93.6,94.18,16,70,0,0.6000000000000085,6.64,116,144,117,151,306,323,306,6.03,-6.03,72.3,7.4,1.955560661,27,22,3,1,0,0,5,18.5,0,0,1.98,0.63,0.62,-0.62,92.1,172,40.909090909090914,0.0,0.0,5.26,-2.8,0.2,2.27,0.148,0.0,-8.614285714,0.261,0.337,8.614285714,-0.114,-0.113,-0.145,-0.114,22.9,24.3,13.898839858502487,-6.3307755070173855,33.39004013831635,0.5571428571428572,34.06294102792759,32.78861146085095,ATL
Jose Trevino,624431,2026,9.0,49,3,3,6.1,2.0,0,0,15.0,0.379,0.635,0.53,0.444,43.2,13.6,43.2,78.573513636,94.920047045,0.0,15.2,7.7,51.2,34.1,27.3,34.1,49,CIN,12,624431,127,9.4,0.125,0.375,0.0,0.5,0.256,0.228,0.18,1,8,77.9,32.3,775,45.2,42.44,3,12,0,-2.8000000000000043,3.81,125,146,134,155,296,332,309,0.561,-0.561,74.8,7.1,0.664433061,8,7,0,0,0,1,1,12.5,0,0,12.2,1.31,-0.32,0.32,91.5,170,14.285714285714285,14.285714285714285,12.5,6.96,-2.09,0.13,3.1,0.125,1.0,-4.675,0.18,0.349,4.675,-0.055,-0.0549999999999999,0.151,0.028,25.0,53.1,18.17136232701037,-8.266132536047921,29.548920155830857,0.4166666666666667,33.67532526763638,36.92698450784849,CIN
Alex Lange,656638,2026,60.0,275,60,13,21.8,12.0,2,7,6.75,0.252,0.445,0.385,0.353,35.8,13.6,43.8,80.610434091,94.9903748,13.4,53.0,27.3,46.5,45.5,27.3,25.0,1135,KC,71,656638,1135,6.3,0.474,0.526,0.414,1.0,0.624,0.438,0.333,18,38,93.9,13.5,2107,92.0,92.13,11,71,0,0.0999999999999943,6.32,118,147,121,153,290,323,298,-8.258,8.258,71.7,7.3,2.421153615,38,35,10,2,0,6,3,7.9,0,0,2.28,0.42,0.74,-0.74,93.8,174,51.42857142857142,20.0,18.421052631578945,5.75,-1.93,-0.17,2.1,0.474,7.0,11.630985915,0.333,0.709,-11.630985915,0.141,0.1409999999999999,0.291,0.186,15.5,38.1,12.02303803797857,-2.623370504474325,32.2581619290961,0.5070422535211268,37.69093989238738,32.111039547938425,KC
Geoff Hartlieb,664129,2026,28.0,124,22,1,17.7,11.3,2,1,4.82,0.244,0.349,0.336,0.305,32.2,5.7,43.7,80.333919091,94.334356552,16.7,43.9,27.1,49.2,41.4,27.6,26.4,435,OAK,43,664129,435,9.9,0.333,0.067,0.455,0.4,0.321,0.33,0.3,5,15,98.4,18.9,2431,90.1,89.91,10,43,0,-0.1999999999999886,6.17,118,147,117,151,293,324,298,0.678,-0.678,73.2,7.5,3.743448655,15,11,4,1,0,0,4,26.7,0,0,2.29,0.54,0.08,-0.08,95.0,174,72.72727272727273,9.090909090909092,6.666666666666667,6.25,-2.1,0.23,2.18,0.333,1.0,-1.576744186,0.3,0.475,1.576744186,0.033,0.033,-0.075,-0.009,23.3,41.7,15.1860721933031,-10.934426839714428,34.100788188062026,0.4883720930232558,33.33312463716158,39.03403139053464,OAK
Ryan Johnson,696270,2026,100.0,437,79,18,18.1,9.8,5,9,5.04,0.252,0.434,0.333,0.336,32.7,9.4,35.3,75.729998831,93.422879023,15.6,39.8,23.1,46.7,35.0,34.6,22.3,1722,LAA,231,696270,1726,13.4,0.234,0.162,0.237,0.396,0.268,0.297,0.252,26,111,87.5,20.8,2360,86.4,86.15,45,231,0,-0.3000000000000113,6.1,110,145,119,151,301,328,306,7.496,-7.496,72.6,7.5,2.841879486,112,97,17,4,1,4,15,13.4,0,0,2.43,0.64,0.02,-0.02,91.7,160,36.08247422680412,9.278350515463918,8.035714285714286,5.84,-3.19,0.01,2.23,0.232,9.0,-3.245021645,0.25,0.454,3.245021645,-0.018,-0.0179999999999999,-0.058,-0.029,19.5,21.9,13.684128276154746,-6.902295237259611,33.93776485381381,0.5021645021645021,35.63490136092349,34.593027490620806,LAA
Andrew Kittredge,552640,2026,48.1,215,40,6,18.6,5.6,3,3,3.54,0.266,0.41,0.314,0.308,37.4,6.1,37.4,77.114212,93.889976478,11.1,42.5,23.1,53.6,43.6,25.8,26.4,711,BAL,65,552640,719,9.0,0.25,0.188,0.269,0.438,0.294,0.322,0.261,8,32,90.1,22.6,2523,91.9,92.53,10,65,0,0.5999999999999943,6.59,113,144,109,150,291,326,305,2.292,-2.292,72.8,7.4,3.073659096,32,27,4,3,0,1,5,15.6,0,0,2.08,0.62,0.23,-0.23,92.0,190,33.33333333333333,11.11111111111111,9.375,5.91,-1.58,0.13,2.08,0.25,3.0,-3.526153846,0.261,0.501,3.526153846,-0.011,-0.011,-0.063,-0.028,15.4,41.2,12.350569867441518,-6.580261843871729,34.95619817583469,0.5230769230769231,33.9457968705393,34.0323339685522,BAL
Austin Hedges,595978,2026,4.1,20,1,0,5.0,0.0,0,0,6.23,0.25,0.304,0.312,0.24,21.1,0.0,26.3,83.577997,93.014378947,5.6,9.1,6.9,52.7,47.4,26.3,21.1,15,CLE,9,595978,55,16.4,0.333,0.0,0.333,0.333,0.297,0.19,0.202,2,6,94.8,18.7,1718,67.4,66.01,0,9,0,-1.4000000000000057,5.29,122,148,136,154,295,336,309,0.177,-0.177,71.1,7.0,,6,6,2,0,0,0,0,0.0,0,0,4.69,0.45,0.96,-0.96,94.0,178,33.33333333333333,0.0,0.0,5.27,-4.54,-0.33,2.25,0.333,0.0,-1.966666667,0.202,0.231,1.966666667,0.131,0.131,0.102,0.107,0.0,10.8,10.607839128593504,3.1623666857381743,30.972013152432822,0.3333333333333333,39.74528579193924,34.52131890763914,CLE
Owen Murphy,702566,2026,12.0,56,9,4,16.1,5.4,0,1,6.0,0.328,0.567,0.423,0.403,44.2,11.6,48.8,83.906927727,95.492985349,11.8,37.1,19.2,56.6,20.9,39.5,34.9,212,TBD,17,702566,212,8.0,0.444,0.333,0.375,0.778,0.524,0.504,0.421,4,9,96.9,17.7,2158,86.6,86.88,1,17,0,0.3000000000000113,6.37,109,132,109,144,302,325,309,-1.107,1.107,73.8,7.5,1.64032482,9,9,3,0,0,1,0,0.0,0,0,2.41,0.65,0.55,-0.55,93.9,191,55.55555555555556,11.11111111111111,11.11111111111111,5.48,-1.94,0.02,2.07,0.444,1.0,6.511764706,0.421,0.769,-6.511764706,0.023,0.023,0.009,0.02,5.9,40.8,9.78561365088797,-9.150770621572637,32.88683784263472,0.5294117647058824,36.11035316766782,35.55985270755707,TBD
Max Lazar,676661,2026,10.0,45,8,3,17.8,6.7,0,0,6.3,0.212,0.39,0.369,0.286,23.5,9.1,35.3,82.689040588,93.797851818,13.8,42.1,20.8,49.4,55.9,26.5,17.6,156,TBD,5,676661,156,3.2,0.667,0.333,1.0,1.0,0.717,0.097,0.097,2,3,86.4,10.5,2249,93.4,94.92,2,5,0,1.5,7.04,112,145,131,145,291,316,291,-0.727,0.727,69.5,6.9,0.785360744,3,2,1,1,0,0,1,33.3,0,0,1.26,1.36,0.31,-0.31,95.9,179,0.0,0.0,0.0,6.05,-0.51,0.39,2.69,0.667,0.0,14.54,0.097,0.132,-14.54,0.57,0.5700000000000001,0.868,0.62,40.0,55.8,7.098270848381548,-0.52980756094016,32.704467089857175,0.4,32.11672457623744,27.807204851736422,TBD
Grant Taylor,691799,2026,84.0,336,106,7,31.5,8.9,7,3,2.25,0.199,0.32,0.26,0.267,31.2,7.6,41.2,79.579557677,94.193453604,15.7,53.3,29.4,46.5,47.2,26.6,21.6,1333,CWS,83,691799,1333,6.2,0.302,0.256,0.323,0.558,0.367,0.395,0.328,13,43,91.6,11.8,2430,92.8,93.98,19,83,0,1.2000000000000028,6.99,116,148,114,152,287,323,302,0.32,-0.32,71.2,6.9,3.306228884,43,34,8,2,0,3,9,20.9,0,0,2.38,0.31,0.1,-0.1,92.5,162,50.0,11.76470588235294,9.30232558139535,5.93,-0.51,-0.07,2.32,0.302,4.0,-0.385542169,0.328,0.605,0.385542169,-0.026,-0.026,-0.047,-0.028,22.9,59.0,7.262062847092221,0.3349041378582147,32.18728658751586,0.4096385542168674,35.75628896129179,31.108746446799685,CWS
Luis Perales,691384,2026,11.0,60,13,5,21.7,21.7,0,0,11.45,0.246,0.488,0.483,0.394,44.1,14.7,50.0,80.658115882,94.827093824,23.9,56.8,33.6,50.0,38.2,35.3,20.6,250,WSH,40,691384,250,16.0,0.4,0.4,0.444,0.8,0.511,0.433,0.313,6,15,93.3,13.4,1881,92.8,92.84,15,40,0,0.0,6.1,108,142,117,149,299,328,302,-1.262,1.262,73.0,7.4,3.18176039,15,11,4,0,0,2,4,26.7,0,0,1.91,0.74,0.59,-0.59,92.3,188,54.54545454545454,18.181818181818183,13.333333333333334,5.93,-1.11,-0.05,2.08,0.4,2.0,3.155,0.313,0.716,-3.155,0.087,0.087,0.084,0.078,37.5,45.2,13.71378916322808,-5.9569635837898405,35.29805812510223,0.5,37.05902629112019,34.03516682855482,WSH
Trevor Williams,592866,2026,28.2,120,34,4,28.3,8.3,2,0,3.14,0.233,0.351,0.299,0.302,35.1,6.8,36.5,73.184645405,93.495855946,18.6,44.0,27.9,48.1,47.3,25.7,21.6,514,TEX,71,592866,514,13.8,0.219,0.25,0.208,0.469,0.282,0.334,0.27,7,32,85.9,8.4,2098,85.0,85.73,20,71,0,0.7000000000000028,6.67,118,146,126,153,296,327,301,2.507,-2.507,72.5,7.3,2.687051008,33,26,3,2,0,2,7,21.2,0,0,2.56,0.62,0.23,-0.23,91.4,159,34.61538461538461,11.538461538461538,9.090909090909092,4.92,-2.34,-0.08,2.2,0.212,3.0,-3.530985915,0.287,0.447,3.530985915,-0.051,-0.0749999999999999,0.022,-0.052,28.2,15.9,10.88922061168266,-4.778739997880766,31.66755432273102,0.4929577464788732,36.39421856461447,35.03229854338451,TEX
Ricky Tiedemann,694357,2026,6.0,29,8,0,27.6,20.7,0,0,1.5,0.239,0.302,0.323,0.347,50.0,0.0,28.6,80.699232857,92.375140769,11.5,68.8,33.3,34.1,35.7,14.3,42.9,123,TOR,17,694357,124,13.7,0.143,0.0,0.167,0.143,0.127,0.248,0.225,1,7,89.4,34.3,2476,88.8,88.28,4,17,0,-0.5,6.19,118,148,117,153,282,320,296,1.335,-1.335,70.9,7.4,4.98162549,7,6,1,0,0,0,1,14.3,0,0,2.23,0.75,-0.07,-0.07,91.0,209,33.33333333333333,0.0,0.0,5.62,2.99,-0.25,2.62,0.143,0.0,-7.852941176,0.225,0.356,7.852941176,-0.082,-0.082,-0.213,-0.121,23.5,24.5,11.34777623383237,-2.99157771256184,32.37771638111789,0.4705882352941176,38.94046397982623,28.54071654794418,TOR
Jacob Lopez,682052,2026,123.1,551,112,23,20.3,10.5,7,5,5.47,0.214,0.357,0.348,0.295,33.2,6.9,31.5,72.154590161,92.546214582,17.5,38.4,24.1,46.0,32.4,34.7,18.6,2226,OAK,78,682052,2244,3.5,0.293,0.098,0.324,0.39,0.298,0.345,0.307,12,41,85.2,18.6,2272,82.5,83.19,16,78,0,0.7000000000000028,6.83,112,146,111,150,288,321,301,2.281,-2.281,70.5,7.2,2.506203485,41,35,10,1,0,1,6,14.6,0,0,2.74,0.71,0.09,0.09,91.4,179,34.285714285714285,8.571428571428571,7.317073170731707,5.11,3.42,0.12,2.3,0.293,3.0,-2.924358974,0.307,0.505,2.924358974,-0.014,-0.014,-0.115,-0.047,20.5,19.2,11.48311746384117,-8.139011261523386,31.91636932244282,0.4487179487179487,33.445987474364,36.43119942056085,OAK
Zak Kent,687849,2026,16.1,77,12,3,15.6,10.4,0,0,5.51,0.259,0.447,0.38,0.349,35.1,12.3,43.9,80.695861379,94.365274386,8.5,45.8,21.1,48.3,36.8,38.6,21.1,294,WSH,4,687849,294,1.4,0.0,0.0,0.0,0.0,0.0,0.025,0.027,0,2,86.6,48.0,2684,90.8,91.1,0,4,0,0.2999999999999971,6.25,122,147,105,155,293,328,310,0.702,-0.702,73.3,7.2,,2,2,0,0,0,0,0,0.0,0,0,2.11,0.63,-0.23,0.23,92.9,263,50.0,0.0,0.0,6.05,-0.92,0.12,2.62,0.0,0.0,-17.55,0.027,0.027,17.55,-0.027,-0.027,-0.027,-0.025,0.0,51.6,12.626013200652023,-4.412926040149193,33.71934915633205,0.25,34.82748039017524,32.03723635496244,WSH
Chayce McDermott,694646,2026,7.2,36,6,2,16.7,11.1,1,0,5.87,0.224,0.466,0.38,0.336,34.6,15.4,34.6,82.673278462,93.8503016,19.6,33.3,23.6,46.5,26.9,46.2,15.4,155,NYM,37,694646,155,23.9,0.385,0.308,0.364,0.692,0.46,0.369,0.279,5,13,93.0,17.6,2486,90.4,91.14,7,37,0,0.6999999999999886,6.6,113,149,120,153,280,312,306,-1.875,1.875,71.1,7.1,2.841882716,13,12,3,1,0,1,1,7.7,0,0,2.08,0.71,-0.11,0.11,91.3,181,41.66666666666667,16.666666666666664,15.384615384615383,5.66,-1.82,-0.06,2.34,0.385,2.0,5.067567568,0.279,0.6,-5.067567568,0.106,0.1059999999999999,0.092,0.091,18.9,43.5,6.080085139062902,3.843399988009655,31.55760794723063,0.4054054054054054,37.10964235866166,29.16123781277412,NYM
Kyle Hart,606996,2026,64.0,268,59,5,22.0,9.7,1,3,4.92,0.216,0.36,0.294,0.295,31.7,8.4,30.6,75.663685581,93.447673953,12.9,42.2,22.7,43.2,51.7,22.8,18.9,1071,TBD,53,606996,1071,4.9,0.167,0.083,0.182,0.25,0.178,0.291,0.233,4,24,90.7,16.9,2359,89.3,89.39,13,53,0,0.1000000000000085,6.32,119,145,116,152,297,325,305,3.825,-3.825,72.4,7.3,3.216966732,24,22,3,0,1,0,2,8.3,0,0,2.42,0.47,0.15,0.15,92.9,145,40.909090909090914,13.636363636363637,12.5,5.65,1.58,-0.07,2.12,0.167,3.0,-7.216981132,0.233,0.455,7.216981132,-0.066,-0.066,-0.205,-0.113,24.5,39.4,9.317536502733324,-2.9269807810713404,33.44692164163602,0.5849056603773585,35.709759352670844,32.58613351396617,TBD
Freddy Peralta,642547,2026,169.0,730,156,23,21.4,8.6,10,11,4.42,0.234,0.371,0.323,0.302,35.2,5.8,37.2,76.423850202,93.480881149,19.0,38.1,26.1,48.0,40.4,28.2,23.9,2959,TB,219,642547,2960,7.4,0.178,0.089,0.205,0.267,0.191,0.239,0.216,18,101,88.0,21.6,2276,90.4,90.77,54,219,0,0.3999999999999915,6.67,112,148,116,153,297,331,306,16.881,-16.881,72.7,7.2,2.154376473,102,80,13,3,0,2,22,21.6,0,0,1.96,0.88,0.79,-0.79,90.7,198,33.75,7.5,5.88235294117647,5.18,-3.71,-0.31,2.42,0.176,6.0,-7.708219178,0.214,0.352,7.708219178,-0.038,-0.038,-0.085,-0.048,24.7,34.9,8.723624121675707,1.479774700240562,32.29528137340624,0.4840182648401826,39.22395211619297,29.699633091529364,TB
Zach Agnos,688642,2026,91.0,407,58,10,14.3,8.6,0,2,5.93,0.281,0.46,0.35,0.349,38.5,8.8,41.4,77.914029085,94.159237934,9.7,42.7,21.1,50.1,38.5,31.4,26.2,1502,COL,110,688642,1511,7.3,0.288,0.173,0.326,0.462,0.321,0.344,0.286,15,52,90.0,10.7,2246,89.2,89.29,23,110,0,0.0999999999999943,6.13,116,142,121,150,296,332,304,0.521,-0.521,72.6,7.6,2.968998633,52,44,9,4,1,1,8,15.4,0,0,2.46,0.4,0.17,-0.17,92.5,174,46.51162790697674,11.627906976744184,9.615384615384617,5.79,-2.33,-0.12,2.16,0.288,5.0,-0.473636364,0.286,0.528,0.473636364,0.002,0.002,-0.066,-0.023,20.9,40.0,13.291385583316814,-6.326572368790727,33.26583866282115,0.5181818181818182,36.86120679231232,33.76581291579284,COL
Jason Adam,592094,2026,34.1,142,22,5,15.5,7.0,2,2,2.62,0.227,0.38,0.307,0.3,26.2,7.5,37.4,77.065990566,93.431740849,19.3,45.4,28.5,52.3,46.7,31.8,14.0,583,SD,5,592094,583,0.9,0.0,0.0,0.0,0.0,0.0,0.366,0.234,0,3,80.9,-9.0,2116,87.0,87.38,1,5,0,0.4000000000000057,6.36,130,148,126,154,296,328,304,0.815,-0.815,75.7,7.2,1.874606196,3,3,0,0,0,0,0,0.0,0,0,2.68,0.32,1.09,-1.09,93.3,179,33.33333333333333,33.33333333333333,33.33333333333333,6.18,-1.24,-0.42,2.2,0.0,1.0,-16.3,0.234,0.635,16.3,-0.234,-0.234,-0.635,-0.366,20.0,31.6,13.18619078698443,-6.283214515097031,29.62391106291718,0.8,39.92790081952306,37.89606852854518,SD
Joe Mantiply,573009,2026,27.0,111,22,3,19.8,4.5,2,0,3.0,0.286,0.494,0.308,0.352,37.3,10.8,38.6,75.97032225,95.158587875,8.8,30.6,16.8,49.4,50.6,14.5,28.9,399,TBD,25,573009,399,6.3,0.25,0.0,0.286,0.25,0.223,0.266,0.285,4,16,87.6,3.1,2231,85.6,85.32,3,25,0,-0.2999999999999971,6.16,114,147,119,153,288,323,299,2.374,-2.374,72.6,7.2,5.20427752,16,14,4,0,0,0,2,12.5,0,0,3.02,0.11,1.07,1.07,92.0,75,28.57142857142857,0.0,0.0,5.26,3.4,0.16,2.27,0.25,0.0,-9.496,0.285,0.33,9.496,-0.035,-0.0349999999999999,-0.08,-0.043,12.0,16.5,11.208066597486884,-3.7105250537048327,30.80255224072343,0.52,34.60267172152948,32.62091817105454,TBD
Alec Gamboa,687941,2026,33.0,132,23,1,17.4,8.3,1,0,1.91,0.206,0.308,0.287,0.272,29.9,3.1,41.2,80.406624255,94.501330532,10.7,31.8,16.4,52.4,53.6,17.5,21.6,466,BOS,43,687941,466,9.2,0.348,0.174,0.381,0.522,0.373,0.285,0.273,8,23,94.7,9.6,2047,91.0,91.43,2,43,0,0.4000000000000057,6.49,114,148,119,150,281,320,303,0.192,-0.192,71.2,7.1,0.81928683,23,21,5,2,1,0,2,8.7,0,0,2.22,0.54,0.27,0.27,93.3,133,47.61904761904761,0.0,0.0,6.25,1.93,0.07,2.29,0.348,0.0,-0.446511628,0.273,0.39,0.446511628,0.075,0.0749999999999999,0.132,0.088,4.7,56.5,7.92405472672287,-0.2285011654953691,32.1582377604871,0.6976744186046512,33.78778117491101,31.350629814149944,BOS
Shaun Anderson,641312,2026,20.0,93,17,4,18.3,10.8,2,0,7.65,0.303,0.515,0.38,0.391,33.8,9.2,38.5,77.226670625,93.647248889,18.9,42.3,26.6,45.0,46.2,21.5,24.6,351,TBD,9,641312,351,2.6,0.667,0.5,0.75,1.167,0.787,0.995,0.721,4,6,98.4,22.0,2475,89.3,89.94,2,9,0,0.6000000000000085,6.86,105,139,108,146,300,324,306,-2.005,2.005,74.6,6.7,0.617577054,6,5,3,0,0,1,1,16.7,0,0,1.99,0.9,0.14,-0.14,97.9,257,80.0,40.0,33.33333333333333,5.89,-2.54,0.15,2.36,0.667,2.0,22.277777778,0.721,1.667,-22.277777778,-0.054,-0.0539999999999999,-0.5,-0.208,22.2,39.6,10.90150483634762,4.701565683928328,33.813649436463564,0.8888888888888888,34.569915130546214,30.32351695919895,TBD
Grant Anderson,681982,2026,59.0,235,52,8,22.1,9.8,3,3,3.36,0.205,0.337,0.297,0.275,31.4,7.5,37.1,78.074720253,93.441895605,14.1,49.6,25.4,48.6,39.0,29.6,17.6,915,TBD,27,681982,924,2.9,0.222,0.333,0.143,0.556,0.327,0.322,0.273,2,9,88.7,16.4,2360,89.0,89.41,6,27,0,0.4000000000000057,6.59,126,151,125,153,292,316,301,-0.781,0.781,70.8,7.3,5.338696034,9,8,1,0,0,1,1,11.1,0,0,2.4,0.52,0.47,-0.47,90.7,146,50.0,12.5,11.11111111111111,4.38,-2.19,0.09,2.11,0.222,1.0,2.892592593,0.273,0.482,-2.892592593,-0.051,-0.051,0.074,0.005,22.2,7.0,12.58537878860203,-9.576903017490626,33.7066650005037,0.4814814814814814,35.049151182508666,35.00801500824324,TBD
Logan VanWey,701121,2026,12.2,46,9,1,19.6,2.2,1,0,1.42,0.243,0.337,0.259,0.255,25.0,5.6,44.4,80.183161111,95.399543143,20.3,34.6,23.8,54.1,38.9,27.8,22.2,194,HOU,21,701121,194,10.8,0.2,0.3,0.125,0.5,0.294,0.173,0.161,2,10,93.0,37.4,2347,90.4,91.05,5,21,0,0.5999999999999943,6.72,115,146,119,152,287,320,298,-0.594,0.594,73.4,7.4,4.284507324,10,9,1,0,0,1,1,10.0,0,0,1.9,0.91,0.2,-0.2,92.5,143,55.55555555555556,0.0,0.0,5.16,-2.57,-0.15,2.45,0.2,0.0,2.828571429,0.161,0.243,-2.828571429,0.039,0.039,0.257,0.121,23.8,23.0,11.589528106121502,-4.050177462779497,31.860689976815063,0.6666666666666666,36.74959547676051,33.23014124096371,HOU
Caleb Kilian,668873,2026,47.2,209,56,6,26.8,10.5,4,7,4.91,0.216,0.36,0.302,0.292,30.2,8.6,34.9,77.059416935,93.499167317,18.4,45.9,27.9,48.7,48.8,27.1,17.1,786,TBD,9,668873,794,1.1,0.6,1.0,0.5,1.6,0.907,0.8,0.561,3,5,96.0,11.4,2478,91.6,92.2,1,9,0,0.6000000000000085,6.68,120,142,96,145,288,316,293,-2.462,2.462,71.7,7.0,1.037155164,5,5,1,0,1,1,0,0.0,0,0,2.26,0.51,-0.11,0.11,94.8,175,40.0,40.0,40.0,5.96,-1.34,0.41,2.41,0.6,2.0,27.355555556,0.561,1.346,-27.355555556,0.039,0.0389999999999999,0.254,0.107,11.1,46.7,10.30513377147064,-0.4808052152537554,34.0519668704037,0.4444444444444444,32.06865920070062,29.128292261231707,TBD
Josh Simpson,681006,2026,7.1,38,10,4,26.3,10.5,0,0,9.82,0.227,0.532,0.482,0.369,39.1,17.4,43.5,82.3413875,95.654553043,13.3,36.8,20.3,41.8,30.4,43.5,13.0,153,SEA,8,681006,154,5.2,0.5,1.0,0.25,1.5,0.831,0.486,0.316,3,6,92.5,21.3,2261,86.3,85.36,0,8,0,-0.8999999999999915,5.75,107,144,105,150,281,319,302,-1.689,1.689,71.3,7.4,,6,6,1,0,0,2,0,0.0,0,0,2.95,0.16,0.25,0.25,94.6,226,50.0,33.33333333333333,33.33333333333333,4.89,1.44,0.06,2.35,0.5,2.0,21.1125,0.316,0.849,-21.1125,0.184,0.184,0.651,0.345,0.0,18.6,11.186905995414255,-7.8756512967315855,30.096624725621293,0.875,35.791596780085115,32.54287829271388,SEA
Scott Blewett,656240,2026,37.1,160,34,4,21.3,6.9,2,2,3.13,0.257,0.361,0.315,0.301,32.2,5.2,34.8,77.091992807,93.292814825,14.6,44.9,25.9,54.1,51.3,20.0,23.5,584,OAK,109,656240,589,18.5,0.4,0.26,0.436,0.66,0.446,0.342,0.309,20,50,89.6,10.0,2194,90.0,91.28,26,109,0,1.2999999999999972,6.97,115,146,112,149,292,324,300,-3.551,3.551,71.9,7.2,2.763373303,51,42,13,4,0,3,9,17.6,0,0,2.24,0.58,0.05,-0.05,92.5,153,38.095238095238095,7.142857142857142,5.88235294117647,6.13,-1.89,0.21,2.29,0.392,3.0,3.257798165,0.314,0.478,-3.257798165,0.091,0.078,0.182,0.104,23.9,42.8,10.72527118182727,-3.2110166351985314,31.72286803430749,0.4954128440366973,33.110444021668066,32.83296276017642,OAK
Brennan Bernardino,657514,2026,64.0,267,49,5,18.4,5.6,4,3,2.81,0.246,0.382,0.299,0.298,30.5,5.6,30.5,76.663705474,92.822812789,15.9,38.5,22.2,46.4,46.2,25.9,22.3,1001,COL,41,657514,1005,4.1,0.174,0.174,0.158,0.348,0.212,0.224,0.177,4,23,90.2,25.2,2424,85.0,83.77,11,41,0,-1.2000000000000028,5.47,115,144,121,152,293,327,304,2.529,-2.529,72.7,7.4,1.975883493,24,20,2,1,0,1,4,16.7,0,0,3.03,0.18,0.17,0.17,91.5,198,30.0,10.0,8.333333333333332,4.77,3.24,-0.01,2.21,0.167,2.0,-6.168292683,0.171,0.38,6.168292683,-0.003,-0.004,-0.032,-0.012,26.8,10.8,12.872461766461058,-3.902068836466903,36.1362372416169,0.5365853658536586,34.855134490267226,34.04837525076342,COL
Andrés Muñoz,662253,2026,57.1,240,89,9,37.1,10.0,5,6,4.24,0.2,0.333,0.296,0.28,29.4,8.7,43.7,77.134591935,94.883502258,20.9,63.1,39.6,48.0,50.8,21.4,21.4,953,SEA,58,662253,953,6.1,0.148,0.185,0.273,0.333,0.201,0.166,0.135,4,27,90.7,-1.3,2063,95.5,96.0,27,58,0,0.5,6.46,119,144,110,150,281,321,304,3.812,-3.812,70.5,7.5,3.639107021,27,12,2,0,1,1,15,55.6,0,0,2.11,0.4,0.6,-0.6,90.8,140,33.33333333333333,8.333333333333332,3.7037037037037033,5.42,-2.68,-0.45,1.99,0.148,1.0,-6.572413793,0.135,0.256,6.572413793,0.013,0.0129999999999999,0.077,0.035,46.6,29.0,9.864701135489568,-2.347158410337144,31.742288138272443,0.4482758620689655,40.97068374693972,29.382694182052138,SEA
José Rodríguez,692064,2026,4.2,16,5,0,31.3,0.0,0,0,0.0,0.266,0.341,0.19,0.264,45.5,0.0,27.3,70.141184,92.712384,12.5,71.4,40.0,44.1,27.3,27.3,27.3,68,TOR,11,692064,68,16.2,0.167,0.0,0.2,0.167,0.148,0.347,0.337,1,6,88.0,30.8,2118,92.3,92.79,4,11,0,0.5,6.75,114,145,116,152,289,321,294,1.301,-1.301,70.0,7.4,4.263882114,6,5,1,0,0,0,1,16.7,0,0,2.32,0.4,1.18,-1.18,92.4,156,40.0,0.0,0.0,5.99,-3.31,-0.55,1.87,0.167,0.0,-11.827272727,0.337,0.466,11.827272727,-0.17,-0.17,-0.299,-0.199,36.4,26.9,16.05436815845029,-5.202277733121866,32.249262393290564,0.5454545454545454,42.86827791127764,37.20761444395751,TOR
Zac Gallen,668678,2026,105.1,472,64,19,13.6,7.4,3,9,6.07,0.311,0.529,0.369,0.384,35.2,10.8,44.1,80.33452462,95.048510981,9.3,35.6,19.0,46.2,43.9,27.4,25.2,1779,ARI,28,668678,1789,1.6,0.267,0.333,0.25,0.6,0.362,0.427,0.344,4,15,91.1,5.9,2195,87.4,88.35,6,28,0,0.8999999999999915,6.71,121,146,118,153,293,320,298,0.445,-0.445,73.2,7.7,6.08618633,15,13,2,0,1,1,2,13.3,0,0,2.66,0.33,-0.08,0.08,94.5,141,53.84615384615385,15.384615384615383,13.333333333333334,5.91,-2.94,-0.14,2.07,0.267,2.0,-1.589285714,0.344,0.665,1.589285714,-0.077,-0.0769999999999999,-0.065,-0.065,21.4,42.9,16.876658535066063,-7.055880667855532,33.30544507045957,0.4285714285714285,38.649019251181386,32.33508972330635,ARI
Blake Weiman,676620,2026,17.2,79,16,3,20.3,3.8,1,1,2.55,0.231,0.39,0.332,0.27,30.0,10.0,33.3,75.26389931,93.286208276,14.4,43.2,23.4,49.6,36.7,31.7,21.7,284,LAA,46,676620,296,15.5,0.25,0.125,0.294,0.375,0.271,0.169,0.152,6,24,85.3,18.4,2573,81.7,81.66,14,46,0,0.0,6.49,107,142,114,147,292,321,302,-0.691,0.691,71.4,7.7,2.531534902,24,18,5,0,0,1,6,25.0,0,0,3.23,0.23,-0.89,-0.89,90.4,146,22.22222222222222,5.555555555555555,4.166666666666666,5.66,2.68,-0.28,2.04,0.25,1.0,1.502173913,0.152,0.244,-1.502173913,0.098,0.098,0.131,0.102,30.4,33.6,14.38228059372477,-11.50961094115843,30.6405014507756,0.6086956521739131,37.77604282228784,38.70424796554156,LAA
Isaac Mattson,676755,2026,38.2,176,36,3,20.5,10.2,0,0,5.35,0.292,0.498,0.349,0.374,46.3,12.4,52.1,82.981156102,95.532500932,14.3,39.2,21.0,49.7,27.3,31.4,33.9,728,PIT,20,676755,728,2.7,0.333,0.222,0.333,0.556,0.379,0.457,0.409,3,9,95.3,9.6,2188,92.9,93.68,1,20,0,0.7999999999999972,6.68,117,146,117,150,301,319,299,-0.806,0.806,68.0,6.5,,9,9,1,2,0,0,0,0.0,0,0,1.37,1.28,0.65,-0.65,92.8,191,77.77777777777779,11.11111111111111,11.11111111111111,5.86,-1.56,-0.13,2.53,0.333,1.0,4.03,0.409,0.663,-4.03,-0.076,-0.0759999999999999,-0.107,-0.078,5.0,46.7,3.181498632631983,5.769392567414409,33.208105395996526,0.4,35.6872904142596,26.09363110317663,PIT
José Fermin,820862,2026,53.2,238,62,6,26.1,10.5,4,3,3.86,0.252,0.401,0.313,0.328,32.7,7.5,42.9,81.372723425,94.298914041,18.0,52.4,29.8,49.2,46.3,23.1,26.5,981,LAA,68,820862,987,6.9,0.3,0.2,0.364,0.5,0.331,0.293,0.292,9,30,91.8,12.5,2447,93.3,92.84,17,68,0,-0.5,6.06,110,146,115,151,299,327,307,0.588,-0.588,71.1,7.2,1.935918679,31,23,6,1,1,1,8,25.8,0,0,2.06,0.57,0.44,-0.44,91.7,174,47.82608695652174,0.0,0.0,6.25,-1.87,0.11,2.12,0.29,0.0,-0.864705882,0.284,0.403,0.864705882,0.008,0.006,0.097,0.038,25.0,45.7,10.842526678107689,-2.5803962493062285,34.856725021458814,0.5147058823529411,34.31086586504977,31.359892738834105,LAA
Derek Law,571882,2026,9.0,34,5,0,14.7,5.9,0,0,1.0,0.317,0.462,0.294,0.364,46.2,3.8,42.3,79.939792308,93.815920385,10.3,34.5,20.6,43.9,46.2,19.2,34.6,155,TBD,30,571882,155,19.4,0.25,0.0,0.273,0.25,0.205,0.349,0.356,3,12,88.6,9.2,2122,87.2,87.45,5,30,0,0.2000000000000028,6.39,113,145,110,152,290,322,297,2.263,-2.263,72.4,7.5,0.675610957,13,11,3,0,0,0,2,15.4,0,0,2.49,0.52,0.08,-0.08,92.5,154,54.54545454545454,0.0,0.0,6.49,-1.18,0.18,2.25,0.231,0.0,-7.543333333,0.341,0.484,7.543333333,-0.106,-0.11,-0.234,-0.144,16.7,50.4,12.511330417396614,-9.738451524271976,32.23213652549186,0.6,34.44208560835282,34.905829505546805,TBD
Carlos Hernández,672578,2026,3.0,14,4,1,28.6,7.1,0,0,6.0,0.437,0.769,0.477,0.525,66.7,22.2,55.6,83.795456,96.178431111,10.5,57.1,23.1,51.0,22.2,11.1,66.7,51,TBD,14,672578,51,27.5,0.4,0.6,1.0,1.0,0.588,0.416,0.317,2,5,91.8,27.0,1600,91.9,92.95,4,14,0,1.0,6.96,107,149,119,153,288,323,303,-0.628,0.628,71.2,7.5,2.863147969,5,2,1,0,0,1,3,60.0,0,0,2.07,0.66,0.32,-0.32,90.5,182,50.0,50.0,20.0,5.82,-1.2,0.3,1.91,0.4,1.0,4.485714286,0.317,0.676,-4.485714286,0.083,0.083,0.324,0.172,28.6,38.1,12.17474201274807,-8.805806979625622,35.18424425851445,0.1428571428571428,34.709641671312184,35.0265332616956,TBD
Cooper Hjerpe,687309,2026,12.1,55,15,0,27.3,16.4,1,0,4.38,0.211,0.26,0.268,0.302,24.1,0.0,27.6,72.910233571,92.887483704,17.9,40.0,24.8,44.5,48.3,17.2,20.7,254,STL,44,687309,255,17.3,0.167,0.083,0.2,0.25,0.166,0.218,0.238,2,12,86.7,18.9,2133,86.2,87.42,11,44,0,1.2000000000000028,7.07,118,144,115,150,288,324,300,2.365,-2.365,70.6,7.0,1.327477517,13,10,1,1,0,0,3,23.1,0,0,2.66,0.46,0.49,0.49,89.2,133,20.0,0.0,0.0,3.81,2.79,0.09,2.56,0.154,0.0,-5.375,0.222,0.299,5.375,-0.071,-0.068,-0.049,-0.052,25.0,-1.0,8.026930299331864,-1.7277923707712677,32.910877612866955,0.3863636363636363,34.49219784382187,31.70993568910498,STL
Simeon Woods Richardson,680573,2026,66.0,303,40,11,13.2,12.2,2,7,6.68,0.28,0.467,0.39,0.368,33.5,8.5,44.2,79.067889636,94.806903091,13.4,32.1,18.5,42.3,38.8,28.6,23.2,1161,TBD,36,680573,1164,3.1,0.333,0.389,0.333,0.722,0.446,0.329,0.27,6,18,91.4,20.2,1946,87.0,87.04,10,36,0,0.0,6.53,113,143,117,150,286,323,295,-0.864,0.864,73.8,7.5,1.138101749,18,14,3,1,0,2,4,22.2,0,0,2.61,0.47,0.27,-0.27,92.6,186,57.14285714285714,14.285714285714285,11.11111111111111,6.46,-1.22,-0.1,2.21,0.333,2.0,2.4,0.27,0.515,-2.4,0.063,0.063,0.207,0.117,27.8,50.7,12.209242981204486,-0.7308824623212296,32.49793314754203,0.5,38.080964621861376,30.00205045638365,TBD
Kyle Finnegan,640448,2026,60.2,270,47,10,17.4,12.6,3,1,4.3,0.272,0.461,0.374,0.362,32.4,9.6,44.7,79.276730753,95.061698,15.3,47.1,25.2,47.5,46.3,25.0,23.4,1062,DET,78,640448,1064,7.3,0.286,0.0,0.333,0.286,0.246,0.294,0.313,8,28,89.4,18.1,1837,91.1,91.89,19,78,0,0.8000000000000114,6.69,111,141,112,146,273,317,300,3.506,-3.506,71.4,7.1,1.291748047,29,24,8,0,0,0,5,17.2,0,0,1.77,0.99,0.6,-0.6,90.7,187,33.33333333333333,0.0,0.0,5.6,-2.03,-0.11,2.4,0.276,0.0,-4.494871795,0.302,0.388,4.494871795,-0.027,-0.0259999999999999,-0.102,-0.048,24.4,50.7,9.88828711136401,-2.323939680758233,31.601736225649287,0.5512820512820513,36.49795429536134,30.493137394721437,DET
Patrick Sandoval,663776,2026,70.1,321,73,7,22.7,10.0,1,7,5.12,0.27,0.423,0.359,0.336,34.1,6.5,34.6,76.19725781,93.427408995,19.3,39.3,25.3,47.7,38.8,26.6,25.2,1219,BOS,84,663776,1219,6.9,0.341,0.122,0.394,0.463,0.35,0.346,0.319,14,41,87.7,12.7,2246,88.6,88.47,20,84,0,-0.0999999999999943,6.16,112,147,114,150,284,319,301,-0.528,0.528,70.7,7.4,4.096194987,41,34,11,2,0,1,7,17.1,0,0,2.19,0.74,0.13,0.13,90.8,159,32.35294117647059,5.88235294117647,4.878048780487805,5.92,1.17,-0.15,2.21,0.341,2.0,0.628571429,0.319,0.483,-0.628571429,0.022,0.022,-0.02,0.004,23.8,50.3,11.206251846404562,-3.10345245663136,32.46053588383895,0.4880952380952381,36.26389944399518,31.244871599744737,BOS
Tobias Myers,668964,2026,53.2,230,41,9,17.8,7.0,1,2,5.53,0.259,0.407,0.341,0.313,31.2,5.2,44.5,81.755760833,94.743331905,15.1,33.9,20.3,52.5,32.4,28.3,26.0,836,NYM,35,668964,840,4.2,0.154,0.077,0.167,0.231,0.143,0.109,0.093,2,13,85.7,35.8,1760,83.2,83.58,14,35,0,0.3999999999999915,6.59,114,144,125,149,288,321,301,2.102,-2.102,72.8,7.7,5.295969238,15,12,1,1,0,0,3,20.0,0,0,2.59,0.76,0.41,-0.41,91.3,169,25.0,0.0,0.0,5.9,-0.61,-0.08,2.2,0.133,0.0,-6.005714286,0.112,0.115,6.005714286,0.061,0.021,0.116,0.034,40.0,64.3,19.446514256423647,-14.142736118652715,33.736782072647124,0.4571428571428571,36.14072502948208,40.44589099593658,NYM
Brent Headrick,687396,2026,78.1,326,98,5,30.1,8.3,7,4,2.18,0.219,0.322,0.29,0.271,38.8,4.5,37.3,77.012885876,93.769256218,19.5,55.9,31.8,52.6,37.3,24.4,30.8,1282,NYY,50,687396,1285,3.9,0.286,0.333,0.4,0.619,0.373,0.268,0.252,6,21,92.6,13.9,2099,91.0,91.83,10,50,0,0.7999999999999972,6.87,120,146,115,153,282,325,294,-0.296,0.296,72.0,7.1,2.489418874,21,15,2,1,3,0,6,28.6,0,0,1.71,1.07,0.54,0.54,91.1,163,53.333333333333336,6.666666666666667,4.761904761904762,6.38,1.71,0.01,2.32,0.286,1.0,0.592,0.252,0.37,-0.592,0.034,0.0339999999999999,0.249,0.105,20.0,42.2,9.276675377381578,-0.3340016349577506,30.46723823290991,0.66,35.61734059655271,31.97570622039533,NYY
Reid Detmers,672282,2026,185.0,740,211,19,28.5,6.5,7,8,3.36,0.218,0.364,0.269,0.281,31.4,7.8,37.7,79.821272393,94.207967559,18.3,50.9,29.1,49.4,38.5,29.7,23.6,2957,LAA,106,672282,2960,3.6,0.24,0.0,0.286,0.24,0.214,0.356,0.303,12,50,91.7,14.2,2288,89.5,89.63,30,106,0,0.0999999999999943,6.47,115,147,122,153,298,324,305,7.001,-7.001,71.8,7.3,5.87481587,50,42,12,0,0,0,8,16.0,0,0,2.47,0.42,0.19,0.19,92.6,160,45.23809523809524,11.904761904761903,10.0,5.96,2.02,-0.17,2.39,0.24,5.0,-6.604716981,0.303,0.537,6.604716981,-0.063,-0.063,-0.297,-0.142,28.3,39.5,12.782050408426448,-2.064186989283257,31.92744396366513,0.5754716981132075,37.42695416850051,30.81954033772426,LAA
Zebby Matthews,805673,2026,130.1,545,116,24,21.3,7.2,9,11,4.9,0.249,0.425,0.327,0.321,34.7,10.6,42.5,81.031973906,94.781309269,14.0,42.5,22.7,47.5,43.3,26.7,24.1,2117,MIN,235,805673,2117,11.1,0.269,0.202,0.278,0.471,0.314,0.326,0.274,28,104,94.2,16.2,2211,89.8,90.15,44,235,0,0.2999999999999971,6.39,115,144,122,149,296,327,297,6.16,-6.16,72.9,7.4,2.255439,105,85,19,3,0,6,20,19.0,0,0,2.22,0.62,0.31,-0.31,92.7,168,56.47058823529412,9.411764705882351,7.6190476190476195,5.82,-2.12,-0.09,2.22,0.267,8.0,-2.621276596,0.277,0.476,2.621276596,-0.005,-0.01,-0.005,-0.012,18.7,37.7,11.645924792173538,-1.3327624700185905,34.19042490481503,0.4468085106382978,36.88082201572427,31.398033573651848,MIN
Luke Murphy,684665,2026,20.0,89,20,2,22.5,12.4,0,3,6.75,0.236,0.371,0.355,0.32,42.1,5.3,36.8,76.144185172,93.611077193,11.2,43.9,22.0,45.4,36.8,24.6,26.3,381,LAA,80,684665,381,21.0,0.4,0.229,0.444,0.629,0.442,0.373,0.318,14,35,89.1,10.8,2187,92.7,92.77,13,80,0,0.0999999999999943,6.45,110,142,118,149,301,329,308,-4.415,4.415,72.4,7.0,0.922965872,35,29,11,0,1,2,6,17.1,0,0,1.84,0.83,0.42,-0.42,91.7,165,41.37931034482759,10.344827586206897,8.571428571428571,5.83,-1.96,-0.09,2.55,0.4,3.0,5.51875,0.318,0.558,-5.51875,0.082,0.082,0.071,0.069,16.3,40.0,7.1187390453020445,3.0512214630264047,32.0745186617361,0.5,36.07434625879248,27.50558279540769,LAA
J.T. Ginn,669372,2026,138.1,580,121,17,20.9,9.8,9,8,3.71,0.241,0.372,0.303,0.312,31.0,6.1,35.4,75.767236891,93.593564416,16.9,43.4,26.7,45.7,46.3,24.2,23.2,2185,TBD,61,669372,2189,2.8,0.27,0.243,0.258,0.514,0.325,0.291,0.256,10,37,88.2,11.8,1742,89.7,90.29,13,61,0,0.5999999999999943,6.66,112,146,118,151,290,322,299,0.952,-0.952,72.6,7.5,2.294669273,38,33,5,3,0,2,5,13.2,0,0,2.53,0.31,0.79,-0.79,92.5,169,39.39393939393939,6.0606060606060606,5.263157894736842,5.56,-1.44,-0.18,2.09,0.263,2.0,-1.560655738,0.264,0.399,1.560655738,0.014,-0.001,0.115,0.034,21.3,41.4,13.285196423564386,-5.243570126791029,32.54580863914575,0.6721311475409836,37.802679455406,34.303998333820125,TBD
Michael Wacha,608379,2026,200.2,812,158,30,19.5,6.7,9,10,3.32,0.242,0.409,0.303,0.308,34.9,7.1,36.9,77.353744948,93.646793625,14.6,38.0,21.6,49.0,36.4,29.5,24.3,3028,KC,265,608379,3031,8.7,0.213,0.213,0.206,0.426,0.266,0.246,0.214,26,122,86.4,22.8,1903,86.9,87.59,53,265,0,0.6999999999999886,6.68,121,147,120,153,291,321,297,10.34,-10.34,70.9,7.0,1.185408754,124,107,12,7,2,5,17,13.7,0,0,2.23,0.84,0.56,-0.56,91.3,164,31.77570093457944,6.5420560747663545,5.64516129032258,6.59,-2.1,0.02,2.45,0.21,7.0,-3.901886792,0.215,0.36,3.901886792,-0.001,-0.005,0.066,0.02,20.0,52.7,10.50633299007161,-1.4926428995857082,32.4447272387658,0.4641509433962264,34.36789242394678,31.59519877389093,KC
Hayden Juenger,696522,2026,16.0,81,6,0,7.4,9.9,0,1,9.0,0.313,0.473,0.387,0.371,43.1,7.7,35.4,78.314023125,93.703478906,10.0,24.4,14.8,46.2,29.2,26.2,33.8,292,OAK,20,696522,292,6.8,0.5,0.1,0.5,0.6,0.482,0.383,0.396,5,10,90.9,19.2,2343,91.4,91.0,3,20,0,-0.4000000000000057,5.9,106,137,106,144,292,325,302,-0.891,0.891,71.7,7.2,0.925817106,10,10,4,1,0,0,0,0.0,0,0,1.93,0.79,0.86,-0.86,93.3,200,30.0,10.0,10.0,5.36,-1.33,0.01,2.38,0.5,1.0,4.455,0.396,0.492,-4.455,0.104,0.1039999999999999,0.108,0.099,15.0,35.8,8.840550482768116,-5.146047556299449,32.16033091766375,0.55,36.72515957288238,32.61365761294224,OAK
Matt Wilkinson,683363,2026,27.2,110,20,5,18.2,4.5,1,3,3.58,0.218,0.375,0.282,0.272,29.4,7.1,41.2,79.267628571,93.90163881,11.0,35.1,18.5,43.9,28.2,36.5,18.8,419,SF,39,683363,419,9.3,0.19,0.048,0.211,0.238,0.187,0.205,0.212,4,21,86.9,27.3,2088,86.9,87.6,6,39,0,0.6999999999999886,6.77,113,146,116,151,284,320,302,3.649,-3.649,71.6,7.0,1.651542317,21,19,3,1,0,0,2,9.5,0,0,2.2,0.85,0.43,0.43,90.6,176,31.57894736842105,0.0,0.0,4.87,2.98,-0.04,2.51,0.19,0.0,-9.356410256,0.212,0.264,9.356410256,-0.022,-0.0219999999999999,-0.026,-0.018,15.4,32.0,10.777909209199922,0.2516161219241392,31.2061434008379,0.6410256410256411,36.52887748193218,31.762604374981297,SF
Sammy Peralta,671111,2026,23.0,112,23,4,20.5,8.0,0,1,6.65,0.3,0.451,0.417,0.368,42.1,5.3,42.1,77.337114865,93.947955676,16.0,28.1,19.8,45.5,38.2,26.3,30.3,400,LAA,68,671111,400,17.0,0.314,0.257,0.333,0.571,0.378,0.24,0.209,11,35,87.2,16.8,2282,83.2,83.44,12,68,0,0.2000000000000028,6.59,110,143,113,148,294,322,302,-0.691,0.691,70.6,7.1,1.794603815,35,29,6,3,0,2,6,17.1,0,0,2.8,0.54,-0.03,-0.03,90.2,150,34.48275862068966,3.4482758620689653,2.857142857142857,4.61,3.09,-0.04,2.36,0.314,1.0,1.016176471,0.209,0.351,-1.016176471,0.105,0.105,0.22,0.138,17.6,13.5,7.91058529557665,-1.5829245898543878,31.016105440747094,0.5147058823529411,35.67808088141575,32.01594277013538,LAA
Austin Warren,681810,2026,50.1,216,55,6,25.5,11.1,2,3,4.11,0.247,0.403,0.328,0.33,43.3,11.4,39.6,77.699498485,94.370082519,14.6,50.4,27.3,40.1,43.3,22.4,29.9,931,NYM,41,681810,932,4.4,0.158,0.211,0.167,0.368,0.221,0.215,0.193,3,19,88.2,15.2,2408,89.7,89.83,14,41,0,0.0999999999999943,6.47,116,146,121,151,287,319,307,2.615,-2.615,71.7,7.0,1.652064863,19,13,1,1,0,1,6,31.6,0,0,2.47,0.4,0.51,-0.51,92.5,128,38.46153846153847,7.6923076923076925,5.263157894736842,4.87,-2.23,-0.12,2.34,0.158,1.0,-6.37804878,0.193,0.307,6.37804878,-0.035,-0.035,0.061,0.006,34.1,25.9,8.598741586571354,3.374608255218177,32.75477817593403,0.5365853658536586,36.7007425534041,29.128840595143448,NYM
Payton Tolle,801139,2026,148.2,603,171,15,28.4,6.6,9,6,3.03,0.199,0.312,0.285,0.255,30.6,6.0,34.5,76.252136968,93.499466427,20.8,43.5,27.9,55.1,38.1,27.2,22.5,2282,BOS,70,801139,2286,3.1,0.286,0.143,0.35,0.429,0.309,0.209,0.206,8,28,83.0,-2.0,2328,92.7,94.16,22,70,0,1.5,7.24,111,147,116,149,281,318,300,1.784,-1.784,70.8,6.9,2.303629262,28,21,6,1,0,1,7,25.0,0,0,1.77,0.91,0.69,0.69,90.4,134,19.047619047619047,0.0,0.0,5.54,2.76,0.17,2.68,0.286,0.0,-2.548571429,0.206,0.272,2.548571429,0.08,0.0799999999999999,0.157,0.1,31.4,28.8,8.96219444786317,2.228058187819117,29.618319347795783,0.5,34.3661524759031,30.101646809112644,BOS
Ty Madden,680744,2026,47.0,189,46,5,24.3,7.4,1,0,3.26,0.206,0.312,0.261,0.263,23.6,5.5,29.9,75.979841563,92.797567795,17.7,37.7,25.1,49.0,37.8,29.1,22.0,755,DET,61,680744,756,8.1,0.226,0.161,0.233,0.387,0.26,0.237,0.248,7,31,85.2,19.0,2328,89.0,88.69,12,61,0,-0.2999999999999971,5.9,123,147,117,151,287,324,295,3.259,-3.259,71.1,7.3,2.120219435,31,30,3,3,1,0,1,3.2,0,0,2.36,0.52,0.24,-0.24,90.2,152,16.666666666666664,0.0,0.0,5.92,-2.18,0.0,2.1,0.226,0.0,-5.342622951,0.248,0.299,5.342622951,-0.022,-0.0219999999999999,0.088,0.023,19.7,42.6,11.67382780290785,-3.9775212290771593,33.55731286372422,0.5245901639344263,35.84393669336061,32.21651773357667,DET
Justin Wrobleski,680736,2026,140.0,578,118,21,20.4,5.4,12,5,3.66,0.267,0.441,0.299,0.326,36.3,9.4,43.9,79.53216181,94.628612458,15.9,32.1,20.7,49.9,42.2,31.6,22.4,2137,TBD,56,680736,2144,2.6,0.273,0.136,0.278,0.409,0.295,0.351,0.271,6,22,89.7,1.6,2504,92.6,91.22,15,56,0,-1.3999999999999917,5.48,111,148,122,152,284,312,302,1.491,-1.491,72.4,7.1,2.360011393,22,19,5,0,0,1,3,13.6,0,0,1.93,0.75,0.24,0.24,91.7,170,31.57894736842105,21.052631578947366,18.181818181818183,5.52,2.31,-0.13,2.39,0.273,4.0,-2.6625,0.271,0.562,2.6625,0.002,0.002,-0.153,-0.056,26.8,34.9,6.351760375117819,6.039512585565029,33.98602120498688,0.3571428571428571,37.16106908796864,27.043982942108613,TBD
Jonah Tong,804636,2026,30.2,134,34,2,25.4,10.4,2,2,3.82,0.197,0.311,0.273,0.274,29.8,6.0,36.9,80.17668625,94.042658875,23.1,43.5,30.2,49.2,45.2,34.5,15.5,539,NYM,100,804636,539,18.6,0.205,0.091,0.267,0.295,0.212,0.218,0.197,9,44,88.6,18.7,2081,90.3,90.61,30,100,0,0.2999999999999971,6.64,112,147,121,151,290,317,303,6.273,-6.273,72.9,7.0,1.963638859,45,31,7,1,0,1,14,31.1,0,0,1.79,1.04,0.48,-0.48,91.1,165,38.70967741935484,9.67741935483871,6.666666666666667,5.68,-2.8,0.03,2.56,0.2,3.0,-6.273,0.196,0.315,6.273,0.008,0.004,-0.02,-0.006,30.0,56.7,11.778394578435064,-0.9673812795976332,31.914696255848124,0.5,35.689895178880015,32.45653352951147,NYM
Luis Medina,665622,2026,73.0,317,93,7,29.3,12.3,6,3,3.08,0.217,0.358,0.311,0.303,37.0,7.9,38.7,80.052898295,94.222761486,20.8,56.0,32.4,43.5,39.2,31.5,23.8,1270,OAK,69,665622,1284,5.4,0.2,0.167,0.278,0.367,0.234,0.182,0.167,6,30,91.6,10.2,2270,92.6,92.36,27,69,0,-0.1999999999999886,6.16,116,146,115,150,290,323,299,4.533,-4.533,72.1,7.4,2.399781554,31,19,3,2,0,1,12,38.7,0,0,2.37,0.33,0.55,-0.55,92.0,169,42.10526315789473,5.263157894736842,3.225806451612903,6.14,-1.39,0.05,2.04,0.194,1.0,-6.569565217,0.163,0.271,6.569565217,0.033,0.031,0.096,0.052,39.1,39.4,11.509405247505429,-6.534738613551721,34.32969691305587,0.5942028985507246,34.12095724613562,34.24065728200691,OAK
Seranthony Domínguez,622554,2026,62.0,260,65,9,25.0,11.9,5,3,3.63,0.207,0.346,0.296,0.295,30.4,6.9,32.9,75.610567342,93.351024304,19.5,45.0,27.9,46.8,41.6,26.1,20.5,1111,SEA,82,622554,1119,7.3,0.152,0.0,0.192,0.152,0.135,0.133,0.134,5,33,81.0,22.0,2074,93.5,93.57,21,82,0,0.0999999999999943,6.31,117,145,110,150,281,323,305,6.753,-6.753,71.4,7.3,2.860196776,33,26,5,0,0,0,7,21.2,0,0,1.78,0.85,0.4,-0.4,89.7,146,19.230769230769237,0.0,0.0,5.6,-1.77,0.19,2.36,0.152,0.0,-8.235365854,0.134,0.173,8.235365854,0.018,0.0179999999999999,-0.021,0.002,25.6,29.3,10.222643376330922,-5.2648878569493816,30.98348271876424,0.4390243902439024,34.073022610665895,32.917293795181706,SEA
Christian Scott,681035,2026,110.0,474,134,12,28.3,9.9,4,5,3.85,0.221,0.344,0.302,0.297,38.4,6.3,34.5,75.445340286,93.111514714,20.3,42.1,27.0,49.5,32.7,29.6,28.5,1964,NYM,210,681035,1965,10.7,0.281,0.213,0.313,0.494,0.325,0.275,0.249,25,89,85.5,21.7,2323,90.6,91.61,55,210,0,1.0,6.97,115,147,125,152,296,320,308,3.548,-3.548,71.4,7.0,1.804420812,91,69,16,4,0,5,22,24.2,0,0,2.03,0.79,0.11,-0.11,91.0,184,33.33333333333333,7.246376811594203,5.494505494505495,5.24,-2.96,0.07,2.62,0.275,5.0,-1.68952381,0.25,0.389,1.68952381,0.032,0.025,0.105,0.05,26.2,29.0,8.345799849678105,0.5160887375373481,31.927017878307847,0.4095238095238095,34.20709595201339,29.26570549283636,NYM
Chris Devenski,606965,2026,7.2,38,5,3,13.2,2.6,0,0,11.74,0.282,0.451,0.467,0.334,38.7,9.7,54.8,84.7264775,95.328017742,12.2,25.9,17.6,50.7,41.9,19.4,25.8,134,TBD,35,606965,134,26.1,0.5,0.438,0.429,0.938,0.613,0.383,0.323,8,16,92.3,7.6,2000,87.4,87.12,5,35,0,-0.3000000000000113,6.28,119,148,113,152,290,320,307,-2.869,2.869,71.9,7.3,1.773906619,16,16,5,1,0,2,0,0.0,0,0,2.32,0.71,0.95,-0.95,93.1,159,56.25,6.25,6.25,6.18,-0.17,-0.05,2.42,0.5,1.0,8.197142857,0.323,0.574,-8.197142857,0.177,0.177,0.364,0.23,14.3,38.1,13.035950179757569,-6.838296562361238,28.98133958549844,0.5428571428571428,36.1872544699295,33.94663234546875,TBD
Kodai Senga,673540,2026,61.1,283,75,14,26.5,14.5,0,9,7.34,0.239,0.432,0.377,0.351,43.6,13.5,39.3,79.8433705,94.234641063,15.8,56.4,29.1,44.4,29.4,34.4,30.1,1129,NYM,63,673540,1130,5.6,0.321,0.25,0.364,0.571,0.379,0.368,0.325,9,28,90.0,17.4,2139,93.4,93.3,11,63,0,-0.1000000000000085,6.33,115,146,117,150,293,322,308,1.405,-1.405,71.4,7.2,6.861463683,28,23,5,2,1,1,5,17.9,0,0,1.68,0.97,0.7,-0.7,90.8,192,39.130434782608695,8.695652173913043,7.142857142857142,5.91,-2.15,-0.12,2.25,0.321,2.0,-2.23015873,0.325,0.539,2.23015873,-0.004,-0.004,0.032,0.011,17.5,44.5,6.860763983129216,1.0829645895988316,33.444186073672284,0.3492063492063492,36.85276098145891,29.351491224876103,NYM
Aaron Ashby,676879,2026,89.1,383,116,8,30.3,10.7,13,3,3.12,0.203,0.297,0.287,0.268,28.1,4.9,40.2,76.20475045,94.447155135,14.3,57.6,32.1,40.5,56.3,19.2,20.1,1582,MIL,40,676879,1586,2.5,0.211,0.053,0.222,0.263,0.207,0.236,0.248,4,19,89.1,-15.5,2243,94.3,93.26,12,40,0,-1.0,5.61,119,150,128,153,289,317,300,3.369,-3.369,72.2,7.3,4.696262605,19,18,3,1,0,0,1,5.3,0,0,2.33,0.26,0.65,0.65,92.5,72,33.33333333333333,0.0,0.0,6.61,0.19,-0.08,2.14,0.211,0.0,-8.4225,0.248,0.29,8.4225,-0.037,-0.037,-0.027,-0.029,30.0,55.9,10.536999499638664,0.8533838366446052,32.57985523032061,0.475,37.78029149614407,29.776608312042622,MIL
Randy Vásquez,681190,2026,140.2,587,87,16,14.8,6.3,10,6,3.9,0.288,0.489,0.319,0.356,36.2,9.6,43.2,81.994816798,94.789382286,12.8,36.3,19.1,50.7,39.5,27.7,25.8,2226,SD,164,681190,2230,7.4,0.286,0.086,0.313,0.371,0.282,0.364,0.342,20,70,92.6,12.1,2412,93.1,92.94,31,164,0,-0.1999999999999886,6.09,122,147,115,152,297,331,305,4.452,-4.452,71.8,7.1,1.247549134,71,64,15,4,1,0,7,9.9,0,0,1.77,0.86,0.67,-0.67,92.8,181,48.4375,6.25,5.633802816901409,5.94,-1.75,-0.07,2.41,0.282,4.0,-2.714634146,0.338,0.518,2.714634146,-0.056,-0.056,-0.147,-0.082,18.9,33.8,8.01957484285839,1.2187347596264373,33.72924238741245,0.5487804878048781,35.3974954933216,28.722269061857517,SD
Trey Yesavage,702056,2026,97.2,401,97,12,24.2,11.7,5,6,3.69,0.198,0.333,0.284,0.284,36.5,6.7,34.1,78.152234,93.36483316,17.6,52.7,30.2,47.3,34.9,29.4,24.7,1619,TOR,11,702056,1619,0.7,0.667,1.0,0.5,1.667,0.98,0.557,0.333,2,3,94.9,18.7,2094,91.2,90.76,1,11,0,-0.4000000000000057,6.15,119,145,106,153,285,321,296,-0.878,0.878,72.9,7.3,5.969716836,3,3,1,0,0,1,0,0.0,0,0,1.39,1.39,0.48,-0.48,91.2,189,66.66666666666666,33.33333333333333,33.33333333333333,6.96,-0.65,-0.07,2.33,0.667,1.0,7.981818182,0.333,1.013,-7.981818182,0.334,0.334,0.654,0.423,9.1,67.6,10.09008987254933,-0.7724869508799563,36.44632840102292,0.4545454545454545,34.931281861946424,29.874170372990832,TOR
Beau Brieske,689225,2026,25.1,102,24,5,23.5,6.9,1,0,4.97,0.238,0.395,0.32,0.301,25.4,7.0,46.5,80.437510857,94.831407857,16.1,35.4,22.3,52.2,45.1,25.4,21.1,387,DET,54,689225,387,14.0,0.045,0.0,0.067,0.045,0.04,0.173,0.164,1,22,89.1,12.9,2369,92.7,92.06,14,54,0,-0.6000000000000085,5.95,121,148,115,152,287,321,300,6.464,-6.464,70.4,7.2,2.760252419,22,15,1,0,0,0,7,31.8,0,0,1.8,0.87,0.52,-0.52,90.6,151,40.0,0.0,0.0,6.11,-1.66,-0.13,2.18,0.045,0.0,-11.97037037,0.164,0.232,11.97037037,-0.119,-0.119,-0.187,-0.133,25.9,50.1,8.377239914815052,-0.6027239073477455,33.515612662462054,0.5185185185185185,36.72675442780433,29.92315051761156,DET
Zack Littell,641793,2026,124.1,540,73,30,13.5,7.2,8,8,5.21,0.299,0.539,0.36,0.384,37.2,11.3,43.8,82.445197251,94.935601948,11.0,28.1,16.2,50.1,35.1,33.9,23.5,1975,TBD,44,641793,1977,2.2,0.462,0.538,0.381,1.0,0.618,0.625,0.469,12,26,94.4,24.8,1655,87.8,87.63,6,44,0,-0.2000000000000028,6.17,125,147,117,152,286,318,299,-6.127,6.127,72.2,7.1,3.374850602,26,25,6,2,0,4,1,3.8,0,0,2.38,0.59,0.76,-0.76,93.6,232,48.0,28.000000000000004,26.923076923076923,5.94,-0.72,-0.12,2.36,0.462,7.0,13.925,0.469,1.024,-13.925,-0.007,-0.0069999999999999,-0.024,-0.007,13.6,38.8,11.20859715475996,-3.673477591470106,33.63157104896731,0.6363636363636364,36.3676107876323,33.38116079284818,TBD
Logan Allen,671106,2026,16.2,81,16,3,19.8,7.4,0,0,5.94,0.242,0.4,0.384,0.315,22.8,8.9,47.4,79.994021786,95.805486786,12.1,36.0,19.7,48.3,49.1,36.8,12.3,325,TBD,20,671106,325,6.2,0.538,0.462,0.5,1.0,0.658,0.339,0.325,7,13,92.2,24.8,2154,83.4,83.62,3,20,0,0.1999999999999886,6.42,116,148,119,152,296,324,304,-3.637,3.637,72.4,7.4,2.142442676,13,12,5,0,0,2,1,7.7,0,0,3.01,0.3,-0.16,-0.16,92.5,213,33.33333333333333,0.0,0.0,5.0,2.31,0.05,2.14,0.538,0.0,18.185,0.325,0.458,-18.185,0.213,0.213,0.542,0.319,15.0,27.1,13.34022606235096,-4.998390122800128,35.72946844500149,0.6,35.17460596034812,35.524551473681754,TBD
Gerardo Carrillo,672629,2026,17.1,81,21,0,25.9,19.8,3,1,4.15,0.184,0.277,0.323,0.299,38.1,7.1,28.6,77.319806667,92.721842857,16.9,52.4,28.8,39.6,45.2,21.4,26.2,316,ARI,37,672629,320,11.6,0.316,0.158,0.4,0.474,0.34,0.337,0.284,6,19,93.1,13.2,1916,91.4,91.73,9,37,0,0.2999999999999971,6.54,112,144,113,151,297,321,294,0.692,-0.692,71.7,7.3,2.218694886,19,15,3,3,0,0,4,21.1,0,0,2.18,0.58,0.54,-0.54,93.1,181,40.0,13.333333333333334,10.526315789473683,5.31,-2.74,-0.18,2.26,0.316,2.0,-1.87027027,0.284,0.516,1.87027027,0.032,0.032,-0.042,0.003,24.3,34.2,11.240981270203203,-3.827989220881841,34.406912290745225,0.4594594594594595,37.37773135055884,32.506386895083885,ARI
Luis Mey,682825,2026,34.2,165,50,3,30.3,13.3,0,2,6.23,0.219,0.384,0.338,0.327,30.7,8.2,45.5,82.943101905,95.725333614,24.0,48.7,31.0,41.2,48.9,28.4,17.0,665,CIN,88,682825,666,13.2,0.333,0.133,0.4,0.467,0.339,0.361,0.302,15,45,93.4,13.2,2336,92.8,93.2,19,88,0,0.4000000000000057,6.6,114,145,115,150,289,325,297,1.163,-1.163,72.8,7.2,0.979116077,46,36,12,1,1,1,10,21.7,0,0,2.37,0.32,0.25,-0.25,93.4,153,52.77777777777778,11.11111111111111,8.695652173913043,5.46,-2.16,0.03,2.12,0.326,4.0,-1.321590909,0.298,0.56,1.321590909,0.031,0.028,-0.093,-0.022,21.6,28.6,8.542079111026906,0.165570562166644,35.90010798042867,0.4545454545454545,35.75940263576228,30.481037666589124,CIN
Yuki Matsui,673513,2026,64.0,260,68,7,26.2,13.8,5,1,1.83,0.17,0.3,0.267,0.27,26.6,7.2,30.5,76.276890135,92.645001554,22.5,50.3,33.1,47.2,36.4,27.9,16.9,1086,SD,65,673513,1099,5.9,0.179,0.0,0.2,0.179,0.159,0.215,0.206,5,28,88.9,21.9,2502,87.6,86.76,10,65,0,-0.7999999999999972,5.72,115,145,125,151,295,326,303,5.274,-5.274,70.7,7.3,3.388105874,28,25,5,0,0,0,3,10.7,0,0,2.23,0.76,0.12,0.12,91.1,154,36.0,4.0,3.571428571428571,6.14,1.83,-0.13,2.23,0.179,1.0,-8.113846154,0.206,0.293,8.113846154,-0.027,-0.0269999999999999,-0.114,-0.056,15.4,55.1,12.422715907572265,-6.602061975392719,34.31969924996114,0.5384615384615384,36.255885683090746,34.00876534678468,SD
Cody Bradford,674003,2026,44.0,193,22,6,11.4,5.2,0,5,4.3,0.283,0.48,0.355,0.346,33.1,10.1,38.8,79.030789091,94.581961765,14.9,25.7,18.1,50.1,35.6,35.6,21.3,719,TEX,86,674003,719,12.0,0.37,0.185,0.36,0.556,0.393,0.391,0.345,20,54,90.2,17.1,1953,85.1,86.59,8,86,0,1.5,7.2,117,146,113,152,292,322,302,-2.847,2.847,71.7,7.2,0.261741263,55,52,14,4,0,2,3,5.5,0,0,2.2,0.97,0.38,0.38,93.4,168,50.0,9.615384615384617,9.090909090909092,6.23,0.74,0.07,2.48,0.364,5.0,3.310465116,0.339,0.586,-3.310465116,0.025,0.0249999999999999,-0.03,0.002,9.3,52.7,10.706775805757603,-0.1826000589140614,31.757379796267657,0.6395348837209303,35.212248837504006,31.79189818640704,TEX
Jeff Hoffman,656546,2026,66.0,292,102,4,34.9,10.3,6,8,3.55,0.199,0.307,0.296,0.283,35.9,8.6,36.6,78.251745067,93.510346933,22.4,58.2,38.0,49.7,44.4,22.2,24.8,1211,MIN,57,656546,1227,4.6,0.2,0.16,0.263,0.36,0.237,0.2,0.196,5,25,92.6,16.4,2476,90.3,90.93,19,57,0,0.6000000000000085,6.58,119,146,120,150,298,326,297,3.318,-3.318,73.5,7.4,1.600983241,25,19,1,4,0,0,6,24.0,0,0,2.38,0.42,0.59,-0.59,91.8,128,42.10526315789473,0.0,0.0,5.62,-2.73,0.03,2.08,0.2,0.0,-5.821052632,0.196,0.257,5.821052632,0.004,0.004,0.103,0.037,33.3,32.7,11.851120281046605,-2.518553294876893,35.52400017104796,0.4210526315789473,35.208952096523575,32.05392060603207,MIN
Josh Ekness,694795,2026,30.2,134,24,2,17.9,14.9,3,4,3.23,0.21,0.336,0.292,0.303,31.8,5.7,31.8,75.655926977,92.900182209,14.5,41.9,21.8,42.6,39.8,33.0,19.3,549,MIA,81,694795,557,14.5,0.316,0.211,0.303,0.526,0.352,0.344,0.285,12,38,90.2,15.8,2512,96.3,97.04,11,81,0,0.7000000000000028,6.74,118,144,110,149,290,319,296,-0.358,0.358,70.2,6.8,1.109109556,39,35,8,2,0,2,4,10.3,0,0,1.57,0.91,0.43,-0.43,91.6,183,34.285714285714285,11.428571428571429,10.256410256410255,5.2,-3.46,0.02,2.4,0.308,4.0,0.441975309,0.277,0.555,-0.441975309,0.031,0.0309999999999999,-0.029,0.008,13.6,24.5,5.079876840431375,3.744198605612984,33.44187429802022,0.4814814814814814,35.730212772434065,26.5100529756844,MIA
Miguel Ullola,699044,2026,16.2,62,16,2,25.8,8.1,2,0,2.16,0.15,0.289,0.23,0.245,17.9,10.3,33.3,75.7301595,92.616739744,19.5,44.4,27.4,47.9,25.6,41.0,17.9,236,HOU,30,699044,236,12.7,0.067,0.067,0.071,0.133,0.084,0.194,0.145,1,15,90.1,28.9,2382,89.7,90.35,4,30,0,0.5999999999999943,6.8,111,147,112,151,295,326,296,3.604,-3.604,73.8,7.6,4.392228916,15,14,0,1,0,0,1,6.7,0,0,1.84,1.03,-0.05,0.05,92.9,167,42.85714285714285,14.285714285714285,13.333333333333334,5.7,-1.73,0.28,2.58,0.067,2.0,-12.013333333,0.145,0.317,12.013333333,-0.078,-0.0779999999999999,-0.184,-0.11,13.3,45.6,13.162008318777294,-9.661876982045351,30.7828786525759,0.5,33.650103006328834,36.653145482139806,HOU
Alex Vesia,681911,2026,58.0,237,74,4,31.2,13.5,3,1,2.64,0.164,0.279,0.233,0.254,29.0,6.1,33.6,77.487421364,92.757592977,26.8,46.0,33.6,48.3,29.8,38.2,19.8,1011,LAD,67,681911,1024,6.5,0.154,0.192,0.143,0.346,0.202,0.258,0.189,4,26,90.0,28.7,2501,90.5,90.8,18,67,0,0.2999999999999971,6.49,114,148,112,152,281,313,299,2.964,-2.964,71.5,7.1,1.189970463,27,22,1,2,0,1,5,18.5,0,0,1.39,1.4,0.2,0.2,90.5,200,31.818181818181817,4.545454545454546,3.7037037037037033,5.92,0.15,-0.16,2.74,0.148,1.0,-4.423880597,0.209,0.383,4.423880597,-0.035,-0.061,-0.037,-0.056,26.9,68.7,9.702570772973637,1.434614750832946,30.54172597389761,0.6119402985074627,37.99759183577656,29.10164381380176,LAD
Mason Miller,695243,2026,70.0,272,129,3,47.4,9.6,5,2,1.67,0.138,0.202,0.208,0.201,31.3,7.0,28.7,75.813395439,92.786414386,28.9,68.0,45.3,47.3,47.0,24.3,22.6,1149,SD,95,695243,1154,8.2,0.132,0.184,0.136,0.316,0.188,0.245,0.186,5,38,94.6,15.7,2438,96.4,97.18,33,95,0,0.7999999999999972,6.75,122,147,122,151,293,325,306,3.835,-3.835,70.6,7.3,4.069583076,38,24,2,1,0,2,14,36.8,0,0,1.82,0.67,0.01,-0.01,91.7,172,41.66666666666667,20.833333333333336,13.157894736842104,6.21,-1.32,0.21,2.24,0.132,5.0,-4.036842105,0.186,0.398,4.036842105,-0.054,-0.0539999999999999,-0.082,-0.057,34.7,40.2,10.058723242097791,-4.9641610126316325,33.008361288320174,0.4421052631578947,33.692678336062684,31.0522826049105,SD
Mason Fluharty,689254,2026,62.2,263,65,6,24.7,10.6,7,1,3.3,0.189,0.307,0.281,0.261,37.3,5.9,32.0,74.464532048,92.710897515,19.9,43.2,28.7,49.1,36.7,30.8,24.3,1034,TOR,61,689254,1044,5.8,0.067,0.0,0.08,0.067,0.057,0.142,0.131,2,30,82.6,32.8,2621,87.7,88.46,19,61,0,0.7999999999999972,6.82,113,145,113,152,280,319,295,7.525,-7.525,70.9,7.2,1.777856083,31,25,2,0,0,0,6,19.4,0,0,2.25,0.75,-0.4,-0.4,90.3,185,20.0,0.0,0.0,5.7,3.8,-0.09,2.53,0.065,0.0,-12.336065574,0.128,0.207,12.336065574,-0.064,-0.063,-0.14,-0.085,31.1,30.9,11.2119692592555,-6.630906815425467,31.117187741777737,0.5081967213114754,36.43323000719886,32.6646373860602,TOR
Steven Okert,595345,2026,67.2,261,68,7,26.1,5.4,6,2,2.13,0.21,0.361,0.251,0.274,33.7,6.9,35.4,76.784037294,93.312259588,26.3,42.1,30.9,50.0,28.0,35.4,20.6,1050,HOU,42,595345,1051,4.0,0.2,0.05,0.235,0.25,0.187,0.343,0.322,4,20,89.0,19.2,2365,83.5,83.67,10,42,0,0.2000000000000028,6.39,114,146,106,149,287,324,296,2.938,-2.938,69.8,7.4,3.180037432,21,17,3,1,0,0,4,19.0,0,0,2.59,0.71,-0.24,-0.24,91.8,158,47.05882352941176,11.76470588235294,9.523809523809524,5.89,3.08,-0.24,2.52,0.19,2.0,-6.995238095,0.307,0.517,6.995238095,-0.122,-0.1169999999999999,-0.267,-0.156,23.8,34.5,11.557257729846716,-2.916113989410874,31.30651930579043,0.5714285714285714,36.61096858842068,31.983980818127492,HOU
Jose Cuas,621016,2026,23.1,108,25,0,23.1,13.9,0,1,2.31,0.297,0.392,0.325,0.352,39.7,2.9,35.3,73.094343824,92.81102,19.7,38.6,27.3,46.5,27.9,20.6,36.8,473,KC,54,621016,477,11.3,0.25,0.0,0.3,0.25,0.223,0.326,0.346,6,24,84.3,22.0,2487,89.3,89.18,17,54,0,-0.0999999999999943,6.22,116,146,124,153,292,321,297,2.963,-2.963,72.0,6.8,2.370367929,24,20,6,0,0,0,4,16.7,0,0,2.37,0.51,0.61,-0.61,90.2,138,30.0,0.0,0.0,4.07,-3.5,-0.24,2.72,0.25,0.0,-5.487037037,0.346,0.395,5.487037037,-0.096,-0.0959999999999999,-0.145,-0.103,31.5,2.1,7.021816785577025,3.054587394682247,32.700281318773406,0.3518518518518518,38.706361704360845,27.261901150464983,KC
Bryan King,687911,2026,60.2,278,51,9,18.3,8.3,3,6,5.19,0.252,0.372,0.348,0.311,32.3,5.1,35.9,75.370860206,93.345267409,12.5,31.3,18.3,49.8,50.0,16.7,26.8,1067,HOU,60,687911,1076,5.6,0.25,0.143,0.3,0.393,0.277,0.207,0.205,7,28,87.7,-9.0,2131,90.0,90.49,16,60,0,0.5,6.58,111,146,108,149,283,321,295,1.663,-1.663,69.4,6.8,2.820255852,28,21,5,1,0,1,7,25.0,0,0,2.12,0.71,0.28,0.28,90.8,141,38.095238095238095,0.0,0.0,5.52,2.64,-0.07,2.46,0.25,0.0,-2.771666667,0.205,0.271,2.771666667,0.045,0.045,0.122,0.07,26.7,32.8,4.30740839298991,4.700116304866167,30.173116234375808,0.3833333333333333,36.54740968553836,27.031192902727756,HOU
Grant Holmes,656550,2026,151.2,642,115,22,17.9,9.7,10,6,3.44,0.262,0.447,0.314,0.342,34.2,8.9,45.2,82.097232183,94.933788534,13.5,51.9,27.3,48.7,43.7,26.4,24.7,2382,ATL,167,656550,2385,7.0,0.218,0.069,0.222,0.287,0.218,0.341,0.303,19,87,92.4,8.3,2389,88.5,88.13,39,167,0,-0.4000000000000057,5.94,119,145,116,153,303,325,304,11.963,-11.963,73.5,7.5,2.714970726,88,82,15,3,0,1,6,6.8,0,0,2.65,0.27,0.36,-0.36,93.3,136,46.34146341463415,4.878048780487805,4.545454545454546,5.79,-2.45,-0.12,1.94,0.216,4.0,-7.163473054,0.304,0.496,7.163473054,-0.085,-0.088,-0.209,-0.123,23.4,38.0,12.2180848168573,-3.472550600626516,35.558322156714446,0.5149700598802395,37.33088991852494,32.41602607680602,ATL
Casey Legumina,668984,2026,71.2,305,55,7,18.0,6.2,2,2,3.77,0.263,0.404,0.322,0.316,35.9,6.3,38.8,75.889320818,93.525589182,15.8,33.1,20.8,52.0,41.7,28.7,24.7,1118,TBD,69,668984,1148,6.0,0.207,0.207,0.208,0.414,0.261,0.262,0.222,6,29,89.7,6.1,2112,89.8,90.52,14,69,0,0.7000000000000028,6.84,109,148,118,153,294,335,307,3.339,-3.339,72.5,6.8,1.966132014,29,25,3,1,1,1,4,13.8,0,0,2.2,0.65,1.27,-1.27,91.7,172,40.0,4.0,3.4482758620689653,4.3,-2.21,-0.21,2.46,0.207,1.0,-4.839130435,0.222,0.398,4.839130435,-0.015,-0.015,0.016,-0.001,20.3,10.5,6.36114475956054,6.176259365741085,32.57470386381575,0.4927536231884058,38.68226374423042,27.71807300562998,TBD
Mason Englert,669438,2026,39.1,179,38,13,21.2,5.0,0,4,5.95,0.286,0.563,0.402,0.373,35.1,16.3,39.8,78.240811875,94.382689291,13.2,44.2,24.2,52.6,32.8,32.8,25.2,663,TBD,22,669438,693,3.2,0.636,0.909,0.667,1.545,0.916,0.575,0.397,7,11,91.4,13.3,2194,83.8,83.09,4,22,0,-0.7000000000000028,6.19,115,148,121,153,279,335,295,-4.15,4.15,73.1,7.9,1.667367666,11,9,3,1,0,3,2,18.2,0,0,3.34,0.04,0.55,-0.55,94.6,143,55.55555555555556,33.33333333333333,27.27272727272727,5.87,-1.65,-0.01,2.16,0.636,3.0,18.863636364,0.397,0.974,-18.863636364,0.239,0.239,0.571,0.341,18.2,39.8,19.03889922479406,-11.709363236693926,34.37534026143947,0.4545454545454545,36.89781197549296,34.10009223223204,TBD
Juan Burgos,686228,2026,4.1,17,0,0,0.0,0.0,0,0,2.08,0.196,0.374,0.251,0.274,12.5,6.3,25.0,71.981467143,92.574533571,4.8,25.0,10.3,54.7,50.0,18.8,6.3,53,ARI,5,686228,53,9.4,0.0,0.0,0.0,0.0,0.0,0.585,0.392,0,3,98.8,23.0,2547,93.9,93.62,0,5,0,-0.3000000000000113,6.1,126,147,127,153,305,314,291,0.942,-0.942,70.1,6.9,,3,3,0,0,0,0,0,0.0,0,0,2.31,0.3,0.13,-0.13,96.1,240,66.66666666666666,33.33333333333333,33.33333333333333,5.04,-2.42,-0.21,2.36,0.0,1.0,-18.84,0.392,1.013,18.84,-0.392,-0.392,-1.013,-0.585,0.0,28.0,11.599395955263253,-2.739686262322376,33.35401922338213,0.8,37.29504363778448,30.24109500408724,ARI
Shane Baz,669358,2026,179.2,769,154,15,20.0,8.2,6,15,4.11,0.255,0.399,0.315,0.317,35.5,6.8,41.2,79.956193727,94.335776691,11.7,42.9,21.5,48.2,39.0,26.9,27.8,2910,BAL,224,669358,2921,7.7,0.265,0.204,0.253,0.469,0.308,0.347,0.284,26,98,90.9,21.5,2357,90.5,90.66,48,224,0,0.2000000000000028,6.48,116,146,112,150,293,327,304,2.962,-2.962,71.1,7.2,3.583422999,100,85,18,2,0,6,15,15.0,0,0,2.25,0.57,0.46,-0.46,91.9,177,44.70588235294118,12.941176470588236,11.0,5.79,-1.34,0.05,2.36,0.26,11.0,-1.322321429,0.285,0.527,1.322321429,-0.019,-0.0249999999999999,-0.058,-0.039,21.4,37.1,10.750238800655588,-3.288909158824005,32.04637607245466,0.46875,34.620204638096325,31.40020103980933,BAL
Daniel Duarte,650960,2026,29.2,112,30,3,26.8,6.3,2,0,2.12,0.206,0.332,0.223,0.263,36.5,6.8,24.3,69.601845946,92.489769589,18.0,29.8,22.5,52.7,31.1,31.1,25.7,463,NYM,66,650960,463,14.3,0.31,0.241,0.318,0.552,0.369,0.338,0.262,9,29,87.2,33.0,2394,89.1,88.66,11,66,0,-0.3999999999999915,5.99,117,147,124,151,291,319,305,-1.958,1.958,72.5,7.2,3.297145424,29,24,6,1,0,2,5,17.2,0,0,2.24,0.65,-0.09,0.09,91.5,210,25.0,12.5,10.344827586206897,5.64,-1.34,0.26,2.25,0.31,3.0,2.966666667,0.262,0.544,-2.966666667,0.048,0.0479999999999999,0.008,0.031,16.7,38.3,11.031022553931315,-6.031342289951647,34.75327257229124,0.5,32.43090424261071,33.68548860338756,NYM
Brock Burke,656271,2026,74.1,314,74,5,23.6,12.7,6,5,2.3,0.216,0.338,0.282,0.295,33.2,7.9,32.7,77.498450638,93.366755508,22.4,41.7,28.7,45.8,39.8,31.1,21.9,1180,CIN,39,656271,1205,3.2,0.318,0.045,0.389,0.364,0.3,0.209,0.217,7,22,91.8,18.2,2202,92.6,93.3,10,39,0,0.7000000000000028,6.74,119,148,113,152,289,327,300,-0.205,0.205,72.9,7.4,1.179444059,22,18,6,1,0,0,4,18.2,0,0,1.78,0.9,0.7,0.7,93.6,133,50.0,0.0,0.0,6.42,1.66,-0.11,2.52,0.318,0.0,0.525641026,0.217,0.264,-0.525641026,0.101,0.101,0.1,0.091,25.6,43.3,12.486965830601784,0.0977115565726011,31.120297823960968,0.5641025641025641,37.30295912401909,31.91042890850923,CIN
Miles Mikolas,571945,2026,116.0,498,58,27,11.6,4.6,3,9,5.82,0.288,0.506,0.364,0.354,34.2,9.2,43.6,78.822472341,95.003337482,10.4,24.9,14.5,48.4,45.3,26.5,22.4,1826,TBD,32,571945,1827,1.8,0.389,0.222,0.412,0.611,0.429,0.322,0.291,7,18,90.8,12.8,2144,87.7,87.61,1,32,0,-0.1000000000000085,6.16,113,144,121,152,286,327,298,-1.222,1.222,72.1,7.3,1.138753956,18,17,3,4,0,0,1,5.6,0,0,2.41,0.59,0.61,-0.61,92.7,183,47.05882352941176,5.88235294117647,5.555555555555555,6.59,-1.47,-0.05,2.14,0.389,1.0,3.81875,0.291,0.463,-3.81875,0.098,0.098,0.148,0.107,3.1,43.3,13.822035460377286,-5.249531446613091,35.14416344243856,0.53125,36.78327811747701,33.82285789046122,TBD
David Morgan,688158,2026,33.1,162,39,2,24.1,13.6,4,1,3.78,0.232,0.31,0.349,0.301,38.5,3.1,32.3,75.975402979,92.732784516,17.2,55.2,30.6,49.7,51.0,20.8,24.0,597,SD,34,688158,607,5.6,0.3,0.1,0.3,0.4,0.277,0.394,0.307,3,10,92.9,22.5,2401,94.4,94.24,6,34,0,-0.2000000000000028,6.14,116,145,113,150,295,325,302,0.829,-0.829,72.7,7.2,1.024546754,11,10,2,1,0,0,1,9.1,0,0,1.99,0.61,0.25,-0.25,91.6,155,50.0,10.0,9.090909090909092,5.38,-1.74,0.12,2.26,0.273,1.0,-2.438235294,0.312,0.624,2.438235294,-0.007,-0.0389999999999999,-0.224,-0.117,17.6,37.3,9.626341093359152,0.8679123932370874,36.45400673507805,0.4411764705882353,34.40969933936586,27.09188591395028,SD
Walker Buehler,621111,2026,153.2,651,131,22,20.1,8.8,9,6,4.63,0.245,0.402,0.329,0.317,30.9,8.4,38.7,78.721987566,94.111974602,13.1,34.1,19.5,45.1,47.4,23.2,22.1,2606,TBD,205,621111,2615,7.8,0.253,0.187,0.243,0.44,0.297,0.322,0.27,23,91,87.9,10.5,2177,90.2,90.56,21,205,0,0.3999999999999915,6.42,120,147,119,153,298,327,305,4.0,-4.0,71.7,7.0,2.541454468,91,79,16,2,0,5,12,13.2,0,0,2.21,0.61,0.14,-0.14,91.7,145,35.44303797468354,8.860759493670885,7.6923076923076925,5.57,-1.34,0.08,2.36,0.253,7.0,-1.951219512,0.27,0.491,1.951219512,-0.017,-0.017,-0.051,-0.025,10.2,44.1,7.80852800862636,1.373003650687965,34.03029588991138,0.4682926829268293,34.394098639475324,28.87003477458953,TBD
Andrew Abbott,671096,2026,166.0,729,131,26,18.0,10.4,6,11,4.61,0.261,0.437,0.334,0.338,32.9,8.3,38.7,79.41985728,94.19366968,12.2,42.7,22.4,46.0,39.8,28.5,22.9,2858,CIN,79,671096,2869,2.8,0.308,0.487,0.25,0.795,0.46,0.42,0.274,12,39,93.6,26.6,2550,87.8,88.14,13,79,0,0.2999999999999971,6.53,113,147,112,151,293,325,299,-4.524,4.524,73.1,7.3,4.406752957,39,33,4,2,1,5,6,15.4,0,0,2.27,0.72,-0.16,-0.16,92.9,199,54.54545454545454,21.21212121212121,17.94871794871795,6.01,2.58,-0.04,2.43,0.308,7.0,5.726582278,0.274,0.736,-5.726582278,0.034,0.0339999999999999,0.059,0.04,16.5,50.5,9.44143876786148,-0.092140384528969,33.431814494540454,0.5063291139240507,36.15518608623104,32.07201674270853,CIN
Kent Emanuel,592288,2026,5.0,23,4,0,17.4,13.0,0,1,3.6,0.206,0.321,0.379,0.308,33.3,6.7,40.0,81.73518875,95.387742,13.3,38.5,20.9,44.8,33.3,20.0,33.3,96,TBD,5,592288,96,5.2,0.667,0.333,1.0,1.0,0.717,0.41,0.402,2,3,100.4,16.0,2249,83.9,83.36,2,5,0,-0.5,5.72,106,143,121,140,291,322,296,-0.811,0.811,71.6,8.0,2.70613251,3,2,1,1,0,0,1,33.3,0,0,2.92,0.32,0.33,0.33,96.3,232,50.0,0.0,0.0,6.02,2.3,-0.71,2.31,0.667,0.0,16.22,0.402,0.569,-16.22,0.265,0.265,0.431,0.307,40.0,23.3,20.67611003456365,-5.43529313432192,35.50263774422239,0.4,36.155418248224535,35.952925354564336,TBD
Riley O'Brien,676617,2026,64.0,276,64,5,23.2,10.5,3,9,4.08,0.257,0.406,0.303,0.34,34.1,7.6,42.2,76.971709286,94.684393593,13.5,50.6,26.8,44.3,47.4,20.8,29.5,1063,STL,63,676617,1075,5.9,0.273,0.212,0.269,0.485,0.324,0.436,0.373,9,33,92.9,14.3,2250,91.1,91.85,13,63,0,0.8000000000000114,6.73,120,147,108,152,292,326,303,0.189,-0.189,70.8,7.3,4.543604717,33,28,6,1,0,2,5,15.2,0,0,2.74,0.06,0.37,-0.37,93.9,170,57.14285714285714,14.285714285714285,12.12121212121212,5.56,-1.75,0.09,2.09,0.273,4.0,-0.3,0.373,0.655,0.3,-0.1,-0.0999999999999999,-0.17,-0.112,20.6,29.8,10.339291674384514,-4.125569787576204,35.864805297461125,0.4126984126984127,35.54183956286079,31.37149435049437,STL
Paul Skenes,694973,2026,174.1,712,200,20,28.1,6.9,10,11,3.82,0.216,0.35,0.296,0.281,35.5,7.3,38.6,76.508766622,93.834466757,20.3,43.9,28.2,51.0,42.1,22.8,24.8,2890,PIT,186,694973,2890,6.4,0.229,0.253,0.203,0.482,0.297,0.363,0.293,19,83,91.2,16.2,2091,93.2,93.84,55,186,0,0.5999999999999943,6.71,118,145,113,152,303,325,302,4.054,-4.054,71.2,7.0,1.670222565,84,70,10,3,0,6,14,16.7,0,0,1.95,0.7,0.87,-0.87,92.3,174,48.57142857142857,11.428571428571429,9.523809523809524,5.6,-2.71,-0.25,2.45,0.226,8.0,-2.179569892,0.291,0.572,2.179569892,-0.064,-0.0649999999999999,-0.09,-0.066,29.6,26.1,8.25336315936401,2.529908666840773,32.63590924496229,0.4623655913978494,37.82362782979514,28.651095969044807,PIT
Brooks Raley,548384,2026,52.2,224,51,6,22.8,8.9,5,7,3.25,0.236,0.374,0.312,0.307,38.7,6.7,32.0,76.154968333,93.445607203,13.2,43.0,23.4,46.7,36.7,23.3,29.3,842,TBD,41,548384,846,4.8,0.474,0.211,0.5,0.684,0.502,0.373,0.339,9,19,92.3,8.6,2670,85.8,85.01,9,41,0,-0.7999999999999972,5.84,114,147,120,147,294,325,298,-2.19,2.19,71.7,7.4,3.922984649,19,17,7,1,0,1,2,10.5,0,0,2.72,0.4,-0.23,-0.23,92.8,160,47.05882352941176,11.76470588235294,10.526315789473683,5.57,3.07,-0.4,2.38,0.474,2.0,5.341463415,0.339,0.539,-5.341463415,0.135,0.1349999999999999,0.145,0.129,22.0,30.8,11.673015834187677,-4.649014567583092,29.6577533915008,0.5853658536585366,40.76123966175705,33.865546516149855,TBD
Alexander Cornielle,529017,2026,1.0,7,2,1,28.6,14.3,0,0,18.0,0.334,1.089,0.7,0.602,50.0,50.0,50.0,92.956505,98.90072,14.3,40.0,21.1,55.9,25.0,50.0,25.0,34,TBD,3,529017,34,8.8,1.0,2.0,1.0,3.0,1.655,1.59,0.826,2,2,104.9,28.5,2356,90.0,88.9,0,3,0,-1.0999999999999943,6.13,127,143,115,150,277,328,291,-1.772,1.772,77.7,7.7,,2,2,0,1,0,1,0,0.0,0,0,1.63,1.24,0.33,-0.33,99.2,323,100.0,100.0,100.0,5.18,-1.01,0.48,2.61,1.0,2.0,59.066666667,0.826,3.034,-59.066666667,0.174,0.174,-0.034,0.065,0.0,23.9,15.732558316666346,-15.83075334572566,36.64303709631093,1.0,29.56272265351297,40.292915274989625,TBD
Emerson Hancock,676106,2026,138.2,566,126,20,22.3,5.7,7,8,3.57,0.242,0.41,0.302,0.308,30.9,8.8,41.6,78.990173166,94.375884623,18.1,39.0,23.7,51.9,43.9,28.9,20.0,2171,SEA,91,676106,2176,4.2,0.311,0.2,0.324,0.511,0.353,0.271,0.24,14,45,89.6,17.0,2324,92.5,92.3,23,91,0,-0.2000000000000028,6.2,115,144,105,151,281,323,304,1.348,-1.348,72.4,7.1,1.728945382,45,39,9,3,0,2,6,13.3,0,0,2.28,0.43,0.84,-0.84,91.6,175,38.46153846153847,5.128205128205128,4.444444444444445,4.95,-2.91,-0.13,2.34,0.311,2.0,-1.481318681,0.24,0.392,1.481318681,0.071,0.071,0.119,0.082,25.3,9.5,6.667808209378277,2.9818616002881195,31.913771563121283,0.4395604395604395,37.0683784985193,28.035610178074474,SEA
Jared Jones,683003,2026,101.2,415,123,12,29.6,7.5,5,6,3.72,0.209,0.351,0.281,0.276,34.1,7.4,37.6,78.617708661,93.99720063,18.6,59.4,32.6,49.5,37.2,28.3,25.2,1634,PIT,196,683003,1634,12.0,0.171,0.184,0.216,0.355,0.218,0.196,0.163,13,76,91.0,27.1,2496,94.0,94.62,64,196,0,0.5999999999999943,6.54,115,144,118,150,300,328,303,11.794,-11.794,72.7,7.4,2.613801602,77,53,4,6,1,2,24,31.2,0,0,1.95,0.64,0.49,-0.49,91.4,173,39.62264150943396,7.547169811320755,5.194805194805195,5.48,-1.33,0.06,2.2,0.169,4.0,-6.017346939,0.161,0.308,6.017346939,0.008,0.008,0.047,0.022,32.7,39.4,12.043755242974989,-2.240956424012246,34.780562693432664,0.4285714285714285,33.935485032924284,31.99590724281973,PIT
Jonathan Hernández,642546,2026,25.1,109,22,4,20.2,11.9,0,0,5.68,0.255,0.389,0.304,0.321,27.0,5.5,40.5,77.904588919,93.577970411,10.6,39.7,19.9,43.8,40.5,31.1,24.3,413,TBD,16,642546,418,3.8,0.143,0.0,0.25,0.143,0.127,0.113,0.122,1,7,87.0,32.0,2335,93.1,93.22,7,16,0,0.1000000000000085,6.41,124,149,116,153,285,317,302,1.499,-1.499,74.0,8.0,1.472944115,7,4,1,0,0,0,3,42.9,0,0,2.19,0.46,0.28,-0.28,89.1,136,25.0,0.0,0.0,5.57,-2.44,0.14,1.81,0.143,0.0,-9.36875,0.122,0.142,9.36875,0.021,0.0209999999999999,0.001,0.014,43.8,30.5,13.332865907107434,-10.534175135797687,32.7689942799844,0.5625,34.44333744629778,35.99830286589125,TBD
Tejay Antone,622088,2026,55.0,235,57,6,24.3,7.7,3,2,3.11,0.224,0.366,0.29,0.297,30.9,8.2,33.6,77.062931831,93.330443404,16.3,47.4,27.9,46.2,42.8,27.0,21.1,906,CIN,56,622088,915,6.1,0.31,0.207,0.333,0.517,0.343,0.325,0.28,9,29,87.8,21.2,2828,86.3,86.15,14,56,0,-0.2000000000000028,6.11,117,145,113,150,292,326,300,1.1,-1.1,72.1,7.5,2.767256614,30,25,5,3,0,1,5,16.7,0,0,2.91,0.17,-0.63,0.63,92.2,157,32.0,12.0,10.0,5.62,-1.9,0.28,2.12,0.3,3.0,-1.964285714,0.271,0.515,1.964285714,0.03,0.0289999999999999,0.002,0.018,25.0,26.0,13.292306247615166,-8.294963569373689,34.94959803908672,0.4821428571428571,33.28552942772655,35.74232408444041,CIN
TJ Shook,669298,2026,7.2,36,7,3,19.4,5.6,0,0,8.22,0.261,0.464,0.484,0.328,44.4,7.4,40.7,83.179486429,94.191351481,16.7,31.8,21.9,47.8,29.6,37.0,33.3,134,COL,9,669298,135,6.7,0.333,0.167,0.333,0.5,0.359,0.163,0.163,2,6,87.8,23.8,2152,86.7,87.44,1,9,0,0.7000000000000028,6.38,123,145,125,152,292,338,310,-0.249,0.249,69.8,7.1,1.262287344,6,6,1,1,0,0,0,0.0,0,0,2.77,0.24,0.31,-0.31,89.4,205,16.666666666666664,0.0,0.0,5.57,-1.65,-0.33,2.01,0.333,0.0,2.766666667,0.163,0.227,-2.766666667,0.17,0.17,0.273,0.196,11.1,32.2,8.135964114248992,1.5325975004470735,36.63314613468012,0.5555555555555556,40.65987770391768,28.35540898813559,COL
Robert Suarez,663158,2026,34.0,130,26,1,20.0,4.6,4,0,1.06,0.253,0.355,0.221,0.283,34.0,3.1,33.0,72.217095,92.706857579,14.3,36.9,23.1,54.2,45.4,25.8,21.6,487,ATL,3,663158,488,0.6,0.0,0.0,0.0,0.0,0.0,0.178,0.187,0,2,73.7,-14.0,2019,93.6,94.37,0,3,0,0.8000000000000114,6.73,112,125,95,135,299,322,311,0.639,-0.639,70.5,7.1,,2,2,0,0,0,0,0,0.0,0,0,1.63,0.98,1.01,-1.01,88.0,160,0.0,0.0,0.0,6.1,-1.31,-0.43,2.23,0.0,0.0,-21.3,0.187,0.216,21.3,-0.187,-0.187,-0.216,-0.178,0.0,42.3,12.208369323967345,2.787201002816909,33.332849480303764,1.0,41.708293714802416,29.935819646199292,ATL
John Schreiber,670167,2026,60.1,246,40,7,16.3,10.6,2,4,3.28,0.245,0.386,0.3,0.309,33.5,5.1,38.0,77.86320375,93.8817088,13.1,36.7,20.9,44.6,46.9,23.5,24.6,997,NYY,46,670167,1011,4.5,0.217,0.174,0.227,0.391,0.256,0.22,0.218,5,23,90.7,19.2,2301,90.1,90.57,6,46,0,0.5,6.54,117,144,113,150,287,326,295,0.963,-0.963,71.5,7.2,1.789080072,23,22,2,2,1,0,1,4.3,0,0,2.56,0.27,0.37,-0.37,91.2,164,36.36363636363637,0.0,0.0,4.6,-2.18,0.13,2.06,0.217,0.0,-2.093478261,0.218,0.293,2.093478261,-0.001,-0.001,0.098,0.036,13.0,11.2,10.06000134682889,-1.7350028885953364,33.93364698658854,0.4130434782608695,34.72929749811481,32.36023548185047,NYY
Robby Ahlstrom,695239,2026,37.0,164,34,7,20.7,9.1,3,1,6.08,0.253,0.397,0.348,0.319,37.8,7.2,30.6,75.515344182,92.677934404,19.7,42.0,25.6,47.7,37.8,27.9,27.0,648,TEX,42,695239,660,6.4,0.3,0.3,0.286,0.6,0.383,0.31,0.28,6,20,87.6,22.3,2220,89.4,89.41,13,42,0,0.0,6.3,114,144,113,152,292,326,302,-1.785,1.785,71.6,7.4,3.09072348,20,16,4,0,0,2,4,20.0,0,0,2.06,0.81,0.31,0.31,92.1,175,31.25,6.25,5.0,6.14,2.43,0.07,2.37,0.3,1.0,4.25,0.28,0.441,-4.25,0.02,0.0199999999999999,0.159,0.073,31.0,47.3,12.552463231342768,-8.2392557730013,32.50790228934066,0.5238095238095238,35.328272665661,35.166736440659314,TEX
Jordan Hicks,663855,2026,48.0,216,64,4,29.6,15.3,3,2,3.94,0.193,0.249,0.309,0.262,27.1,1.7,33.1,78.231887586,93.498076,16.4,49.0,28.2,44.3,46.6,24.6,22.0,888,CWS,51,663855,900,5.7,0.333,0.167,0.467,0.5,0.36,0.219,0.228,8,24,90.3,11.6,2097,96.9,96.92,16,51,0,0.0,6.37,118,146,113,149,291,325,302,-0.104,0.104,71.1,6.9,3.026146382,24,16,6,1,0,1,8,33.3,0,0,1.58,0.87,0.83,-0.83,91.8,165,50.0,0.0,0.0,6.0,-1.83,0.07,2.3,0.333,0.0,0.203921569,0.228,0.276,-0.203921569,0.105,0.105,0.224,0.141,31.4,39.6,6.773922928167552,0.5354213209427696,34.55005145249079,0.2745098039215686,33.889482413582364,28.92395307876139,CWS
Riley Cornelio,683000,2026,36.2,160,40,2,25.0,18.1,3,2,3.68,0.198,0.305,0.297,0.306,31.9,7.7,45.1,76.542350444,94.260012472,25.4,48.8,34.5,47.0,41.8,31.9,16.5,685,WSH,48,683000,689,7.0,0.143,0.0,0.176,0.143,0.127,0.227,0.221,3,21,90.2,23.8,2326,89.2,89.6,12,48,0,0.3999999999999915,6.5,117,147,117,152,300,330,307,4.662,-4.662,72.9,7.6,4.023701016,21,17,3,0,0,0,4,19.0,0,0,2.3,0.59,0.15,-0.15,91.8,156,35.294117647058826,0.0,0.0,5.88,-2.3,0.25,2.08,0.143,0.0,-9.7125,0.221,0.303,9.7125,-0.078,-0.078,-0.16,-0.1,25.0,42.9,17.134876233961347,-12.588973809053185,34.5113194208981,0.5208333333333334,33.0252626060103,39.45983145076893,WSH
Sam Hentges,656529,2026,36.2,173,41,0,23.7,14.5,1,7,3.19,0.222,0.305,0.308,0.301,29.1,3.9,30.1,78.4317018,92.6503016,13.3,58.2,27.2,42.8,47.6,23.3,22.3,687,SF,31,656529,693,4.5,0.438,0.063,0.412,0.5,0.388,0.364,0.364,7,16,89.8,18.8,2162,92.5,93.89,4,31,0,1.4000000000000057,7.08,107,142,117,149,287,315,300,-2.389,2.389,72.2,7.1,0.847765702,17,17,6,1,0,0,0,0.0,0,0,1.88,0.79,0.57,0.57,91.3,188,29.411764705882355,5.88235294117647,5.88235294117647,6.18,1.98,-0.02,2.39,0.412,1.0,7.706451613,0.356,0.463,-7.706451613,0.074,0.0559999999999999,0.037,0.024,12.9,35.2,7.340852015494184,2.106741344603812,35.04177673006547,0.5161290322580645,37.51025375352474,28.304791583311683,SF
Brock Stewart,592779,2026,26.2,103,25,3,24.3,9.7,1,2,2.7,0.186,0.301,0.258,0.248,23.5,4.4,27.9,65.876245588,92.388121765,22.9,37.1,28.2,49.2,55.9,22.1,8.8,382,LAD,35,592779,387,9.0,0.313,0.188,0.333,0.5,0.345,0.304,0.268,5,16,87.6,15.0,2282,92.8,92.98,6,35,0,0.2000000000000028,6.3,113,146,114,151,288,318,300,0.226,-0.226,70.3,7.0,2.151146396,16,15,3,1,1,0,1,6.3,0,0,2.04,0.61,0.73,-0.73,92.4,141,46.66666666666666,6.666666666666667,6.25,5.11,-1.73,0.05,2.44,0.313,1.0,-0.645714286,0.268,0.445,0.645714286,0.045,0.0449999999999999,0.055,0.041,17.1,20.3,7.797804533072304,0.6104112807555973,33.78298118054218,0.4857142857142857,35.19459382886951,29.21030052790152,LAD
Tyler Davis,699823,2026,32.0,128,27,3,21.1,12.5,2,3,3.66,0.219,0.338,0.262,0.286,30.6,5.9,41.2,80.623975116,94.063795176,15.6,36.4,22.7,52.3,37.6,27.1,23.5,488,CWS,20,699823,497,4.0,0.167,0.167,0.2,0.333,0.21,0.195,0.192,1,6,84.1,44.6,2332,94.6,95.43,5,20,0,0.8000000000000114,6.79,114,147,133,153,293,324,303,0.903,-0.903,72.7,6.9,1.243874184,6,5,0,1,0,0,1,16.7,0,0,1.33,1.23,0.56,-0.56,88.5,185,0.0,0.0,0.0,5.84,-1.19,-0.04,2.38,0.167,0.0,-4.515,0.192,0.258,4.515,-0.025,-0.0249999999999999,0.075,0.015,25.0,46.5,2.384835297856924,6.039600645778657,31.88652563150761,0.4,35.1892766832197,26.05148482740349,CWS
Edgardo Henriquez,683618,2026,60.0,242,71,1,29.3,10.3,4,1,2.85,0.17,0.237,0.248,0.244,24.3,2.9,27.1,71.445220441,92.413019265,20.6,45.7,30.3,49.1,43.6,23.6,19.3,968,LAD,73,683618,972,7.5,0.16,0.08,0.235,0.24,0.172,0.183,0.162,4,25,93.2,33.2,2670,96.9,97.3,23,73,0,0.3999999999999915,6.5,118,148,117,153,290,321,305,4.751,-4.751,72.0,7.3,3.581117082,25,17,2,2,0,0,8,32.0,0,0,1.52,0.93,0.21,-0.21,91.3,184,41.17647058823529,5.88235294117647,4.0,5.98,-2.08,0.17,2.3,0.16,1.0,-6.508219178,0.162,0.271,6.508219178,-0.002,-0.002,-0.031,-0.011,31.5,38.2,9.430438429980088,-3.1710264709699585,33.086478338007346,0.4383561643835616,34.05095567685101,31.12580769167472,LAD
Duncan Davitt,701474,2026,8.0,37,5,3,13.5,10.8,0,1,7.88,0.332,0.561,0.433,0.407,46.4,14.3,53.6,79.440784286,95.047418929,10.0,44.4,20.7,47.9,42.9,28.6,25.0,121,SF,20,701474,125,16.0,0.333,0.333,0.3,0.667,0.424,0.401,0.367,4,12,87.0,8.0,2251,89.2,90.46,5,20,0,1.2999999999999972,7.0,114,147,122,154,287,321,304,-0.936,0.936,69.7,6.9,1.856835938,12,11,2,1,0,1,1,8.3,0,0,2.52,0.37,0.18,-0.18,92.9,176,36.36363636363637,9.090909090909092,8.333333333333332,5.0,-2.64,0.14,2.22,0.333,1.0,4.68,0.367,0.569,-4.68,-0.034,-0.0339999999999999,0.098,0.023,25.0,18.4,12.182218256597558,-3.602340755312585,34.76527954961389,0.65,34.75944485738435,32.03266535144192,SF
Brandon Williamson,682227,2026,52.2,231,36,9,15.6,13.0,5,5,5.3,0.269,0.472,0.344,0.369,36.6,9.3,41.0,77.273379375,94.405816792,19.6,32.8,23.5,43.6,39.8,28.0,23.6,907,CIN,63,682227,911,6.9,0.2,0.143,0.207,0.343,0.232,0.355,0.306,7,35,89.9,11.1,2424,88.7,88.27,13,63,0,-0.4000000000000057,5.97,118,147,112,151,295,325,299,3.682,-3.682,71.6,7.2,2.002251455,35,30,4,2,0,1,5,14.3,0,0,2.26,0.66,-0.02,-0.02,93.3,164,50.0,6.666666666666667,5.714285714285714,6.44,1.41,-0.03,2.47,0.2,2.0,-5.844444444,0.306,0.525,5.844444444,-0.106,-0.1059999999999999,-0.182,-0.123,20.6,37.7,11.36259974070547,-1.13099776886444,34.15002448824578,0.5079365079365079,37.22643766147426,31.7129479661319,CIN
Bradley Blalock,687134,2026,11.1,48,12,4,25.0,8.3,0,0,5.56,0.244,0.484,0.367,0.34,28.1,12.5,40.6,80.449169375,94.972071563,12.2,40.0,20.2,52.0,50.0,34.4,12.5,200,MIA,57,687134,200,28.5,0.278,0.556,0.167,0.833,0.461,0.381,0.283,5,18,88.5,4.5,2176,89.6,89.64,11,57,0,0.0,6.35,116,144,115,151,301,326,300,-2.043,2.043,72.8,7.3,2.138934003,18,15,1,1,0,3,3,16.7,0,0,2.56,0.31,-0.07,0.07,92.6,129,40.0,20.0,16.666666666666664,6.19,-1.71,0.14,2.0,0.278,3.0,3.584210526,0.283,0.625,-3.584210526,-0.005,-0.0049999999999999,0.208,0.08,19.3,58.5,12.520890711513896,-3.465779466915599,34.07469571917304,0.6666666666666666,34.65125338698844,33.157101627733006,MIA
AJ Blubaugh,805123,2026,96.0,401,94,13,23.4,10.5,5,3,3.66,0.226,0.397,0.306,0.317,37.0,10.3,37.0,79.202534141,93.871060784,17.3,51.0,28.1,48.8,34.7,34.0,23.3,1640,HOU,98,805123,1640,6.0,0.191,0.277,0.167,0.468,0.275,0.284,0.215,9,47,87.9,21.7,2376,91.8,92.08,23,98,0,0.2999999999999971,6.54,116,146,106,150,287,324,297,4.094,-4.094,71.6,7.4,2.253558002,47,39,3,2,1,3,8,17.0,0,0,1.76,0.98,0.58,-0.58,92.0,176,38.46153846153847,17.94871794871795,14.893617021276595,6.14,-2.26,0.02,2.27,0.191,7.0,-4.17755102,0.215,0.46,4.17755102,-0.024,-0.0239999999999999,0.008,-0.009,23.5,47.3,9.67587514690826,-2.4333198768373068,33.20224110017886,0.4387755102040816,35.0753167085264,31.035774618392068,HOU
Mitch Bratt,683352,2026,44.0,194,30,5,15.5,13.9,1,3,4.7,0.227,0.356,0.341,0.312,30.9,6.6,33.8,76.395157121,92.768892348,11.2,24.7,14.9,47.2,28.7,31.6,22.1,726,ARI,28,683352,730,3.8,0.063,0.0,0.071,0.063,0.056,0.117,0.117,1,16,80.5,32.1,2301,88.5,88.29,4,28,0,-0.2000000000000028,6.19,108,145,104,152,292,320,293,3.915,-3.915,71.0,7.1,1.923839967,16,14,1,0,0,0,2,12.5,0,0,1.95,0.99,0.34,0.34,89.6,160,0.0,0.0,0.0,5.55,2.38,0.09,2.61,0.063,0.0,-13.982142857,0.117,0.149,13.982142857,-0.054,-0.054,-0.086,-0.061,14.3,32.7,5.553508974606116,1.3598951885895154,32.59826208612781,0.5357142857142857,34.994568252821125,27.6756926705405,ARI
José Soriano,667755,2026,177.1,745,169,18,22.7,9.8,12,8,3.91,0.249,0.392,0.301,0.323,30.4,7.5,37.4,77.218479057,93.998668316,16.1,48.5,28.6,46.8,53.8,20.6,22.3,2916,TOR,244,667755,2921,8.4,0.261,0.134,0.275,0.395,0.283,0.311,0.288,31,119,88.9,2.7,1952,93.3,94.05,43,244,0,0.7999999999999972,6.75,112,146,114,151,282,320,298,6.314,-6.314,71.7,7.2,1.822933272,119,105,21,7,0,3,14,11.8,0,0,2.38,0.25,0.74,-0.74,91.7,128,37.142857142857146,5.714285714285714,5.042016806722689,5.77,-2.27,-0.13,2.02,0.261,6.0,-2.587704918,0.288,0.437,2.587704918,-0.027,-0.0269999999999999,-0.042,-0.028,17.6,34.8,8.444531796449056,0.9029457618215624,34.76528643490231,0.4549180327868852,36.988340540745256,28.5286546019412,TOR
River Ryan,689981,2026,4.1,21,6,1,28.6,14.3,0,1,4.15,0.281,0.38,0.385,0.343,58.3,8.3,41.7,79.200876667,95.258000833,22.2,42.9,31.3,39.0,33.3,16.7,50.0,82,DET,19,689981,82,23.2,0.125,0.0,0.143,0.125,0.111,0.313,0.313,1,8,92.0,18.0,2504,92.4,92.75,5,19,0,0.3999999999999915,6.57,120,146,109,150,289,332,303,1.756,-1.756,72.5,7.0,1.862460674,8,7,1,0,0,0,1,12.5,0,0,2.14,0.57,0.29,-0.29,92.0,191,42.85714285714285,0.0,0.0,5.7,-2.0,0.09,2.53,0.125,0.0,-9.242105263,0.313,0.422,9.242105263,-0.188,-0.188,-0.297,-0.202,26.3,43.5,9.572583573459822,-0.2816792983618263,32.65939226145764,0.4210526315789473,35.412699756596645,29.446287100464765,DET
Tanner Gordon,685299,2026,103.2,473,85,21,18.0,5.1,1,6,6.68,0.274,0.489,0.406,0.345,35.1,11.0,43.1,81.215675337,94.68054677,15.4,37.8,21.7,52.5,33.1,36.5,25.7,1692,COL,216,685299,1700,12.7,0.36,0.16,0.391,0.52,0.38,0.338,0.294,36,100,89.3,19.4,2154,88.5,88.58,38,216,0,0.0999999999999943,6.16,113,142,117,150,294,332,306,-2.393,2.393,71.1,7.2,2.937700157,100,89,25,8,1,2,11,11.0,0,0,2.09,0.82,0.69,-0.69,91.3,187,35.95505617977528,10.112359550561797,9.0,6.29,-2.79,-0.11,2.25,0.36,9.0,1.10787037,0.294,0.501,-1.10787037,0.066,0.066,0.019,0.042,17.6,43.8,10.141978970677831,-0.5874090930929659,34.85139226408054,0.449074074074074,35.87846857699356,31.435047657247665,COL
Aaron Nola,605400,2026,175.1,744,177,37,23.8,7.9,7,12,4.67,0.243,0.419,0.346,0.314,35.0,9.3,40.3,76.926068884,94.306734192,15.5,44.3,27.1,46.3,41.1,27.9,24.5,2946,PHI,220,605400,2955,7.4,0.189,0.158,0.197,0.347,0.229,0.256,0.223,18,95,89.6,15.2,2288,85.6,86.55,57,220,0,1.0,6.9,117,147,119,149,293,327,298,8.424,-8.424,72.6,7.6,2.851660718,95,75,11,3,0,4,20,21.1,0,0,2.99,0.17,0.23,-0.23,91.8,150,41.333333333333336,6.666666666666667,5.263157894736842,5.0,-1.9,0.01,1.95,0.189,5.0,-3.829090909,0.223,0.378,3.829090909,-0.034,-0.034,-0.031,-0.027,25.9,19.1,14.103206586287676,-6.854170417752571,34.16439147201259,0.4454545454545454,36.077147359174994,35.62524272545864,PHI
Cam Schlittler,693645,2026,193.2,761,239,16,31.4,6.4,14,6,1.95,0.206,0.326,0.243,0.262,32.5,7.3,38.3,77.699858553,93.752402829,22.1,43.6,29.4,52.0,44.3,25.4,21.9,3040,NYY,213,693645,3044,7.0,0.148,0.08,0.211,0.227,0.16,0.199,0.173,13,88,90.3,12.2,2601,96.5,97.31,74,213,0,0.7999999999999972,6.69,119,147,115,153,284,329,293,17.274,-17.274,70.6,6.9,1.549298319,89,58,8,4,0,1,31,34.8,0,0,1.48,0.97,0.22,-0.22,90.8,171,39.6551724137931,5.172413793103448,3.3707865168539324,6.01,-1.93,-0.14,2.63,0.146,3.0,-8.109859155,0.172,0.294,8.109859155,-0.025,-0.0259999999999999,-0.067,-0.039,34.7,38.7,5.805421209269035,7.019865573173435,30.593715357840757,0.4741784037558685,37.34492638974486,25.74059620872723,NYY
Andrew Morris,702193,2026,73.2,321,69,5,21.5,8.4,4,8,4.4,0.234,0.337,0.302,0.282,31.1,4.5,34.7,74.698784,93.290280818,17.8,36.6,23.0,48.6,45.5,26.6,22.1,1295,MIN,67,702193,1313,5.1,0.407,0.37,0.429,0.778,0.504,0.336,0.31,11,27,84.3,6.0,2071,96.1,96.1,19,67,0,0.0,6.26,117,139,112,145,291,324,294,-2.81,2.81,70.5,6.7,0.769781261,27,23,5,4,0,2,4,14.8,0,0,1.41,1.06,0.23,-0.23,91.3,147,30.434782608695656,8.695652173913043,7.4074074074074066,6.4,-1.42,0.11,2.44,0.407,2.0,4.194029851,0.31,0.474,-4.194029851,0.097,0.0969999999999999,0.304,0.168,28.4,58.0,5.4278541819179615,6.521325470489617,33.722079029353544,0.4776119402985074,34.534190916022474,25.881786830583728,MIN
Gavin Collyer,686560,2026,25.0,113,23,2,20.4,16.8,1,1,5.4,0.203,0.322,0.32,0.328,35.4,6.2,29.2,76.6325,93.036276615,15.9,46.6,25.5,38.3,33.8,27.7,21.5,480,TEX,12,686560,484,2.5,0.2,0.6,0.0,0.8,0.41,0.658,0.433,1,5,95.3,21.4,2644,92.8,92.53,2,12,0,-0.2999999999999971,6.25,125,147,127,154,295,334,300,-0.413,0.413,71.9,6.9,0.384341774,5,5,0,0,0,1,0,0.0,0,0,2.08,0.6,0.25,-0.25,93.7,205,40.0,40.0,40.0,4.89,-3.71,-0.22,2.65,0.2,2.0,3.441666667,0.433,1.136,-3.441666667,-0.233,-0.2329999999999999,-0.336,-0.248,16.7,13.3,5.811565954045117,10.995579455795426,29.532068683338515,0.3333333333333333,38.37722589207699,24.310197386223173,TEX
Mason Montgomery,682254,2026,68.2,278,105,6,37.8,9.4,6,4,2.88,0.186,0.283,0.247,0.247,26.7,6.2,42.5,75.565075,94.686447014,21.8,53.3,32.5,49.2,53.4,19.9,19.9,1169,PIT,31,682254,1177,2.6,0.231,0.0,0.3,0.231,0.205,0.158,0.171,3,13,89.8,-8.7,2411,95.6,96.74,8,31,0,1.1000000000000083,6.89,120,148,117,152,297,325,307,1.174,-1.174,69.7,6.6,2.795824611,13,10,3,0,0,0,3,23.1,0,0,1.66,0.85,0.47,0.47,91.7,91,30.0,0.0,0.0,5.55,1.04,-0.15,2.45,0.231,0.0,-3.787096774,0.171,0.19,3.787096774,0.06,0.06,0.041,0.047,25.8,50.9,1.368813518230302,17.31403095900498,34.2730053186434,0.3870967741935484,37.93297916393054,22.697816592107745,PIT
Lake Bachar,669199,2026,86.2,358,93,13,26.0,10.1,2,4,3.43,0.199,0.344,0.282,0.285,29.6,7.6,34.1,78.721554182,93.574848318,20.0,49.1,30.2,45.1,39.5,32.3,17.9,1448,PIT,103,669199,1450,7.1,0.268,0.122,0.313,0.39,0.278,0.246,0.226,11,41,88.5,20.2,2785,89.7,89.19,25,103,0,-0.5,5.82,118,145,118,150,301,325,304,3.94,-3.94,72.0,7.5,3.07445406,42,33,8,2,0,1,9,21.4,0,0,2.52,0.3,0.15,-0.15,91.1,165,36.36363636363637,3.0303030303030303,2.380952380952381,6.0,-1.39,0.01,2.21,0.262,1.0,-3.825242718,0.222,0.359,3.825242718,0.042,0.04,0.031,0.032,24.3,43.1,12.185400056788058,-5.371601350127243,33.70043175018596,0.6116504854368932,35.684840644935505,32.390629953577445,PIT
Edward Cabrera,665795,2026,80.0,350,71,16,20.3,10.3,5,5,5.96,0.273,0.454,0.355,0.352,35.4,11.7,42.5,80.425870763,95.008789915,13.4,47.6,26.5,47.7,44.6,23.8,26.7,1353,CHC,30,665795,1353,2.2,0.375,0.5,0.308,0.875,0.525,0.479,0.369,6,16,88.3,-0.4,2161,93.3,93.88,4,30,0,0.6000000000000085,6.57,115,144,115,150,296,318,297,-2.013,2.013,72.7,7.6,2.723265976,16,15,2,2,0,2,1,6.3,0,0,2.32,0.32,0.75,-0.75,92.4,149,46.66666666666666,20.0,18.75,5.9,-1.47,-0.11,2.22,0.375,3.0,6.71,0.369,0.766,-6.71,0.006,0.006,0.109,0.046,13.3,34.1,13.015838093751269,-1.104511445345134,32.58345577398331,0.7,38.87532383844941,32.747151935939144,CHC
Hunter Brown,686613,2026,107.1,451,124,11,27.5,12.2,6,4,3.19,0.199,0.313,0.289,0.282,27.6,6.0,36.9,74.185927669,93.253422453,17.5,43.6,26.7,42.4,57.1,21.6,16.8,1881,HOU,224,686613,1881,11.9,0.229,0.125,0.302,0.354,0.252,0.259,0.235,22,96,90.8,6.8,2165,92.3,92.75,59,224,0,0.5,6.7,115,148,108,151,284,323,298,9.726,-9.726,70.7,7.0,2.003939354,96,66,16,3,0,3,30,31.3,0,0,2.21,0.5,0.54,-0.54,91.2,156,42.42424242424242,7.575757575757576,5.208333333333334,6.04,-2.12,-0.17,2.33,0.229,5.0,-4.341964286,0.235,0.37,4.341964286,-0.006,-0.0059999999999999,-0.016,-0.007,26.3,51.3,6.9005786972141765,5.040784327679639,32.17971124679083,0.4598214285714285,37.95723248663591,27.17508588050592,HOU
Tanner Scott,656945,2026,63.2,251,82,4,32.7,6.0,1,6,2.69,0.234,0.346,0.25,0.27,35.9,6.5,34.6,77.9267356,93.6064356,26.1,52.3,35.5,56.4,39.9,28.8,23.5,963,LAD,44,656945,979,4.5,0.211,0.158,0.25,0.368,0.234,0.313,0.275,4,19,88.4,13.7,2605,93.9,93.99,16,44,0,0.0999999999999943,6.19,111,143,114,146,287,318,309,1.426,-1.426,71.0,7.2,4.319346244,20,16,1,3,0,0,4,20.0,0,0,1.81,0.77,0.12,0.12,92.3,166,43.75,12.5,10.0,5.22,2.45,-0.14,2.23,0.2,2.0,-3.240909091,0.265,0.491,3.240909091,-0.064,-0.065,-0.123,-0.079,36.4,35.0,7.546716485613043,-0.308204515767583,34.602756732491535,0.4772727272727273,36.8809195587128,30.95181233846869,LAD
Tyler Kinley,641755,2026,57.1,232,48,10,20.7,11.2,7,5,3.45,0.205,0.354,0.296,0.288,32.3,6.5,27.7,73.000517763,92.373871776,17.3,48.1,27.1,45.0,34.2,31.6,21.3,909,DET,54,641755,925,5.8,0.158,0.0,0.158,0.158,0.134,0.245,0.272,3,19,83.7,23.2,2533,87.0,86.04,12,54,0,-1.0,5.43,112,143,117,148,286,308,300,4.206,-4.206,70.7,7.8,2.795092891,20,19,3,0,0,0,1,5.0,0,0,2.88,0.11,-0.17,0.17,90.3,153,21.052631578947366,0.0,0.0,6.38,-0.71,0.03,1.99,0.15,0.0,-7.788888889,0.259,0.311,7.788888889,-0.114,-0.109,-0.153,-0.111,22.2,44.3,18.145460238504665,-13.728658554377144,35.936178456869285,0.4444444444444444,35.29717178846293,35.559861597627446,DET
Max Kranick,668820,2026,18.1,94,11,4,11.7,13.8,0,1,9.33,0.28,0.446,0.449,0.369,37.7,5.8,34.8,78.365140294,93.297253582,12.3,43.9,23.3,47.9,31.9,26.1,29.0,340,TBD,52,668820,340,15.3,0.28,0.08,0.333,0.36,0.279,0.293,0.302,7,25,88.6,13.4,2149,88.4,88.91,11,52,0,0.5,6.54,115,144,123,151,296,329,300,2.105,-2.105,71.6,7.1,2.410911266,25,21,5,2,0,0,4,16.0,0,0,2.49,0.46,-0.15,0.15,90.7,156,28.57142857142857,0.0,0.0,5.79,-2.41,0.06,2.25,0.28,0.0,-4.048076923,0.302,0.371,4.048076923,-0.022,-0.0219999999999999,-0.011,-0.014,21.2,40.0,11.597527691052443,-1.645219759556051,33.36864305291677,0.5,34.76869465702409,32.78886084412195,TBD
Andrew Sears,808825,2026,19.0,92,15,3,16.3,8.7,0,1,7.11,0.234,0.386,0.399,0.323,36.9,6.2,33.8,80.884244063,93.737872031,15.5,46.7,27.0,44.8,29.2,35.4,26.2,364,DET,43,808825,365,11.8,0.409,0.273,0.4,0.682,0.467,0.369,0.316,9,22,91.8,14.5,2246,90.2,90.9,6,43,0,0.7000000000000028,6.74,111,147,117,152,285,320,302,-1.97,1.97,69.8,7.0,2.956165908,22,21,5,3,0,1,1,4.5,0,0,2.12,0.72,0.69,0.69,92.8,163,47.61904761904761,9.523809523809524,9.090909090909092,5.21,2.18,0.03,2.43,0.409,2.0,4.581395349,0.316,0.55,-4.581395349,0.093,0.0929999999999999,0.132,0.098,14.0,24.3,8.317974680802472,-3.1847864954683787,30.93074489200133,0.4883720930232558,36.6052548559775,30.440920923430447,DET
Evan Phillips,623465,2026,26.0,106,33,5,31.1,5.7,3,2,3.46,0.236,0.498,0.292,0.321,33.3,16.7,39.4,80.133585455,95.348925152,16.0,45.3,26.7,48.7,31.8,43.9,16.7,423,LAD,50,623465,435,11.5,0.333,0.19,0.4,0.524,0.353,0.404,0.31,7,21,86.8,19.5,2484,92.8,92.95,16,50,0,0.1000000000000085,6.31,118,146,110,150,287,319,305,0.195,-0.195,71.4,7.0,1.320406314,22,16,5,1,0,1,6,27.3,0,0,2.02,0.64,-0.02,0.02,92.8,174,31.25,25.0,18.181818181818183,5.48,-2.84,0.01,2.55,0.318,4.0,-0.39,0.296,0.703,0.39,0.023,0.022,-0.179,-0.051,32.0,27.0,7.17370434065331,5.049412695738154,32.16157185235415,0.5,35.45694957135018,25.966016514869597,LAD
Rhett Lowder,695076,2026,133.1,603,103,18,17.1,9.3,7,12,5.74,0.274,0.463,0.349,0.353,37.4,9.8,38.1,79.945296432,94.193184,9.3,39.5,18.6,44.1,41.5,27.1,25.9,2296,CIN,219,695076,2302,9.5,0.33,0.198,0.36,0.528,0.368,0.353,0.308,35,106,90.8,16.8,2359,90.1,89.86,35,219,0,-0.1999999999999886,6.13,114,145,110,151,287,322,297,2.205,-2.205,71.8,7.2,2.757229056,106,92,21,10,1,3,14,13.2,0,0,2.44,0.38,0.82,-0.82,91.7,170,40.21739130434783,9.782608695652174,8.49056603773585,5.59,-2.43,-0.05,2.15,0.33,9.0,-1.006849315,0.308,0.521,1.006849315,0.022,0.022,0.007,0.015,16.0,29.0,10.665838130955308,-1.95854204146669,34.883398327490745,0.4840182648401826,36.541450527264765,31.32930192889125,CIN
Yerry De los Santos,660787,2026,22.0,94,17,4,18.1,8.5,1,0,2.05,0.272,0.437,0.304,0.334,30.4,7.2,43.5,81.158811471,94.989843134,9.7,40.0,16.0,47.2,46.4,23.2,18.8,358,TBD,36,660787,362,9.9,0.385,0.0,0.5,0.385,0.342,0.361,0.376,5,13,90.7,3.1,1930,92.9,93.44,8,36,0,0.5,6.66,113,146,121,153,292,329,291,1.055,-1.055,72.6,7.3,2.199954174,13,10,5,0,0,0,3,23.1,0,0,2.08,0.58,1.27,-1.27,91.7,179,50.0,0.0,0.0,5.75,-2.89,-0.3,2.06,0.385,0.0,-2.930555556,0.376,0.459,2.930555556,0.009,0.009,-0.074,-0.019,22.2,26.7,9.769459433958415,2.285690676973425,34.42433818247136,0.5277777777777778,38.87969238587503,31.09676940996688,TBD
Josh Walker,677020,2026,30.1,126,29,2,23.0,9.5,1,0,2.08,0.204,0.292,0.265,0.255,29.8,3.6,35.7,79.495273171,92.92126963,13.1,40.3,21.6,48.5,44.0,31.0,17.9,505,BAL,54,677020,513,10.5,0.217,0.043,0.25,0.261,0.21,0.242,0.225,5,23,89.4,13.9,2116,89.4,90.86,11,54,0,1.5,7.09,110,145,106,148,285,322,307,3.532,-3.532,70.6,7.0,1.849570972,23,20,4,1,0,0,3,13.0,0,0,2.22,0.65,0.36,0.36,91.2,131,45.0,5.0,4.3478260869565215,6.11,3.04,0.01,2.62,0.217,1.0,-6.540740741,0.225,0.34,6.540740741,-0.008,-0.008,-0.079,-0.032,20.4,39.4,9.649062671346975,2.3254074090787125,30.014075634224177,0.5370370370370371,36.45356708297462,28.95713981308245,BAL
Nick Pivetta,601713,2026,34.2,140,42,2,30.0,5.7,3,2,2.86,0.216,0.366,0.249,0.277,34.8,10.1,38.2,80.197836591,93.799081364,12.1,40.8,22.8,47.8,32.6,34.8,22.5,578,SD,72,601713,578,12.5,0.139,0.028,0.167,0.167,0.134,0.319,0.254,5,36,92.1,16.9,2467,88.7,89.33,15,72,0,0.5999999999999943,6.83,121,147,124,154,299,329,304,6.34,-6.34,72.0,7.1,2.354390123,36,30,4,1,0,0,6,16.7,0,0,2.26,0.71,0.06,-0.06,92.5,181,43.333333333333336,16.666666666666664,13.88888888888889,6.72,-0.67,-0.11,2.47,0.139,5.0,-8.805555556,0.254,0.501,8.805555556,-0.115,-0.1149999999999999,-0.334,-0.185,20.8,55.8,10.775692297508458,-2.1123781623048217,33.46788027847064,0.5555555555555556,36.98115330779575,31.55143718213941,SD
Ryan Fernandez,681676,2026,23.0,100,28,2,28.0,11.0,1,2,3.52,0.218,0.347,0.295,0.291,41.0,6.6,39.3,74.983979355,93.819617377,20.3,58.5,33.5,48.6,41.0,27.9,26.2,387,STL,38,681676,387,9.8,0.2,0.2,0.154,0.4,0.239,0.289,0.259,3,15,88.2,7.1,2131,91.1,91.56,11,38,0,0.5,6.52,115,146,116,152,292,319,299,2.163,-2.163,72.2,7.1,3.711356881,16,14,2,0,0,1,2,12.5,0,0,1.91,0.84,0.43,-0.43,92.5,141,35.714285714285715,14.285714285714285,12.5,5.98,-1.76,-0.14,2.28,0.188,2.0,-5.692105263,0.249,0.452,5.692105263,-0.059,-0.061,-0.052,-0.05,28.9,59.8,11.313258326081698,-0.9821950033592036,31.362939773719496,0.5263157894736842,36.88275062656288,31.103071068650703,STL
Dean Kremer,665152,2026,90.1,364,86,18,23.6,8.0,5,5,4.68,0.232,0.426,0.316,0.313,37.1,8.9,35.1,76.871599919,93.461474939,17.4,48.7,28.4,46.1,35.9,33.5,24.2,1465,MIN,216,665152,1467,14.7,0.202,0.144,0.217,0.346,0.232,0.265,0.233,21,104,88.4,19.3,1996,87.2,87.0,52,216,0,-0.2000000000000028,6.1,121,146,121,150,296,326,298,11.495,-11.495,72.4,7.3,3.792078679,105,86,12,6,0,3,19,18.1,0,0,2.08,0.96,0.47,-0.47,91.3,172,32.55813953488372,6.976744186046512,5.714285714285714,6.3,-1.78,-0.16,2.39,0.2,6.0,-5.321759259,0.231,0.394,5.321759259,-0.031,-0.031,-0.048,-0.033,24.1,46.7,13.766151979437538,-4.593897578133517,32.86298876993072,0.5046296296296297,37.41679624207689,33.348464919588,MIN
Pete Fairbanks,664126,2026,41.1,183,57,8,31.1,11.5,4,5,6.31,0.211,0.421,0.327,0.322,37.3,11.9,43.1,81.4480466,95.039719697,23.9,45.7,31.9,45.0,24.5,43.1,22.5,766,MIA,23,664126,768,3.0,0.182,0.0,0.25,0.182,0.162,0.209,0.188,2,11,89.3,16.8,2515,90.1,89.78,7,23,0,-0.2999999999999971,6.2,122,148,114,152,297,319,296,0.936,-0.936,70.8,7.4,2.739207923,11,8,2,0,0,0,3,27.3,0,0,2.64,0.21,-0.18,0.18,90.9,156,25.0,0.0,0.0,6.98,-0.36,-0.13,2.29,0.182,0.0,-4.069565217,0.188,0.304,4.069565217,-0.006,-0.006,-0.122,-0.047,30.4,60.4,12.366398207669397,-7.366488989690922,31.52255456787346,0.5652173913043478,36.26875938502885,35.47082308436462,MIA
Tanner Bibee,676440,2026,188.0,780,148,29,19.0,7.1,7,15,4.36,0.252,0.42,0.316,0.32,35.4,8.5,39.3,78.48833,93.901466726,17.3,38.4,23.6,47.2,37.7,28.6,24.2,2968,CLE,249,676440,2968,8.4,0.31,0.276,0.305,0.586,0.381,0.346,0.292,36,116,88.5,19.9,2274,86.7,87.54,55,249,0,0.7999999999999972,6.68,115,147,118,151,298,328,300,-3.609,3.609,71.7,7.3,2.944462803,116,102,18,11,0,7,14,12.1,0,0,2.48,0.58,0.14,-0.14,92.3,169,41.58415841584159,9.9009900990099,8.620689655172415,6.21,-2.16,-0.03,2.38,0.31,10.0,1.44939759,0.292,0.521,-1.44939759,0.018,0.018,0.065,0.035,22.1,54.4,12.99488655628163,-6.782270000900121,31.692388488024704,0.4257028112449799,36.68134387539869,34.76147519120203,CLE
Chris Sale,519242,2026,162.2,648,200,10,30.9,4.8,14,9,2.16,0.216,0.327,0.259,0.267,34.3,6.2,35.1,76.8971828,93.43608195,19.5,49.6,30.4,50.7,44.5,24.6,24.9,2574,ATL,70,519242,2575,2.7,0.29,0.161,0.375,0.452,0.317,0.276,0.252,9,31,88.4,6.1,2414,91.6,92.02,18,70,0,0.4000000000000057,6.6,119,146,130,153,300,326,307,1.522,-1.522,71.6,7.1,5.834000355,31,24,5,3,1,0,7,22.6,0,0,2.52,0.27,0.59,0.59,91.5,154,33.33333333333333,8.333333333333332,6.451612903225806,4.9,2.92,-0.01,2.29,0.29,2.0,-2.174285714,0.252,0.391,2.174285714,0.038,0.0379999999999999,0.061,0.041,25.7,11.3,9.71076163051146,0.4621234920001091,34.15056886889375,0.5285714285714286,36.642051138296736,28.044753549953573,ATL
Jacob deGrom,594798,2026,162.2,668,201,20,30.1,6.9,11,11,4.2,0.229,0.374,0.285,0.288,37.8,7.9,45.0,80.475735217,94.610291908,19.7,56.4,33.2,51.7,36.4,26.8,28.2,2735,TEX,254,594798,2747,9.2,0.196,0.134,0.258,0.33,0.223,0.247,0.231,19,97,91.0,18.4,2386,93.8,94.51,76,254,0,0.7000000000000028,6.73,119,146,114,152,291,324,301,11.314,-11.314,71.7,7.3,2.272355344,98,65,12,4,0,3,33,33.7,0,0,1.8,0.82,0.48,-0.48,91.5,155,46.15384615384615,6.153846153846154,4.081632653061225,5.62,-1.43,0.05,2.27,0.194,4.0,-4.454330709,0.23,0.343,4.454330709,-0.035,-0.036,-0.013,-0.024,29.9,33.5,12.017828323881975,-5.393460391167144,32.859538223812564,0.5354330708661418,34.94485495852305,32.3182351619024,TEX
Jhonathan Díaz,646242,2026,1.1,6,1,1,16.7,0.0,0,0,6.75,0.299,0.796,0.49,0.457,20.0,20.0,20.0,79.036543333,94.407878,0.0,,0.0,36.0,40.0,20.0,20.0,25,TBD,3,646242,25,12.0,0.667,1.0,0.5,1.667,0.98,0.852,0.531,2,3,88.6,0.0,2323,86.7,87.0,0,3,0,0.2999999999999971,6.53,104,146,104,153,284,325,299,-1.647,1.647,76.6,7.2,,3,3,1,0,0,1,0,0.0,0,0,2.53,0.53,0.74,0.74,96.4,189,33.33333333333333,33.33333333333333,33.33333333333333,5.32,2.64,0.04,2.44,0.667,1.0,54.9,0.531,1.519,-54.9,0.136,0.136,0.148,0.128,0.0,28.2,7.548984930916435,9.031151759930388,32.55197374254765,0.6666666666666666,37.78090667136965,27.38129047097105,TBD
Hancel Rincon,684516,2026,2.1,14,3,1,21.4,7.1,0,0,27.0,0.378,0.687,0.553,0.49,55.6,22.2,33.3,79.01464,92.701368889,16.7,40.0,25.0,47.5,33.3,33.3,33.3,59,STL,14,684516,59,23.7,0.333,0.833,0.333,1.167,0.608,0.451,0.262,2,6,94.9,9.0,1974,93.0,93.42,3,14,0,0.4000000000000057,6.17,126,147,112,153,298,342,303,-1.19,1.19,71.5,7.0,0.251938693,6,4,0,0,1,1,2,33.3,0,0,2.07,0.55,0.55,-0.55,92.1,180,75.0,50.0,33.33333333333333,5.67,-2.25,0.01,2.24,0.333,2.0,8.5,0.262,0.83,-8.5,0.071,0.071,0.337,0.157,21.4,35.1,10.664801833359832,-0.9464962051482768,35.68805372977841,0.4285714285714285,35.33478217789948,32.20770130489139,STL
Gregory Soto,642397,2026,67.0,285,79,5,27.7,10.2,6,5,3.63,0.196,0.291,0.283,0.27,30.2,4.1,33.1,74.17841,93.124647636,15.1,46.4,27.3,43.2,46.2,23.7,18.9,1153,PIT,50,642397,1161,4.3,0.217,0.13,0.294,0.348,0.242,0.184,0.175,5,23,84.7,14.2,2434,91.9,92.14,13,50,0,0.1999999999999886,6.42,114,143,110,148,300,322,302,2.874,-2.874,70.7,7.3,10.33498172,23,17,2,3,0,0,6,26.1,0,0,2.24,0.5,0.67,0.67,91.2,126,23.52941176470588,5.88235294117647,4.3478260869565215,5.57,2.19,0.09,2.28,0.217,1.0,-5.748,0.175,0.251,5.748,0.042,0.042,0.097,0.058,26.0,34.1,11.9937786387739,-3.985082918490812,34.6874474556187,0.46,33.25173411539095,32.58013820232468,PIT
Josh Hendrickson,681973,2026,2.2,9,3,0,33.3,0.0,0,0,3.38,0.215,0.292,0.198,0.219,33.3,0.0,66.7,95.29247,98.031085,33.3,50.0,40.0,42.9,33.3,33.3,33.3,35,HOU,7,681973,35,20.0,0.25,0.0,0.25,0.25,0.223,0.339,0.317,1,4,98.3,12.7,2068,88.4,88.6,1,7,0,0.1999999999999886,6.51,115,146,101,151,283,322,300,0.465,-0.465,72.8,7.6,6.817696224,4,4,1,0,0,0,0,0.0,0,0,1.98,0.96,0.22,0.22,94.8,135,75.0,0.0,0.0,6.04,2.47,-0.17,2.27,0.25,0.0,-6.642857143,0.317,0.468,6.642857143,-0.067,-0.067,-0.218,-0.116,14.3,40.5,13.2057771087374,-6.580954171813117,30.320608834305144,0.4285714285714285,37.243362977312415,35.46348457109337,HOU
Abner Uribe,682842,2026,59.1,234,62,3,26.5,8.1,6,3,1.97,0.22,0.292,0.239,0.26,27.0,2.0,34.9,76.721875867,93.478825705,16.4,48.8,26.8,43.0,54.6,18.4,19.7,918,MIL,37,682842,927,4.0,0.273,0.045,0.353,0.318,0.26,0.235,0.244,6,22,86.8,-4.1,2326,95.8,96.05,7,37,0,0.2999999999999971,6.54,117,149,126,153,294,318,306,0.79,-0.79,72.6,7.5,0.719168327,22,17,5,1,0,0,5,22.7,0,0,2.06,0.46,0.58,-0.58,92.2,87,35.294117647058826,0.0,0.0,5.75,-1.45,-0.07,2.07,0.273,0.0,-2.135135135,0.244,0.295,2.135135135,0.029,0.029,0.023,0.025,18.9,34.7,10.369752976149586,-3.4652734908302367,33.488312885830744,0.5675675675675675,36.90754996864055,29.659481472631995,MIL
Andrew Alvarez,674841,2026,112.2,473,114,7,24.1,10.8,2,6,3.43,0.245,0.375,0.298,0.315,32.8,6.2,40.7,77.963605828,94.479949636,11.3,51.5,26.4,44.2,49.8,19.0,25.9,1857,WSH,61,674841,1857,3.3,0.235,0.235,0.222,0.471,0.299,0.354,0.287,8,34,92.9,10.4,2498,87.8,87.69,14,61,0,-0.0999999999999943,6.22,116,146,114,150,299,328,302,0.501,-0.501,71.4,7.0,2.654502718,34,29,4,2,0,2,5,14.7,0,0,2.84,0.14,0.23,0.23,93.9,163,51.72413793103448,13.79310344827586,11.76470588235294,6.32,1.54,-0.03,2.09,0.235,4.0,-0.821311475,0.287,0.548,0.821311475,-0.052,-0.0519999999999999,-0.077,-0.055,23.0,43.2,10.940469598799842,-2.859520915234194,35.150452803546905,0.5409836065573771,35.93409600264653,32.79134628631381,WSH
Raisel Iglesias,628452,2026,60.0,239,64,6,26.8,7.1,1,2,2.55,0.231,0.37,0.274,0.289,35.0,9.6,37.6,77.155392051,93.686712949,21.9,43.3,30.0,52.4,38.2,26.8,26.1,911,ATL,72,628452,916,7.9,0.273,0.212,0.348,0.485,0.322,0.368,0.322,9,33,93.1,19.4,2097,89.8,89.63,27,72,0,-0.2000000000000028,6.21,120,145,120,152,305,325,307,0.81,-0.81,73.2,7.8,3.563609642,33,24,5,2,1,1,9,27.3,0,0,2.17,0.67,1.03,-1.03,93.8,188,45.83333333333333,16.666666666666664,12.12121212121212,5.41,-2.25,-0.28,1.91,0.273,4.0,-1.125,0.322,0.543,1.125,-0.049,-0.0489999999999999,-0.058,-0.046,37.5,30.3,15.790933637030298,-10.5881117069359,35.484587211514324,0.4583333333333333,38.61658839644306,35.623579364769896,ATL
Elmer Rodríguez,695684,2026,26.2,125,21,2,16.8,12.8,0,3,5.4,0.257,0.387,0.337,0.357,32.9,8.5,36.6,76.290464878,93.803608272,16.8,53.7,29.3,39.8,47.6,22.0,26.8,497,TBD,24,695684,497,4.8,0.375,0.5,0.333,0.875,0.525,0.494,0.378,3,8,94.6,4.4,2017,92.4,92.62,6,24,0,0.1999999999999886,6.58,121,148,123,153,286,329,296,-1.668,1.668,73.4,7.3,2.741150481,8,7,1,1,0,1,1,12.5,0,0,2.35,0.4,0.55,-0.55,92.4,184,57.14285714285714,28.57142857142857,25.0,5.79,-2.58,-0.1,2.26,0.375,2.0,6.95,0.378,0.793,-6.95,-0.003,-0.003,0.082,0.031,25.0,32.8,8.29257447319524,0.5432902175494814,34.0688421807371,0.3333333333333333,37.63410541916194,30.050977399568023,TBD
Alex McFarlane,686934,2026,19.0,79,20,2,25.3,8.9,4,1,2.84,0.24,0.35,0.273,0.294,32.7,7.7,40.4,75.915644231,93.810677451,24.0,35.3,27.9,47.1,48.1,19.2,23.1,312,PHI,58,686934,313,18.5,0.269,0.038,0.368,0.308,0.254,0.209,0.219,7,26,92.2,22.2,2620,96.1,96.16,16,58,0,0.1000000000000085,6.32,119,147,117,148,288,324,301,1.385,-1.385,72.0,7.2,1.349580033,26,19,6,1,0,0,7,26.9,0,0,1.69,0.81,0.51,-0.51,91.6,176,42.10526315789473,0.0,0.0,5.41,-2.39,-0.02,2.33,0.269,0.0,-2.387931034,0.219,0.262,2.387931034,0.05,0.05,0.046,0.045,27.6,24.2,8.034938661832243,3.4992768046184595,32.85317247212772,0.5,37.08573540293311,27.218325246891634,PHI
Tanner Houck,656557,2026,3.0,13,1,2,7.7,0.0,0,1,9.0,0.368,0.739,0.452,0.468,33.3,16.7,50.0,68.088728333,96.671386667,0.0,12.5,4.2,48.0,58.3,25.0,8.3,50,BOS,13,656557,50,26.0,0.333,0.0,0.333,0.333,0.297,0.41,0.43,2,6,97.4,2.0,2032,89.7,89.14,1,13,0,-0.6000000000000085,5.95,125,148,127,152,294,330,303,0.371,-0.371,70.8,7.2,1.965700752,6,6,2,0,0,0,0,0.0,0,0,2.81,0.03,0.88,-0.88,95.5,110,66.66666666666666,0.0,0.0,5.89,-2.24,-0.3,1.95,0.333,0.0,-2.853846154,0.43,0.511,2.853846154,-0.097,-0.0969999999999999,-0.178,-0.113,7.7,27.1,7.055203037756312,1.8044930531472023,31.70890432754761,0.4615384615384615,35.67981060136867,30.40206655222396,BOS
Ryne Nelson,669194,2026,87.1,374,66,18,17.6,6.4,3,5,4.95,0.262,0.496,0.335,0.349,34.5,10.1,43.9,80.313407194,94.762995884,14.9,35.7,21.3,53.9,33.8,36.3,22.3,1374,ARI,15,669194,1379,1.1,0.333,0.0,0.333,0.333,0.297,0.517,0.466,2,6,96.2,1.8,2206,93.1,94.1,3,15,0,1.0,6.85,113,147,121,152,289,322,293,0.647,-0.647,70.5,7.0,0.898337545,6,6,2,0,0,0,0,0.0,0,0,1.69,0.96,-0.03,0.03,95.7,145,83.33333333333334,16.666666666666664,16.666666666666664,6.1,-0.87,0.15,2.3,0.333,1.0,-4.313333333,0.466,0.742,4.313333333,-0.133,-0.133,-0.409,-0.22,20.0,53.7,9.494266964205558,-1.268747214162734,32.511131140562235,0.4666666666666667,34.78705678644236,29.032604622488723,ARI
Jonathan Loáisiga,642528,2026,67.0,261,48,3,18.4,5.0,7,3,2.42,0.237,0.335,0.257,0.269,28.1,3.5,31.7,72.745510204,92.850123077,16.8,34.6,23.1,52.6,55.8,17.6,22.1,962,ARI,57,642528,974,5.9,0.233,0.167,0.24,0.4,0.27,0.273,0.28,7,30,82.6,2.6,2125,94.8,95.05,14,57,0,0.2999999999999971,6.44,115,144,105,152,288,323,295,3.039,-3.039,72.8,7.1,1.897687329,30,26,5,0,1,1,4,13.3,0,0,1.85,0.7,1.09,-1.09,90.6,148,26.923076923076923,0.0,0.0,5.32,-1.89,-0.03,2.22,0.233,0.0,-5.331578947,0.28,0.347,5.331578947,-0.047,-0.047,0.053,-0.003,24.6,39.7,8.65304304490128,0.0235354991365884,34.8927800103048,0.5263157894736842,37.05625439270746,29.926975826123265,ARI
Jesse Scholtens,669947,2026,47.2,209,37,12,17.7,7.2,5,3,4.34,0.274,0.468,0.355,0.346,36.4,10.4,36.4,76.483005132,93.582087434,13.8,32.8,20.1,50.3,39.0,27.3,23.4,773,TBD,51,669947,774,6.6,0.444,0.556,0.357,1.0,0.577,0.464,0.397,8,18,91.7,17.2,1844,89.3,90.1,11,51,0,0.7999999999999972,6.83,104,145,119,151,288,333,307,-2.351,2.351,73.5,7.0,1.016424004,19,17,4,1,0,3,2,10.5,0,0,2.09,0.8,0.53,-0.53,93.1,171,35.294117647058826,17.647058823529413,15.789473684210526,5.81,-1.09,0.09,2.45,0.421,3.0,4.609803922,0.378,0.747,-4.609803922,0.047,0.0429999999999999,0.253,0.113,21.6,41.5,10.039968370186068,0.4234065516572869,32.93133673406307,0.4901960784313725,34.831371059009705,30.824649022613908,TBD
Yunior Marte,805074,2026,24.1,103,15,5,14.6,9.7,0,2,4.44,0.276,0.485,0.356,0.36,32.1,11.5,46.2,77.008648205,95.190047403,12.2,39.2,20.1,45.7,41.0,26.9,24.4,381,SF,79,805074,381,20.7,0.143,0.143,0.125,0.286,0.181,0.301,0.262,5,35,88.5,15.8,1938,87.2,88.35,14,79,0,1.0999999999999943,6.86,112,146,122,153,290,324,302,5.831,-5.831,72.2,7.4,3.468573177,35,33,2,2,0,1,2,5.7,0,0,2.59,0.41,0.2,-0.2,92.4,140,42.42424242424242,12.12121212121212,11.428571428571429,6.03,-1.51,-0.09,1.96,0.143,4.0,-7.381012658,0.262,0.444,7.381012658,-0.119,-0.119,-0.158,-0.12,17.7,48.1,13.558146323518717,-8.072555664901993,35.04378261994687,0.4810126582278481,38.04552208939853,35.94795963388611,SF
Dylan Ross,697811,2026,1.0,3,0,0,0.0,0.0,0,0,0.0,0.119,0.141,0.0,0.108,33.3,0.0,0.0,50.697315,88.0,0.0,50.0,16.7,54.5,66.7,0.0,0.0,11,NYM,1,697811,11,9.1,0.0,0.0,0.0,0.0,0.0,0.155,0.172,0,1,86.3,-6.0,2325,99.2,100.0,0,1,0,0.7999999999999972,6.7,87,149,80,147,254,291,285,0.305,-0.305,67.8,6.6,,1,1,0,0,0,0,0,0.0,0,0,0.96,1.36,0.56,-0.56,88.0,23,0.0,0.0,0.0,6.17,-0.75,-0.28,2.83,0.0,0.0,-30.5,0.172,0.201,30.5,-0.172,-0.172,-0.201,-0.155,0.0,49.7,1.989388135963294,7.71025056581321,25.188464993003773,0.0,43.379518626433736,22.87965687248997,NYM
Jake Bird,656234,2026,38.2,172,41,6,23.8,7.6,1,1,5.35,0.234,0.41,0.351,0.318,34.5,8.8,36.3,78.859093333,93.71227885,23.5,36.3,27.1,41.3,38.9,27.4,22.1,678,WSH,20,656234,679,2.9,0.2,0.3,0.125,0.5,0.294,0.259,0.174,2,10,89.6,34.7,2278,90.9,90.56,3,20,0,-0.3000000000000113,6.08,114,147,122,153,296,330,303,0.613,-0.613,72.2,7.1,1.54575876,10,9,1,0,0,1,1,10.0,0,0,2.38,0.4,0.45,-0.45,90.6,179,33.33333333333333,11.11111111111111,10.0,5.48,-2.89,0.24,2.4,0.2,1.0,-3.065,0.174,0.445,3.065,0.026,0.026,0.055,0.035,15.0,21.8,9.281559950834756,-2.05671104246999,34.12152770946612,0.45,35.08021131381667,30.09194761388748,WSH
Kyle Bradish,680694,2026,155.0,669,142,20,21.2,10.5,7,14,4.12,0.245,0.403,0.34,0.324,33.3,8.5,38.8,77.138643408,93.996358607,9.3,48.5,23.6,45.6,46.0,24.2,22.7,2629,TBD,164,680694,2630,6.2,0.377,0.312,0.369,0.688,0.453,0.383,0.328,29,77,89.7,17.1,2423,91.3,91.49,25,164,0,0.2000000000000028,6.43,115,145,108,150,293,328,307,-7.072,7.072,71.5,7.1,2.809606862,77,70,17,5,2,5,7,9.1,0,0,2.39,0.37,0.19,-0.19,91.7,173,44.285714285714285,8.571428571428571,7.792207792207792,6.24,-1.28,-0.19,2.34,0.377,6.0,4.312195122,0.328,0.572,-4.312195122,0.049,0.0489999999999999,0.116,0.07,15.2,53.0,9.8472182480797,2.2188298230905668,32.54744121373385,0.5060975609756098,37.29936012115484,28.50348666005966,TBD
Jhony Brito,666745,2026,9.0,35,6,2,17.1,2.9,0,0,3.0,0.225,0.419,0.275,0.285,25.0,10.7,32.1,78.596454286,92.8598825,15.2,50.0,27.8,58.5,42.9,39.3,10.7,123,TBD,15,666745,123,12.2,0.222,0.333,0.143,0.556,0.327,0.419,0.302,2,9,89.9,8.2,1800,89.8,90.13,4,15,0,0.2999999999999971,6.35,114,146,116,152,296,330,302,-0.665,0.665,73.0,7.7,3.984318024,9,8,1,0,0,1,1,11.1,0,0,2.13,0.69,1.02,-1.02,93.3,139,37.5,25.0,22.22222222222222,6.11,-0.89,-0.57,2.33,0.222,2.0,4.433333333,0.302,0.704,-4.433333333,-0.08,-0.0799999999999999,-0.148,-0.092,26.7,52.0,14.315333240778902,-3.7116415316485223,33.95593842021687,0.4666666666666667,41.47320918543954,30.155250312293127,TBD
Zac Thornton,804267,2026,84.1,337,63,14,18.7,5.3,5,6,3.42,0.261,0.444,0.312,0.325,36.0,9.5,41.1,77.77895352,94.26501288,11.9,30.9,17.8,52.2,38.3,30.8,24.5,1257,NYM,101,804267,1259,8.0,0.267,0.244,0.243,0.511,0.331,0.271,0.24,12,45,86.2,17.7,2362,88.2,88.04,23,101,0,-0.2000000000000028,6.28,112,149,127,153,296,327,306,0.141,-0.141,72.9,7.2,2.093345962,45,40,7,2,0,3,5,11.1,0,0,2.16,0.81,-0.02,-0.02,91.5,172,37.5,10.0,8.88888888888889,6.16,2.32,-0.2,2.46,0.267,4.0,-0.13960396,0.24,0.396,0.13960396,0.027,0.027,0.115,0.06,22.8,49.9,10.871351786289216,0.0926791404780225,33.69057304135811,0.5742574257425742,36.95269274235365,31.85918613319988,NYM
Jaden Hill,677955,2026,39.2,181,40,3,22.1,12.7,1,4,5.22,0.227,0.345,0.317,0.306,36.8,4.4,36.8,79.532021053,93.75526708,24.3,41.4,29.3,48.8,39.5,28.1,26.3,692,COL,60,677955,700,8.6,0.192,0.154,0.19,0.346,0.23,0.295,0.264,5,26,89.7,15.6,2137,92.5,92.42,13,60,0,-0.0999999999999943,6.02,121,146,118,153,294,329,304,1.943,-1.943,72.1,7.4,3.966942515,26,22,3,1,0,1,4,15.4,0,0,2.12,0.55,0.95,-0.95,92.8,201,40.909090909090914,9.090909090909092,7.6923076923076925,5.59,-1.29,-0.08,2.33,0.192,2.0,-3.238333333,0.264,0.424,3.238333333,-0.072,-0.072,-0.078,-0.065,21.7,23.7,11.943045091313891,-2.8829179326017944,34.295960654796225,0.5166666666666667,35.859715272797565,31.93090949390809,COL
Connor Prielipp,687570,2026,125.2,535,128,14,23.9,8.2,6,7,4.87,0.237,0.381,0.313,0.306,34.1,6.5,41.1,79.85165908,94.166952816,14.1,43.4,23.6,47.8,43.4,27.3,24.2,2067,MIN,95,687570,2069,4.6,0.268,0.244,0.276,0.512,0.333,0.287,0.255,11,41,86.2,16.0,2651,91.5,90.82,27,95,0,-0.7000000000000028,5.78,118,146,116,150,292,324,298,0.546,-0.546,70.1,7.1,2.916650263,41,32,7,1,0,3,9,22.0,0,0,2.2,0.53,0.2,0.2,90.3,161,31.25,6.25,4.878048780487805,5.94,1.52,-0.16,2.32,0.268,2.0,-0.574736842,0.255,0.414,0.574736842,0.013,0.013,0.098,0.046,28.4,38.7,9.038250243933373,2.488593014624387,34.03412138718054,0.4210526315789473,37.45275608672737,29.787166737081083,MIN
Tim Hill,657612,2026,58.2,241,25,12,10.4,5.4,5,2,4.6,0.261,0.427,0.32,0.325,23.0,6.6,43.4,76.673914896,94.871825729,10.0,21.9,13.1,49.6,68.9,14.8,13.8,816,TBD,49,657612,824,5.9,0.192,0.231,0.136,0.423,0.26,0.337,0.294,5,26,88.6,-6.5,2045,87.7,87.65,8,49,0,-0.1000000000000085,6.54,113,143,114,151,281,324,293,0.685,-0.685,71.4,6.8,3.269682062,26,24,3,0,0,2,2,7.7,0,0,3.49,-0.49,1.18,1.18,92.2,125,50.0,8.333333333333332,7.6923076923076925,2.99,3.99,0.2,2.24,0.192,2.0,-1.397959184,0.294,0.494,1.397959184,-0.102,-0.1019999999999999,-0.071,-0.077,16.3,-24.2,3.4565650635133327,7.638163611514933,33.15376745566097,0.3061224489795918,35.00851326828579,26.91607263202188,TBD
Kervin Castro,665645,2026,6.1,23,8,0,34.8,8.7,0,0,1.42,0.195,0.245,0.193,0.235,46.2,0.0,30.8,85.029327143,95.867182308,22.6,29.4,25.0,51.1,61.5,15.4,15.4,94,TBD,6,665645,94,6.4,0.0,0.0,0.0,0.0,0.0,0.254,0.243,0,4,94.0,-2.8,2327,88.8,89.27,2,6,0,0.5,6.52,118,147,104,154,283,322,290,1.143,-1.143,70.5,7.1,0.769621764,4,4,0,0,0,0,0,0.0,0,0,2.47,0.47,-0.1,0.1,94.0,126,0.0,0.0,0.0,5.87,-1.16,-0.03,2.34,0.0,0.0,-19.05,0.243,0.339,19.05,-0.243,-0.243,-0.339,-0.254,33.3,64.5,11.21473838294837,-4.672673621421483,27.236283153549145,0.8333333333333334,35.63462244164547,35.55654631891487,TBD
Noah Schultz,702273,2026,74.1,324,67,11,20.7,9.6,4,9,5.57,0.269,0.455,0.335,0.358,38.7,9.7,41.9,78.222889528,94.448487488,12.9,38.5,21.0,45.2,36.9,27.6,26.7,1262,CWS,25,702273,1262,2.0,0.333,0.0,0.4,0.333,0.297,0.266,0.274,4,12,90.0,10.9,2432,91.0,90.82,3,25,0,-0.2000000000000028,6.23,117,147,113,151,287,326,306,0.4,-0.4,70.3,7.3,0.443416685,12,10,4,0,0,0,2,16.7,0,0,2.33,0.47,0.41,0.41,91.0,128,40.0,0.0,0.0,5.87,2.47,0.05,2.23,0.333,0.0,-1.6,0.274,0.334,1.6,0.059,0.059,-0.001,0.031,12.0,21.0,9.275805286902276,-2.1056497386055613,33.07568938119686,0.52,36.9559290238281,28.96014843539934,CWS
Taylor Rogers,573124,2026,60.1,276,54,5,19.6,11.2,6,4,4.33,0.24,0.364,0.338,0.312,38.7,5.9,28.0,75.631042556,92.327270726,13.5,31.2,18.9,42.8,37.1,31.2,25.3,1076,MIN,54,573124,1100,4.9,0.259,0.148,0.261,0.407,0.287,0.299,0.267,7,27,86.0,16.7,2615,82.6,81.7,12,54,0,-0.8999999999999915,5.78,109,143,120,147,296,321,294,0.971,-0.971,71.8,7.3,4.06795668,27,24,5,1,0,1,3,11.1,0,0,3.28,0.14,-0.49,-0.49,90.3,165,29.166666666666668,4.166666666666666,3.7037037037037033,5.51,1.74,-0.19,2.47,0.259,1.0,-1.798148148,0.267,0.437,1.798148148,-0.008,-0.008,-0.03,-0.012,22.2,28.4,12.657279199439976,-5.534564997106077,31.40131794756397,0.4629629629629629,37.47338356969838,33.86364179394857,MIN
Chris Murphy,669684,2026,33.2,150,35,4,23.3,10.7,3,0,4.81,0.216,0.357,0.342,0.303,27.4,8.4,35.8,76.725825319,93.382815269,24.0,45.5,30.1,50.3,26.3,38.9,24.2,614,TBD,21,669684,614,3.4,0.571,0.714,0.5,1.286,0.78,0.351,0.295,4,7,87.8,34.3,2393,90.8,90.67,5,21,0,-0.0999999999999943,6.2,119,149,115,152,280,323,305,-1.821,1.821,71.8,7.2,4.548713839,7,7,1,2,0,1,0,0.0,0,0,2.18,0.62,-0.03,-0.03,90.9,230,42.85714285714285,0.0,0.0,5.28,2.0,-0.2,2.34,0.571,0.0,8.671428571,0.295,0.532,-8.671428571,0.276,0.2759999999999999,0.754,0.429,23.8,38.1,7.930711657391762,1.1201379755683711,32.537062400834245,0.4285714285714285,37.05266943200027,31.375567163251883,TBD
Jakob Junis,596001,2026,54.1,234,38,4,16.2,7.7,1,3,3.64,0.273,0.392,0.291,0.322,38.2,3.5,35.3,76.892383678,93.28685659,11.6,33.3,18.3,45.9,42.2,23.7,29.5,845,TEX,57,596001,856,6.7,0.241,0.069,0.259,0.31,0.24,0.309,0.323,7,29,86.5,6.3,1872,88.0,87.58,8,57,0,-0.4000000000000057,6.02,116,146,110,150,291,323,300,3.114,-3.114,72.0,7.3,1.432301195,29,27,5,2,0,0,2,6.9,0,0,2.6,0.36,0.4,-0.4,90.7,133,25.925925925925924,0.0,0.0,5.63,-2.01,-0.04,2.06,0.241,0.0,-5.463157895,0.323,0.391,5.463157895,-0.082,-0.082,-0.081,-0.069,14.0,29.4,9.549158786699644,-1.0767071935642467,34.403309937657006,0.4736842105263157,36.11578790590601,31.534354671929176,TEX
Luis Castillo,622491,2026,130.2,592,112,25,18.9,7.4,4,11,5.85,0.27,0.457,0.361,0.341,35.3,9.6,41.8,79.68629109,94.365481829,17.0,38.6,23.7,51.8,36.4,29.9,26.2,2366,TBD,134,622491,2372,5.6,0.333,0.258,0.34,0.591,0.395,0.321,0.278,22,66,89.5,21.2,2134,91.3,90.22,35,134,0,-1.0999999999999943,5.64,121,148,118,152,294,325,301,0.08,-0.08,72.8,7.2,2.758717579,66,57,14,3,1,4,9,13.6,0,0,2.35,0.4,1.13,-1.13,91.8,202,43.85964912280701,10.526315789473683,9.090909090909092,5.0,-2.37,-0.09,2.34,0.333,6.0,-0.059701493,0.278,0.474,0.059701493,0.055,0.0549999999999999,0.117,0.074,26.1,14.4,11.062965688912394,-1.860916538086261,32.588001660133585,0.4626865671641791,36.68658926268562,32.460942326123764,TBD
Colton Gordon,676467,2026,14.1,70,12,6,17.1,5.7,0,1,8.79,0.306,0.509,0.485,0.371,34.0,7.5,45.3,78.808638077,94.116700577,9.1,30.4,16.4,49.3,41.5,24.5,28.3,272,TBD,15,676467,277,5.4,0.25,0.083,0.273,0.333,0.253,0.277,0.281,3,12,91.9,7.0,2298,87.0,87.79,1,15,0,0.7999999999999972,7.0,121,149,122,154,279,315,293,0.629,-0.629,71.6,7.1,1.953680952,12,11,2,1,0,0,1,8.3,0,0,1.97,1.09,0.27,0.27,92.2,127,45.45454545454545,0.0,0.0,5.4,3.62,-0.01,2.37,0.25,0.0,-4.193333333,0.281,0.361,4.193333333,-0.031,-0.031,-0.028,-0.024,6.7,29.2,11.812315341778724,-0.8261884996284004,32.07832745247286,0.6,36.9270345223499,32.55866091100012,TBD
Roki Sasaki,808963,2026,122.1,522,123,22,23.6,9.2,5,5,4.49,0.243,0.404,0.339,0.318,35.3,9.8,42.8,78.907905814,94.430844694,17.4,52.0,29.7,50.1,43.1,26.6,23.1,2100,LAD,122,808963,2100,5.8,0.255,0.191,0.306,0.447,0.299,0.325,0.296,12,47,86.4,8.1,1632,92.5,94.0,34,122,0,1.5,7.09,117,148,115,153,290,322,306,2.815,-2.815,71.6,7.4,2.530227221,47,37,6,4,1,1,10,21.3,0,0,2.19,0.49,0.48,-0.48,91.1,145,37.83783783783784,8.108108108108109,6.382978723404255,6.22,-1.89,-0.1,2.12,0.255,3.0,-2.307377049,0.296,0.466,2.307377049,-0.041,-0.0409999999999999,-0.019,-0.026,27.9,48.4,11.392204241187228,-3.495418739760255,33.51682285025466,0.4836065573770491,36.86249430827104,32.67986608462933,LAD
Jack Sinclair,695378,2026,11.0,46,8,0,17.4,8.7,1,0,2.45,0.23,0.31,0.249,0.31,25.8,3.2,38.7,78.561510625,94.587335806,12.5,31.8,17.9,46.7,51.6,25.8,22.6,167,WSH,33,695378,167,19.8,0.286,0.143,0.333,0.429,0.307,0.303,0.293,4,14,92.9,9.6,2326,92.1,92.64,4,33,0,0.5,6.51,119,147,120,152,301,328,307,0.817,-0.817,72.7,7.1,0.735341638,14,12,2,2,0,0,2,14.3,0,0,2.11,0.59,0.51,-0.51,92.2,180,50.0,0.0,0.0,5.26,-2.06,-0.07,2.29,0.286,0.0,-2.475757576,0.293,0.408,2.475757576,-0.007,-0.007,0.021,0.004,12.1,18.5,8.219003803716383,4.615546170298275,36.404503624313655,0.4545454545454545,37.63507151521722,28.73690389107696,WSH
Robbie Ray,592662,2026,165.2,702,140,22,19.9,12.0,13,8,3.59,0.247,0.419,0.315,0.335,33.2,8.0,37.4,78.739528798,93.988523369,15.0,42.7,24.6,46.2,36.3,33.6,23.3,2854,SD,86,592662,2855,3.0,0.256,0.103,0.281,0.359,0.267,0.283,0.287,10,39,87.9,16.4,2262,88.0,87.94,22,86,0,-0.0999999999999943,6.22,122,147,119,152,293,325,309,4.191,-4.191,71.3,7.3,5.162218016,39,33,8,1,0,1,6,15.4,0,0,2.33,0.64,0.26,0.26,91.0,158,39.39393939393939,0.0,0.0,5.98,2.68,-0.2,2.32,0.256,0.0,-4.873255814,0.287,0.365,4.873255814,-0.031,-0.0309999999999999,-0.006,-0.016,25.6,42.6,13.21599614228675,-5.452513057719786,33.28524555622807,0.4651162790697674,36.48467933682463,33.96276198676839,SD
Lazaro Estrada,681751,2026,13.0,57,9,2,15.8,17.5,1,1,5.54,0.217,0.366,0.294,0.334,32.4,8.1,40.5,80.22987,93.975474286,19.7,31.4,23.8,44.3,43.2,29.7,21.6,228,TBD,14,681751,233,6.0,0.167,0.0,0.2,0.167,0.127,0.22,0.183,1,6,91.3,22.8,2348,85.7,85.48,4,14,0,-0.2000000000000028,6.29,108,132,106,139,278,319,297,1.195,-1.195,69.2,7.0,0.822638488,7,5,1,0,0,0,2,28.6,0,0,2.83,0.37,0.07,-0.07,91.1,193,60.0,0.0,0.0,5.71,-0.38,0.14,2.31,0.143,0.0,-8.535714286,0.208,0.225,8.535714286,-0.016,-0.065,-0.058,-0.093,28.6,54.1,10.378110304676524,-1.023154418145236,32.692360608786814,0.3571428571428571,34.71319448435818,32.153711120419274,TBD
Peter Strzelecki,657265,2026,14.0,61,8,1,13.1,9.8,1,1,5.79,0.201,0.318,0.326,0.294,20.0,4.4,37.8,83.304908636,93.894146364,9.7,32.4,17.0,42.2,40.0,37.8,15.6,251,TBD,37,657265,251,14.7,0.143,0.0,0.2,0.143,0.127,0.183,0.17,2,14,92.4,10.3,2377,88.6,89.38,9,37,0,0.8000000000000114,6.8,117,143,109,152,294,323,301,3.69,-3.69,74.0,7.4,2.063954477,14,10,2,0,0,0,4,28.6,0,0,2.82,0.12,0.52,-0.52,93.5,138,40.0,0.0,0.0,4.89,-2.03,0.1,2.15,0.143,0.0,-9.972972973,0.17,0.26,9.972972973,-0.027,-0.027,-0.117,-0.056,24.3,19.1,14.315977102308928,-6.593834308116326,35.51300672264101,0.6486486486486487,35.18353086508587,36.8482141495143,TBD
Seth Lugo,607625,2026,172.1,751,134,23,17.8,7.2,7,9,5.17,0.276,0.453,0.36,0.343,36.6,8.0,42.8,78.875193199,94.587265746,13.6,32.5,18.7,45.8,41.2,29.4,24.9,2858,KC,178,607625,2859,6.2,0.443,0.33,0.444,0.773,0.509,0.385,0.342,39,88,91.7,12.8,2470,87.1,86.3,26,178,0,-0.7999999999999972,5.86,119,145,117,152,289,321,298,-13.26,13.26,71.6,7.2,1.208168061,90,79,24,8,0,7,11,12.2,0,0,2.71,0.35,0.24,-0.24,92.8,172,50.63291139240506,8.860759493670885,7.777777777777778,5.36,-1.8,-0.13,2.24,0.433,7.0,7.449438202,0.345,0.555,-7.449438202,0.101,0.088,0.218,0.124,14.6,26.4,9.260348138839577,-0.5740789482222775,32.91849961974008,0.5393258426966292,36.99673541080068,30.68765708239988,KC
Ronel Blanco,669854,2026,33.2,143,29,9,20.3,11.2,0,1,6.68,0.243,0.434,0.358,0.337,33.0,9.3,36.1,80.175529375,93.532513229,19.0,41.4,25.9,49.5,36.1,37.1,19.6,570,HOU,73,669854,570,12.8,0.303,0.303,0.32,0.606,0.384,0.321,0.289,10,33,89.7,17.9,1899,87.4,87.98,21,73,0,0.5999999999999943,6.81,114,146,112,150,286,324,294,-0.621,0.621,72.1,7.5,2.87324162,33,27,5,2,1,2,6,18.2,0,0,2.14,0.88,0.59,-0.59,92.4,162,40.74074074074074,7.4074074074074066,6.0606060606060606,6.03,-1.14,-0.1,2.36,0.303,2.0,0.850684932,0.289,0.459,-0.850684932,0.014,0.014,0.147,0.063,28.8,47.7,14.594702772762846,-7.466420052529534,31.30539977731862,0.4794520547945205,36.421813955939015,34.07244471070808,HOU
Chase Silseth,681217,2026,60.0,271,74,6,27.3,12.9,3,4,3.6,0.221,0.368,0.324,0.311,39.5,9.6,32.5,75.891920779,93.417283506,24.4,48.6,32.8,47.3,38.9,31.2,26.1,1089,TEX,45,681217,1108,4.1,0.35,0.4,0.333,0.75,0.465,0.393,0.326,7,20,89.3,20.7,2383,93.3,92.64,14,45,0,-0.7000000000000028,5.99,115,146,113,151,294,324,302,-3.239,3.239,71.9,7.0,0.756198239,20,17,3,2,0,2,3,15.0,0,0,1.65,1.0,0.31,-0.31,91.6,195,29.411764705882355,17.647058823529413,15.0,5.73,-2.05,0.25,2.59,0.35,3.0,7.197777778,0.326,0.601,-7.197777778,0.024,0.0239999999999999,0.149,0.072,31.1,33.6,7.689696896492514,3.810593072130031,31.667930955061458,0.4888888888888889,33.842654976380885,26.555618612574744,TEX
Jack Ralston,667652,2026,17.1,77,19,5,24.7,11.7,0,3,5.71,0.215,0.445,0.359,0.327,25.0,14.6,39.6,73.778494348,94.306513913,15.6,24.1,17.6,38.3,47.9,31.3,12.5,311,MIA,60,667652,312,19.2,0.219,0.313,0.192,0.531,0.303,0.299,0.23,7,32,88.9,6.3,1440,85.6,84.64,10,60,0,-1.0,5.68,122,146,113,151,295,327,302,1.738,-1.738,72.0,7.3,1.40543802,33,28,2,2,1,2,5,15.2,0,0,2.74,0.4,0.48,-0.48,92.4,156,42.85714285714285,14.285714285714285,12.12121212121212,7.08,-0.43,-0.15,2.24,0.212,4.0,-2.896666667,0.224,0.498,2.896666667,-0.011,-0.012,0.033,0.004,16.7,61.6,12.745533123087949,-3.4642909815407577,30.921878852407666,0.5833333333333334,37.87901653668171,34.08225776098174,MIA
Will Dion,702021,2026,49.2,201,55,8,27.4,8.5,3,2,3.62,0.213,0.356,0.311,0.283,38.3,7.0,32.8,76.809081111,93.1043092,18.4,41.8,26.6,50.8,35.2,34.4,21.9,792,WSH,93,702021,792,11.7,0.216,0.216,0.25,0.432,0.267,0.229,0.174,8,37,89.6,21.8,2254,87.9,87.92,23,93,0,0.0,6.26,112,147,119,151,298,328,303,4.832,-4.832,71.7,7.0,1.485377097,38,29,2,5,0,1,9,23.7,0,0,1.8,1.17,0.05,0.05,90.4,184,41.37931034482759,10.344827586206897,7.894736842105263,5.99,0.38,-0.11,2.56,0.211,3.0,-5.195698925,0.169,0.384,5.195698925,0.042,0.0419999999999999,0.048,0.038,24.7,67.1,10.950153132559487,0.0770122328604094,32.68341245992345,0.5913978494623656,38.24655281457312,30.362799930575303,WSH
Cionel Pérez,672335,2026,45.1,198,44,7,22.2,9.6,4,3,4.76,0.265,0.459,0.327,0.346,26.7,11.9,49.6,80.556764179,95.895532406,13.0,44.5,24.0,46.5,56.3,19.3,19.3,790,NYM,21,672335,790,2.7,0.333,0.0,0.25,0.333,0.223,0.35,0.363,1,3,88.9,-1.0,2325,91.6,91.36,3,21,0,-0.1999999999999886,5.97,103,141,122,146,282,316,297,0.415,-0.415,71.1,6.9,0.310829862,4,4,1,0,0,0,0,0.0,0,0,2.26,0.47,0.16,0.16,90.1,148,25.0,0.0,0.0,5.5,1.41,-0.03,2.31,0.25,0.0,-1.976190476,0.324,0.407,1.976190476,-0.03,-0.074,-0.074,-0.127,14.3,35.3,8.245639719061458,3.6135536926495,33.66543942426814,0.5238095238095238,37.18799378010088,29.490558569359752,NYM
Colin Rea,607067,2026,137.0,587,101,21,17.2,8.0,8,8,4.34,0.272,0.472,0.328,0.351,36.1,10.2,41.7,79.949516168,94.362086534,10.8,37.5,19.8,46.9,44.0,28.7,22.2,2226,CHC,57,607067,2226,2.6,0.206,0.206,0.179,0.412,0.262,0.372,0.308,7,34,90.9,9.1,1866,91.0,91.53,8,57,0,0.5,6.59,113,146,120,153,294,327,300,3.498,-3.498,72.9,7.2,2.604054213,34,30,4,1,0,2,4,11.8,0,0,2.18,0.58,0.7,-0.7,93.5,156,50.0,13.333333333333334,11.76470588235294,5.42,-1.62,-0.02,2.17,0.206,4.0,-6.136842105,0.308,0.57,6.136842105,-0.102,-0.102,-0.158,-0.11,14.0,29.8,9.131218844721811,1.0921291358676628,32.36669885487768,0.3859649122807017,37.40705277400969,30.19620035111079,CHC
Bailey Ober,641927,2026,131.0,561,96,21,17.1,6.6,7,7,4.47,0.255,0.457,0.325,0.33,30.6,9.9,38.1,78.088974171,94.096311185,13.9,34.5,20.3,49.2,34.8,32.7,20.5,2099,MIN,177,641927,2099,8.4,0.274,0.167,0.263,0.44,0.307,0.351,0.31,23,84,91.7,20.4,2107,83.9,85.37,20,177,0,1.5,7.19,118,145,119,150,301,329,299,5.92,-5.92,73.5,7.6,3.206034662,84,82,13,8,0,2,2,2.4,0,0,2.49,0.76,0.71,-0.71,93.2,177,48.78048780487805,7.317073170731707,7.142857142857142,5.81,-1.35,-0.14,2.15,0.274,6.0,-3.344632768,0.31,0.513,3.344632768,-0.036,-0.0359999999999999,-0.073,-0.044,11.3,27.8,14.75480361567557,-7.440885426363303,33.12021130356923,0.5423728813559322,37.38360046898558,36.56329530951236,MIN
Jacob Waguespack,621097,2026,47.0,183,35,6,19.1,9.8,2,2,2.49,0.204,0.309,0.246,0.273,26.6,4.7,28.9,73.849657903,93.035393089,19.5,39.4,25.4,46.9,50.0,25.0,17.2,672,DET,69,621097,672,10.3,0.158,0.132,0.152,0.289,0.19,0.266,0.244,6,38,85.2,14.4,1919,87.7,89.05,11,69,0,1.2999999999999972,7.02,120,147,112,151,285,323,304,5.499,-5.499,69.8,7.0,2.842781126,38,34,4,0,1,1,4,10.5,0,0,2.16,0.83,0.22,-0.22,91.3,162,29.411764705882355,2.941176470588235,2.631578947368421,6.3,-0.27,-0.11,2.4,0.158,1.0,-7.969565217,0.244,0.377,7.969565217,-0.086,-0.086,-0.088,-0.076,15.9,67.6,9.688372583137651,0.6237102221334433,32.33215799630727,0.4492753623188406,36.97817761925781,30.843807450467764,DET
Alex Hoppe,695380,2026,42.2,192,47,3,24.5,10.4,1,1,4.43,0.253,0.35,0.311,0.309,33.6,4.1,39.3,76.318261148,94.310762893,13.5,54.4,25.9,46.4,46.7,18.0,31.1,733,BAL,57,695380,741,7.7,0.217,0.13,0.211,0.348,0.244,0.379,0.348,5,23,90.5,11.8,2298,97.6,97.74,12,57,0,0.1000000000000085,6.38,116,146,115,150,291,323,303,1.128,-1.128,72.6,6.9,2.263788265,23,20,4,0,0,1,3,13.0,0,0,1.34,1.06,0.27,-0.27,91.6,185,50.0,10.0,8.695652173913043,5.72,-1.24,0.08,2.4,0.217,2.0,-1.978947368,0.348,0.535,1.978947368,-0.131,-0.1309999999999999,-0.187,-0.135,21.1,50.1,5.022555859809055,5.637815823076921,32.774888336606715,0.3684210526315789,34.96143728958408,25.486424443332293,BAL
